日期,股票,类型,价格,股数,金额,手续费,红利补税
2019-08-12,工商银行,初始建仓,3.629,1400,5080.60,0.50,0.00
2019-08-12,农业银行,初始建仓,2.092,2400,5020.80,0.50,0.00
2019-08-12,中国银行,初始建仓,2.151,2300,4947.30,0.50,0.00
2019-08-12,建设银行,初始建仓,4.802,1000,4802.00,0.50,0.00
2019-08-12,交通银行,初始建仓,3.26,1500,4890.00,0.50,0.00
2019-08-13,工商银行,网格买入,3.61,300,1083.00,0.50,0.00
2019-08-13,农业银行,网格买入,2.07,500,1035.00,0.50,0.00
2019-08-13,农业银行,网格买入,2.06,600,1236.00,0.50,0.00
2019-08-13,中国银行,网格买入,2.14,500,1070.00,0.50,0.00
2019-08-14,工商银行,网格卖出,3.66,300,1098.00,1.05,0.00
2019-08-14,农业银行,网格买入,2.05,700,1435.00,0.50,0.00
2019-08-14,农业银行,网格卖出,2.08,800,1664.00,1.33,0.00
2019-08-14,中国银行,网格卖出,2.17,600,1302.00,1.15,0.00
2019-08-14,建设银行,网格买入,4.76,200,952.00,0.50,0.00
2019-08-14,建设银行,网格买入,4.74,200,948.00,0.50,0.00
2019-08-14,建设银行,网格买入,4.72,300,1416.00,0.50,0.00
2019-08-30,农业银行,再平衡卖出,2.01,1000,2010.00,1.50,0.00
2019-08-30,建设银行,再平衡卖出,4.51,600,2706.00,1.85,0.00
2019-08-30,中国银行,再平衡买入,2.1,100,210.00,0.50,0.00
2019-09-02,建设银行,网格买入,4.49,200,898.00,0.50,0.00
2019-09-02,交通银行,网格卖出,3.19,300,957.00,0.98,0.00
2019-09-03,工商银行,网格买入,3.49,300,1047.00,0.50,0.00
2019-09-03,建设银行,网格买入,4.47,300,1341.00,0.50,0.00
2019-09-03,交通银行,网格买入,3.17,200,634.00,0.50,0.00
2019-09-03,交通银行,网格买入,3.15,300,945.00,0.50,0.00
2019-09-03,交通银行,网格卖出,3.2,300,960.00,0.98,0.00
2019-09-04,工商银行,网格卖出,3.54,300,1062.00,1.03,0.00
2019-09-04,农业银行,网格卖出,2.04,500,1020.00,1.01,0.00
2019-09-04,中国银行,网格卖出,2.13,500,1065.00,1.03,0.00
2019-09-04,中国银行,网格卖出,2.16,400,864.00,0.93,0.00
2019-09-04,建设银行,网格卖出,4.54,300,1362.00,1.18,0.00
2019-09-04,建设银行,网格卖出,4.61,300,1383.00,1.19,0.00
2019-09-04,交通银行,网格买入,3.18,300,954.00,0.50,0.00
2019-09-04,交通银行,网格买入,3.16,300,948.00,0.50,0.00
2019-09-04,交通银行,网格卖出,3.21,400,1284.00,1.14,0.00
2019-09-05,工商银行,网格卖出,3.6,300,1080.00,1.04,0.00
2019-09-05,工商银行,网格卖出,3.65,200,730.00,0.86,0.00
2019-09-05,农业银行,网格卖出,2.07,400,828.00,0.91,0.00
2019-09-05,农业银行,网格卖出,2.1,300,630.00,0.81,0.00
2019-09-05,中国银行,网格卖出,2.19,200,438.00,0.72,0.00
2019-09-05,建设银行,网格卖出,4.68,200,936.00,0.97,0.00
2019-09-05,建设银行,网格卖出,4.75,200,950.00,0.98,0.00
2019-09-05,交通银行,网格卖出,3.26,300,978.00,0.99,0.00
2019-09-05,交通银行,网格卖出,3.31,300,993.00,1.00,0.00
2019-09-06,工商银行,网格买入,3.63,200,726.00,0.50,0.00
2019-09-06,工商银行,网格买入,3.61,200,722.00,0.50,0.00
2019-09-06,农业银行,网格买入,2.09,200,418.00,0.50,0.00
2019-09-06,建设银行,网格买入,4.73,100,473.00,0.50,0.00
2019-09-06,建设银行,网格买入,4.71,100,471.00,0.50,0.00
2019-09-06,交通银行,网格买入,3.29,200,658.00,0.50,0.00
2019-09-06,交通银行,网格买入,3.27,200,654.00,0.50,0.00
2019-09-09,工商银行,网格卖出,3.66,300,1098.00,1.05,0.00
2019-09-09,农业银行,网格卖出,2.12,200,424.00,0.71,0.00
2019-09-09,建设银行,网格买入,4.69,200,938.00,0.50,0.00
2019-09-09,建设银行,网格卖出,4.76,200,952.00,0.98,0.00
2019-09-09,交通银行,网格卖出,3.33,300,999.00,1.00,0.00
2019-09-10,工商银行,网格买入,3.63,200,726.00,0.50,0.00
2019-09-10,工商银行,网格买入,3.61,200,722.00,0.50,0.00
2019-09-10,农业银行,网格买入,2.1,200,420.00,0.50,0.00
2019-09-10,农业银行,网格买入,2.09,300,627.00,0.50,0.00
2019-09-10,农业银行,网格买入,2.08,300,624.00,0.50,0.00
2019-09-10,农业银行,网格买入,2.07,400,828.00,0.50,0.00
2019-09-10,农业银行,网格卖出,2.1,500,1050.00,1.02,0.00
2019-09-10,中国银行,网格买入,2.18,200,436.00,0.50,0.00
2019-09-10,建设银行,网格买入,4.71,200,942.00,0.50,0.00
2019-09-10,建设银行,网格买入,4.69,200,938.00,0.50,0.00
2019-09-10,建设银行,网格买入,4.67,200,934.00,0.50,0.00
2019-09-10,建设银行,网格买入,4.65,300,1395.00,0.50,0.00
2019-09-10,建设银行,网格卖出,4.72,300,1416.00,1.21,0.00
2019-09-10,交通银行,网格买入,3.3,200,660.00,0.50,0.00
2019-09-10,交通银行,网格买入,3.28,300,984.00,0.50,0.00
2019-09-10,交通银行,网格买入,3.26,300,978.00,0.50,0.00
2019-09-11,工商银行,网格卖出,3.66,300,1098.00,1.05,0.00
2019-09-11,农业银行,网格卖出,2.13,400,852.00,0.93,0.00
2019-09-11,中国银行,网格卖出,2.21,200,442.00,0.72,0.00
2019-09-11,建设银行,网格买入,4.69,300,1407.00,0.50,0.00
2019-09-11,建设银行,网格卖出,4.76,300,1428.00,1.21,0.00
2019-09-11,交通银行,网格卖出,3.31,400,1324.00,1.16,0.00
2019-09-11,交通银行,网格卖出,3.36,300,1008.00,1.00,0.00
2019-09-12,建设银行,网格买入,4.74,300,1422.00,0.50,0.00
2019-09-12,交通银行,网格买入,3.34,200,668.00,0.50,0.00
2019-09-16,建设银行,网格买入,4.72,300,1416.00,0.50,0.00
2019-09-16,建设银行,网格买入,4.7,400,1880.00,0.50,0.00
2019-09-16,交通银行,网格买入,3.32,300,996.00,0.50,0.00
2019-09-16,交通银行,网格卖出,3.37,300,1011.00,1.01,0.00
2019-09-17,工商银行,网格买入,3.64,200,728.00,0.50,0.00
2019-09-17,工商银行,网格买入,3.62,300,1086.00,0.50,0.00
2019-09-17,工商银行,网格卖出,3.68,300,1104.00,1.05,0.00
2019-09-17,农业银行,网格买入,2.12,300,636.00,0.50,0.00
2019-09-17,农业银行,网格买入,2.11,400,844.00,0.50,0.00
2019-09-17,农业银行,网格买入,2.1,400,840.00,0.50,0.00
2019-09-17,农业银行,网格卖出,2.13,500,1065.00,1.03,0.00
2019-09-17,中国银行,网格买入,2.2,200,440.00,0.50,0.00
2019-09-17,中国银行,网格买入,2.19,300,657.00,0.50,0.00
2019-09-17,中国银行,网格卖出,2.22,300,666.00,0.83,0.00
2019-09-17,交通银行,网格买入,3.33,300,999.00,0.50,0.00
2019-09-18,农业银行,网格买入,2.1,400,840.00,0.50,0.00
2019-09-26,农业银行,网格卖出,2.13,500,1065.00,1.03,0.00
2019-09-26,中国银行,网格买入,2.17,300,651.00,0.50,0.00
2019-09-30,建设银行,再平衡卖出,4.6,1300,5980.00,3.50,0.00
2019-09-30,交通银行,再平衡卖出,3.18,200,636.00,0.82,0.00
2019-09-30,农业银行,再平衡买入,2.07,400,828.00,0.50,0.00
2019-09-30,中国银行,再平衡买入,2.15,600,1290.00,0.50,0.00
2019-10-08,工商银行,网格买入,3.63,300,1089.00,0.50,0.00
2019-10-08,工商银行,网格买入,3.61,300,1083.00,0.50,0.00
2019-10-08,工商银行,网格卖出,3.66,400,1464.00,1.23,0.00
2019-10-08,农业银行,网格卖出,2.1,500,1050.00,1.02,0.00
2019-10-08,建设银行,网格卖出,4.67,200,934.00,0.97,0.00
2019-10-08,交通银行,网格卖出,3.23,300,969.00,0.98,0.00
2019-10-09,工商银行,网格卖出,3.71,300,1113.00,1.06,0.00
2019-10-09,农业银行,网格买入,2.08,400,832.00,0.50,0.00
2019-10-09,农业银行,网格卖出,2.11,500,1055.00,1.03,0.00
2019-10-09,中国银行,网格卖出,2.18,500,1090.00,1.04,0.00
2019-10-09,建设银行,网格卖出,4.74,200,948.00,0.97,0.00
2019-10-09,交通银行,网格买入,3.2,200,640.00,0.50,0.00
2019-10-09,交通银行,网格卖出,3.25,300,975.00,0.99,0.00
2019-10-09,交通银行,网格卖出,3.3,200,660.00,0.83,0.00
2019-10-10,工商银行,网格买入,3.69,200,738.00,0.50,0.00
2019-10-10,工商银行,网格买入,3.67,300,1101.00,0.50,0.00
2019-10-10,农业银行,网格买入,2.1,400,840.00,0.50,0.00
2019-10-10,农业银行,网格买入,2.09,400,836.00,0.50,0.00
2019-10-10,农业银行,网格卖出,2.12,500,1060.00,1.03,0.00
2019-10-10,中国银行,网格买入,2.17,400,868.00,0.50,0.00
2019-10-10,建设银行,网格买入,4.72,100,472.00,0.50,0.00
2019-10-10,交通银行,网格买入,3.27,200,654.00,0.50,0.00
2019-10-10,交通银行,网格买入,3.25,200,650.00,0.50,0.00
2019-10-11,工商银行,网格卖出,3.73,300,1119.00,1.06,0.00
2019-10-11,农业银行,网格买入,2.11,400,844.00,0.50,0.00
2019-10-11,农业银行,网格卖出,2.14,500,1070.00,1.04,0.00
2019-10-11,中国银行,网格卖出,2.2,400,880.00,0.94,0.00
2019-10-11,建设银行,网格卖出,4.79,200,958.00,0.98,0.00
2019-10-11,交通银行,网格卖出,3.3,300,990.00,0.99,0.00
2019-10-14,工商银行,网格卖出,3.79,300,1137.00,1.07,0.00
2019-10-14,工商银行,网格卖出,3.85,200,770.00,0.89,0.00
2019-10-14,农业银行,网格卖出,2.17,400,868.00,0.93,0.00
2019-10-14,农业银行,网格卖出,2.2,300,660.00,0.83,0.00
2019-10-14,中国银行,网格卖出,2.23,400,892.00,0.95,0.00
2019-10-14,中国银行,网格卖出,2.26,200,452.00,0.73,0.00
2019-10-14,建设银行,网格卖出,4.86,100,486.00,0.74,0.00
2019-10-14,交通银行,网格卖出,3.35,200,670.00,0.83,0.00
2019-10-15,工商银行,网格买入,3.83,200,766.00,0.50,0.00
2019-10-15,工商银行,网格买入,3.81,200,762.00,0.50,0.00
2019-10-15,农业银行,网格买入,2.18,300,654.00,0.50,0.00
2019-10-15,中国银行,网格买入,2.25,200,450.00,0.50,0.00
2019-10-15,中国银行,网格买入,2.24,300,672.00,0.50,0.00
2019-10-16,工商银行,网格买入,3.79,300,1137.00,0.50,0.00
2019-10-16,工商银行,网格卖出,3.87,300,1161.00,1.08,0.00
2019-10-16,农业银行,网格卖出,2.21,300,663.00,0.83,0.00
2019-10-16,中国银行,网格卖出,2.27,300,681.00,0.84,0.00
2019-10-16,中国银行,网格卖出,2.3,200,460.00,0.73,0.00
2019-10-17,工商银行,网格买入,3.83,300,1149.00,0.50,0.00
2019-10-17,工商银行,网格买入,3.81,300,1143.00,0.50,0.00
2019-10-17,农业银行,网格买入,2.2,300,660.00,0.50,0.00
2019-10-17,农业银行,网格买入,2.19,300,657.00,0.50,0.00
2019-10-17,中国银行,网格买入,2.26,200,452.00,0.50,0.00
2019-10-18,工商银行,网格买入,3.79,400,1516.00,0.50,0.00
2019-10-18,工商银行,网格卖出,3.85,500,1925.00,1.46,0.00
2019-10-18,农业银行,网格买入,2.18,400,872.00,0.50,0.00
2019-10-18,农业银行,网格卖出,2.21,500,1105.00,1.05,0.00
2019-10-18,中国银行,网格买入,2.25,300,675.00,0.50,0.00
2019-10-18,中国银行,网格买入,2.24,300,672.00,0.50,0.00
2019-10-18,中国银行,网格买入,2.23,400,892.00,0.50,0.00
2019-10-18,中国银行,网格卖出,2.26,500,1130.00,1.06,0.00
2019-10-18,建设银行,网格买入,4.84,100,484.00,0.50,0.00
2019-10-18,建设银行,网格买入,4.82,100,482.00,0.50,0.00
2019-10-18,建设银行,网格卖出,4.9,100,490.00,0.74,0.00
2019-10-21,工商银行,网格买入,3.8,400,1520.00,0.50,0.00
2019-10-21,工商银行,网格卖出,3.86,400,1544.00,1.27,0.00
2019-10-21,农业银行,网格买入,2.17,400,868.00,0.50,0.00
2019-10-21,农业银行,网格卖出,2.2,400,880.00,0.94,0.00
2019-10-21,中国银行,网格买入,2.22,400,888.00,0.50,0.00
2019-10-21,中国银行,网格卖出,2.25,500,1125.00,1.06,0.00
2019-10-21,建设银行,网格买入,4.86,100,486.00,0.50,0.00
2019-10-21,建设银行,网格卖出,4.93,100,493.00,0.75,0.00
2019-10-22,工商银行,网格卖出,3.92,400,1568.00,1.28,0.00
2019-10-22,建设银行,网格买入,4.91,100,491.00,0.50,0.00
2019-10-22,建设银行,网格卖出,4.99,100,499.00,0.75,0.00
2019-10-23,工商银行,网格买入,3.9,300,1170.00,0.50,0.00
2019-10-23,工商银行,网格卖出,3.96,300,1188.00,1.09,0.00
2019-10-23,农业银行,网格卖出,2.23,400,892.00,0.95,0.00
2019-10-23,中国银行,网格卖出,2.28,400,912.00,0.96,0.00
2019-10-23,建设银行,网格买入,4.94,100,494.00,0.50,0.00
2019-10-23,建设银行,网格卖出,5.01,100,501.00,0.75,0.00
2019-10-24,工商银行,网格卖出,4.02,300,1206.00,1.10,0.00
2019-10-24,工商银行,网格卖出,4.08,200,816.00,0.91,0.00
2019-10-24,农业银行,网格卖出,2.26,200,452.00,0.73,0.00
2019-10-24,中国银行,网格卖出,2.31,200,462.00,0.73,0.00
2019-10-24,建设银行,网格卖出,5.09,100,509.00,0.75,0.00
2019-10-25,工商银行,网格买入,4.03,200,806.00,0.50,0.00
2019-10-25,工商银行,网格买入,4.01,200,802.00,0.50,0.00
2019-10-25,工商银行,网格买入,3.99,300,1197.00,0.50,0.00
2019-10-25,工商银行,网格买入,3.97,300,1191.00,0.50,0.00
2019-10-25,工商银行,网格卖出,4.03,400,1612.00,1.31,0.00
2019-10-25,工商银行,网格卖出,4.09,300,1227.00,1.11,0.00
2019-10-25,农业银行,网格买入,2.25,200,450.00,0.50,0.00
2019-10-25,农业银行,网格买入,2.24,300,672.00,0.50,0.00
2019-10-25,农业银行,网格买入,2.23,300,669.00,0.50,0.00
2019-10-25,农业银行,网格买入,2.22,400,888.00,0.50,0.00
2019-10-25,农业银行,网格卖出,2.27,500,1135.00,1.07,0.00
2019-10-25,中国银行,网格买入,2.3,200,460.00,0.50,0.00
2019-10-25,中国银行,网格买入,2.29,300,687.00,0.50,0.00
2019-10-25,中国银行,网格买入,2.28,300,684.00,0.50,0.00
2019-10-25,中国银行,网格卖出,2.32,400,928.00,0.96,0.00
2019-10-25,建设银行,网格买入,5.03,100,503.00,0.50,0.00
2019-10-25,建设银行,网格买入,5,100,500.00,0.50,0.00
2019-10-25,建设银行,网格买入,4.97,100,497.00,0.50,0.00
2019-10-25,建设银行,网格卖出,5.04,200,1008.00,1.00,0.00
2019-10-28,工商银行,网格买入,4.07,200,814.00,0.50,0.00
2019-10-28,工商银行,网格买入,4.05,300,1215.00,0.50,0.00
2019-10-28,工商银行,网格买入,4.03,300,1209.00,0.50,0.00
2019-10-28,工商银行,网格卖出,4.12,400,1648.00,1.32,0.00
2019-10-28,农业银行,网格买入,2.26,400,904.00,0.50,0.00
2019-10-28,中国银行,网格买入,2.3,300,690.00,0.50,0.00
2019-10-28,中国银行,网格买入,2.29,400,916.00,0.50,0.00
2019-10-28,中国银行,网格买入,2.28,500,1140.00,0.50,0.00
2019-10-28,中国银行,网格卖出,2.31,600,1386.00,1.19,0.00
2019-10-28,建设银行,网格买入,5.01,100,501.00,0.50,0.00
2019-10-28,建设银行,网格买入,4.98,100,498.00,0.50,0.00
2019-10-28,建设银行,网格买入,4.96,200,992.00,0.50,0.00
2019-10-28,建设银行,网格卖出,5.06,200,1012.00,1.01,0.00
2019-10-29,工商银行,网格买入,4.05,300,1215.00,0.50,0.00
2019-10-29,工商银行,网格买入,4.03,400,1612.00,0.50,0.00
2019-10-29,工商银行,网格买入,4.01,500,2005.00,0.50,0.00
2019-10-29,工商银行,网格卖出,4.07,600,2442.00,1.72,0.00
2019-10-29,农业银行,网格买入,2.25,500,1125.00,0.50,0.00
2019-10-29,农业银行,网格买入,2.24,600,1344.00,0.50,0.00
2019-10-29,农业银行,网格买入,2.23,700,1561.00,0.50,0.00
2019-10-29,农业银行,网格买入,2.22,800,1776.00,0.50,0.00
2019-10-29,农业银行,网格卖出,2.26,1000,2260.00,1.63,0.00
2019-10-29,中国银行,网格买入,2.28,400,912.00,0.50,0.00
2019-10-29,中国银行,网格买入,2.27,500,1135.00,0.50,0.00
2019-10-31,工商银行,再平衡卖出,4.03,900,3627.00,2.31,0.00
2019-10-31,农业银行,再平衡卖出,2.25,1600,3600.00,2.30,0.00
2019-10-31,中国银行,再平衡卖出,2.27,800,1816.00,1.41,0.00
2019-10-31,建设银行,再平衡买入,4.9,300,1470.00,0.50,0.00
2019-10-31,交通银行,再平衡买入,3.34,800,2672.00,0.50,0.00
2019-11-01,工商银行,网格买入,4.01,300,1203.00,0.50,0.00
2019-11-01,工商银行,网格买入,3.99,300,1197.00,0.50,0.00
2019-11-01,工商银行,网格买入,3.97,400,1588.00,0.50,0.00
2019-11-01,工商银行,网格卖出,4.03,500,2015.00,1.51,0.00
2019-11-01,农业银行,网格买入,2.24,500,1120.00,0.50,0.00
2019-11-01,农业银行,网格卖出,2.27,600,1362.00,1.18,0.00
2019-11-01,中国银行,网格买入,2.26,500,1130.00,0.50,0.00
2019-11-01,中国银行,网格买入,2.25,600,1350.00,0.50,0.00
2019-11-01,建设银行,网格买入,4.88,200,976.00,0.50,0.00
2019-11-04,中国银行,网格卖出,2.28,700,1596.00,1.30,0.00
2019-11-04,建设银行,网格卖出,4.95,300,1485.00,1.24,0.00
2019-11-04,交通银行,网格卖出,3.39,300,1017.00,1.01,0.00
2019-11-05,工商银行,网格买入,4.01,400,1604.00,0.50,0.00
2019-11-05,工商银行,网格卖出,4.07,400,1628.00,1.31,0.00
2019-11-05,中国银行,网格买入,2.27,500,1135.00,0.50,0.00
2019-11-05,中国银行,网格买入,2.26,600,1356.00,0.50,0.00
2019-11-05,中国银行,网格卖出,2.29,800,1832.00,1.42,0.00
2019-11-05,建设银行,网格买入,4.93,200,986.00,0.50,0.00
2019-11-05,建设银行,网格买入,4.91,200,982.00,0.50,0.00
2019-11-05,建设银行,网格卖出,4.98,300,1494.00,1.25,0.00
2019-11-05,建设银行,网格卖出,5.05,200,1010.00,1.00,0.00
2019-11-05,交通银行,网格卖出,3.44,300,1032.00,1.02,0.00
2019-11-06,工商银行,网格买入,4.03,400,1612.00,0.50,0.00
2019-11-06,工商银行,网格卖出,4.09,400,1636.00,1.32,0.00
2019-11-06,中国银行,网格买入,2.28,600,1368.00,0.50,0.00
2019-11-06,中国银行,网格卖出,2.31,700,1617.00,1.31,0.00
2019-11-06,建设银行,网格买入,4.98,200,996.00,0.50,0.00
2019-11-06,建设银行,网格买入,4.96,200,992.00,0.50,0.00
2019-11-06,建设银行,网格卖出,5.03,300,1509.00,1.25,0.00
2019-11-06,建设银行,网格卖出,5.11,200,1022.00,1.01,0.00
2019-11-06,交通银行,网格卖出,3.49,200,698.00,0.85,0.00
2019-11-07,工商银行,网格买入,4.07,400,1628.00,0.50,0.00
2019-11-07,工商银行,网格买入,4.05,400,1620.00,0.50,0.00
2019-11-07,中国银行,网格买入,2.3,600,1380.00,0.50,0.00
2019-11-07,建设银行,网格买入,5.08,200,1016.00,0.50,0.00
2019-11-07,建设银行,网格卖出,5.16,200,1032.00,1.02,0.00
2019-11-07,交通银行,网格买入,3.47,200,694.00,0.50,0.00
2019-11-07,交通银行,网格买入,3.45,200,690.00,0.50,0.00
2019-11-29,工商银行,再平衡卖出,3.91,1300,5083.00,3.04,0.00
2019-11-29,中国银行,再平衡卖出,2.2,1200,2640.00,1.82,0.00
2019-11-29,农业银行,再平衡买入,2.23,100,223.00,0.50,0.00
2019-11-29,建设银行,再平衡买入,4.71,300,1413.00,0.50,0.00
2019-11-29,交通银行,再平衡买入,3.24,400,1296.00,0.50,0.00
2019-12-02,交通银行,网格买入,3.22,300,966.00,0.50,0.00
2019-12-03,工商银行,网格买入,3.89,300,1167.00,0.50,0.00
2019-12-03,中国银行,网格买入,2.19,500,1095.00,0.50,0.00
2019-12-03,中国银行,网格买入,2.18,600,1308.00,0.50,0.00
2019-12-05,建设银行,网格卖出,4.79,200,958.00,0.98,0.00
2019-12-05,交通银行,网格买入,3.2,400,1280.00,0.50,0.00
2019-12-13,农业银行,网格卖出,2.26,500,1130.00,1.06,0.00
2019-12-13,中国银行,网格卖出,2.21,700,1547.00,1.27,0.00
2019-12-13,建设银行,网格买入,4.75,200,950.00,0.50,0.00
2019-12-13,交通银行,网格卖出,3.25,500,1625.00,1.31,0.00
2019-12-16,农业银行,网格买入,2.25,400,900.00,0.50,0.00
2019-12-17,工商银行,网格买入,3.87,300,1161.00,0.50,0.00
2019-12-17,工商银行,网格卖出,3.93,400,1572.00,1.29,0.00
2019-12-17,工商银行,网格卖出,3.99,300,1197.00,1.10,0.00
2019-12-17,农业银行,网格卖出,2.28,400,912.00,0.96,0.00
2019-12-17,中国银行,网格卖出,2.24,500,1120.00,1.06,0.00
2019-12-17,中国银行,网格卖出,2.27,400,908.00,0.95,0.00
2019-12-17,建设银行,网格买入,4.73,200,946.00,0.50,0.00
2019-12-17,建设银行,网格买入,4.71,300,1413.00,0.50,0.00
2019-12-17,建设银行,网格卖出,4.78,300,1434.00,1.22,0.00
2019-12-17,建设银行,网格卖出,4.85,300,1455.00,1.23,0.00
2019-12-17,交通银行,网格卖出,3.3,400,1320.00,1.16,0.00
2019-12-17,交通银行,网格卖出,3.35,300,1005.00,1.00,0.00
2019-12-18,工商银行,网格买入,3.95,200,790.00,0.50,0.00
2019-12-18,工商银行,网格卖出,4.01,300,1203.00,1.10,0.00
2019-12-18,中国银行,网格买入,2.26,400,904.00,0.50,0.00
2019-12-18,中国银行,网格买入,2.25,400,900.00,0.50,0.00
2019-12-18,建设银行,网格买入,4.81,200,962.00,0.50,0.00
2019-12-18,建设银行,网格卖出,4.88,200,976.00,0.99,0.00
2019-12-18,交通银行,网格买入,3.33,200,666.00,0.50,0.00
2019-12-18,交通银行,网格卖出,3.38,300,1014.00,1.01,0.00
2019-12-19,工商银行,网格买入,3.99,200,798.00,0.50,0.00
2019-12-19,工商银行,网格卖出,4.05,300,1215.00,1.11,0.00
2019-12-19,中国银行,网格买入,2.24,500,1120.00,0.50,0.00
2019-12-19,建设银行,网格买入,4.85,200,970.00,0.50,0.00
2019-12-19,交通银行,网格买入,3.35,200,670.00,0.50,0.00
2019-12-20,工商银行,网格买入,4.03,200,806.00,0.50,0.00
2019-12-20,工商银行,网格买入,4.01,200,802.00,0.50,0.00
2019-12-20,农业银行,网格卖出,2.31,400,924.00,0.96,0.00
2019-12-23,工商银行,网格买入,3.99,300,1197.00,0.50,0.00
2019-12-23,农业银行,网格买入,2.3,300,690.00,0.50,0.00
2019-12-23,建设银行,网格买入,4.83,200,966.00,0.50,0.00
2019-12-23,建设银行,网格买入,4.81,300,1443.00,0.50,0.00
2019-12-23,建设银行,网格卖出,4.88,300,1464.00,1.23,0.00
2019-12-23,交通银行,网格买入,3.33,200,666.00,0.50,0.00
2019-12-23,交通银行,网格买入,3.31,300,993.00,0.50,0.00
2019-12-23,交通银行,网格买入,3.29,300,987.00,0.50,0.00
2019-12-23,交通银行,网格卖出,3.36,400,1344.00,1.17,0.00
2019-12-24,工商银行,网格买入,3.97,300,1191.00,0.50,0.00
2019-12-25,农业银行,网格买入,2.29,300,687.00,0.50,0.00
2019-12-27,工商银行,网格卖出,4.03,400,1612.00,1.31,0.00
2019-12-27,农业银行,网格卖出,2.32,400,928.00,0.96,0.00
2019-12-27,农业银行,网格卖出,2.35,300,705.00,0.85,0.00
2019-12-27,建设银行,网格买入,4.83,300,1449.00,0.50,0.00
2019-12-27,建设银行,网格买入,4.81,300,1443.00,0.50,0.00
2019-12-30,中国银行,网格卖出,2.27,600,1362.00,1.18,0.00
2019-12-30,建设银行,网格买入,4.79,400,1916.00,0.50,0.00
2019-12-30,建设银行,网格卖出,4.86,500,2430.00,1.72,0.00
2019-12-30,交通银行,网格买入,3.33,300,999.00,0.50,0.00
2019-12-30,交通银行,网格买入,3.31,400,1324.00,0.50,0.00
2019-12-30,交通银行,网格卖出,3.36,500,1680.00,1.34,0.00
2019-12-31,工商银行,网格买入,3.99,300,1197.00,0.50,0.00
2019-12-31,工商银行,再平衡卖出,4,600,2400.00,1.70,0.00
2019-12-31,中国银行,再平衡卖出,2.26,100,226.00,0.61,0.00
2019-12-31,建设银行,再平衡卖出,4.84,800,3872.00,2.44,0.00
2019-12-31,交通银行,再平衡卖出,3.36,200,672.00,0.84,0.00
2019-12-31,农业银行,再平衡买入,2.3,1000,2300.00,0.50,0.00
2019-12-31,邮储银行,再平衡买入,4.29,1200,5148.00,0.50,0.00
2020-01-02,工商银行,网格卖出,4.06,300,1218.00,1.11,0.00
2020-01-02,工商银行,网格卖出,4.12,200,824.00,0.91,0.00
2020-01-02,农业银行,网格卖出,2.33,500,1165.00,1.08,0.00
2020-01-02,中国银行,网格卖出,2.29,500,1145.00,1.07,0.00
2020-01-02,建设银行,网格卖出,4.91,200,982.00,0.99,0.00
2020-01-02,建设银行,网格卖出,4.98,200,996.00,1.00,0.00
2020-01-02,交通银行,网格卖出,3.41,300,1023.00,1.01,0.00
2020-01-02,邮储银行,网格卖出,4.35,200,870.00,0.93,0.00
2020-01-02,邮储银行,网格卖出,4.42,200,884.00,0.94,0.00
2020-01-03,工商银行,网格买入,4.09,200,818.00,0.50,0.00
2020-01-03,中国银行,网格买入,2.28,400,912.00,0.50,0.00
2020-01-03,建设银行,网格买入,4.92,100,492.00,0.50,0.00
2020-01-03,邮储银行,网格买入,4.36,200,872.00,0.50,0.00
2020-01-03,邮储银行,网格买入,4.34,200,868.00,0.50,0.00
2020-01-03,邮储银行,网格买入,4.32,200,864.00,0.50,0.00
2020-01-03,邮储银行,网格买入,4.3,300,1290.00,0.50,0.00
2020-01-03,邮储银行,网格卖出,4.36,300,1308.00,1.15,0.00
2020-01-03,邮储银行,网格卖出,4.43,300,1329.00,1.16,0.00
2020-01-06,工商银行,网格买入,4.07,200,814.00,0.50,0.00
2020-01-06,工商银行,网格卖出,4.13,200,826.00,0.91,0.00
2020-01-06,农业银行,网格买入,2.32,400,928.00,0.50,0.00
2020-01-06,农业银行,网格买入,2.31,400,924.00,0.50,0.00
2020-01-06,农业银行,网格买入,2.3,500,1150.00,0.50,0.00
2020-01-06,农业银行,网格买入,2.29,600,1374.00,0.50,0.00
2020-01-06,农业银行,网格卖出,2.32,700,1624.00,1.31,0.00
2020-01-06,中国银行,网格买入,2.27,500,1135.00,0.50,0.00
2020-01-06,中国银行,网格买入,2.26,600,1356.00,0.50,0.00
2020-01-07,农业银行,网格卖出,2.35,600,1410.00,1.21,0.00
2020-01-07,中国银行,网格卖出,2.29,700,1603.00,1.30,0.00
2020-01-07,建设银行,网格买入,4.87,200,974.00,0.50,0.00
2020-01-07,建设银行,网格买入,4.85,200,970.00,0.50,0.00
2020-01-07,交通银行,网格买入,3.39,300,1017.00,0.50,0.00
2020-01-07,交通银行,网格卖出,3.44,300,1032.00,1.02,0.00
2020-01-07,邮储银行,网格买入,4.32,200,864.00,0.50,0.00
2020-01-08,工商银行,网格买入,4.08,200,816.00,0.50,0.00
2020-01-23,中国银行,再平衡卖出,2.18,400,872.00,0.94,0.00
2020-01-23,建设银行,再平衡卖出,4.58,100,458.00,0.73,0.00
2020-01-23,邮储银行,再平衡卖出,4.1,100,410.00,0.70,0.00
2020-01-23,工商银行,再平衡买入,3.84,100,384.00,0.50,0.00
2020-01-23,交通银行,再平衡买入,3.2,300,960.00,0.50,0.00
2020-02-28,中国银行,再平衡卖出,2.12,100,212.00,0.61,0.00
2020-02-28,工商银行,再平衡买入,3.42,100,342.00,0.50,0.00
2020-03-02,工商银行,网格卖出,3.47,300,1041.00,1.02,0.00
2020-03-02,农业银行,网格卖出,2.05,500,1025.00,1.01,0.00
2020-03-02,农业银行,网格卖出,2.08,400,832.00,0.92,0.00
2020-03-02,中国银行,网格卖出,2.15,400,860.00,0.93,0.00
2020-03-02,中国银行,网格卖出,2.18,400,872.00,0.94,0.00
2020-03-02,建设银行,网格卖出,4.17,200,834.00,0.92,0.00
2020-03-02,交通银行,网格卖出,2.97,300,891.00,0.95,0.00
2020-03-02,交通银行,网格卖出,3.01,300,903.00,0.95,0.00
2020-03-02,邮储银行,网格买入,3.91,200,782.00,0.50,0.00
2020-03-03,建设银行,网格卖出,4.24,200,848.00,0.92,0.00
2020-03-03,交通银行,网格卖出,3.06,200,612.00,0.81,0.00
2020-03-03,邮储银行,网格卖出,3.97,300,1191.00,1.10,0.00
2020-03-04,农业银行,网格卖出,2.11,300,633.00,0.82,0.00
2020-03-04,建设银行,网格买入,4.21,100,421.00,0.50,0.00
2020-03-04,建设银行,网格买入,4.19,200,838.00,0.50,0.00
2020-03-04,交通银行,网格买入,3.04,200,608.00,0.50,0.00
2020-03-04,交通银行,网格卖出,3.09,200,618.00,0.81,0.00
2020-03-04,邮储银行,网格买入,3.93,200,786.00,0.50,0.00
2020-03-04,邮储银行,网格买入,3.91,300,1173.00,0.50,0.00
2020-03-05,工商银行,网格卖出,3.52,200,704.00,0.85,0.00
2020-03-05,工商银行,网格卖出,3.57,200,714.00,0.86,0.00
2020-03-05,中国银行,网格卖出,2.21,200,442.00,0.72,0.00
2020-03-05,建设银行,网格卖出,4.25,200,850.00,0.93,0.00
2020-03-05,建设银行,网格卖出,4.31,200,862.00,0.93,0.00
2020-03-05,交通银行,网格买入,3.07,200,614.00,0.50,0.00
2020-03-05,交通银行,网格卖出,3.12,200,624.00,0.81,0.00
2020-03-05,邮储银行,网格卖出,3.97,300,1191.00,1.10,0.00
2020-03-05,邮储银行,网格卖出,4.03,300,1209.00,1.10,0.00
2020-03-05,邮储银行,网格卖出,4.09,200,818.00,0.91,0.00
2020-03-06,工商银行,网格买入,3.54,100,354.00,0.50,0.00
2020-03-06,工商银行,网格买入,3.52,200,704.00,0.50,0.00
2020-03-06,农业银行,网格买入,2.1,200,420.00,0.50,0.00
2020-03-06,农业银行,网格卖出,2.13,200,426.00,0.71,0.00
2020-03-06,建设银行,网格买入,4.27,100,427.00,0.50,0.00
2020-03-06,建设银行,网格买入,4.25,100,425.00,0.50,0.00
2020-03-06,交通银行,网格买入,3.1,200,620.00,0.50,0.00
2020-03-06,交通银行,网格买入,3.08,200,616.00,0.50,0.00
2020-03-06,交通银行,网格买入,3.06,200,612.00,0.50,0.00
2020-03-06,交通银行,网格卖出,3.11,300,933.00,0.97,0.00
2020-03-06,邮储银行,网格买入,3.99,200,798.00,0.50,0.00
2020-03-06,邮储银行,网格买入,3.97,200,794.00,0.50,0.00
2020-03-06,邮储银行,网格买入,3.95,200,790.00,0.50,0.00
2020-03-06,邮储银行,网格买入,3.93,300,1179.00,0.50,0.00
2020-03-06,邮储银行,网格卖出,3.99,300,1197.00,1.10,0.00
2020-03-09,工商银行,网格买入,3.46,200,692.00,0.50,0.00
2020-03-09,工商银行,网格买入,3.44,200,688.00,0.50,0.00
2020-03-09,工商银行,网格买入,3.42,300,1026.00,0.50,0.00
2020-03-09,农业银行,网格买入,2.08,200,416.00,0.50,0.00
2020-03-09,农业银行,网格买入,2.07,300,621.00,0.50,0.00
2020-03-09,农业银行,网格买入,2.06,300,618.00,0.50,0.00
2020-03-09,农业银行,网格买入,2.05,400,820.00,0.50,0.00
2020-03-09,农业银行,网格买入,2.04,500,1020.00,0.50,0.00
2020-03-09,农业银行,网格卖出,2.08,600,1248.00,1.12,0.00
2020-03-09,中国银行,网格买入,2.18,200,436.00,0.50,0.00
2020-03-09,中国银行,网格买入,2.17,300,651.00,0.50,0.00
2020-03-09,中国银行,网格买入,2.16,300,648.00,0.50,0.00
2020-03-09,中国银行,网格买入,2.15,400,860.00,0.50,0.00
2020-03-09,中国银行,网格买入,2.14,500,1070.00,0.50,0.00
2020-03-09,中国银行,网格卖出,2.18,600,1308.00,1.15,0.00
2020-03-09,建设银行,网格买入,4.18,200,836.00,0.50,0.00
2020-03-09,交通银行,网格买入,3.03,200,606.00,0.50,0.00
2020-03-10,工商银行,网格卖出,3.47,300,1041.00,1.02,0.00
2020-03-10,农业银行,网格买入,2.02,500,1010.00,0.50,0.00
2020-03-10,农业银行,网格卖出,2.05,600,1230.00,1.11,0.00
2020-03-10,农业银行,网格卖出,2.08,400,832.00,0.92,0.00
2020-03-10,中国银行,网格买入,2.13,500,1065.00,0.50,0.00
2020-03-10,中国银行,网格卖出,2.16,600,1296.00,1.15,0.00
2020-03-10,建设银行,网格买入,4.06,200,812.00,0.50,0.00
2020-03-10,建设银行,网格卖出,4.12,200,824.00,0.91,0.00
2020-03-10,交通银行,网格买入,2.97,300,891.00,0.50,0.00
2020-03-10,交通银行,网格卖出,3.01,300,903.00,0.95,0.00
2020-03-10,交通银行,网格卖出,3.06,300,918.00,0.96,0.00
2020-03-10,交通银行,网格卖出,3.11,200,622.00,0.81,0.00
2020-03-10,邮储银行,网格买入,3.89,300,1167.00,0.50,0.00
2020-03-10,邮储银行,网格买入,3.87,300,1161.00,0.50,0.00
2020-03-10,邮储银行,网格买入,3.85,400,1540.00,0.50,0.00
2020-03-10,邮储银行,网格卖出,3.91,500,1955.00,1.48,0.00
2020-03-11,工商银行,网格买入,3.45,300,1035.00,0.50,0.00
2020-03-11,农业银行,网格买入,2.07,400,828.00,0.50,0.00
2020-03-11,建设银行,网格卖出,4.18,200,836.00,0.92,0.00
2020-03-11,交通银行,网格买入,3.09,200,618.00,0.50,0.00
2020-03-12,邮储银行,网格卖出,3.97,400,1588.00,1.29,0.00
2020-03-13,工商银行,网格买入,3.28,300,984.00,0.50,0.00
2020-03-13,工商银行,网格卖出,3.33,400,1332.00,1.17,0.00
2020-03-13,工商银行,网格卖出,3.38,300,1014.00,1.01,0.00
2020-03-13,农业银行,网格买入,1.99,400,796.00,0.50,0.00
2020-03-13,农业银行,网格买入,1.98,500,990.00,0.50,0.00
2020-03-13,农业银行,网格买入,1.97,600,1182.00,0.50,0.00
2020-03-13,农业银行,网格卖出,2,700,1400.00,1.20,0.00
2020-03-13,农业银行,网格卖出,2.03,600,1218.00,1.11,0.00
2020-03-13,中国银行,网格买入,2.09,400,836.00,0.50,0.00
2020-03-13,中国银行,网格卖出,2.12,500,1060.00,1.03,0.00
2020-03-13,建设银行,网格买入,3.98,200,796.00,0.50,0.00
2020-03-13,建设银行,网格买入,3.96,200,792.00,0.50,0.00
2020-03-13,建设银行,网格卖出,4.02,200,804.00,0.90,0.00
2020-03-13,建设银行,网格卖出,4.08,200,816.00,0.91,0.00
2020-03-13,建设银行,网格卖出,4.14,200,828.00,0.91,0.00
2020-03-13,交通银行,网格买入,2.91,200,582.00,0.50,0.00
2020-03-13,交通银行,网格买入,2.9,200,580.00,0.50,0.00
2020-03-13,交通银行,网格买入,2.89,300,867.00,0.50,0.00
2020-03-13,交通银行,网格卖出,2.93,300,879.00,0.94,0.00
2020-03-13,交通银行,网格卖出,2.97,300,891.00,0.95,0.00
2020-03-13,交通银行,网格卖出,3.01,200,602.00,0.80,0.00
2020-03-13,邮储银行,网格买入,3.88,300,1164.00,0.50,0.00
2020-03-13,邮储银行,网格买入,3.86,400,1544.00,0.50,0.00
2020-03-13,邮储银行,网格买入,3.84,400,1536.00,0.50,0.00
2020-03-13,邮储银行,网格卖出,3.9,500,1950.00,1.48,0.00
2020-03-13,邮储银行,网格卖出,3.96,400,1584.00,1.29,0.00
2020-03-16,工商银行,网格买入,3.34,300,1002.00,0.50,0.00
2020-03-16,工商银行,网格买入,3.32,300,996.00,0.50,0.00
2020-03-16,工商银行,网格买入,3.3,400,1320.00,0.50,0.00
2020-03-16,工商银行,网格卖出,3.35,500,1675.00,1.34,0.00
2020-03-16,工商银行,网格卖出,3.4,400,1360.00,1.18,0.00
2020-03-16,农业银行,网格买入,2.02,500,1010.00,0.50,0.00
2020-03-16,农业银行,网格买入,2.01,600,1206.00,0.50,0.00
2020-03-16,农业银行,网格卖出,2.04,700,1428.00,1.21,0.00
2020-03-16,中国银行,网格买入,2.11,400,844.00,0.50,0.00
2020-03-16,中国银行,网格买入,2.1,500,1050.00,0.50,0.00
2020-03-16,中国银行,网格卖出,2.14,600,1284.00,1.14,0.00
2020-03-16,建设银行,网格买入,4.1,100,410.00,0.50,0.00
2020-03-16,建设银行,网格买入,4.08,100,408.00,0.50,0.00
2020-03-16,建设银行,网格买入,4.06,200,812.00,0.50,0.00
2020-03-16,建设银行,网格卖出,4.12,200,824.00,0.91,0.00
2020-03-16,交通银行,网格买入,2.99,200,598.00,0.50,0.00
2020-03-31,农业银行,再平衡卖出,1.98,400,792.00,0.90,0.00
2020-03-31,中国银行,再平衡卖出,2.05,100,205.00,0.60,0.00
2020-03-31,邮储银行,再平衡卖出,3.7,400,1480.00,1.24,0.00
2020-03-31,建设银行,再平衡买入,3.95,400,1580.00,0.50,0.00
2020-04-01,工商银行,网格买入,3.25,300,975.00,0.50,0.00
2020-04-01,工商银行,网格卖出,3.3,300,990.00,0.99,0.00
2020-04-01,农业银行,网格卖出,2.01,500,1005.00,1.00,0.00
2020-04-01,中国银行,网格卖出,2.08,500,1040.00,1.02,0.00
2020-04-01,建设银行,网格卖出,4.01,200,802.00,0.90,0.00
2020-04-01,交通银行,网格卖出,2.93,200,586.00,0.79,0.00
2020-04-01,邮储银行,网格买入,3.68,300,1104.00,0.50,0.00
2020-04-01,邮储银行,网格买入,3.66,300,1098.00,0.50,0.00
2020-04-02,工商银行,网格买入,3.26,300,978.00,0.50,0.00
2020-04-02,工商银行,网格买入,3.24,300,972.00,0.50,0.00
2020-04-02,工商银行,网格卖出,3.29,400,1316.00,1.16,0.00
2020-04-02,农业银行,网格买入,1.98,400,792.00,0.50,0.00
2020-04-02,农业银行,网格卖出,2.01,500,1005.00,1.00,0.00
2020-04-02,中国银行,网格买入,2.04,400,816.00,0.50,0.00
2020-04-02,中国银行,网格卖出,2.07,400,828.00,0.91,0.00
2020-04-02,建设银行,网格买入,3.96,200,792.00,0.50,0.00
2020-04-02,建设银行,网格卖出,4.02,200,804.00,0.90,0.00
2020-04-02,交通银行,网格买入,2.88,200,576.00,0.50,0.00
2020-04-02,交通银行,网格卖出,2.92,200,584.00,0.79,0.00
2020-04-02,邮储银行,网格买入,3.64,400,1456.00,0.50,0.00
2020-04-02,邮储银行,网格卖出,3.69,500,1845.00,1.42,0.00
2020-04-03,工商银行,网格买入,3.27,300,981.00,0.50,0.00
2020-04-03,工商银行,网格买入,3.25,400,1300.00,0.50,0.00
2020-04-03,工商银行,网格卖出,3.3,500,1650.00,1.33,0.00
2020-04-03,农业银行,网格买入,2,400,800.00,0.50,0.00
2020-04-03,中国银行,网格买入,2.06,400,824.00,0.50,0.00
2020-04-07,农业银行,网格卖出,2.04,400,816.00,0.91,0.00
2020-04-07,中国银行,网格卖出,2.09,400,836.00,0.92,0.00
2020-04-07,建设银行,网格卖出,4.08,200,816.00,0.91,0.00
2020-04-08,工商银行,网格买入,3.26,400,1304.00,0.50,0.00
2020-04-08,工商银行,网格买入,3.24,400,1296.00,0.50,0.00
2020-04-16,中国银行,网格卖出,2.12,400,848.00,0.92,0.00
2020-04-16,建设银行,网格买入,3.94,200,788.00,0.50,0.00
2020-04-17,工商银行,网格卖出,3.29,500,1645.00,1.32,0.00
2020-04-17,中国银行,网格卖出,2.15,200,430.00,0.71,0.00
2020-04-17,邮储银行,网格买入,3.67,400,1468.00,0.50,0.00
2020-04-20,中国银行,网格买入,2.14,200,428.00,0.50,0.00
2020-04-29,建设银行,网格卖出,4,200,800.00,0.90,0.00
2020-04-29,交通银行,网格买入,2.85,200,570.00,0.50,0.00
2020-04-29,交通银行,网格卖出,2.89,200,578.00,0.79,0.00
2020-04-30,农业银行,网格卖出,2.07,400,828.00,0.91,0.00
2020-04-30,中国银行,网格买入,2.03,300,609.00,0.50,0.00
2020-04-30,中国银行,网格卖出,2.06,300,618.00,0.81,0.00
2020-04-30,建设银行,网格卖出,4.06,200,812.00,0.91,0.00
2020-04-30,交通银行,网格卖出,2.93,100,293.00,0.65,0.00
2020-04-30,邮储银行,网格买入,3.58,400,1432.00,0.50,0.00
2020-04-30,邮储银行,网格卖出,3.63,500,1815.00,1.41,0.00
2020-04-30,工商银行,再平衡卖出,3.29,600,1974.00,1.49,0.00
2020-04-30,邮储银行,再平衡卖出,3.65,800,2920.00,1.96,0.00
2020-04-30,农业银行,再平衡买入,2.07,900,1863.00,0.50,0.00
2020-04-30,中国银行,再平衡买入,2.05,900,1845.00,0.50,0.00
2020-04-30,建设银行,再平衡买入,4.04,600,2424.00,0.50,0.00
2020-04-30,交通银行,再平衡买入,2.91,800,2328.00,0.50,0.00
2020-05-28,建设银行,网格卖出,4.1,200,820.00,0.91,0.00
2020-05-28,交通银行,网格买入,2.84,300,852.00,0.50,0.00
2020-05-28,交通银行,网格卖出,2.88,400,1152.00,1.08,0.00
2020-05-28,邮储银行,网格买入,3.51,300,1053.00,0.50,0.00
2020-05-29,工商银行,再平衡卖出,3.24,100,324.00,0.66,0.00
2020-05-29,邮储银行,再平衡卖出,3.51,300,1053.00,1.03,0.00
2020-05-29,建设银行,再平衡买入,3.98,200,796.00,0.50,0.00
2020-05-29,交通银行,再平衡买入,2.84,100,284.00,0.50,0.00
2020-06-01,农业银行,网格卖出,2.04,500,1020.00,1.01,0.00
2020-06-01,中国银行,网格卖出,2.05,500,1025.00,1.01,0.00
2020-06-01,建设银行,网格卖出,4.04,200,808.00,0.90,0.00
2020-06-01,交通银行,网格卖出,2.88,300,864.00,0.93,0.00
2020-06-02,工商银行,网格卖出,3.29,300,987.00,0.99,0.00
2020-06-02,农业银行,网格买入,2.03,400,812.00,0.50,0.00
2020-06-02,中国银行,网格买入,2.04,400,816.00,0.50,0.00
2020-06-02,中国银行,网格卖出,2.07,400,828.00,0.91,0.00
2020-06-02,建设银行,网格买入,4,200,800.00,0.50,0.00
2020-06-03,工商银行,网格卖出,3.34,200,668.00,0.83,0.00
2020-06-03,农业银行,网格卖出,2.06,400,824.00,0.91,0.00
2020-06-03,建设银行,网格卖出,4.06,200,812.00,0.91,0.00
2020-06-03,交通银行,网格卖出,2.92,300,876.00,0.94,0.00
2020-06-03,邮储银行,网格卖出,3.56,300,1068.00,1.03,0.00
2020-06-04,工商银行,网格买入,3.32,200,664.00,0.50,0.00
2020-06-04,工商银行,网格买入,3.3,200,660.00,0.50,0.00
2020-06-04,农业银行,网格买入,2.04,400,816.00,0.50,0.00
2020-06-04,农业银行,网格买入,2.03,400,812.00,0.50,0.00
2020-06-04,建设银行,网格买入,4.04,200,808.00,0.50,0.00
2020-06-04,建设银行,网格买入,4.02,200,804.00,0.50,0.00
2020-06-04,交通银行,网格买入,2.91,200,582.00,0.50,0.00
2020-06-04,交通银行,网格买入,2.9,200,580.00,0.50,0.00
2020-06-04,交通银行,网格卖出,2.94,300,882.00,0.94,0.00
2020-06-04,邮储银行,网格买入,3.54,200,708.00,0.50,0.00
2020-06-05,工商银行,网格买入,3.28,300,984.00,0.50,0.00
2020-06-05,工商银行,网格卖出,3.33,300,999.00,1.00,0.00
2020-06-05,交通银行,网格买入,2.91,200,582.00,0.50,0.00
2020-06-05,交通银行,网格买入,2.9,300,870.00,0.50,0.00
2020-06-08,邮储银行,网格卖出,3.59,200,718.00,0.86,0.00
2020-06-08,邮储银行,网格卖出,3.64,200,728.00,0.86,0.00
2020-06-09,工商银行,网格卖出,3.38,300,1014.00,1.01,0.00
2020-06-09,农业银行,网格买入,2.02,500,1010.00,0.50,0.00
2020-06-09,建设银行,网格买入,4,300,1200.00,0.50,0.00
2020-06-09,交通银行,网格买入,2.87,300,861.00,0.50,0.00
2020-06-09,邮储银行,网格卖出,3.69,200,738.00,0.87,0.00
2020-06-10,邮储银行,分红,0.2102,600,126.12,0.00,0.00
2020-06-10,邮储银行,网格买入,3.52,100,352.00,0.50,0.00
2020-06-10,邮储银行,网格买入,3.5,100,350.00,0.50,0.00
2020-06-12,工商银行,网格卖出,3.43,200,686.00,0.84,0.00
2020-06-12,中国银行,网格买入,2.04,400,816.00,0.50,0.00
2020-06-30,工商银行,分红,0.26280000000000003,800,210.24,0.00,0.00
2020-06-30,农业银行,再平衡卖出,1.99,700,1393.00,1.20,0.00
2020-06-30,建设银行,再平衡卖出,3.92,500,1960.00,1.48,0.00
2020-06-30,交通银行,再平衡卖出,2.86,200,572.00,0.79,0.00
2020-06-30,工商银行,再平衡买入,3.36,600,2016.00,0.50,0.00
2020-06-30,中国银行,再平衡买入,2.05,100,205.00,0.50,0.00
2020-07-01,工商银行,网格买入,3.34,300,1002.00,0.50,0.00
2020-07-01,工商银行,网格买入,3.32,300,996.00,0.50,0.00
2020-07-01,工商银行,网格卖出,3.37,400,1348.00,1.17,18.40
2020-07-01,中国银行,网格卖出,2.08,500,1040.00,1.02,0.00
2020-07-01,建设银行,网格买入,3.9,200,780.00,0.50,0.00
2020-07-01,建设银行,网格卖出,3.96,300,1188.00,1.09,0.00
2020-07-01,交通银行,网格买入,2.85,300,855.00,0.50,0.00
2020-07-01,交通银行,网格卖出,2.89,400,1156.00,1.08,0.00
2020-07-01,邮储银行,网格买入,3.19,200,638.00,0.50,0.00
2020-07-01,邮储银行,网格卖出,3.24,200,648.00,0.82,4.20
2020-07-02,工商银行,网格买入,3.35,300,1005.00,0.50,0.00
2020-07-02,工商银行,网格卖出,3.4,400,1360.00,1.18,21.02
2020-07-02,工商银行,网格卖出,3.45,300,1035.00,1.02,0.00
2020-07-02,农业银行,网格卖出,2.02,500,1010.00,1.00,0.00
2020-07-02,农业银行,网格卖出,2.05,400,820.00,0.91,0.00
2020-07-02,中国银行,网格卖出,2.11,400,844.00,0.92,0.00
2020-07-02,中国银行,网格卖出,2.14,200,428.00,0.71,0.00
2020-07-02,建设银行,网格卖出,4.02,200,804.00,0.90,0.00
2020-07-02,建设银行,网格卖出,4.08,200,816.00,0.91,0.00
2020-07-02,建设银行,网格卖出,4.14,100,414.00,0.71,0.00
2020-07-02,交通银行,网格卖出,2.93,300,879.00,0.94,0.00
2020-07-02,交通银行,网格卖出,2.97,300,891.00,0.95,0.00
2020-07-02,邮储银行,网格买入,3.22,200,644.00,0.50,0.00
2020-07-02,邮储银行,网格卖出,3.27,200,654.00,0.83,4.20
2020-07-03,工商银行,网格卖出,3.5,200,700.00,0.85,0.00
2020-07-03,工商银行,网格卖出,3.55,200,710.00,0.85,0.00
2020-07-03,农业银行,网格卖出,2.08,300,624.00,0.81,0.00
2020-07-03,建设银行,网格买入,4.1,100,410.00,0.50,0.00
2020-07-03,建设银行,网格卖出,4.16,100,416.00,0.71,0.00
2020-07-03,建设银行,网格卖出,4.22,100,422.00,0.71,0.00
2020-07-03,交通银行,网格卖出,3.01,200,602.00,0.80,0.00
2020-07-03,邮储银行,网格卖出,3.32,200,664.00,0.83,8.41
2020-07-03,邮储银行,网格卖出,3.37,100,337.00,0.67,0.00
2020-07-03,邮储银行,网格卖出,3.42,100,342.00,0.67,0.00
2020-07-06,工商银行,网格卖出,3.6,100,360.00,0.68,0.00
2020-07-06,邮储银行,网格卖出,3.47,100,347.00,0.67,0.00
2020-07-06,邮储银行,网格卖出,3.52,100,352.00,0.68,0.00
2020-07-10,农业银行,分红,0.1819,1200,218.28,0.00,0.00
2020-07-10,建设银行,分红,0.32,500,160.00,0.00,0.00
2020-07-10,工商银行,网格买入,3.58,100,358.00,0.50,0.00
2020-07-10,工商银行,网格卖出,3.74,100,374.00,0.69,0.00
2020-07-13,工商银行,网格买入,3.58,100,358.00,0.50,0.00
2020-07-13,工商银行,网格买入,3.56,200,712.00,0.50,0.00
2020-07-13,工商银行,网格买入,3.54,200,708.00,0.50,0.00
2020-07-13,工商银行,网格卖出,3.59,200,718.00,0.86,0.00
2020-07-14,交通银行,分红,0.315,800,252.00,0.00,0.00
2020-07-14,工商银行,网格买入,3.57,200,714.00,0.50,0.00
2020-07-14,工商银行,网格买入,3.55,200,710.00,0.50,0.00
2020-07-14,工商银行,网格买入,3.53,300,1059.00,0.50,0.00
2020-07-14,工商银行,网格买入,3.51,300,1053.00,0.50,0.00
2020-07-14,工商银行,网格卖出,3.57,400,1428.00,1.21,0.00
2020-07-15,中国银行,分红,0.191,1200,229.20,0.00,0.00
2020-07-15,工商银行,网格买入,3.54,300,1062.00,0.50,0.00
2020-07-15,工商银行,网格买入,3.52,400,1408.00,0.50,0.00
2020-07-15,工商银行,网格买入,3.5,500,1750.00,0.50,0.00
2020-07-15,工商银行,网格买入,3.48,600,2088.00,0.50,0.00
2020-07-15,工商银行,网格买入,3.46,700,2422.00,0.50,0.00
2020-07-15,工商银行,网格卖出,3.54,800,2832.00,1.92,0.00
2020-07-16,工商银行,网格买入,3.46,700,2422.00,0.50,0.00
2020-07-16,工商银行,网格买入,3.44,800,2752.00,0.50,0.00
2020-07-16,工商银行,网格卖出,3.49,1000,3490.00,2.25,0.00
2020-07-16,农业银行,网格买入,2.07,200,414.00,0.50,0.00
2020-07-16,农业银行,网格买入,2.06,300,618.00,0.50,0.00
2020-07-16,农业银行,网格卖出,2.09,300,627.00,0.81,5.46
2020-07-16,交通银行,网格买入,2.99,200,598.00,0.50,0.00
2020-07-16,交通银行,网格买入,2.98,200,596.00,0.50,0.00
2020-07-16,交通银行,网格买入,2.97,200,594.00,0.50,0.00
2020-07-16,交通银行,网格买入,2.96,300,888.00,0.50,0.00
2020-07-16,交通银行,网格卖出,3.02,300,906.00,0.95,9.45
2020-07-17,工商银行,网格买入,3.44,800,2752.00,0.50,0.00
2020-07-17,农业银行,网格买入,2.07,300,621.00,0.50,0.00
2020-07-17,农业银行,网格买入,2.06,300,618.00,0.50,0.00
2020-07-17,建设银行,网格买入,4.2,100,420.00,0.50,0.00
2020-07-17,建设银行,网格卖出,4.27,100,427.00,0.71,3.20
2020-07-20,工商银行,网格卖出,3.49,900,3141.00,2.07,0.00
2020-07-20,农业银行,网格卖出,2.09,400,836.00,0.92,7.28
2020-07-20,农业银行,网格卖出,2.12,300,636.00,0.82,5.46
2020-07-20,建设银行,网格买入,4.24,100,424.00,0.50,0.00
2020-07-20,建设银行,网格卖出,4.3,100,430.00,0.71,3.20
2020-07-20,交通银行,网格买入,2.94,300,882.00,0.50,0.00
2020-07-20,交通银行,网格买入,2.93,300,879.00,0.50,0.00
2020-07-20,交通银行,网格买入,2.92,400,1168.00,0.50,0.00
2020-07-20,交通银行,网格卖出,2.96,500,1480.00,1.24,25.20
2020-07-20,交通银行,网格卖出,3,400,1200.00,1.10,0.00
2020-07-21,工商银行,网格买入,3.47,700,2429.00,0.50,0.00
2020-07-21,农业银行,网格买入,2.11,300,633.00,0.50,0.00
2020-07-21,农业银行,网格买入,2.1,300,630.00,0.50,0.00
2020-07-21,农业银行,网格买入,2.09,400,836.00,0.50,0.00
2020-07-21,农业银行,网格卖出,2.12,500,1060.00,1.03,3.64
2020-07-21,建设银行,网格买入,4.28,100,428.00,0.50,0.00
2020-07-21,建设银行,网格卖出,4.35,100,435.00,0.72,6.40
2020-07-21,交通银行,网格买入,2.99,300,897.00,0.50,0.00
2020-07-22,建设银行,网格买入,4.29,100,429.00,0.50,0.00
2020-07-22,建设银行,网格卖出,4.35,100,435.00,0.72,6.40
2020-07-23,建设银行,网格买入,4.24,100,424.00,0.50,0.00
2020-07-31,工商银行,再平衡卖出,3.34,2900,9686.00,5.67,0.00
2020-07-31,交通银行,再平衡卖出,2.81,100,281.00,0.64,0.00
2020-07-31,农业银行,再平衡买入,2.02,600,1212.00,0.50,0.00
2020-07-31,中国银行,再平衡买入,2.09,1100,2299.00,0.50,0.00
2020-07-31,建设银行,再平衡买入,4.05,600,2430.00,0.50,0.00
2020-07-31,邮储银行,再平衡买入,3.28,1300,4264.00,0.50,0.00
2020-08-03,中国银行,网格卖出,2.12,500,1060.00,1.03,9.55
2020-08-03,交通银行,网格买入,2.8,300,840.00,0.50,0.00
2020-08-04,工商银行,网格卖出,3.39,300,1017.00,1.01,0.00
2020-08-04,工商银行,网格卖出,3.44,200,688.00,0.84,0.00
2020-08-04,农业银行,网格卖出,2.05,500,1025.00,1.01,0.00
2020-08-04,中国银行,网格买入,2.11,400,844.00,0.50,0.00
2020-08-04,中国银行,网格买入,2.1,400,840.00,0.50,0.00
2020-08-04,中国银行,网格卖出,2.13,500,1065.00,1.03,9.55
2020-08-04,建设银行,网格卖出,4.11,200,822.00,0.91,3.20
2020-08-04,建设银行,网格卖出,4.17,200,834.00,0.92,0.00
2020-08-04,交通银行,网格卖出,2.84,400,1136.00,1.07,0.00
2020-08-04,交通银行,网格卖出,2.88,300,864.00,0.93,0.00
2020-08-04,邮储银行,网格卖出,3.33,300,999.00,1.00,0.00
2020-08-04,邮储银行,网格卖出,3.38,200,676.00,0.84,0.00
2020-08-05,工商银行,网格买入,3.4,200,680.00,0.50,0.00
2020-08-05,工商银行,网格买入,3.38,200,676.00,0.50,0.00
2020-08-05,农业银行,网格买入,2.04,400,816.00,0.50,0.00
2020-08-05,农业银行,网格买入,2.03,500,1015.00,0.50,0.00
2020-08-05,中国银行,网格买入,2.12,400,848.00,0.50,0.00
2020-08-05,中国银行,网格买入,2.11,500,1055.00,0.50,0.00
2020-08-05,中国银行,网格卖出,2.14,600,1284.00,1.14,3.82
2020-08-05,建设银行,网格买入,4.15,200,830.00,0.50,0.00
2020-08-05,建设银行,网格买入,4.13,200,826.00,0.50,0.00
2020-08-05,建设银行,网格买入,4.11,200,822.00,0.50,0.00
2020-08-05,建设银行,网格卖出,4.17,300,1251.00,1.13,0.00
2020-08-05,交通银行,网格买入,2.86,300,858.00,0.50,0.00
2020-08-05,交通银行,网格买入,2.85,300,855.00,0.50,0.00
2020-08-05,邮储银行,网格买入,3.36,200,672.00,0.50,0.00
2020-08-17,工商银行,网格卖出,3.43,300,1029.00,1.01,0.00
2020-08-17,工商银行,网格卖出,3.48,200,696.00,0.85,0.00
2020-08-17,农业银行,网格卖出,2.06,600,1236.00,1.12,0.00
2020-08-17,农业银行,网格卖出,2.09,400,836.00,0.92,0.00
2020-08-17,中国银行,网格买入,2.11,500,1055.00,0.50,0.00
2020-08-17,中国银行,网格卖出,2.14,600,1284.00,1.14,0.00
2020-08-17,建设银行,网格卖出,4.23,200,846.00,0.92,0.00
2020-08-17,建设银行,网格卖出,4.29,200,858.00,0.93,0.00
2020-08-17,交通银行,网格买入,2.84,400,1136.00,0.50,0.00
2020-08-17,交通银行,网格买入,2.83,500,1415.00,0.50,0.00
2020-08-17,交通银行,网格卖出,2.87,600,1722.00,1.36,0.00
2020-08-17,交通银行,网格卖出,2.91,400,1164.00,1.08,0.00
2020-08-17,邮储银行,网格买入,3.34,200,668.00,0.50,0.00
2020-08-17,邮储银行,网格卖出,3.39,300,1017.00,1.01,0.00
2020-08-17,邮储银行,网格卖出,3.44,200,688.00,0.84,0.00
2020-08-17,邮储银行,网格卖出,3.49,200,698.00,0.85,0.00
2020-08-18,工商银行,网格买入,3.46,200,692.00,0.50,0.00
2020-08-18,工商银行,网格买入,3.44,200,688.00,0.50,0.00
2020-08-18,工商银行,网格买入,3.42,300,1026.00,0.50,0.00
2020-08-18,农业银行,网格买入,2.08,400,832.00,0.50,0.00
2020-08-18,农业银行,网格买入,2.07,400,828.00,0.50,0.00
2020-08-18,农业银行,网格买入,2.06,500,1030.00,0.50,0.00
2020-08-18,农业银行,网格卖出,2.09,600,1254.00,1.13,0.00
2020-08-18,中国银行,网格买入,2.13,500,1065.00,0.50,0.00
2020-08-18,中国银行,网格买入,2.12,600,1272.00,0.50,0.00
2020-08-18,中国银行,网格卖出,2.15,700,1505.00,1.25,0.00
2020-08-18,建设银行,网格买入,4.27,100,427.00,0.50,0.00
2020-08-18,建设银行,网格买入,4.25,200,850.00,0.50,0.00
2020-08-18,交通银行,网格买入,2.9,400,1160.00,0.50,0.00
2020-08-18,邮储银行,网格买入,3.44,100,344.00,0.50,0.00
2020-08-31,工商银行,再平衡卖出,3.34,100,334.00,0.67,0.00
2020-08-31,农业银行,再平衡卖出,2,100,200.00,0.60,0.00
2020-08-31,中国银行,再平衡卖出,2.04,300,612.00,0.81,0.00
2020-08-31,交通银行,再平衡卖出,2.78,400,1112.00,1.06,0.00
2020-08-31,建设银行,再平衡买入,4.13,200,826.00,0.50,0.00
2020-09-01,工商银行,网格买入,3.32,300,996.00,0.50,0.00
2020-09-01,中国银行,网格买入,2.02,500,1010.00,0.50,0.00
2020-09-21,工商银行,网格卖出,3.37,400,1348.00,1.17,0.00
2020-09-21,农业银行,网格买入,1.99,500,995.00,0.50,0.00
2020-09-21,建设银行,网格卖出,4.19,200,838.00,0.92,0.00
2020-09-21,交通银行,网格买入,2.73,400,1092.00,0.50,0.00
2020-09-30,农业银行,再平衡卖出,1.96,500,980.00,0.99,0.00
2020-09-30,中国银行,再平衡卖出,1.96,500,980.00,0.99,0.00
2020-09-30,交通银行,再平衡卖出,2.59,400,1036.00,1.02,0.00
2020-09-30,建设银行,再平衡买入,4.08,200,816.00,0.50,0.00
2020-09-30,邮储银行,再平衡买入,3.15,700,2205.00,0.50,0.00
2020-10-12,工商银行,网格卖出,3.35,300,1005.00,1.00,0.00
2020-10-12,农业银行,网格卖出,1.99,500,995.00,1.00,0.00
2020-10-12,中国银行,网格卖出,1.99,500,995.00,1.00,0.00
2020-10-12,建设银行,网格卖出,4.14,200,828.00,0.91,0.00
2020-10-12,交通银行,网格卖出,2.63,400,1052.00,1.03,0.00
2020-10-12,邮储银行,网格卖出,3.2,300,960.00,0.98,0.00
2020-10-13,工商银行,网格买入,3.33,200,666.00,0.50,0.00
2020-10-13,工商银行,网格买入,3.31,300,993.00,0.50,0.00
2020-10-13,工商银行,网格买入,3.29,300,987.00,0.50,0.00
2020-10-13,工商银行,网格卖出,3.34,400,1336.00,1.17,0.00
2020-10-13,农业银行,网格买入,1.97,400,788.00,0.50,0.00
2020-10-13,农业银行,网格买入,1.96,500,980.00,0.50,0.00
2020-10-13,中国银行,网格买入,1.98,400,792.00,0.50,0.00
2020-10-13,中国银行,网格买入,1.97,500,985.00,0.50,0.00
2020-10-13,中国银行,网格卖出,2,600,1200.00,1.10,0.00
2020-10-13,建设银行,网格买入,4.12,200,824.00,0.50,0.00
2020-10-13,建设银行,网格买入,4.1,200,820.00,0.50,0.00
2020-10-13,建设银行,网格卖出,4.16,300,1248.00,1.12,0.00
2020-10-13,交通银行,网格买入,2.62,300,786.00,0.50,0.00
2020-10-13,邮储银行,网格买入,3.18,200,636.00,0.50,0.00
2020-10-13,邮储银行,网格卖出,3.23,300,969.00,0.98,0.00
2020-10-13,邮储银行,网格卖出,3.28,200,656.00,0.83,0.00
2020-10-14,工商银行,网格买入,3.3,300,990.00,0.50,0.00
2020-10-14,中国银行,网格买入,1.97,400,788.00,0.50,0.00
2020-10-16,工商银行,网格卖出,3.35,400,1340.00,1.17,0.00
2020-10-16,工商银行,网格卖出,3.4,300,1020.00,1.01,0.00
2020-10-16,农业银行,网格卖出,1.99,600,1194.00,1.10,0.00
2020-10-16,中国银行,网格卖出,2,500,1000.00,1.00,0.00
2020-10-16,建设银行,网格卖出,4.22,200,844.00,0.92,0.00
2020-10-16,建设银行,网格卖出,4.28,200,856.00,0.93,0.00
2020-10-16,建设银行,网格卖出,4.34,100,434.00,0.72,0.00
2020-10-16,交通银行,网格卖出,2.66,300,798.00,0.90,0.00
2020-10-16,邮储银行,网格买入,3.25,200,650.00,0.50,0.00
2020-10-16,邮储银行,网格卖出,3.3,200,660.00,0.83,0.00
2020-10-16,邮储银行,网格卖出,3.35,200,670.00,0.83,0.00
2020-10-19,工商银行,网格买入,3.37,200,674.00,0.50,0.00
2020-10-19,工商银行,网格卖出,3.42,300,1026.00,1.01,0.00
2020-10-19,农业银行,网格卖出,2.02,400,808.00,0.90,0.00
2020-10-19,中国银行,网格买入,1.99,400,796.00,0.50,0.00
2020-10-19,中国银行,网格卖出,2.02,500,1010.00,1.00,0.00
2020-10-19,建设银行,网格卖出,4.41,100,441.00,0.72,0.00
2020-10-19,交通银行,网格买入,2.65,300,795.00,0.50,0.00
2020-10-19,交通银行,网格买入,2.64,300,792.00,0.50,0.00
2020-10-19,交通银行,网格卖出,2.68,400,1072.00,1.04,0.00
2020-10-19,交通银行,网格卖出,2.72,300,816.00,0.91,0.00
2020-10-19,邮储银行,网格买入,3.33,100,333.00,0.50,0.00
2020-10-19,邮储银行,网格买入,3.31,200,662.00,0.50,0.00
2020-10-19,邮储银行,网格买入,3.29,200,658.00,0.50,0.00
2020-10-19,邮储银行,网格卖出,3.34,200,668.00,0.83,0.00
2020-10-19,邮储银行,网格卖出,3.39,200,678.00,0.84,0.00
2020-10-20,工商银行,网格买入,3.39,200,678.00,0.50,0.00
2020-10-20,工商银行,网格买入,3.37,200,674.00,0.50,0.00
2020-10-20,工商银行,网格买入,3.35,300,1005.00,0.50,0.00
2020-10-20,工商银行,网格买入,3.33,300,999.00,0.50,0.00
2020-10-20,工商银行,网格卖出,3.39,400,1356.00,1.18,0.00
2020-10-20,农业银行,网格买入,1.99,400,796.00,0.50,0.00
2020-10-20,农业银行,网格买入,1.98,400,792.00,0.50,0.00
2020-10-20,中国银行,网格买入,2,400,800.00,0.50,0.00
2020-10-20,中国银行,网格买入,1.99,500,995.00,0.50,0.00
2020-10-20,中国银行,网格买入,1.98,600,1188.00,0.50,0.00
2020-10-20,中国银行,网格买入,1.97,700,1379.00,0.50,0.00
2020-10-20,中国银行,网格卖出,2,800,1600.00,1.30,0.00
2020-10-20,建设银行,网格买入,4.39,100,439.00,0.50,0.00
2020-10-20,建设银行,网格买入,4.37,100,437.00,0.50,0.00
2020-10-20,建设银行,网格买入,4.35,100,435.00,0.50,0.00
2020-10-20,建设银行,网格买入,4.33,200,866.00,0.50,0.00
2020-10-20,建设银行,网格买入,4.31,200,862.00,0.50,0.00
2020-10-20,建设银行,网格卖出,4.44,200,888.00,0.94,0.00
2020-10-20,交通银行,网格买入,2.64,300,792.00,0.50,0.00
2020-10-20,交通银行,网格买入,2.63,300,789.00,0.50,0.00
2020-10-21,工商银行,网格卖出,3.44,300,1032.00,1.02,0.00
2020-10-21,农业银行,网格买入,1.97,500,985.00,0.50,0.00
2020-10-21,农业银行,网格卖出,2,600,1200.00,1.10,0.00
2020-10-21,中国银行,网格买入,1.97,700,1379.00,0.50,0.00
2020-10-21,中国银行,网格卖出,2,800,1600.00,1.30,0.00
2020-10-21,建设银行,网格买入,4.28,200,856.00,0.50,0.00
2020-10-21,建设银行,网格卖出,4.34,200,868.00,0.93,0.00
2020-10-21,交通银行,网格买入,2.62,400,1048.00,0.50,0.00
2020-10-22,建设银行,网格卖出,4.41,200,882.00,0.94,0.00
2020-10-22,交通银行,网格卖出,2.66,500,1330.00,1.17,0.00
2020-10-22,邮储银行,网格买入,3.3,200,660.00,0.50,0.00
2020-10-22,邮储银行,网格买入,3.28,200,656.00,0.50,0.00
2020-10-23,工商银行,网格买入,3.42,300,1026.00,0.50,0.00
2020-10-23,农业银行,网格卖出,2.03,500,1015.00,1.01,0.00
2020-10-23,中国银行,网格买入,1.99,700,1393.00,0.50,0.00
2020-10-23,建设银行,网格卖出,4.48,200,896.00,0.95,0.00
2020-10-23,交通银行,网格卖出,2.7,400,1080.00,1.04,0.00
2020-10-23,邮储银行,网格卖出,3.33,200,666.00,0.83,0.00
2020-10-26,工商银行,网格买入,3.4,300,1020.00,0.50,0.00
2020-10-26,工商银行,网格卖出,3.45,400,1380.00,1.19,0.00
2020-10-26,农业银行,网格买入,2.02,400,808.00,0.50,0.00
2020-10-26,农业银行,网格买入,2.01,500,1005.00,0.50,0.00
2020-10-26,农业银行,网格卖出,2.04,600,1224.00,1.11,0.00
2020-10-26,建设银行,网格买入,4.41,100,441.00,0.50,0.00
2020-10-26,建设银行,网格买入,4.39,100,439.00,0.50,0.00
2020-10-26,建设银行,网格买入,4.37,200,874.00,0.50,0.00
2020-10-26,建设银行,网格卖出,4.44,200,888.00,0.94,0.00
2020-10-26,交通银行,网格买入,2.69,300,807.00,0.50,0.00
2020-10-26,交通银行,网格卖出,2.73,300,819.00,0.91,0.00
2020-10-26,邮储银行,网格买入,3.3,200,660.00,0.50,0.00
2020-10-26,邮储银行,网格买入,3.28,200,656.00,0.50,0.00
2020-10-26,邮储银行,网格卖出,3.33,300,999.00,1.00,0.00
2020-10-27,工商银行,网格买入,3.39,300,1017.00,0.50,0.00
2020-10-30,工商银行,再平衡卖出,3.3,300,990.00,0.99,0.00
2020-10-30,中国银行,再平衡卖出,1.94,1500,2910.00,1.96,0.00
2020-10-30,农业银行,再平衡买入,1.94,200,388.00,0.50,0.00
2020-10-30,建设银行,再平衡买入,4.22,300,1266.00,0.50,0.00
2020-10-30,交通银行,再平衡买入,2.58,500,1290.00,0.50,0.00
2020-11-02,农业银行,网格卖出,1.97,500,985.00,0.99,0.00
2020-11-02,建设银行,网格买入,4.19,200,838.00,0.50,0.00
2020-11-02,建设银行,网格买入,4.17,300,1251.00,0.50,0.00
2020-11-02,建设银行,网格卖出,4.23,300,1269.00,1.13,0.00
2020-11-02,交通银行,网格买入,2.57,400,1028.00,0.50,0.00
2020-11-02,邮储银行,网格卖出,3.3,200,660.00,0.83,0.00
2020-11-02,邮储银行,网格卖出,3.35,200,670.00,0.83,0.00
2020-11-03,工商银行,网格卖出,3.35,300,1005.00,1.00,0.00
2020-11-03,中国银行,网格卖出,1.97,500,985.00,0.99,0.00
2020-11-03,建设银行,网格买入,4.2,300,1260.00,0.50,0.00
2020-11-03,建设银行,网格卖出,4.26,300,1278.00,1.14,0.00
2020-11-03,交通银行,网格卖出,2.61,500,1305.00,1.15,0.00
2020-11-03,邮储银行,网格买入,3.33,100,333.00,0.50,0.00
2020-11-03,邮储银行,网格买入,3.31,200,662.00,0.50,0.00
2020-11-03,邮储银行,网格买入,3.29,200,658.00,0.50,0.00
2020-11-03,邮储银行,网格卖出,3.35,200,670.00,0.83,0.00
2020-11-04,工商银行,网格买入,3.33,200,666.00,0.50,0.00
2020-11-04,工商银行,网格买入,3.31,300,993.00,0.50,0.00
2020-11-04,工商银行,网格卖出,3.36,300,1008.00,1.00,0.00
2020-11-04,中国银行,网格买入,1.96,400,784.00,0.50,0.00
2020-11-04,建设银行,网格买入,4.24,300,1272.00,0.50,0.00
2020-11-04,建设银行,网格卖出,4.3,300,1290.00,1.15,0.00
2020-11-04,交通银行,网格买入,2.6,400,1040.00,0.50,0.00
2020-11-04,交通银行,网格买入,2.59,400,1036.00,0.50,0.00
2020-11-05,交通银行,网格卖出,2.63,500,1315.00,1.16,0.00
2020-11-05,邮储银行,网格买入,3.33,200,666.00,0.50,0.00
2020-11-05,邮储银行,网格卖出,3.38,200,676.00,0.84,0.00
2020-11-06,工商银行,网格买入,3.33,300,999.00,0.50,0.00
2020-11-06,邮储银行,网格买入,3.36,200,672.00,0.50,0.00
2020-11-06,邮储银行,网格卖出,3.41,200,682.00,0.84,0.00
2020-11-09,农业银行,网格卖出,2,400,800.00,0.90,0.00
2020-11-09,中国银行,网格卖出,1.99,500,995.00,1.00,0.00
2020-11-09,邮储银行,网格买入,3.39,200,678.00,0.50,0.00
2020-11-09,邮储银行,网格买入,3.37,200,674.00,0.50,0.00
2020-11-09,邮储银行,网格卖出,3.42,300,1026.00,1.01,0.00
2020-11-10,工商银行,网格卖出,3.39,300,1017.00,1.01,0.00
2020-11-10,建设银行,网格卖出,4.37,300,1311.00,1.16,0.00
2020-11-10,建设银行,网格卖出,4.44,200,888.00,0.94,0.00
2020-11-10,交通银行,网格卖出,2.67,400,1068.00,1.03,0.00
2020-11-10,邮储银行,网格买入,3.4,200,680.00,0.50,0.00
2020-11-10,邮储银行,网格卖出,3.45,300,1035.00,1.02,0.00
2020-11-11,工商银行,网格卖出,3.44,300,1032.00,1.02,0.00
2020-11-11,农业银行,网格卖出,2.03,300,609.00,0.80,0.00
2020-11-11,建设银行,网格买入,4.38,200,876.00,0.50,0.00
2020-11-11,建设银行,网格卖出,4.45,200,890.00,0.95,0.00
2020-11-11,建设银行,网格卖出,4.52,200,904.00,0.95,0.00
2020-11-11,交通银行,网格买入,2.66,300,798.00,0.50,0.00
2020-11-11,交通银行,网格买入,2.65,400,1060.00,0.50,0.00
2020-11-11,交通银行,网格卖出,2.69,500,1345.00,1.17,0.00
2020-11-11,邮储银行,网格买入,3.42,200,684.00,0.50,0.00
2020-11-11,邮储银行,网格买入,3.4,200,680.00,0.50,0.00
2020-11-11,邮储银行,网格卖出,3.45,300,1035.00,1.02,0.00
2020-11-12,工商银行,网格买入,3.42,200,684.00,0.50,0.00
2020-11-12,工商银行,网格买入,3.4,300,1020.00,0.50,0.00
2020-11-12,农业银行,网格买入,2.02,300,606.00,0.50,0.00
2020-11-12,农业银行,网格买入,2.01,300,603.00,0.50,0.00
2020-11-12,建设银行,网格买入,4.5,100,450.00,0.50,0.00
2020-11-12,建设银行,网格买入,4.48,100,448.00,0.50,0.00
2020-11-12,建设银行,网格买入,4.46,200,892.00,0.50,0.00
2020-11-12,建设银行,网格买入,4.44,200,888.00,0.50,0.00
2020-11-12,建设银行,网格卖出,4.51,200,902.00,0.95,0.00
2020-11-12,交通银行,网格买入,2.68,400,1072.00,0.50,0.00
2020-11-12,交通银行,网格买入,2.67,500,1335.00,0.50,0.00
2020-11-12,邮储银行,网格买入,3.43,200,686.00,0.50,0.00
2020-11-13,农业银行,网格买入,2,400,800.00,0.50,0.00
2020-11-13,邮储银行,网格卖出,3.48,300,1044.00,1.02,0.00
2020-11-16,工商银行,网格买入,3.35,300,1005.00,0.50,0.00
2020-11-18,工商银行,网格卖出,3.4,400,1360.00,1.18,0.00
2020-11-18,农业银行,网格买入,1.99,500,995.00,0.50,0.00
2020-11-18,农业银行,网格卖出,2.02,600,1212.00,1.11,0.00
2020-11-18,中国银行,网格卖出,2.02,400,808.00,0.90,0.00
2020-11-18,建设银行,网格买入,4.41,200,882.00,0.50,0.00
2020-11-18,建设银行,网格卖出,4.48,200,896.00,0.95,0.00
2020-11-18,建设银行,网格卖出,4.55,200,910.00,0.96,0.00
2020-11-18,交通银行,网格买入,2.63,600,1578.00,0.50,0.00
2020-11-18,交通银行,网格卖出,2.67,700,1869.00,1.43,0.00
2020-11-18,邮储银行,网格买入,3.34,200,668.00,0.50,0.00
2020-11-18,邮储银行,网格买入,3.32,200,664.00,0.50,0.00
2020-11-18,邮储银行,网格卖出,3.37,300,1011.00,1.01,0.00
2020-11-18,邮储银行,网格卖出,3.42,200,684.00,0.84,0.00
2020-11-19,农业银行,网格买入,2,400,800.00,0.50,0.00
2020-11-19,中国银行,网格买入,2,300,600.00,0.50,0.00
2020-11-19,建设银行,网格买入,4.49,200,898.00,0.50,0.00
2020-11-19,建设银行,网格卖出,4.56,200,912.00,0.96,0.00
2020-11-19,交通银行,网格买入,2.66,500,1330.00,0.50,0.00
2020-11-19,邮储银行,网格买入,3.4,200,680.00,0.50,0.00
2020-11-19,邮储银行,网格卖出,3.45,200,690.00,0.84,0.00
2020-11-20,中国银行,网格买入,1.99,400,796.00,0.50,0.00
2020-11-23,工商银行,网格卖出,3.45,300,1035.00,1.02,0.00
2020-11-23,农业银行,网格卖出,2.03,500,1015.00,1.01,0.00
2020-11-23,中国银行,网格卖出,2.02,400,808.00,0.90,0.00
2020-11-23,建设银行,网格买入,4.47,200,894.00,0.50,0.00
2020-11-23,建设银行,网格卖出,4.54,200,908.00,0.95,0.00
2020-11-23,建设银行,网格卖出,4.61,200,922.00,0.96,0.00
2020-11-23,交通银行,网格买入,2.65,600,1590.00,0.50,0.00
2020-11-23,交通银行,网格买入,2.64,800,2112.00,0.50,0.00
2020-11-23,交通银行,网格卖出,2.68,900,2412.00,1.71,0.00
2020-11-23,邮储银行,网格买入,3.38,200,676.00,0.50,0.00
2020-11-23,邮储银行,网格买入,3.36,200,672.00,0.50,0.00
2020-11-23,邮储银行,网格卖出,3.41,300,1023.00,1.01,0.00
2020-11-23,邮储银行,网格卖出,3.46,200,692.00,0.85,0.00
2020-11-24,工商银行,网格买入,3.43,200,686.00,0.50,0.00
2020-11-24,建设银行,网格买入,4.59,100,459.00,0.50,0.00
2020-11-24,建设银行,网格买入,4.57,100,457.00,0.50,0.00
2020-11-24,建设银行,网格卖出,4.64,200,928.00,0.96,0.00
2020-11-24,交通银行,网格买入,2.67,700,1869.00,0.50,0.00
2020-11-24,邮储银行,网格卖出,3.51,200,702.00,0.85,0.00
2020-11-25,工商银行,网格卖出,3.48,300,1044.00,1.02,0.00
2020-11-25,农业银行,网格买入,2.02,400,808.00,0.50,0.00
2020-11-25,农业银行,网格买入,2.01,500,1005.00,0.50,0.00
2020-11-25,农业银行,网格卖出,2.04,600,1224.00,1.11,0.00
2020-11-25,中国银行,网格买入,2.01,400,804.00,0.50,0.00
2020-11-25,中国银行,网格卖出,2.04,400,816.00,0.91,0.00
2020-11-25,建设银行,网格买入,4.62,100,462.00,0.50,0.00
2020-11-25,建设银行,网格买入,4.6,100,460.00,0.50,0.00
2020-11-25,建设银行,网格买入,4.58,200,916.00,0.50,0.00
2020-11-25,建设银行,网格卖出,4.65,200,930.00,0.97,0.00
2020-11-25,邮储银行,网格卖出,3.6,100,360.00,0.68,0.00
2020-11-25,邮储银行,网格卖出,3.65,100,365.00,0.68,0.00
2020-11-25,邮储银行,网格卖出,3.7,100,370.00,0.69,0.00
2020-11-25,邮储银行,网格卖出,3.76,100,376.00,0.69,0.00
2020-11-26,工商银行,网格买入,3.42,200,684.00,0.50,0.00
2020-11-26,工商银行,网格卖出,3.47,300,1041.00,1.02,0.00
2020-11-26,农业银行,网格买入,2.01,500,1005.00,0.50,0.00
2020-11-26,中国银行,网格买入,2,400,800.00,0.50,0.00
2020-11-26,建设银行,网格买入,4.58,200,916.00,0.50,0.00
2020-11-26,建设银行,网格卖出,4.65,200,930.00,0.97,0.00
2020-11-27,工商银行,网格卖出,3.52,200,704.00,0.85,0.00
2020-11-27,工商银行,网格卖出,3.57,100,357.00,0.68,0.00
2020-11-27,农业银行,网格卖出,2.04,600,1224.00,1.11,0.00
2020-11-27,农业银行,网格卖出,2.07,500,1035.00,1.02,0.00
2020-11-27,农业银行,网格卖出,2.1,400,840.00,0.92,0.00
2020-11-27,中国银行,网格卖出,2.03,400,812.00,0.91,0.00
2020-11-27,中国银行,网格卖出,2.06,400,824.00,0.91,0.00
2020-11-27,中国银行,网格卖出,2.09,200,418.00,0.71,0.00
2020-11-27,建设银行,网格卖出,4.72,200,944.00,0.97,0.00
2020-11-27,建设银行,网格卖出,4.79,100,479.00,0.74,0.00
2020-11-27,交通银行,网格卖出,2.71,900,2439.00,1.72,0.00
2020-11-27,交通银行,网格卖出,2.75,700,1925.00,1.46,0.00
2020-11-27,交通银行,网格卖出,2.79,600,1674.00,1.34,0.00
2020-11-30,农业银行,网格买入,2.09,300,627.00,0.50,0.00
2020-11-30,农业银行,网格卖出,2.13,300,639.00,0.82,0.00
2020-11-30,农业银行,网格卖出,2.16,200,432.00,0.72,0.00
2020-11-30,中国银行,网格买入,2.08,200,416.00,0.50,0.00
2020-11-30,中国银行,网格买入,2.07,300,621.00,0.50,0.00
2020-11-30,中国银行,网格卖出,2.11,300,633.00,0.82,0.00
2020-11-30,中国银行,网格卖出,2.14,200,428.00,0.71,0.00
2020-11-30,交通银行,网格买入,2.78,400,1112.00,0.50,0.00
2020-11-30,交通银行,网格买入,2.77,500,1385.00,0.50,0.00
2020-11-30,交通银行,网格买入,2.76,600,1656.00,0.50,0.00
2020-11-30,交通银行,网格买入,2.75,700,1925.00,0.50,0.00
2020-11-30,交通银行,网格买入,2.74,900,2466.00,0.50,0.00
2020-11-30,交通银行,网格卖出,2.83,1100,3113.00,2.06,0.00
2020-11-30,交通银行,网格卖出,2.87,800,2296.00,1.65,0.00
2020-11-30,交通银行,再平衡卖出,2.76,1400,3864.00,2.43,0.00
2020-11-30,工商银行,再平衡买入,3.7,800,2960.00,0.50,0.00
2020-11-30,农业银行,再平衡买入,2.08,1400,2912.00,0.50,0.00
2020-11-30,中国银行,再平衡买入,2.06,1400,2884.00,0.50,0.00
2020-11-30,建设银行,再平衡买入,5.08,600,3048.00,0.50,0.00
2020-12-01,工商银行,网格买入,3.68,300,1104.00,0.50,0.00
2020-12-01,工商银行,网格买入,3.66,400,1464.00,0.50,0.00
2020-12-01,工商银行,网格卖出,3.71,400,1484.00,1.24,0.00
2020-12-01,工商银行,网格卖出,3.77,400,1508.00,1.25,0.00
2020-12-01,工商银行,网格卖出,3.83,300,1149.00,1.07,0.00
2020-12-01,农业银行,网格买入,2.07,500,1035.00,0.50,0.00
2020-12-01,农业银行,网格卖出,2.1,600,1260.00,1.13,0.00
2020-12-01,农业银行,网格卖出,2.13,500,1065.00,1.03,0.00
2020-12-01,农业银行,网格卖出,2.16,400,864.00,0.93,0.00
2020-12-01,中国银行,网格买入,2.05,500,1025.00,0.50,0.00
2020-12-01,中国银行,网格买入,2.04,600,1224.00,0.50,0.00
2020-12-01,中国银行,网格卖出,2.07,700,1449.00,1.22,0.00
2020-12-01,中国银行,网格卖出,2.1,600,1260.00,1.13,0.00
2020-12-01,中国银行,网格卖出,2.13,500,1065.00,1.03,0.00
2020-12-01,建设银行,网格买入,5.05,200,1010.00,0.50,0.00
2020-12-01,建设银行,网格买入,5.02,300,1506.00,0.50,0.00
2020-12-01,建设银行,网格卖出,5.11,300,1533.00,1.27,0.00
2020-12-01,建设银行,网格卖出,5.19,300,1557.00,1.28,0.00
2020-12-01,建设银行,网格卖出,5.27,200,1054.00,1.03,0.00
2020-12-01,交通银行,网格买入,2.74,400,1096.00,0.50,0.00
2020-12-01,交通银行,网格买入,2.73,500,1365.00,0.50,0.00
2020-12-01,交通银行,网格买入,2.72,600,1632.00,0.50,0.00
2020-12-01,交通银行,网格卖出,2.76,700,1932.00,1.47,0.00
2020-12-01,交通银行,网格卖出,2.8,600,1680.00,1.34,0.00
2020-12-02,工商银行,网格买入,3.81,200,762.00,0.50,0.00
2020-12-02,工商银行,网格买入,3.79,300,1137.00,0.50,0.00
2020-12-02,工商银行,网格买入,3.77,300,1131.00,0.50,0.00
2020-12-02,工商银行,网格买入,3.75,400,1500.00,0.50,0.00
2020-12-02,工商银行,网格买入,3.73,500,1865.00,0.50,0.00
2020-12-02,工商银行,网格卖出,3.82,600,2292.00,1.65,0.00
2020-12-02,工商银行,网格卖出,3.88,400,1552.00,1.28,0.00
2020-12-02,农业银行,网格买入,2.15,300,645.00,0.50,0.00
2020-12-02,农业银行,网格买入,2.14,400,856.00,0.50,0.00
2020-12-02,农业银行,网格买入,2.13,500,1065.00,0.50,0.00
2020-12-02,农业银行,网格买入,2.12,600,1272.00,0.50,0.00
2020-12-02,农业银行,网格买入,2.11,700,1477.00,0.50,0.00
2020-12-02,农业银行,网格卖出,2.15,800,1720.00,1.36,0.00
2020-12-02,中国银行,网格买入,2.12,400,848.00,0.50,0.00
2020-12-02,中国银行,网格买入,2.11,500,1055.00,0.50,0.00
2020-12-02,中国银行,网格买入,2.1,600,1260.00,0.50,0.00
2020-12-02,中国银行,网格卖出,2.13,700,1491.00,1.25,0.00
2020-12-02,建设银行,网格买入,5.22,200,1044.00,0.50,0.00
2020-12-02,建设银行,网格买入,5.19,200,1038.00,0.50,0.00
2020-12-02,建设银行,网格卖出,5.27,200,1054.00,1.03,0.00
2020-12-02,交通银行,网格买入,2.79,400,1116.00,0.50,0.00
2020-12-02,交通银行,网格卖出,2.83,500,1415.00,1.21,0.00
2020-12-03,工商银行,网格买入,3.83,400,1532.00,0.50,0.00
2020-12-31,工商银行,再平衡卖出,3.37,700,2359.00,1.68,0.00
2020-12-31,农业银行,再平衡卖出,1.93,700,1351.00,1.18,0.00
2020-12-31,中国银行,再平衡卖出,1.94,200,388.00,0.69,0.00
2020-12-31,交通银行,再平衡卖出,2.53,100,253.00,0.63,0.00
2020-12-31,建设银行,再平衡买入,4.21,200,842.00,0.50,0.00
2021-01-04,工商银行,网格买入,3.35,300,1005.00,0.50,0.00
2021-01-04,工商银行,网格买入,3.33,400,1332.00,0.50,0.00
2021-01-04,工商银行,网格卖出,3.38,400,1352.00,1.18,0.00
2021-01-04,农业银行,网格买入,1.92,500,960.00,0.50,0.00
2021-01-04,中国银行,网格买入,1.93,500,965.00,0.50,0.00
2021-01-04,建设银行,网格买入,4.17,200,834.00,0.50,0.00
2021-01-07,建设银行,网格卖出,4.23,300,1269.00,1.13,0.00
2021-01-07,建设银行,网格卖出,4.29,200,858.00,0.93,0.00
2021-01-07,交通银行,网格买入,2.52,400,1008.00,0.50,0.00
2021-01-07,交通银行,网格买入,2.51,500,1255.00,0.50,0.00
2021-01-07,交通银行,网格卖出,2.55,600,1530.00,1.27,0.00
2021-01-08,工商银行,网格买入,3.36,400,1344.00,0.50,0.00
2021-01-08,工商银行,网格卖出,3.41,400,1364.00,1.18,0.00
2021-01-08,建设银行,网格买入,4.25,200,850.00,0.50,0.00
2021-01-08,建设银行,网格卖出,4.31,200,862.00,0.93,0.00
2021-01-08,交通银行,网格买入,2.54,500,1270.00,0.50,0.00
2021-01-11,农业银行,网格卖出,1.95,600,1170.00,1.08,0.00
2021-01-11,中国银行,网格卖出,1.96,600,1176.00,1.09,0.00
2021-01-11,建设银行,网格买入,4.29,200,858.00,0.50,0.00
2021-01-11,建设银行,网格卖出,4.35,200,870.00,0.93,0.00
2021-01-11,建设银行,网格卖出,4.42,200,884.00,0.94,0.00
2021-01-11,交通银行,网格买入,2.53,600,1518.00,0.50,0.00
2021-01-11,交通银行,网格买入,2.52,700,1764.00,0.50,0.00
2021-01-11,交通银行,网格卖出,2.56,800,2048.00,1.52,0.00
2021-01-12,工商银行,网格买入,3.37,400,1348.00,0.50,0.00
2021-01-12,农业银行,网格买入,1.94,500,970.00,0.50,0.00
2021-01-13,工商银行,网格卖出,3.42,400,1368.00,1.18,0.00
2021-01-13,中国银行,网格买入,1.94,500,970.00,0.50,0.00
2021-01-13,中国银行,网格卖出,1.97,600,1182.00,1.09,0.00
2021-01-13,建设银行,网格卖出,4.49,100,449.00,0.72,0.00
2021-01-13,交通银行,网格买入,2.54,700,1778.00,0.50,0.00
2021-01-14,工商银行,网格卖出,3.47,400,1388.00,1.19,0.00
2021-01-14,工商银行,网格卖出,3.52,300,1056.00,1.03,0.00
2021-01-14,农业银行,网格卖出,1.97,600,1182.00,1.09,0.00
2021-01-14,中国银行,网格买入,1.96,500,980.00,0.50,0.00
2021-01-14,中国银行,网格卖出,1.99,600,1194.00,1.10,0.00
2021-01-14,建设银行,网格卖出,4.56,100,456.00,0.73,0.00
2021-01-14,交通银行,网格卖出,2.58,800,2064.00,1.53,0.00
2021-01-15,工商银行,网格买入,3.48,200,696.00,0.50,0.00
2021-01-15,工商银行,网格卖出,3.53,300,1059.00,1.03,0.00
2021-01-15,工商银行,网格卖出,3.58,200,716.00,0.86,0.00
2021-01-15,工商银行,网格卖出,3.63,100,363.00,0.68,0.00
2021-01-15,农业银行,网格卖出,2,500,1000.00,1.00,0.00
2021-01-15,农业银行,网格卖出,2.03,400,812.00,0.91,0.00
2021-01-15,中国银行,网格买入,1.97,400,788.00,0.50,0.00
2021-01-15,中国银行,网格卖出,2,500,1000.00,1.00,0.00
2021-01-15,交通银行,网格买入,2.57,600,1542.00,0.50,0.00
2021-01-15,交通银行,网格卖出,2.61,800,2088.00,1.54,0.00
2021-01-18,工商银行,网格买入,3.51,100,351.00,0.50,0.00
2021-01-18,工商银行,网格买入,3.49,200,698.00,0.50,0.00
2021-01-18,工商银行,网格买入,3.47,200,694.00,0.50,0.00
2021-01-18,工商银行,网格卖出,3.52,200,704.00,0.85,0.00
2021-01-18,农业银行,网格买入,1.98,300,594.00,0.50,0.00
2021-01-18,农业银行,网格买入,1.97,400,788.00,0.50,0.00
2021-01-18,农业银行,网格买入,1.96,400,784.00,0.50,0.00
2021-01-18,农业银行,网格卖出,1.99,500,995.00,1.00,0.00
2021-01-18,中国银行,网格买入,1.98,400,792.00,0.50,0.00
2021-01-18,中国银行,网格买入,1.97,500,985.00,0.50,0.00
2021-01-18,中国银行,网格买入,1.96,600,1176.00,0.50,0.00
2021-01-18,中国银行,网格卖出,1.99,700,1393.00,1.20,0.00
2021-01-18,交通银行,网格买入,2.59,600,1554.00,0.50,0.00
2021-01-18,交通银行,网格买入,2.58,700,1806.00,0.50,0.00
2021-01-18,交通银行,网格买入,2.57,900,2313.00,0.50,0.00
2021-01-19,工商银行,网格买入,3.5,200,700.00,0.50,0.00
2021-01-19,工商银行,网格卖出,3.55,200,710.00,0.85,0.00
2021-01-19,农业银行,网格买入,1.97,400,788.00,0.50,0.00
2021-01-19,农业银行,网格卖出,2,500,1000.00,1.00,0.00
2021-01-19,中国银行,网格买入,1.97,600,1182.00,0.50,0.00
2021-01-19,交通银行,网格卖出,2.61,1000,2610.00,1.80,0.00
2021-01-19,交通银行,网格卖出,2.65,800,2120.00,1.56,0.00
2021-01-20,工商银行,网格买入,3.53,200,706.00,0.50,0.00
2021-01-20,工商银行,网格买入,3.51,200,702.00,0.50,0.00
2021-01-20,工商银行,网格卖出,3.56,300,1068.00,1.03,0.00
2021-01-20,工商银行,网格卖出,3.61,200,722.00,0.86,0.00
2021-01-20,农业银行,网格买入,1.98,400,792.00,0.50,0.00
2021-01-20,农业银行,网格买入,1.97,500,985.00,0.50,0.00
2021-01-20,农业银行,网格卖出,2,600,1200.00,1.10,0.00
2021-01-20,中国银行,网格买入,1.96,700,1372.00,0.50,0.00
2021-01-20,中国银行,网格卖出,1.99,800,1592.00,1.30,0.00
2021-01-20,交通银行,网格买入,2.63,700,1841.00,0.50,0.00
2021-01-20,交通银行,网格买入,2.62,800,2096.00,0.50,0.00
2021-01-20,交通银行,网格卖出,2.66,1000,2660.00,1.83,0.00
2021-01-21,工商银行,网格买入,3.54,200,708.00,0.50,0.00
2021-01-21,工商银行,网格买入,3.52,200,704.00,0.50,0.00
2021-01-21,工商银行,网格买入,3.5,300,1050.00,0.50,0.00
2021-01-21,工商银行,网格买入,3.48,300,1044.00,0.50,0.00
2021-01-21,工商银行,网格卖出,3.54,400,1416.00,1.21,0.00
2021-01-21,农业银行,网格买入,1.97,500,985.00,0.50,0.00
2021-01-22,建设银行,网格买入,4.54,100,454.00,0.50,0.00
2021-01-22,建设银行,网格卖出,4.64,100,464.00,0.73,0.00
2021-01-25,建设银行,网格买入,4.45,100,445.00,0.50,0.00
2021-01-25,建设银行,网格卖出,4.52,100,452.00,0.73,0.00
2021-01-29,农业银行,再平衡卖出,1.94,200,388.00,0.69,0.00
2021-01-29,中国银行,再平衡卖出,1.93,700,1351.00,1.18,0.00
2021-01-29,交通银行,再平衡卖出,2.51,1900,4769.00,2.88,0.00
2021-01-29,建设银行,再平衡买入,4.69,600,2814.00,0.50,0.00
2021-01-29,邮储银行,再平衡买入,4.12,1000,4120.00,0.50,0.00
2021-02-01,工商银行,网格卖出,3.52,300,1056.00,1.03,0.00
2021-02-01,农业银行,网格卖出,1.97,500,985.00,0.99,0.00
2021-02-01,建设银行,网格买入,4.64,200,928.00,0.50,0.00
2021-02-01,建设银行,网格卖出,4.71,300,1413.00,1.21,0.00
2021-02-01,交通银行,网格买入,2.5,400,1000.00,0.50,0.00
2021-02-01,交通银行,网格买入,2.49,500,1245.00,0.50,0.00
2021-02-01,交通银行,网格卖出,2.53,600,1518.00,1.26,0.00
2021-02-01,邮储银行,网格买入,4.09,200,818.00,0.50,0.00
2021-02-01,邮储银行,网格卖出,4.15,300,1245.00,1.12,0.00
2021-02-01,邮储银行,网格卖出,4.21,200,842.00,0.92,0.00
2021-02-01,邮储银行,网格卖出,4.27,200,854.00,0.93,0.00
2021-02-02,工商银行,网格买入,3.5,200,700.00,0.50,0.00
2021-02-02,工商银行,网格买入,3.48,300,1044.00,0.50,0.00
2021-02-02,工商银行,网格买入,3.46,300,1038.00,0.50,0.00
2021-02-02,工商银行,网格卖出,3.52,400,1408.00,1.20,0.00
2021-02-02,农业银行,网格买入,1.96,400,784.00,0.50,0.00
2021-02-02,农业银行,网格买入,1.95,500,975.00,0.50,0.00
2021-02-02,农业银行,网格卖出,1.98,600,1188.00,1.09,0.00
2021-02-02,中国银行,网格卖出,1.96,500,980.00,0.99,0.00
2021-02-02,建设银行,网格买入,4.67,200,934.00,0.50,0.00
2021-02-02,建设银行,网格买入,4.65,200,930.00,0.50,0.00
2021-02-02,建设银行,网格卖出,4.72,300,1416.00,1.21,0.00
2021-02-02,交通银行,网格买入,2.52,500,1260.00,0.50,0.00
2021-02-02,交通银行,网格卖出,2.56,600,1536.00,1.27,0.00
2021-02-02,邮储银行,网格买入,4.15,100,415.00,0.50,0.00
2021-02-02,邮储银行,网格买入,4.13,200,826.00,0.50,0.00
2021-02-02,邮储银行,网格买入,4.11,200,822.00,0.50,0.00
2021-02-02,邮储银行,网格卖出,4.17,200,834.00,0.92,0.00
2021-02-03,工商银行,网格买入,3.47,300,1041.00,0.50,0.00
2021-02-03,邮储银行,网格卖出,4.23,200,846.00,0.92,0.00
2021-02-03,邮储银行,网格卖出,4.29,200,858.00,0.93,0.00
2021-02-04,工商银行,网格买入,3.42,400,1368.00,0.50,0.00
2021-02-04,工商银行,网格卖出,3.47,500,1735.00,1.37,0.00
2021-02-04,农业银行,网格买入,1.93,500,965.00,0.50,0.00
2021-02-04,中国银行,网格买入,1.93,400,772.00,0.50,0.00
2021-02-04,建设银行,网格买入,4.58,200,916.00,0.50,0.00
2021-02-04,建设银行,网格卖出,4.65,300,1395.00,1.20,0.00
2021-02-04,交通银行,网格买入,2.53,400,1012.00,0.50,0.00
2021-02-04,邮储银行,网格买入,4.2,100,420.00,0.50,0.00
2021-02-04,邮储银行,网格卖出,4.26,100,426.00,0.71,0.00
2021-02-04,邮储银行,网格卖出,4.32,100,432.00,0.72,0.00
2021-02-04,邮储银行,网格卖出,4.38,100,438.00,0.72,0.00
2021-02-04,邮储银行,网格卖出,4.45,100,445.00,0.72,0.00
2021-02-04,邮储银行,网格卖出,4.52,100,452.00,0.73,0.00
2021-02-05,工商银行,网格买入,3.45,400,1380.00,0.50,0.00
2021-02-05,工商银行,网格卖出,3.5,400,1400.00,1.20,0.00
2021-02-05,工商银行,网格卖出,3.55,400,1420.00,1.21,0.00
2021-02-05,农业银行,网格卖出,1.96,600,1176.00,1.09,0.00
2021-02-05,农业银行,网格卖出,1.99,500,995.00,1.00,0.00
2021-02-05,中国银行,网格卖出,1.96,500,980.00,0.99,0.00
2021-02-05,建设银行,网格买入,4.56,200,912.00,0.50,0.00
2021-02-05,建设银行,网格卖出,4.63,200,926.00,0.96,0.00
2021-02-05,建设银行,网格卖出,4.7,200,940.00,0.97,0.00
2021-02-05,建设银行,网格卖出,4.77,200,954.00,0.98,0.00
2021-02-05,建设银行,网格卖出,4.84,100,484.00,0.74,0.00
2021-02-05,交通银行,网格买入,2.52,500,1260.00,0.50,0.00
2021-02-05,交通银行,网格买入,2.51,600,1506.00,0.50,0.00
2021-02-05,交通银行,网格卖出,2.55,700,1785.00,1.39,0.00
2021-02-05,交通银行,网格卖出,2.59,600,1554.00,1.28,0.00
2021-02-08,工商银行,网格买入,3.53,300,1059.00,0.50,0.00
2021-02-08,工商银行,网格买入,3.51,300,1053.00,0.50,0.00
2021-02-08,工商银行,网格卖出,3.56,400,1424.00,1.21,0.00
2021-02-08,农业银行,网格买入,1.98,400,792.00,0.50,0.00
2021-02-08,农业银行,网格买入,1.97,400,788.00,0.50,0.00
2021-02-08,农业银行,网格买入,1.96,500,980.00,0.50,0.00
2021-02-08,农业银行,网格卖出,1.99,600,1194.00,1.10,0.00
2021-02-08,中国银行,网格买入,1.95,400,780.00,0.50,0.00
2021-02-08,建设银行,网格买入,4.82,100,482.00,0.50,0.00
2021-02-08,建设银行,网格买入,4.8,100,480.00,0.50,0.00
2021-02-08,建设银行,网格买入,4.78,100,478.00,0.50,0.00
2021-02-08,建设银行,网格买入,4.76,200,952.00,0.50,0.00
2021-02-08,建设银行,网格卖出,4.9,200,980.00,0.99,0.00
2021-02-08,交通银行,网格买入,2.58,500,1290.00,0.50,0.00
2021-02-08,交通银行,网格买入,2.57,600,1542.00,0.50,0.00
2021-02-08,交通银行,网格买入,2.56,700,1792.00,0.50,0.00
2021-02-10,工商银行,网格卖出,3.62,300,1086.00,1.04,0.00
2021-02-10,工商银行,网格卖出,3.67,300,1101.00,1.05,0.00
2021-02-10,工商银行,网格卖出,3.73,200,746.00,0.87,0.00
2021-02-10,农业银行,网格买入,1.96,500,980.00,0.50,0.00
2021-02-10,农业银行,网格卖出,1.99,600,1194.00,1.10,0.00
2021-02-10,农业银行,网格卖出,2.02,500,1010.00,1.00,0.00
2021-02-10,中国银行,网格卖出,1.98,500,990.00,0.99,0.00
2021-02-10,建设银行,网格卖出,5.06,200,1012.00,1.01,0.00
2021-02-10,建设银行,网格卖出,5.14,100,514.00,0.76,0.00
2021-02-10,交通银行,网格买入,2.55,800,2040.00,0.50,0.00
2021-02-10,交通银行,网格卖出,2.59,1000,2590.00,1.79,0.00
2021-02-18,工商银行,网格买入,3.71,200,742.00,0.50,0.00
2021-02-18,工商银行,网格买入,3.69,200,738.00,0.50,0.00
2021-02-18,工商银行,网格买入,3.67,200,734.00,0.50,0.00
2021-02-18,工商银行,网格买入,3.65,300,1095.00,0.50,0.00
2021-02-18,工商银行,网格买入,3.63,300,1089.00,0.50,0.00
2021-02-18,工商银行,网格卖出,3.71,400,1484.00,1.24,0.00
2021-02-18,农业银行,网格买入,2.01,400,804.00,0.50,0.00
2021-02-18,农业银行,网格卖出,2.04,500,1020.00,1.01,0.00
2021-02-18,中国银行,网格买入,1.97,400,788.00,0.50,0.00
2021-02-18,建设银行,网格买入,5.11,100,511.00,0.50,0.00
2021-02-18,建设银行,网格买入,5.08,100,508.00,0.50,0.00
2021-02-18,建设银行,网格买入,5.05,100,505.00,0.50,0.00
2021-02-18,建设银行,网格买入,5.02,200,1004.00,0.50,0.00
2021-02-18,建设银行,网格卖出,5.16,200,1032.00,1.02,0.00
2021-02-18,交通银行,网格卖出,2.63,800,2104.00,1.55,0.00
2021-02-19,工商银行,网格买入,3.6,300,1080.00,0.50,0.00
2021-02-19,工商银行,网格卖出,3.65,400,1460.00,1.23,0.00
2021-02-19,农业银行,网格买入,2.01,400,804.00,0.50,0.00
2021-02-19,建设银行,网格买入,5.01,200,1002.00,0.50,0.00
2021-02-19,建设银行,网格买入,4.98,200,996.00,0.50,0.00
2021-02-19,建设银行,网格卖出,5.05,200,1010.00,1.00,0.00
2021-02-19,交通银行,网格买入,2.62,600,1572.00,0.50,0.00
2021-02-19,交通银行,网格买入,2.61,800,2088.00,0.50,0.00
2021-02-19,交通银行,网格卖出,2.65,900,2385.00,1.69,0.00
2021-02-22,工商银行,网格买入,3.63,300,1089.00,0.50,0.00
2021-02-22,工商银行,网格卖出,3.68,400,1472.00,1.24,0.00
2021-02-22,工商银行,网格卖出,3.74,300,1122.00,1.06,0.00
2021-02-22,农业银行,网格卖出,2.04,400,816.00,0.91,0.00
2021-02-22,中国银行,网格卖出,2,500,1000.00,1.00,0.00
2021-02-22,建设银行,网格买入,5.01,200,1002.00,0.50,0.00
2021-02-22,建设银行,网格买入,4.98,200,996.00,0.50,0.00
2021-02-22,建设银行,网格卖出,5.05,300,1515.00,1.26,0.00
2021-02-22,建设银行,网格卖出,5.13,200,1026.00,1.01,0.00
2021-02-22,建设银行,网格卖出,5.21,200,1042.00,1.02,0.00
2021-02-22,交通银行,网格买入,2.64,700,1848.00,0.50,0.00
2021-02-22,交通银行,网格买入,2.63,900,2367.00,0.50,0.00
2021-02-22,交通银行,网格卖出,2.67,1100,2937.00,1.97,0.00
2021-02-23,工商银行,网格买入,3.72,200,744.00,0.50,0.00
2021-02-23,工商银行,网格买入,3.7,300,1110.00,0.50,0.00
2021-02-23,工商银行,网格卖出,3.76,300,1128.00,1.06,0.00
2021-02-23,工商银行,网格卖出,3.82,300,1146.00,1.07,0.00
2021-02-23,农业银行,网格卖出,2.07,400,828.00,0.91,0.00
2021-02-23,中国银行,网格卖出,2.03,400,812.00,0.91,0.00
2021-02-23,建设银行,网格买入,5.17,100,517.00,0.50,0.00
2021-02-23,建设银行,网格卖出,5.25,200,1050.00,1.02,0.00
2021-02-23,建设银行,网格卖出,5.33,100,533.00,0.77,0.00
2021-02-23,交通银行,网格买入,2.66,800,2128.00,0.50,0.00
2021-02-23,交通银行,网格买入,2.65,1000,2650.00,0.50,0.00
2021-02-23,交通银行,网格卖出,2.69,1200,3228.00,2.11,0.00
2021-02-24,工商银行,网格买入,3.75,200,750.00,0.50,0.00
2021-02-24,工商银行,网格买入,3.73,200,746.00,0.50,0.00
2021-02-24,工商银行,网格买入,3.71,300,1113.00,0.50,0.00
2021-02-24,工商银行,网格买入,3.69,300,1107.00,0.50,0.00
2021-02-24,工商银行,网格买入,3.67,400,1468.00,0.50,0.00
2021-02-24,工商银行,网格卖出,3.75,500,1875.00,1.44,0.00
2021-02-24,农业银行,网格买入,2.04,300,612.00,0.50,0.00
2021-02-24,农业银行,网格买入,2.03,300,609.00,0.50,0.00
2021-02-24,农业银行,网格买入,2.02,400,808.00,0.50,0.00
2021-02-24,农业银行,网格卖出,2.05,500,1025.00,1.01,0.00
2021-02-24,中国银行,网格买入,2,300,600.00,0.50,0.00
2021-02-24,中国银行,网格买入,1.99,400,796.00,0.50,0.00
2021-02-24,中国银行,网格买入,1.98,400,792.00,0.50,0.00
2021-02-24,建设银行,网格买入,5.3,100,530.00,0.50,0.00
2021-02-24,建设银行,网格买入,5.27,100,527.00,0.50,0.00
2021-02-25,工商银行,网格卖出,3.81,400,1524.00,1.26,0.00
2021-02-25,农业银行,网格买入,2.02,400,808.00,0.50,0.00
2021-02-25,农业银行,网格卖出,2.05,500,1025.00,1.01,0.00
2021-02-25,中国银行,网格卖出,2.01,500,1005.00,1.00,0.00
2021-02-25,建设银行,网格买入,5.11,100,511.00,0.50,0.00
2021-02-25,建设银行,网格买入,5.08,200,1016.00,0.50,0.00
2021-02-25,建设银行,网格卖出,5.16,200,1032.00,1.02,0.00
2021-02-25,建设银行,网格卖出,5.24,200,1048.00,1.02,0.00
2021-02-25,建设银行,网格卖出,5.32,100,532.00,0.77,0.00
2021-02-25,交通银行,网格买入,2.63,1000,2630.00,0.50,0.00
2021-02-25,交通银行,网格卖出,2.67,1200,3204.00,2.10,0.00
2021-02-26,工商银行,网格买入,3.77,300,1131.00,0.50,0.00
2021-02-26,工商银行,网格买入,3.75,400,1500.00,0.50,0.00
2021-02-26,工商银行,网格买入,3.73,400,1492.00,0.50,0.00
2021-02-26,工商银行,网格卖出,3.79,500,1895.00,1.45,0.00
2021-02-26,工商银行,网格卖出,3.85,400,1540.00,1.27,0.00
2021-02-26,农业银行,网格买入,2.04,400,816.00,0.50,0.00
2021-02-26,农业银行,网格卖出,2.07,400,828.00,0.91,0.00
2021-02-26,中国银行,网格买入,1.99,400,796.00,0.50,0.00
2021-02-26,建设银行,网格买入,5.2,100,520.00,0.50,0.00
2021-02-26,建设银行,网格买入,5.17,100,517.00,0.50,0.00
2021-02-26,建设银行,网格买入,5.14,100,514.00,0.50,0.00
2021-02-26,建设银行,网格卖出,5.22,200,1044.00,1.02,0.00
2021-02-26,建设银行,网格卖出,5.3,100,530.00,0.77,0.00
2021-02-26,交通银行,网格买入,2.66,900,2394.00,0.50,0.00
2021-02-26,工商银行,再平衡卖出,3.75,200,750.00,0.88,0.00
2021-02-26,交通银行,再平衡卖出,2.62,3400,8908.00,5.21,0.00
2021-02-26,农业银行,再平衡买入,2.05,900,1845.00,0.50,0.00
2021-02-26,中国银行,再平衡买入,2,300,600.00,0.50,0.00
2021-02-26,建设银行,再平衡买入,5.19,600,3114.00,0.50,0.00
2021-02-26,邮储银行,再平衡买入,4.76,1000,4760.00,0.50,0.00
2021-03-03,工商银行,网格卖出,3.81,300,1143.00,1.07,0.00
2021-03-03,农业银行,网格买入,2,500,1000.00,0.50,0.00
2021-03-03,农业银行,网格卖出,2.03,600,1218.00,1.11,0.00
2021-03-03,农业银行,网格卖出,2.06,500,1030.00,1.02,0.00
2021-03-03,中国银行,网格买入,1.99,600,1194.00,0.50,0.00
2021-03-03,中国银行,网格卖出,2.02,700,1414.00,1.21,0.00
2021-03-03,建设银行,网格买入,4.96,200,992.00,0.50,0.00
2021-03-03,建设银行,网格买入,4.94,300,1482.00,0.50,0.00
2021-03-03,建设银行,网格卖出,5.01,300,1503.00,1.25,0.00
2021-03-03,建设银行,网格卖出,5.09,300,1527.00,1.26,0.00
2021-03-03,建设银行,网格卖出,5.17,200,1034.00,1.02,0.00
2021-03-03,建设银行,网格卖出,5.25,200,1050.00,1.02,0.00
2021-03-03,建设银行,网格卖出,5.33,100,533.00,0.77,0.00
2021-03-03,交通银行,网格买入,2.59,400,1036.00,0.50,0.00
2021-03-03,交通银行,网格卖出,2.63,500,1315.00,1.16,0.00
2021-03-03,交通银行,网格卖出,2.67,400,1068.00,1.03,0.00
2021-03-03,邮储银行,网格买入,4.5,200,900.00,0.50,0.00
2021-03-03,邮储银行,网格买入,4.48,300,1344.00,0.50,0.00
2021-03-03,邮储银行,网格卖出,4.55,300,1365.00,1.18,0.00
2021-03-03,邮储银行,网格卖出,4.62,300,1386.00,1.19,0.00
2021-03-03,邮储银行,网格卖出,4.69,200,938.00,0.97,0.00
2021-03-03,邮储银行,网格卖出,4.76,200,952.00,0.98,0.00
2021-03-04,工商银行,网格卖出,3.87,200,774.00,0.89,0.00
2021-03-04,农业银行,网格卖出,2.09,400,836.00,0.92,0.00
2021-03-04,农业银行,网格卖出,2.12,300,636.00,0.82,0.00
2021-03-04,中国银行,网格卖出,2.05,500,1025.00,1.01,0.00
2021-03-04,交通银行,网格买入,2.65,300,795.00,0.50,0.00
2021-03-04,交通银行,网格买入,2.64,400,1056.00,0.50,0.00
2021-03-04,交通银行,网格卖出,2.68,500,1340.00,1.17,0.00
2021-03-04,邮储银行,网格买入,4.73,100,473.00,0.50,0.00
2021-03-04,邮储银行,网格买入,4.71,200,942.00,0.50,0.00
2021-03-04,邮储银行,网格买入,4.69,200,938.00,0.50,0.00
2021-03-04,邮储银行,网格买入,4.67,200,934.00,0.50,0.00
2021-03-04,邮储银行,网格卖出,4.74,300,1422.00,1.21,0.00
2021-03-04,邮储银行,网格卖出,4.81,200,962.00,0.98,0.00
2021-03-05,工商银行,网格买入,3.81,200,762.00,0.50,0.00
2021-03-05,工商银行,网格买入,3.79,200,758.00,0.50,0.00
2021-03-05,工商银行,网格买入,3.77,300,1131.00,0.50,0.00
2021-03-05,工商银行,网格买入,3.75,300,1125.00,0.50,0.00
2021-03-05,工商银行,网格卖出,3.81,400,1524.00,1.26,0.00
2021-03-05,工商银行,网格卖出,3.87,300,1161.00,1.08,0.00
2021-03-05,工商银行,网格卖出,3.93,300,1179.00,1.09,0.00
2021-03-05,农业银行,网格买入,2.09,300,627.00,0.50,0.00
2021-03-05,农业银行,网格卖出,2.12,300,636.00,0.82,0.00
2021-03-05,农业银行,网格卖出,2.15,200,430.00,0.71,0.00
2021-03-05,中国银行,网格买入,2.02,400,808.00,0.50,0.00
2021-03-05,中国银行,网格卖出,2.05,500,1025.00,1.01,0.00
2021-03-05,建设银行,网格买入,5.3,100,530.00,0.50,0.00
2021-03-05,建设银行,网格买入,5.27,100,527.00,0.50,0.00
2021-03-05,建设银行,网格买入,5.24,100,524.00,0.50,0.00
2021-03-05,建设银行,网格买入,5.21,200,1042.00,0.50,0.00
2021-03-05,建设银行,网格买入,5.18,200,1036.00,0.50,0.00
2021-03-05,建设银行,网格卖出,5.33,200,1066.00,1.03,0.00
2021-03-05,建设银行,网格卖出,5.41,200,1082.00,1.04,0.00
2021-03-05,交通银行,网格买入,2.66,400,1064.00,0.50,0.00
2021-03-05,交通银行,网格买入,2.65,400,1060.00,0.50,0.00
2021-03-05,交通银行,网格买入,2.64,500,1320.00,0.50,0.00
2021-03-05,交通银行,网格买入,2.63,600,1578.00,0.50,0.00
2021-03-05,交通银行,网格买入,2.62,700,1834.00,0.50,0.00
2021-03-05,交通银行,网格卖出,2.66,900,2394.00,1.70,0.00
2021-03-05,邮储银行,网格买入,4.66,200,932.00,0.50,0.00
2021-03-05,邮储银行,网格买入,4.64,200,928.00,0.50,0.00
2021-03-05,邮储银行,网格买入,4.62,300,1386.00,0.50,0.00
2021-03-05,邮储银行,网格买入,4.6,300,1380.00,0.50,0.00
2021-03-05,邮储银行,网格卖出,4.67,400,1868.00,1.43,0.00
2021-03-05,邮储银行,网格卖出,4.74,300,1422.00,1.21,0.00
2021-03-05,邮储银行,网格卖出,4.81,200,962.00,0.98,0.00
2021-03-08,工商银行,网格买入,3.91,200,782.00,0.50,0.00
2021-03-08,工商银行,网格卖出,3.97,200,794.00,0.90,0.00
2021-03-08,农业银行,网格买入,2.14,200,428.00,0.50,0.00
2021-03-08,农业银行,网格买入,2.13,300,639.00,0.50,0.00
2021-03-08,农业银行,网格卖出,2.16,300,648.00,0.82,0.00
2021-03-08,农业银行,网格卖出,2.19,200,438.00,0.72,0.00
2021-03-08,中国银行,网格卖出,2.08,400,832.00,0.92,0.00
2021-03-08,建设银行,网格买入,5.38,200,1076.00,0.50,0.00
2021-03-08,建设银行,网格买入,5.35,200,1070.00,0.50,0.00
2021-03-08,建设银行,网格买入,5.32,200,1064.00,0.50,0.00
2021-03-08,建设银行,网格买入,5.29,300,1587.00,0.50,0.00
2021-03-08,建设银行,网格买入,5.26,300,1578.00,0.50,0.00
2021-03-08,建设银行,网格卖出,5.43,400,2172.00,1.59,0.00
2021-03-08,建设银行,网格卖出,5.51,300,1653.00,1.33,0.00
2021-03-08,交通银行,网格卖出,2.7,700,1890.00,1.45,0.00
2021-03-08,邮储银行,网格买入,4.79,200,958.00,0.50,0.00
2021-03-08,邮储银行,网格买入,4.77,200,954.00,0.50,0.00
2021-03-08,邮储银行,网格买入,4.75,300,1425.00,0.50,0.00
2021-03-08,邮储银行,网格买入,4.73,300,1419.00,0.50,0.00
2021-03-08,邮储银行,网格卖出,4.83,400,1932.00,1.47,0.00
2021-03-08,邮储银行,网格卖出,4.9,300,1470.00,1.23,0.00
2021-03-08,邮储银行,网格卖出,4.97,300,1491.00,1.25,0.00
2021-03-08,邮储银行,网格卖出,5.04,200,1008.00,1.00,0.00
2021-03-09,工商银行,网格买入,3.95,200,790.00,0.50,0.00
2021-03-09,工商银行,网格买入,3.93,200,786.00,0.50,0.00
2021-03-09,工商银行,网格买入,3.91,300,1173.00,0.50,0.00
2021-03-09,工商银行,网格买入,3.89,300,1167.00,0.50,0.00
2021-03-09,工商银行,网格买入,3.87,400,1548.00,0.50,0.00
2021-03-09,工商银行,网格卖出,3.95,500,1975.00,1.49,0.00
2021-03-09,工商银行,网格卖出,4.01,400,1604.00,1.30,0.00
2021-03-09,农业银行,网格买入,2.16,200,432.00,0.50,0.00
2021-03-09,农业银行,网格买入,2.15,300,645.00,0.50,0.00
2021-03-09,农业银行,网格买入,2.14,300,642.00,0.50,0.00
2021-03-09,农业银行,网格买入,2.13,400,852.00,0.50,0.00
2021-03-09,农业银行,网格卖出,2.16,500,1080.00,1.04,0.00
2021-03-09,农业银行,网格卖出,2.19,400,876.00,0.94,0.00
2021-03-09,中国银行,网格买入,2.05,300,615.00,0.50,0.00
2021-03-09,中国银行,网格买入,2.04,400,816.00,0.50,0.00
2021-03-09,中国银行,网格买入,2.03,500,1015.00,0.50,0.00
2021-03-09,中国银行,网格卖出,2.06,600,1236.00,1.12,0.00
2021-03-09,建设银行,网格买入,5.3,300,1590.00,0.50,0.00
2021-03-09,建设银行,网格买入,5.27,300,1581.00,0.50,0.00
2021-03-09,建设银行,网格卖出,5.35,400,2140.00,1.57,0.00
2021-03-09,交通银行,网格买入,2.69,600,1614.00,0.50,0.00
2021-03-10,农业银行,网格买入,2.12,300,636.00,0.50,0.00
2021-03-10,农业银行,网格卖出,2.15,400,860.00,0.93,0.00
2021-03-10,邮储银行,网格买入,4.49,200,898.00,0.50,0.00
2021-03-11,农业银行,网格卖出,2.18,200,436.00,0.72,0.00
2021-03-11,交通银行,网格卖出,2.73,700,1911.00,1.46,0.00
2021-03-11,邮储银行,网格买入,4.43,200,886.00,0.50,0.00
2021-03-11,邮储银行,网格卖出,4.5,200,900.00,0.95,0.00
2021-03-11,邮储银行,网格卖出,4.57,200,914.00,0.96,0.00
2021-03-12,工商银行,网格买入,3.85,300,1155.00,0.50,0.00
2021-03-12,工商银行,网格买入,3.83,400,1532.00,0.50,0.00
2021-03-12,农业银行,网格买入,2.16,200,432.00,0.50,0.00
2021-03-12,农业银行,网格卖出,2.19,200,438.00,0.72,0.00
2021-03-15,工商银行,网格卖出,3.89,400,1556.00,1.28,0.00
2021-03-15,工商银行,网格卖出,3.95,400,1580.00,1.29,0.00
2021-03-15,农业银行,网格买入,2.17,200,434.00,0.50,0.00
2021-03-15,农业银行,网格买入,2.16,300,648.00,0.50,0.00
2021-03-15,农业银行,网格卖出,2.19,300,657.00,0.83,0.00
2021-03-15,农业银行,网格卖出,2.22,200,444.00,0.72,0.00
2021-03-15,中国银行,网格买入,2.05,500,1025.00,0.50,0.00
2021-03-15,中国银行,网格卖出,2.08,600,1248.00,1.12,0.00
2021-03-15,建设银行,网格买入,5.26,300,1578.00,0.50,0.00
2021-03-15,建设银行,网格卖出,5.34,400,2136.00,1.57,0.00
2021-03-15,建设银行,网格卖出,5.42,300,1626.00,1.31,0.00
2021-03-15,交通银行,网格卖出,2.77,500,1385.00,1.19,0.00
2021-03-15,邮储银行,网格买入,4.55,200,910.00,0.50,0.00
2021-03-15,邮储银行,网格卖出,4.62,200,924.00,0.96,0.00
2021-03-15,邮储银行,网格卖出,4.69,200,938.00,0.97,0.00
2021-03-16,工商银行,网格买入,3.93,300,1179.00,0.50,0.00
2021-03-16,工商银行,网格卖出,3.99,300,1197.00,1.10,0.00
2021-03-16,农业银行,网格买入,2.21,200,442.00,0.50,0.00
2021-03-16,农业银行,网格买入,2.2,300,660.00,0.50,0.00
2021-03-16,农业银行,网格买入,2.19,300,657.00,0.50,0.00
2021-03-16,农业银行,网格卖出,2.22,400,888.00,0.94,0.00
2021-03-16,中国银行,网格买入,2.07,400,828.00,0.50,0.00
2021-03-16,建设银行,网格买入,5.39,200,1078.00,0.50,0.00
2021-03-16,建设银行,网格买入,5.36,300,1608.00,0.50,0.00
2021-03-16,建设银行,网格卖出,5.44,300,1632.00,1.32,0.00
2021-03-16,建设银行,网格卖出,5.52,300,1656.00,1.33,0.00
2021-03-16,交通银行,网格买入,2.76,400,1104.00,0.50,0.00
2021-03-16,交通银行,网格卖出,2.8,500,1400.00,1.20,0.00
2021-03-16,邮储银行,网格买入,4.61,100,461.00,0.50,0.00
2021-03-16,邮储银行,网格买入,4.59,100,459.00,0.50,0.00
2021-03-16,邮储银行,网格卖出,4.66,200,932.00,0.97,0.00
2021-03-16,邮储银行,网格卖出,4.73,100,473.00,0.74,0.00
2021-03-17,工商银行,网格买入,3.96,300,1188.00,0.50,0.00
2021-03-17,工商银行,网格买入,3.94,300,1182.00,0.50,0.00
2021-03-17,工商银行,网格买入,3.92,400,1568.00,0.50,0.00
2021-03-17,工商银行,网格买入,3.9,500,1950.00,0.50,0.00
2021-03-17,工商银行,网格卖出,3.96,600,2376.00,1.69,0.00
2021-03-17,农业银行,网格买入,2.19,300,657.00,0.50,0.00
2021-03-17,农业银行,网格买入,2.18,400,872.00,0.50,0.00
2021-03-17,农业银行,网格买入,2.17,500,1085.00,0.50,0.00
2021-03-17,农业银行,网格买入,2.16,600,1296.00,0.50,0.00
2021-03-17,农业银行,网格卖出,2.19,700,1533.00,1.27,0.00
2021-03-17,中国银行,网格买入,2.06,500,1030.00,0.50,0.00
2021-03-17,中国银行,网格买入,2.05,600,1230.00,0.50,0.00
2021-03-17,中国银行,网格卖出,2.08,700,1456.00,1.23,0.00
2021-03-17,建设银行,网格买入,5.46,200,1092.00,0.50,0.00
2021-03-29,交通银行,网格卖出,2.84,400,1136.00,1.07,0.00
2021-03-29,交通银行,网格卖出,2.88,300,864.00,0.93,0.00
2021-03-29,邮储银行,网格买入,4.39,100,439.00,0.50,0.00
2021-03-29,邮储银行,网格买入,4.37,100,437.00,0.50,0.00
2021-03-29,邮储银行,网格买入,4.35,100,435.00,0.50,0.00
2021-03-29,邮储银行,网格卖出,4.42,200,884.00,0.94,0.00
2021-03-29,邮储银行,网格卖出,4.49,100,449.00,0.72,0.00
2021-03-30,工商银行,网格买入,3.84,500,1920.00,0.50,0.00
2021-03-30,交通银行,网格卖出,2.92,300,876.00,0.94,0.00
2021-03-30,邮储银行,网格买入,4.47,100,447.00,0.50,0.00
2021-03-30,邮储银行,网格买入,4.45,100,445.00,0.50,0.00
2021-03-30,邮储银行,网格买入,4.43,100,443.00,0.50,0.00
2021-03-30,邮储银行,网格卖出,4.5,200,900.00,0.95,0.00
2021-03-31,工商银行,网格卖出,3.9,600,2340.00,1.67,0.00
2021-03-31,农业银行,网格买入,2.16,500,1080.00,0.50,0.00
2021-03-31,农业银行,网格卖出,2.19,600,1314.00,1.16,0.00
2021-03-31,中国银行,网格卖出,2.11,600,1266.00,1.13,0.00
2021-03-31,建设银行,网格买入,5.14,200,1028.00,0.50,0.00
2021-03-31,建设银行,网格卖出,5.22,300,1566.00,1.28,0.00
2021-03-31,交通银行,网格买入,2.91,200,582.00,0.50,0.00
2021-03-31,交通银行,网格卖出,2.95,300,885.00,0.94,0.00
2021-03-31,交通银行,网格卖出,2.99,200,598.00,0.80,0.00
2021-03-31,邮储银行,网格买入,4.48,100,448.00,0.50,0.00
2021-03-31,邮储银行,网格买入,4.46,100,446.00,0.50,0.00
2021-03-31,邮储银行,网格买入,4.44,200,888.00,0.50,0.00
2021-03-31,邮储银行,网格买入,4.42,200,884.00,0.50,0.00
2021-03-31,邮储银行,网格卖出,4.5,200,900.00,0.95,0.00
2021-03-31,工商银行,再平衡卖出,3.92,600,2352.00,1.68,0.00
2021-03-31,农业银行,再平衡买入,2.19,200,438.00,0.50,0.00
2021-03-31,中国银行,再平衡买入,2.11,500,1055.00,0.50,0.00
2021-03-31,建设银行,再平衡买入,5.28,100,528.00,0.50,0.00
2021-03-31,交通银行,再平衡买入,3,1200,3600.00,0.50,0.00
2021-04-01,工商银行,网格买入,3.89,300,1167.00,0.50,0.00
2021-04-30,工商银行,再平衡卖出,3.51,300,1053.00,1.03,0.00
2021-04-30,中国银行,再平衡卖出,2.01,200,402.00,0.70,0.00
2021-04-30,交通银行,再平衡卖出,2.86,100,286.00,0.64,0.00
2021-05-06,工商银行,网格买入,3.49,300,1047.00,0.50,0.00
2021-05-06,工商银行,网格卖出,3.54,400,1416.00,1.21,0.00
2021-05-06,中国银行,网格卖出,2.04,500,1020.00,1.01,0.00
2021-05-06,建设银行,网格卖出,4.73,200,946.00,0.97,0.00
2021-05-06,交通银行,网格卖出,2.9,400,1160.00,1.08,0.00
2021-05-06,邮储银行,网格卖出,3.79,200,758.00,0.88,0.00
2021-05-07,工商银行,网格买入,3.5,300,1050.00,0.50,0.00
2021-05-07,工商银行,网格卖出,3.55,400,1420.00,1.21,0.00
2021-05-07,工商银行,网格卖出,3.6,300,1080.00,1.04,0.00
2021-05-07,农业银行,网格卖出,2.02,600,1212.00,1.11,0.00
2021-05-07,农业银行,网格卖出,2.05,400,820.00,0.91,0.00
2021-05-07,中国银行,网格买入,2.01,400,804.00,0.50,0.00
2021-05-07,中国银行,网格卖出,2.04,500,1020.00,1.01,0.00
2021-05-07,建设银行,网格买入,4.68,200,936.00,0.50,0.00
2021-05-07,建设银行,网格买入,4.66,200,932.00,0.50,0.00
2021-05-07,建设银行,网格买入,4.64,300,1392.00,0.50,0.00
2021-05-07,建设银行,网格卖出,4.71,300,1413.00,1.21,0.00
2021-05-07,建设银行,网格卖出,4.78,300,1434.00,1.22,0.00
2021-05-07,建设银行,网格卖出,4.85,200,970.00,0.98,0.00
2021-05-07,交通银行,网格买入,2.89,300,867.00,0.50,0.00
2021-05-07,交通银行,网格买入,2.88,400,1152.00,0.50,0.00
2021-05-07,交通银行,网格卖出,2.92,400,1168.00,1.08,0.00
2021-05-07,交通银行,网格卖出,2.96,400,1184.00,1.09,0.00
2021-05-07,邮储银行,网格买入,3.75,200,750.00,0.50,0.00
2021-05-07,邮储银行,网格买入,3.73,200,746.00,0.50,0.00
2021-05-07,邮储银行,网格卖出,3.79,200,758.00,0.88,0.00
2021-05-07,邮储银行,网格卖出,3.85,200,770.00,0.89,0.00
2021-05-10,工商银行,网格买入,3.58,200,716.00,0.50,0.00
2021-05-10,工商银行,网格买入,3.56,300,1068.00,0.50,0.00
2021-05-10,工商银行,网格卖出,3.61,300,1083.00,1.04,0.00
2021-05-10,农业银行,网格买入,2.04,400,816.00,0.50,0.00
2021-05-10,农业银行,网格买入,2.03,400,812.00,0.50,0.00
2021-05-10,农业银行,网格买入,2.02,500,1010.00,0.50,0.00
2021-05-10,中国银行,网格买入,2.03,400,812.00,0.50,0.00
2021-05-10,中国银行,网格买入,2.02,500,1010.00,0.50,0.00
2021-05-10,建设银行,网格买入,4.8,200,960.00,0.50,0.00
2021-05-10,建设银行,网格卖出,4.87,200,974.00,0.99,0.00
2021-05-10,交通银行,网格买入,2.95,300,885.00,0.50,0.00
2021-05-10,交通银行,网格卖出,2.99,300,897.00,0.95,0.00
2021-05-10,邮储银行,网格买入,3.8,200,760.00,0.50,0.00
2021-05-10,邮储银行,网格卖出,3.86,200,772.00,0.89,0.00
2021-05-10,邮储银行,网格卖出,3.92,200,784.00,0.89,0.00
2021-05-10,邮储银行,网格卖出,3.98,100,398.00,0.70,0.00
2021-05-11,工商银行,网格买入,3.59,300,1077.00,0.50,0.00
2021-05-11,农业银行,网格卖出,2.05,600,1230.00,1.11,0.00
2021-05-11,建设银行,网格买入,4.84,200,968.00,0.50,0.00
2021-05-11,建设银行,网格买入,4.82,200,964.00,0.50,0.00
2021-05-11,交通银行,网格买入,2.97,300,891.00,0.50,0.00
2021-05-11,交通银行,网格买入,2.96,300,888.00,0.50,0.00
2021-05-11,邮储银行,网格买入,3.96,100,396.00,0.50,0.00
2021-05-11,邮储银行,网格买入,3.94,100,394.00,0.50,0.00
2021-05-11,邮储银行,网格买入,3.92,100,392.00,0.50,0.00
2021-05-11,邮储银行,网格买入,3.9,200,780.00,0.50,0.00
2021-05-11,邮储银行,网格卖出,3.96,200,792.00,0.90,0.00
2021-05-12,工商银行,网格卖出,3.64,300,1092.00,1.05,0.00
2021-05-12,农业银行,网格买入,2.04,500,1020.00,0.50,0.00
2021-05-12,农业银行,网格卖出,2.07,600,1242.00,1.12,0.00
2021-05-12,中国银行,网格卖出,2.05,600,1230.00,1.11,0.00
2021-05-12,建设银行,网格买入,4.78,300,1434.00,0.50,0.00
2021-05-12,建设银行,网格卖出,4.85,300,1455.00,1.23,0.00
2021-05-12,建设银行,网格卖出,4.92,300,1476.00,1.24,0.00
2021-05-12,交通银行,网格卖出,3,400,1200.00,1.10,0.00
2021-05-12,邮储银行,网格买入,3.94,200,788.00,0.50,0.00
2021-05-12,邮储银行,网格买入,3.92,200,784.00,0.50,0.00
2021-05-12,邮储银行,网格卖出,3.98,200,796.00,0.90,0.00
2021-05-13,工商银行,网格买入,3.62,300,1086.00,0.50,0.00
2021-05-13,工商银行,网格买入,3.6,300,1080.00,0.50,0.00
2021-05-13,工商银行,网格卖出,3.65,400,1460.00,1.23,0.00
2021-05-13,农业银行,网格买入,2.05,500,1025.00,0.50,0.00
2021-05-13,中国银行,网格买入,2.03,500,1015.00,0.50,0.00
2021-05-13,建设银行,网格买入,4.9,200,980.00,0.50,0.00
2021-05-13,建设银行,网格买入,4.88,200,976.00,0.50,0.00
2021-05-13,建设银行,网格买入,4.86,300,1458.00,0.50,0.00
2021-05-13,建设银行,网格卖出,4.93,300,1479.00,1.24,0.00
2021-05-13,交通银行,网格买入,2.98,300,894.00,0.50,0.00
2021-05-13,邮储银行,网格卖出,4.04,200,808.00,0.90,0.00
2021-05-14,工商银行,网格买入,3.62,300,1086.00,0.50,0.00
2021-05-14,农业银行,网格卖出,2.08,600,1248.00,1.12,0.00
2021-05-14,建设银行,网格买入,4.88,300,1464.00,0.50,0.00
2021-05-17,中国银行,网格卖出,2.06,600,1236.00,1.12,0.00
2021-05-17,建设银行,网格卖出,4.95,300,1485.00,1.24,0.00
2021-05-17,交通银行,网格买入,2.97,400,1188.00,0.50,0.00
2021-05-17,交通银行,网格卖出,3.01,500,1505.00,1.25,0.00
2021-05-17,邮储银行,网格买入,4.02,200,804.00,0.50,0.00
2021-05-17,邮储银行,网格买入,4,200,800.00,0.50,0.00
2021-05-17,邮储银行,网格买入,3.98,200,796.00,0.50,0.00
2021-05-17,邮储银行,网格卖出,4.04,300,1212.00,1.11,0.00
2021-05-18,农业银行,网格买入,2.06,500,1030.00,0.50,0.00
2021-05-18,中国银行,网格买入,2.05,500,1025.00,0.50,0.00
2021-05-25,中国银行,网格卖出,2.08,600,1248.00,1.12,0.00
2021-05-25,交通银行,网格买入,2.93,400,1172.00,0.50,0.00
2021-05-25,交通银行,网格卖出,2.97,400,1188.00,1.09,0.00
2021-05-25,邮储银行,网格买入,3.76,200,752.00,0.50,0.00
2021-05-25,邮储银行,网格卖出,3.82,300,1146.00,1.07,0.00
2021-05-25,邮储银行,网格卖出,3.88,200,776.00,0.89,0.00
2021-05-26,中国银行,网格买入,2.07,400,828.00,0.50,0.00
2021-05-26,建设银行,网格买入,4.92,300,1476.00,0.50,0.00
2021-05-26,建设银行,网格卖出,4.99,300,1497.00,1.25,0.00
2021-05-26,交通银行,网格买入,2.96,400,1184.00,0.50,0.00
2021-05-26,邮储银行,网格卖出,3.94,200,788.00,0.89,0.00
2021-05-26,邮储银行,网格卖出,4,100,400.00,0.70,0.00
2021-05-26,邮储银行,网格卖出,4.06,100,406.00,0.70,0.00
2021-05-26,邮储银行,网格卖出,4.12,100,412.00,0.71,0.00
2021-05-26,邮储银行,网格卖出,4.18,100,418.00,0.71,0.00
2021-05-27,建设银行,网格买入,4.93,300,1479.00,0.50,0.00
2021-05-28,中国银行,网格卖出,2.1,500,1050.00,1.02,0.00
2021-05-28,建设银行,网格买入,4.9,300,1470.00,0.50,0.00
2021-05-31,中国银行,网格买入,2.09,400,836.00,0.50,0.00
2021-05-31,工商银行,再平衡卖出,3.59,200,718.00,0.86,0.00
2021-05-31,建设银行,再平衡卖出,4.86,800,3888.00,2.44,0.00
2021-05-31,交通银行,再平衡卖出,2.95,200,590.00,0.79,0.00
2021-05-31,中国银行,再平衡买入,2.09,300,627.00,0.50,0.00
2021-06-01,工商银行,网格买入,3.57,300,1071.00,0.50,0.00
2021-06-01,工商银行,网格买入,3.55,400,1420.00,0.50,0.00
2021-06-01,农业银行,网格买入,2.04,600,1224.00,0.50,0.00
2021-06-01,建设银行,网格买入,4.84,200,968.00,0.50,0.00
2021-06-02,农业银行,网格卖出,2.07,700,1449.00,1.22,0.00
2021-06-02,中国银行,网格卖出,2.12,600,1272.00,1.14,0.00
2021-06-02,建设银行,网格买入,4.79,300,1437.00,0.50,0.00
2021-06-02,交通银行,网格买入,2.91,400,1164.00,0.50,0.00
2021-06-03,农业银行,网格卖出,2.1,500,1050.00,1.02,0.00
2021-06-03,中国银行,网格买入,2.11,400,844.00,0.50,0.00
2021-06-03,中国银行,网格卖出,2.14,500,1070.00,1.04,0.00
2021-06-03,建设银行,网格买入,4.74,300,1422.00,0.50,0.00
2021-06-03,交通银行,网格卖出,2.95,500,1475.00,1.24,0.00
2021-06-04,中国银行,分红,0.197,2100,413.70,0.00,0.00
2021-06-04,工商银行,网格买入,3.53,500,1765.00,0.50,0.00
2021-06-08,农业银行,网格卖出,2.13,400,852.00,0.93,0.00
2021-06-08,中国银行,网格买入,2.09,400,836.00,0.50,0.00
2021-06-09,工商银行,网格卖出,3.58,600,2148.00,1.57,0.00
2021-06-09,农业银行,网格卖出,2.16,400,864.00,0.93,0.00
2021-06-09,中国银行,网格买入,2.08,500,1040.00,0.50,0.00
2021-06-09,中国银行,网格买入,2.07,600,1242.00,0.50,0.00
2021-06-10,农业银行,网格买入,2.13,300,639.00,0.50,0.00
2021-06-10,农业银行,网格卖出,2.16,300,648.00,0.82,0.00
2021-06-11,农业银行,网格买入,2.11,300,633.00,0.50,0.00
2021-06-17,农业银行,分红,0.1851,1700,314.67,0.00,0.00
2021-06-30,工商银行,再平衡卖出,3.55,600,2130.00,1.56,0.00
2021-06-30,中国银行,再平衡卖出,2.04,800,1632.00,1.32,15.76
2021-06-30,建设银行,再平衡卖出,4.58,700,3206.00,2.10,0.00
2021-06-30,农业银行,再平衡买入,2.01,1200,2412.00,0.50,0.00
2021-06-30,交通银行,再平衡买入,2.95,100,295.00,0.50,0.00
2021-07-01,工商银行,网格卖出,3.6,300,1080.00,1.04,0.00
2021-07-01,中国银行,网格买入,2.03,600,1218.00,0.50,0.00
2021-07-01,建设银行,网格卖出,4.65,300,1395.00,1.20,0.00
2021-07-01,交通银行,网格买入,2.94,400,1176.00,0.50,0.00
2021-07-02,工商银行,网格买入,3.58,300,1074.00,0.50,0.00
2021-07-02,工商银行,网格卖出,3.63,300,1089.00,1.04,0.00
2021-07-02,建设银行,网格买入,4.63,200,926.00,0.50,0.00
2021-07-02,建设银行,网格买入,4.61,200,922.00,0.50,0.00
2021-07-02,建设银行,网格买入,4.59,300,1377.00,0.50,0.00
2021-07-02,建设银行,网格买入,4.57,300,1371.00,0.50,0.00
2021-07-06,工商银行,分红,0.266,1300,345.80,0.00,0.00
2021-07-07,建设银行,网格卖出,4.64,400,1856.00,1.43,0.00
2021-07-07,交通银行,网格买入,2.93,500,1465.00,0.50,0.00
2021-07-07,交通银行,网格卖出,2.97,600,1782.00,1.39,0.00
2021-07-08,工商银行,网格买入,3.59,300,1077.00,0.50,0.00
2021-07-08,工商银行,网格买入,3.57,300,1071.00,0.50,0.00
2021-07-13,交通银行,分红,0.317,2300,729.10,0.00,0.00
2021-07-13,工商银行,网格买入,3.42,400,1368.00,0.50,0.00
2021-07-15,建设银行,分红,0.32599999999999996,1600,521.60,0.00,0.00
2021-07-22,邮储银行,分红,0.2085,200,41.70,0.00,0.00
2021-07-30,工商银行,再平衡卖出,3.24,600,1944.00,1.47,15.96
2021-07-30,中国银行,再平衡卖出,1.95,500,975.00,0.99,9.85
2021-07-30,建设银行,再平衡卖出,4.02,200,804.00,0.90,6.52
2021-07-30,交通银行,再平衡卖出,2.64,200,528.00,0.76,6.34
2021-08-02,工商银行,网格买入,3.22,300,966.00,0.50,0.00
2021-08-02,工商银行,网格买入,3.2,400,1280.00,0.50,0.00
2021-08-02,工商银行,网格买入,3.18,500,1590.00,0.50,0.00
2021-08-02,工商银行,网格卖出,3.23,600,1938.00,1.47,15.96
2021-08-02,农业银行,网格买入,1.9,600,1140.00,0.50,0.00
2021-08-02,农业银行,网格买入,1.89,700,1323.00,0.50,0.00
2021-08-02,农业银行,网格卖出,1.92,800,1536.00,1.27,14.81
2021-08-02,中国银行,网格买入,1.94,600,1164.00,0.50,0.00
2021-08-02,交通银行,网格卖出,2.68,400,1072.00,1.04,12.68
2021-08-03,工商银行,网格买入,3.21,500,1605.00,0.50,0.00
2021-08-09,中国银行,网格卖出,1.97,700,1379.00,1.19,13.79
2021-08-09,建设银行,网格买入,3.94,300,1182.00,0.50,0.00
2021-08-09,建设银行,网格卖出,4,300,1200.00,1.10,9.78
2021-08-09,交通银行,网格买入,2.66,300,798.00,0.50,0.00
2021-08-09,交通银行,网格卖出,2.7,400,1080.00,1.04,12.68
2021-08-10,农业银行,网格买入,1.9,700,1330.00,0.50,0.00
2021-08-10,建设银行,网格卖出,4.06,300,1218.00,1.11,9.78
2021-08-10,交通银行,网格买入,2.69,300,807.00,0.50,0.00
2021-08-11,工商银行,网格卖出,3.26,600,1956.00,1.48,2.66
2021-08-11,农业银行,网格卖出,1.93,800,1544.00,1.27,14.81
2021-08-11,建设银行,网格卖出,4.12,200,824.00,0.91,6.52
2021-08-11,建设银行,网格卖出,4.18,200,836.00,0.92,6.52
2021-08-11,建设银行,网格卖出,4.24,100,424.00,0.71,3.26
2021-08-11,建设银行,网格卖出,4.3,100,430.00,0.71,3.26
2021-08-11,交通银行,网格卖出,2.73,400,1092.00,1.05,12.68
2021-08-12,工商银行,网格卖出,3.31,400,1324.00,1.16,0.00
2021-08-12,农业银行,网格买入,1.92,700,1344.00,0.50,0.00
2021-08-12,农业银行,网格买入,1.91,800,1528.00,0.50,0.00
2021-08-12,建设银行,网格买入,4.22,100,422.00,0.50,0.00
2021-08-12,建设银行,网格买入,4.2,100,420.00,0.50,0.00
2021-08-12,建设银行,网格买入,4.18,100,418.00,0.50,0.00
2021-08-12,建设银行,网格卖出,4.24,200,848.00,0.92,6.52
2021-08-13,工商银行,网格买入,3.28,400,1312.00,0.50,0.00
2021-08-13,工商银行,网格买入,3.26,400,1304.00,0.50,0.00
2021-08-13,农业银行,网格买入,1.9,1000,1900.00,0.50,0.00
2021-08-13,建设银行,网格买入,4.2,100,420.00,0.50,0.00
2021-08-13,建设银行,网格买入,4.18,100,418.00,0.50,0.00
2021-08-17,农业银行,网格卖出,1.93,1200,2316.00,1.66,1.85
2021-08-17,建设银行,网格买入,4.16,200,832.00,0.50,0.00
2021-08-17,建设银行,网格买入,4.14,200,828.00,0.50,0.00
2021-08-17,建设银行,网格卖出,4.2,200,840.00,0.92,0.00
2021-08-17,交通银行,网格买入,2.72,300,816.00,0.50,0.00
2021-08-17,交通银行,网格卖出,2.76,400,1104.00,1.05,12.68
2021-08-18,工商银行,网格卖出,3.31,500,1655.00,1.33,0.00
2021-08-18,农业银行,网格买入,1.9,900,1710.00,0.50,0.00
2021-08-18,农业银行,网格卖出,1.93,1100,2123.00,1.56,0.00
2021-08-18,中国银行,网格买入,1.96,600,1176.00,0.50,0.00
2021-08-18,中国银行,网格卖出,1.99,700,1393.00,1.20,1.97
2021-08-18,建设银行,网格买入,4.15,200,830.00,0.50,0.00
2021-08-18,建设银行,网格卖出,4.21,200,842.00,0.92,0.00
2021-08-18,交通银行,网格买入,2.72,300,816.00,0.50,0.00
2021-08-18,交通银行,网格卖出,2.76,300,828.00,0.91,9.51
2021-08-19,工商银行,网格买入,3.29,400,1316.00,0.50,0.00
2021-08-19,工商银行,网格买入,3.27,500,1635.00,0.50,0.00
2021-08-19,农业银行,网格买入,1.92,900,1728.00,0.50,0.00
2021-08-20,农业银行,网格卖出,1.95,1100,2145.00,1.57,0.00
2021-08-20,中国银行,网格买入,1.98,500,990.00,0.50,0.00
2021-08-20,中国银行,网格买入,1.97,600,1182.00,0.50,0.00
2021-08-31,工商银行,再平衡卖出,3.27,1200,3924.00,2.46,0.00
2021-08-31,农业银行,再平衡卖出,1.94,1200,2328.00,1.66,0.00
2021-08-31,中国银行,再平衡卖出,1.99,900,1791.00,1.40,0.00
2021-08-31,建设银行,再平衡买入,4.11,400,1644.00,0.50,0.00
2021-08-31,交通银行,再平衡买入,2.78,700,1946.00,0.50,0.00
2021-09-01,工商银行,网格买入,3.25,400,1300.00,0.50,0.00
2021-09-01,工商银行,网格卖出,3.3,400,1320.00,1.16,0.00
2021-09-01,农业银行,网格买入,1.93,600,1158.00,0.50,0.00
2021-09-01,农业银行,网格卖出,1.96,700,1372.00,1.19,0.00
2021-09-01,中国银行,网格买入,1.98,600,1188.00,0.50,0.00
2021-09-01,中国银行,网格卖出,2.01,700,1407.00,1.20,0.00
2021-09-01,建设银行,网格卖出,4.17,300,1251.00,1.13,0.00
2021-09-01,建设银行,网格卖出,4.23,200,846.00,0.92,0.00
2021-09-01,交通银行,网格买入,2.77,400,1108.00,0.50,0.00
2021-09-01,交通银行,网格卖出,2.81,500,1405.00,1.20,6.34
2021-09-02,农业银行,网格买入,1.95,600,1170.00,0.50,0.00
2021-09-02,中国银行,网格买入,2,600,1200.00,0.50,0.00
2021-09-02,建设银行,网格买入,4.2,200,840.00,0.50,0.00
2021-09-02,建设银行,网格买入,4.18,200,836.00,0.50,0.00
2021-09-03,工商银行,网格卖出,3.35,400,1340.00,1.17,0.00
2021-09-03,农业银行,网格卖出,1.98,700,1386.00,1.19,0.00
2021-09-03,建设银行,网格卖出,4.24,300,1272.00,1.14,0.00
2021-09-06,农业银行,网格买入,1.97,600,1182.00,0.50,0.00
2021-09-06,交通银行,网格卖出,2.85,400,1140.00,1.07,0.00
2021-09-06,交通银行,网格卖出,2.89,300,867.00,0.93,0.00
2021-09-07,工商银行,网格卖出,3.4,300,1020.00,1.01,0.00
2021-09-07,农业银行,网格卖出,2,700,1400.00,1.20,0.00
2021-09-07,中国银行,网格卖出,2.03,700,1421.00,1.21,0.00
2021-09-07,建设银行,网格卖出,4.3,200,860.00,0.93,0.00
2021-09-07,交通银行,网格买入,2.88,300,864.00,0.50,0.00
2021-09-07,交通银行,网格买入,2.87,300,861.00,0.50,0.00
2021-09-08,工商银行,网格买入,3.38,200,676.00,0.50,0.00
2021-09-08,农业银行,网格买入,1.99,500,995.00,0.50,0.00
2021-09-08,农业银行,网格卖出,2.02,600,1212.00,1.11,0.00
2021-09-08,中国银行,网格卖出,2.06,500,1030.00,1.02,0.00
2021-09-08,建设银行,网格卖出,4.36,200,872.00,0.94,0.00
2021-09-08,建设银行,网格卖出,4.43,100,443.00,0.72,0.00
2021-09-08,交通银行,网格卖出,2.91,400,1164.00,1.08,0.00
2021-09-09,农业银行,网格买入,2.01,500,1005.00,0.50,0.00
2021-09-09,农业银行,网格买入,2,600,1200.00,0.50,0.00
2021-09-09,中国银行,网格买入,2.05,400,820.00,0.50,0.00
2021-09-09,中国银行,网格买入,2.04,500,1020.00,0.50,0.00
2021-09-09,建设银行,网格买入,4.41,100,441.00,0.50,0.00
2021-09-09,建设银行,网格买入,4.39,100,439.00,0.50,0.00
2021-09-09,建设银行,网格卖出,4.46,100,446.00,0.72,0.00
2021-09-09,建设银行,网格卖出,4.53,100,453.00,0.73,0.00
2021-09-09,交通银行,网格买入,2.9,300,870.00,0.50,0.00
2021-09-09,交通银行,网格买入,2.89,400,1156.00,0.50,0.00
2021-09-09,交通银行,网格买入,2.88,400,1152.00,0.50,0.00
2021-09-09,交通银行,网格卖出,2.92,500,1460.00,1.23,0.00
2021-09-10,工商银行,网格卖出,3.43,300,1029.00,1.01,0.00
2021-09-10,农业银行,网格卖出,2.03,700,1421.00,1.21,0.00
2021-09-10,中国银行,网格卖出,2.07,600,1242.00,1.12,0.00
2021-09-10,建设银行,网格买入,4.49,100,449.00,0.50,0.00
2021-09-10,建设银行,网格卖出,4.56,100,456.00,0.73,0.00
2021-09-10,交通银行,网格卖出,2.96,400,1184.00,1.09,0.00
2021-09-13,工商银行,网格买入,3.41,200,682.00,0.50,0.00
2021-09-13,农业银行,网格买入,2.01,600,1206.00,0.50,0.00
2021-09-13,农业银行,网格买入,2,700,1400.00,0.50,0.00
2021-09-13,中国银行,网格买入,2.06,500,1030.00,0.50,0.00
2021-09-13,中国银行,网格买入,2.05,600,1230.00,0.50,0.00
2021-09-13,建设银行,网格买入,4.52,100,452.00,0.50,0.00
2021-09-13,建设银行,网格买入,4.5,100,450.00,0.50,0.00
2021-09-13,建设银行,网格买入,4.48,100,448.00,0.50,0.00
2021-09-13,建设银行,网格买入,4.46,200,892.00,0.50,0.00
2021-09-13,建设银行,网格卖出,4.53,200,906.00,0.95,0.00
2021-09-13,交通银行,网格买入,2.94,300,882.00,0.50,0.00
2021-09-13,交通银行,网格买入,2.93,400,1172.00,0.50,0.00
2021-09-13,交通银行,网格卖出,2.97,500,1485.00,1.24,0.00
2021-09-14,工商银行,网格买入,3.39,200,678.00,0.50,0.00
2021-09-14,工商银行,网格买入,3.37,300,1011.00,0.50,0.00
2021-09-14,工商银行,网格买入,3.35,300,1005.00,0.50,0.00
2021-09-14,工商银行,网格卖出,3.41,400,1364.00,1.18,0.00
2021-09-14,农业银行,网格买入,1.99,900,1791.00,0.50,0.00
2021-09-14,农业银行,网格买入,1.98,1000,1980.00,0.50,0.00
2021-09-14,农业银行,网格卖出,2.02,1200,2424.00,1.71,0.00
2021-09-14,中国银行,网格买入,2.04,700,1428.00,0.50,0.00
2021-09-14,建设银行,网格买入,4.51,200,902.00,0.50,0.00
2021-09-30,农业银行,再平衡卖出,1.92,2000,3840.00,2.42,0.00
2021-09-30,中国银行,再平衡卖出,2.01,1400,2814.00,1.91,0.00
2021-09-30,工商银行,再平衡买入,3.31,100,331.00,0.50,0.00
2021-09-30,建设银行,再平衡买入,4.23,400,1692.00,0.50,0.00
2021-09-30,交通银行,再平衡买入,2.86,100,286.00,0.50,0.00
2021-10-08,工商银行,网格卖出,3.36,300,1008.00,1.00,0.00
2021-10-08,农业银行,网格卖出,1.95,600,1170.00,1.08,0.00
2021-10-08,建设银行,网格卖出,4.29,300,1287.00,1.14,0.00
2021-10-08,交通银行,网格卖出,2.9,400,1160.00,1.08,0.00
2021-10-11,工商银行,网格卖出,3.41,300,1023.00,1.01,0.00
2021-10-11,农业银行,网格买入,1.94,500,970.00,0.50,0.00
2021-10-11,农业银行,网格买入,1.93,600,1158.00,0.50,0.00
2021-10-11,农业银行,网格卖出,1.96,700,1372.00,1.19,0.00
2021-10-11,中国银行,网格卖出,2.04,600,1224.00,1.11,0.00
2021-10-11,建设银行,网格卖出,4.35,200,870.00,0.93,0.00
2021-10-11,交通银行,网格卖出,2.94,300,882.00,0.94,0.00
2021-10-12,工商银行,网格买入,3.39,200,678.00,0.50,0.00
2021-10-12,工商银行,网格买入,3.37,300,1011.00,0.50,0.00
2021-10-12,农业银行,网格买入,1.95,600,1170.00,0.50,0.00
2021-10-12,中国银行,网格买入,2.03,500,1015.00,0.50,0.00
2021-10-12,建设银行,网格买入,4.33,200,866.00,0.50,0.00
2021-10-12,交通银行,网格买入,2.92,300,876.00,0.50,0.00
2021-10-12,交通银行,网格买入,2.91,300,873.00,0.50,0.00
2021-10-13,农业银行,网格买入,1.94,700,1358.00,0.50,0.00
2021-10-13,中国银行,网格买入,2.02,600,1212.00,0.50,0.00
2021-10-13,建设银行,网格买入,4.31,200,862.00,0.50,0.00
2021-10-13,建设银行,网格买入,4.29,300,1287.00,0.50,0.00
2021-10-13,建设银行,网格买入,4.27,300,1281.00,0.50,0.00
2021-10-13,建设银行,网格卖出,4.35,400,1740.00,1.37,0.00
2021-10-14,农业银行,网格买入,1.93,800,1544.00,0.50,0.00
2021-10-22,农业银行,网格卖出,1.96,1000,1960.00,1.48,0.00
2021-10-22,建设银行,网格买入,4.33,300,1299.00,0.50,0.00
2021-10-25,工商银行,网格买入,3.35,300,1005.00,0.50,0.00
2021-10-29,工商银行,再平衡卖出,3.32,200,664.00,0.83,0.00
2021-10-29,农业银行,再平衡卖出,1.92,900,1728.00,1.36,0.00
2021-10-29,中国银行,再平衡卖出,2.01,500,1005.00,1.00,0.00
2021-10-29,建设银行,再平衡卖出,4.19,400,1676.00,1.34,0.00
2021-10-29,交通银行,再平衡买入,2.88,100,288.00,0.50,0.00
2021-11-01,工商银行,网格卖出,3.37,300,1011.00,1.01,0.00
2021-11-01,农业银行,网格买入,1.91,600,1146.00,0.50,0.00
2021-11-01,农业银行,网格卖出,1.94,700,1358.00,1.18,0.00
2021-11-01,建设银行,网格买入,4.17,300,1251.00,0.50,0.00
2021-11-01,建设银行,网格卖出,4.23,300,1269.00,1.13,0.00
2021-11-01,交通银行,网格卖出,2.92,400,1168.00,1.08,0.00
2021-11-01,交通银行,网格卖出,2.96,300,888.00,0.94,0.00
2021-11-01,交通银行,网格卖出,3,300,900.00,0.95,0.00
2021-11-01,交通银行,网格卖出,3.05,200,610.00,0.80,0.00
2021-11-02,工商银行,网格买入,3.35,300,1005.00,0.50,0.00
2021-11-02,工商银行,网格买入,3.33,300,999.00,0.50,0.00
2021-11-02,工商银行,网格买入,3.31,400,1324.00,0.50,0.00
2021-11-02,工商银行,网格买入,3.29,500,1645.00,0.50,0.00
2021-11-02,工商银行,网格卖出,3.38,600,2028.00,1.51,0.00
2021-11-02,农业银行,网格买入,1.93,600,1158.00,0.50,0.00
2021-11-02,农业银行,网格买入,1.92,700,1344.00,0.50,0.00
2021-11-02,农业银行,网格买入,1.91,800,1528.00,0.50,0.00
2021-11-02,农业银行,网格买入,1.9,1000,1900.00,0.50,0.00
2021-11-02,农业银行,网格卖出,1.94,1200,2328.00,1.66,0.00
2021-11-02,中国银行,网格买入,2,600,1200.00,0.50,0.00
2021-11-02,建设银行,网格买入,4.21,300,1263.00,0.50,0.00
2021-11-02,交通银行,网格买入,3.03,200,606.00,0.50,0.00
2021-11-24,中国银行,网格卖出,2.03,700,1421.00,1.21,0.00
2021-11-24,建设银行,网格买入,4.08,300,1224.00,0.50,0.00
2021-11-30,工商银行,再平衡卖出,3.23,500,1615.00,1.31,0.00
2021-11-30,农业银行,再平衡卖出,1.89,1800,3402.00,2.20,0.00
2021-11-30,建设银行,再平衡卖出,4.02,600,2412.00,1.71,0.00
2021-11-30,交通银行,再平衡买入,2.93,1000,2930.00,0.50,0.00
2021-12-01,中国银行,网格买入,2,600,1200.00,0.50,0.00
2021-12-01,建设银行,网格买入,4,300,1200.00,0.50,0.00
2021-12-02,建设银行,网格卖出,4.06,300,1218.00,1.11,0.00
2021-12-02,交通银行,网格卖出,2.97,400,1188.00,1.09,0.00
2021-12-03,建设银行,网格买入,4.04,300,1212.00,0.50,0.00
2021-12-03,建设银行,网格买入,4.02,300,1206.00,0.50,0.00
2021-12-03,交通银行,网格买入,2.96,300,888.00,0.50,0.00
2021-12-06,工商银行,网格卖出,3.28,400,1312.00,1.16,0.00
2021-12-06,农业银行,网格卖出,1.92,600,1152.00,1.08,0.00
2021-12-06,建设银行,网格卖出,4.08,400,1632.00,1.32,0.00
2021-12-07,农业银行,网格买入,1.91,500,955.00,0.50,0.00
2021-12-07,建设银行,网格卖出,4.15,300,1245.00,1.12,0.00
2021-12-07,交通银行,网格卖出,3,400,1200.00,1.10,0.00
2021-12-08,建设银行,网格买入,4.13,300,1239.00,0.50,0.00
2021-12-08,建设银行,网格买入,4.11,300,1233.00,0.50,0.00
2021-12-08,交通银行,网格买入,2.99,300,897.00,0.50,0.00
2021-12-08,交通银行,网格买入,2.98,400,1192.00,0.50,0.00
2021-12-08,交通银行,网格买入,2.97,400,1188.00,0.50,0.00
2021-12-09,中国银行,网格卖出,2.03,700,1421.00,1.21,0.00
2021-12-09,建设银行,网格卖出,4.17,400,1668.00,1.33,0.00
2021-12-10,中国银行,网格买入,2.02,500,1010.00,0.50,0.00
2021-12-10,建设银行,网格买入,4.14,300,1242.00,0.50,0.00
2021-12-10,建设银行,网格买入,4.12,400,1648.00,0.50,0.00
2021-12-22,农业银行,网格卖出,1.94,600,1164.00,1.08,0.00
2021-12-22,中国银行,网格买入,2.01,600,1206.00,0.50,0.00
2021-12-28,交通银行,网格卖出,3.01,500,1505.00,1.25,0.00
2021-12-29,农业银行,网格买入,1.92,500,960.00,0.50,0.00
2021-12-31,中国银行,再平衡卖出,2.01,900,1809.00,1.40,0.00
2021-12-31,建设银行,再平衡卖出,4.12,800,3296.00,2.15,0.00
2021-12-31,交通银行,再平衡卖出,2.97,100,297.00,0.65,0.00
2021-12-31,工商银行,再平衡买入,3.28,400,1312.00,0.50,0.00
2021-12-31,农业银行,再平衡买入,1.92,200,384.00,0.50,0.00
2022-01-04,农业银行,网格买入,1.91,600,1146.00,0.50,0.00
2022-01-04,交通银行,网格买入,2.96,400,1184.00,0.50,0.00
2022-01-05,工商银行,网格卖出,3.33,400,1332.00,1.17,0.00
2022-01-05,农业银行,网格卖出,1.94,700,1358.00,1.18,0.00
2022-01-05,中国银行,网格卖出,2.04,600,1224.00,1.11,0.00
2022-01-05,建设银行,网格卖出,4.18,300,1254.00,1.13,0.00
2022-01-05,建设银行,网格卖出,4.24,200,848.00,0.92,0.00
2022-01-05,交通银行,网格卖出,3,500,1500.00,1.25,0.00
2022-01-06,中国银行,网格卖出,2.07,500,1035.00,1.02,0.00
2022-01-06,建设银行,网格卖出,4.3,200,860.00,0.93,0.00
2022-01-07,工商银行,网格卖出,3.38,300,1014.00,1.01,0.00
2022-01-07,农业银行,网格卖出,1.97,600,1182.00,1.09,0.00
2022-01-07,中国银行,网格买入,2.05,400,820.00,0.50,0.00
2022-01-07,中国银行,网格卖出,2.08,400,832.00,0.92,0.00
2022-01-07,建设银行,网格买入,4.28,100,428.00,0.50,0.00
2022-01-07,建设银行,网格卖出,4.34,200,868.00,0.93,0.00
2022-01-07,建设银行,网格卖出,4.41,100,441.00,0.72,0.00
2022-01-07,交通银行,网格卖出,3.05,400,1220.00,1.11,0.00
2022-01-07,交通银行,网格卖出,3.1,300,930.00,0.97,0.00
2022-01-10,农业银行,网格买入,1.96,500,980.00,0.50,0.00
2022-01-10,中国银行,网格买入,2.07,400,828.00,0.50,0.00
2022-01-10,中国银行,网格卖出,2.1,400,840.00,0.92,0.00
2022-01-10,建设银行,网格买入,4.39,100,439.00,0.50,0.00
2022-01-10,建设银行,网格买入,4.37,100,437.00,0.50,0.00
2022-01-10,建设银行,网格买入,4.35,100,435.00,0.50,0.00
2022-01-10,建设银行,网格卖出,4.42,200,884.00,0.94,0.00
2022-01-10,交通银行,网格买入,3.08,200,616.00,0.50,0.00
2022-01-10,交通银行,网格卖出,3.13,300,939.00,0.97,0.00
2022-01-11,中国银行,网格买入,2.08,400,832.00,0.50,0.00
2022-01-11,建设银行,网格买入,4.37,100,437.00,0.50,0.00
2022-01-11,建设银行,网格买入,4.35,100,435.00,0.50,0.00
2022-01-11,建设银行,网格卖出,4.42,200,884.00,0.94,0.00
2022-01-11,交通银行,网格买入,3.11,200,622.00,0.50,0.00
2022-01-11,交通银行,网格买入,3.09,300,927.00,0.50,0.00
2022-01-11,交通银行,网格卖出,3.14,300,942.00,0.97,0.00
2022-01-12,工商银行,网格买入,3.36,200,672.00,0.50,0.00
2022-01-12,农业银行,网格买入,1.95,600,1170.00,0.50,0.00
2022-01-12,农业银行,网格卖出,1.98,700,1386.00,1.19,0.00
2022-01-12,中国银行,网格买入,2.07,400,828.00,0.50,0.00
2022-01-12,中国银行,网格买入,2.06,500,1030.00,0.50,0.00
2022-01-12,中国银行,网格卖出,2.1,600,1260.00,1.13,0.00
2022-01-12,建设银行,网格买入,4.4,100,440.00,0.50,0.00
2022-01-12,建设银行,网格买入,4.38,100,438.00,0.50,0.00
2022-01-12,建设银行,网格买入,4.36,200,872.00,0.50,0.00
2022-01-12,建设银行,网格买入,4.34,200,868.00,0.50,0.00
2022-01-12,建设银行,网格买入,4.32,200,864.00,0.50,0.00
2022-01-12,建设银行,网格卖出,4.4,300,1320.00,1.16,0.00
2022-01-12,交通银行,网格买入,3.12,300,936.00,0.50,0.00
2022-01-12,交通银行,网格买入,3.1,300,930.00,0.50,0.00
2022-01-12,交通银行,网格买入,3.08,400,1232.00,0.50,0.00
2022-01-12,交通银行,网格卖出,3.14,500,1570.00,1.29,0.00
2022-01-13,工商银行,网格卖出,3.41,300,1023.00,1.01,0.00
2022-01-13,农业银行,网格买入,1.96,500,980.00,0.50,0.00
2022-01-13,中国银行,网格买入,2.07,500,1035.00,0.50,0.00
2022-01-13,中国银行,网格卖出,2.1,600,1260.00,1.13,0.00
2022-01-13,建设银行,网格买入,4.34,200,868.00,0.50,0.00
2022-01-13,建设银行,网格买入,4.32,300,1296.00,0.50,0.00
2022-01-13,建设银行,网格卖出,4.38,300,1314.00,1.16,0.00
2022-01-13,交通银行,网格买入,3.11,400,1244.00,0.50,0.00
2022-01-13,交通银行,网格卖出,3.16,400,1264.00,1.13,0.00
2022-01-13,交通银行,网格卖出,3.21,400,1284.00,1.14,0.00
2022-01-14,工商银行,网格买入,3.39,200,678.00,0.50,0.00
2022-01-14,工商银行,网格买入,3.37,200,674.00,0.50,0.00
2022-01-14,工商银行,网格买入,3.35,300,1005.00,0.50,0.00
2022-01-14,工商银行,网格买入,3.33,300,999.00,0.50,0.00
2022-01-14,工商银行,网格卖出,3.39,400,1356.00,1.18,0.00
2022-01-14,农业银行,网格买入,1.95,600,1170.00,0.50,0.00
2022-01-14,农业银行,网格买入,1.94,800,1552.00,0.50,0.00
2022-01-14,农业银行,网格卖出,1.99,900,1791.00,1.40,0.00
2022-01-14,中国银行,网格买入,2.09,500,1045.00,0.50,0.00
2022-01-14,中国银行,网格买入,2.08,600,1248.00,0.50,0.00
2022-01-14,中国银行,网格买入,2.07,700,1449.00,0.50,0.00
2022-01-14,中国银行,网格买入,2.06,800,1648.00,0.50,0.00
2022-01-14,中国银行,网格买入,2.05,1000,2050.00,0.50,0.00
2022-01-14,中国银行,网格卖出,2.1,1200,2520.00,1.76,0.00
2022-01-14,建设银行,网格买入,4.35,300,1305.00,0.50,0.00
2022-01-14,建设银行,网格买入,4.33,300,1299.00,0.50,0.00
2022-01-20,建设银行,网格卖出,4.39,400,1756.00,1.38,0.00
2022-01-20,交通银行,网格买入,3.16,300,948.00,0.50,0.00
2022-01-28,农业银行,再平衡卖出,1.94,600,1164.00,1.08,0.00
2022-01-28,中国银行,再平衡卖出,2.05,1900,3895.00,2.45,0.00
2022-01-28,建设银行,再平衡卖出,4.25,100,425.00,0.71,0.00
2022-01-28,工商银行,再平衡买入,3.31,200,662.00,0.50,0.00
2022-01-28,交通银行,再平衡买入,3.1,200,620.00,0.50,0.00
2022-01-28,邮储银行,再平衡买入,4.47,1100,4917.00,0.50,0.00
2022-02-07,工商银行,网格卖出,3.36,400,1344.00,1.17,0.00
2022-02-07,农业银行,网格卖出,1.97,600,1182.00,1.09,0.00
2022-02-07,中国银行,网格卖出,2.08,600,1248.00,1.12,0.00
2022-02-07,建设银行,网格卖出,4.31,300,1293.00,1.15,0.00
2022-02-07,建设银行,网格卖出,4.37,200,874.00,0.94,0.00
2022-02-07,交通银行,网格卖出,3.15,400,1260.00,1.13,0.00
2022-02-07,交通银行,网格卖出,3.2,300,960.00,0.98,0.00
2022-02-07,交通银行,网格卖出,3.25,200,650.00,0.82,0.00
2022-02-07,邮储银行,网格卖出,4.55,300,1365.00,1.18,4.17
2022-02-07,邮储银行,网格卖出,4.62,200,924.00,0.96,0.00
2022-02-07,邮储银行,网格卖出,4.69,200,938.00,0.97,0.00
2022-02-08,工商银行,网格卖出,3.41,300,1023.00,1.01,0.00
2022-02-08,工商银行,网格卖出,3.46,200,692.00,0.85,0.00
2022-02-08,工商银行,网格卖出,3.51,200,702.00,0.85,0.00
2022-02-08,农业银行,网格卖出,2,500,1000.00,1.00,0.00
2022-02-08,农业银行,网格卖出,2.03,400,812.00,0.91,0.00
2022-02-08,中国银行,网格卖出,2.11,500,1055.00,1.03,0.00
2022-02-08,建设银行,网格卖出,4.44,200,888.00,0.94,0.00
2022-02-08,建设银行,网格卖出,4.51,100,451.00,0.73,0.00
2022-02-08,建设银行,网格卖出,4.58,100,458.00,0.73,0.00
2022-02-08,交通银行,网格买入,3.23,200,646.00,0.50,0.00
2022-02-08,交通银行,网格卖出,3.28,200,656.00,0.83,0.00
2022-02-08,邮储银行,网格买入,4.64,100,464.00,0.50,0.00
2022-02-08,邮储银行,网格卖出,4.71,100,471.00,0.74,0.00
2022-02-08,邮储银行,网格卖出,4.78,100,478.00,0.74,0.00
2022-02-09,工商银行,网格买入,3.49,100,349.00,0.50,0.00
2022-02-09,工商银行,网格买入,3.47,200,694.00,0.50,0.00
2022-02-09,工商银行,网格卖出,3.52,200,704.00,0.85,0.00
2022-02-09,农业银行,网格买入,2.02,300,606.00,0.50,0.00
2022-02-09,农业银行,网格卖出,2.05,400,820.00,0.91,0.00
2022-02-09,中国银行,网格卖出,2.14,400,856.00,0.93,0.00
2022-02-09,建设银行,网格买入,4.56,100,456.00,0.50,0.00
2022-02-09,建设银行,网格买入,4.54,100,454.00,0.50,0.00
2022-02-09,建设银行,网格买入,4.52,100,452.00,0.50,0.00
2022-02-09,建设银行,网格卖出,4.59,200,918.00,0.96,0.00
2022-02-09,交通银行,网格卖出,3.33,200,666.00,0.83,0.00
2022-02-09,邮储银行,网格买入,4.75,100,475.00,0.50,0.00
2022-02-09,邮储银行,网格买入,4.73,100,473.00,0.50,0.00
2022-02-09,邮储银行,网格买入,4.71,100,471.00,0.50,0.00
2022-02-09,邮储银行,网格卖出,4.78,200,956.00,0.98,0.00
2022-02-10,工商银行,网格买入,3.5,200,700.00,0.50,0.00
2022-02-10,工商银行,网格买入,3.48,200,696.00,0.50,0.00
2022-02-10,工商银行,网格买入,3.46,200,692.00,0.50,0.00
2022-02-10,工商银行,网格卖出,3.51,300,1053.00,1.03,0.00
2022-02-10,农业银行,网格买入,2.03,300,609.00,0.50,0.00
2022-02-10,农业银行,网格买入,2.02,400,808.00,0.50,0.00
2022-02-10,农业银行,网格卖出,2.05,400,820.00,0.91,0.00
2022-02-10,中国银行,网格买入,2.13,300,639.00,0.50,0.00
2022-02-10,中国银行,网格买入,2.12,300,636.00,0.50,0.00
2022-02-10,建设银行,网格买入,4.55,100,455.00,0.50,0.00
2022-02-10,建设银行,网格买入,4.53,100,453.00,0.50,0.00
2022-02-10,建设银行,网格卖出,4.6,200,920.00,0.96,0.00
2022-02-10,交通银行,网格买入,3.28,200,656.00,0.50,0.00
2022-02-10,交通银行,网格卖出,3.33,200,666.00,0.83,0.00
2022-02-10,邮储银行,网格买入,4.72,100,472.00,0.50,0.00
2022-02-10,邮储银行,网格买入,4.7,100,470.00,0.50,0.00
2022-02-10,邮储银行,网格买入,4.68,200,936.00,0.50,0.00
2022-02-10,邮储银行,网格卖出,4.75,200,950.00,0.98,0.00
2022-02-11,工商银行,网格买入,3.49,200,698.00,0.50,0.00
2022-02-11,农业银行,网格买入,2.04,400,816.00,0.50,0.00
2022-02-11,中国银行,网格卖出,2.15,400,860.00,0.93,0.00
2022-02-11,建设银行,网格买入,4.56,100,456.00,0.50,0.00
2022-02-11,建设银行,网格卖出,4.63,100,463.00,0.73,0.00
2022-02-11,邮储银行,网格卖出,4.82,200,964.00,0.98,0.00
2022-02-11,邮储银行,网格卖出,4.89,100,489.00,0.74,0.00
2022-02-14,工商银行,网格买入,3.47,300,1041.00,0.50,0.00
2022-02-14,工商银行,网格买入,3.45,300,1035.00,0.50,0.00
2022-02-14,工商银行,网格买入,3.43,400,1372.00,0.50,0.00
2022-02-14,工商银行,网格卖出,3.5,500,1750.00,1.38,0.00
2022-02-14,农业银行,网格买入,2.03,400,812.00,0.50,0.00
2022-02-14,农业银行,网格买入,2.02,500,1010.00,0.50,0.00
2022-02-14,农业银行,网格买入,2.01,600,1206.00,0.50,0.00
2022-02-14,农业银行,网格卖出,2.06,700,1442.00,1.22,0.00
2022-02-14,中国银行,网格买入,2.14,300,642.00,0.50,0.00
2022-02-14,中国银行,网格买入,2.13,400,852.00,0.50,0.00
2022-02-14,中国银行,网格买入,2.12,500,1060.00,0.50,0.00
2022-02-14,中国银行,网格买入,2.11,600,1266.00,0.50,0.00
2022-02-14,中国银行,网格卖出,2.15,700,1505.00,1.25,0.00
2022-02-14,建设银行,网格买入,4.61,100,461.00,0.50,0.00
2022-02-14,建设银行,网格买入,4.59,100,459.00,0.50,0.00
2022-02-14,建设银行,网格买入,4.57,200,914.00,0.50,0.00
2022-02-14,建设银行,网格买入,4.55,200,910.00,0.50,0.00
2022-02-14,建设银行,网格买入,4.53,200,906.00,0.50,0.00
2022-02-14,建设银行,网格卖出,4.61,300,1383.00,1.19,0.00
2022-02-14,交通银行,网格买入,3.31,200,662.00,0.50,0.00
2022-02-14,交通银行,网格买入,3.29,200,658.00,0.50,0.00
2022-02-14,交通银行,网格买入,3.27,200,654.00,0.50,0.00
2022-02-14,交通银行,网格卖出,3.37,300,1011.00,1.01,0.00
2022-02-14,邮储银行,网格买入,4.87,100,487.00,0.50,0.00
2022-02-14,邮储银行,网格买入,4.85,100,485.00,0.50,0.00
2022-02-14,邮储银行,网格买入,4.83,100,483.00,0.50,0.00
2022-02-14,邮储银行,网格买入,4.81,200,962.00,0.50,0.00
2022-02-14,邮储银行,网格买入,4.79,200,958.00,0.50,0.00
2022-02-14,邮储银行,网格卖出,4.87,200,974.00,0.99,0.00
2022-02-15,工商银行,网格买入,3.44,400,1376.00,0.50,0.00
2022-02-15,工商银行,网格买入,3.42,400,1368.00,0.50,0.00
2022-02-15,工商银行,网格买入,3.4,500,1700.00,0.50,0.00
2022-02-15,工商银行,网格卖出,3.45,600,2070.00,1.53,0.00
2022-02-15,农业银行,网格买入,2.02,600,1212.00,0.50,0.00
2022-02-15,农业银行,网格买入,2.01,700,1407.00,0.50,0.00
2022-02-15,建设银行,网格买入,4.53,200,906.00,0.50,0.00
2022-02-28,工商银行,再平衡卖出,3.31,700,2317.00,1.66,0.00
2022-02-28,农业银行,再平衡卖出,1.96,1300,2548.00,1.77,0.00
2022-02-28,中国银行,再平衡买入,2.06,200,412.00,0.50,0.00
2022-02-28,建设银行,再平衡买入,4.29,100,429.00,0.50,0.00
2022-02-28,交通银行,再平衡买入,3.14,800,2512.00,0.50,0.00
2022-02-28,邮储银行,再平衡买入,4.43,300,1329.00,0.50,0.00
2022-03-01,建设银行,网格卖出,4.35,300,1305.00,1.15,0.00
2022-03-01,交通银行,网格卖出,3.19,400,1276.00,1.14,0.00
2022-03-01,邮储银行,网格买入,4.37,300,1311.00,0.50,0.00
2022-03-01,邮储银行,网格卖出,4.44,300,1332.00,1.17,0.00
2022-03-01,邮储银行,网格卖出,4.51,300,1353.00,1.18,0.00
2022-03-02,中国银行,网格卖出,2.09,600,1254.00,1.13,0.00
2022-03-02,建设银行,网格买入,4.33,200,866.00,0.50,0.00
2022-03-02,交通银行,网格卖出,3.24,300,972.00,0.99,0.00
2022-03-02,邮储银行,网格买入,4.47,200,894.00,0.50,0.00
2022-03-02,邮储银行,网格卖出,4.54,200,908.00,0.95,0.00
2022-03-03,工商银行,网格卖出,3.36,400,1344.00,1.17,0.00
2022-03-03,农业银行,网格卖出,1.99,600,1194.00,1.10,0.00
2022-03-03,建设银行,网格卖出,4.39,300,1317.00,1.16,0.00
2022-03-03,交通银行,网格卖出,3.29,200,658.00,0.83,0.00
2022-03-03,邮储银行,网格卖出,4.61,200,922.00,0.96,0.00
2022-03-04,工商银行,网格买入,3.34,300,1002.00,0.50,0.00
2022-03-04,工商银行,网格买入,3.32,300,996.00,0.50,0.00
2022-03-04,工商银行,网格卖出,3.38,400,1352.00,1.18,0.00
2022-03-04,农业银行,网格买入,1.98,500,990.00,0.50,0.00
2022-03-04,农业银行,网格买入,1.97,600,1182.00,0.50,0.00
2022-03-04,建设银行,网格买入,4.37,200,874.00,0.50,0.00
2022-03-04,建设银行,网格买入,4.35,200,870.00,0.50,0.00
2022-03-04,建设银行,网格买入,4.33,300,1299.00,0.50,0.00
2022-03-04,建设银行,网格卖出,4.41,300,1323.00,1.16,0.00
2022-03-04,交通银行,网格买入,3.26,200,652.00,0.50,0.00
2022-03-04,交通银行,网格买入,3.24,200,648.00,0.50,0.00
2022-03-04,交通银行,网格买入,3.22,300,966.00,0.50,0.00
2022-03-04,交通银行,网格卖出,3.27,300,981.00,0.99,0.00
2022-03-04,邮储银行,网格买入,4.59,200,918.00,0.50,0.00
2022-03-04,邮储银行,网格买入,4.57,200,914.00,0.50,0.00
2022-03-04,邮储银行,网格买入,4.55,200,910.00,0.50,0.00
2022-03-04,邮储银行,网格买入,4.53,300,1359.00,0.50,0.00
2022-03-04,邮储银行,网格卖出,4.62,300,1386.00,1.19,0.00
2022-03-07,工商银行,网格买入,3.35,300,1005.00,0.50,0.00
2022-03-07,工商银行,网格买入,3.33,400,1332.00,0.50,0.00
2022-03-07,邮储银行,网格卖出,4.69,300,1407.00,1.20,0.00
2022-03-08,农业银行,网格买入,1.95,700,1365.00,0.50,0.00
2022-03-22,中国银行,网格卖出,2.12,500,1060.00,1.03,0.00
2022-03-22,交通银行,网格买入,3.21,300,963.00,0.50,0.00
2022-03-22,交通银行,网格卖出,3.26,300,978.00,0.99,0.00
2022-03-22,邮储银行,网格买入,3.98,200,796.00,0.50,0.00
2022-03-22,邮储银行,网格卖出,4.04,300,1212.00,1.11,0.00
2022-03-22,邮储银行,网格卖出,4.1,200,820.00,0.91,0.00
2022-03-23,工商银行,网格买入,3.23,500,1615.00,0.50,0.00
2022-03-23,中国银行,网格买入,2.11,400,844.00,0.50,0.00
2022-03-24,邮储银行,网格卖出,4.16,200,832.00,0.92,0.00
2022-03-25,工商银行,网格卖出,3.28,600,1968.00,1.48,0.00
2022-03-25,中国银行,网格买入,2.1,400,840.00,0.50,0.00
2022-03-25,中国银行,网格买入,2.09,500,1045.00,0.50,0.00
2022-03-25,中国银行,网格卖出,2.12,600,1272.00,1.14,0.00
2022-03-25,建设银行,网格买入,4.32,300,1296.00,0.50,0.00
2022-03-25,邮储银行,网格买入,4.13,100,413.00,0.50,0.00
2022-03-25,邮储银行,网格买入,4.11,100,411.00,0.50,0.00
2022-03-28,工商银行,网格卖出,3.33,400,1332.00,1.17,0.00
2022-03-28,农业银行,网格卖出,1.98,800,1584.00,1.29,0.00
2022-03-28,中国银行,网格买入,2.1,500,1050.00,0.50,0.00
2022-03-28,中国银行,网格买入,2.09,600,1254.00,0.50,0.00
2022-03-28,中国银行,网格卖出,2.12,700,1484.00,1.24,0.00
2022-03-28,建设银行,网格买入,4.3,300,1290.00,0.50,0.00
2022-03-28,建设银行,网格卖出,4.36,400,1744.00,1.37,0.00
2022-03-28,建设银行,网格卖出,4.43,300,1329.00,1.16,0.00
2022-03-28,交通银行,网格买入,3.24,300,972.00,0.50,0.00
2022-03-28,交通银行,网格卖出,3.29,300,987.00,0.99,0.00
2022-03-28,交通银行,网格卖出,3.34,300,1002.00,1.00,0.00
2022-03-28,邮储银行,网格买入,4,200,800.00,0.50,0.00
2022-03-28,邮储银行,网格买入,3.98,200,796.00,0.50,0.00
2022-03-28,邮储银行,网格卖出,4.04,200,808.00,0.90,0.00
2022-03-28,邮储银行,网格卖出,4.1,200,820.00,0.91,0.00
2022-03-29,建设银行,网格买入,4.41,300,1323.00,0.50,0.00
2022-03-29,建设银行,网格卖出,4.48,300,1344.00,1.17,0.00
2022-03-29,交通银行,网格买入,3.32,200,664.00,0.50,0.00
2022-03-29,交通银行,网格卖出,3.37,300,1011.00,1.01,0.00
2022-03-29,邮储银行,网格卖出,4.16,200,832.00,0.92,0.00
2022-03-30,工商银行,网格买入,3.31,400,1324.00,0.50,0.00
2022-03-30,工商银行,网格卖出,3.37,400,1348.00,1.17,0.00
2022-03-30,农业银行,网格卖出,2.02,700,1414.00,1.21,0.00
2022-03-30,中国银行,网格卖出,2.16,600,1296.00,1.15,0.00
2022-03-30,建设银行,网格买入,4.46,300,1338.00,0.50,0.00
2022-03-30,建设银行,网格买入,4.44,300,1332.00,0.50,0.00
2022-03-30,邮储银行,网格卖出,4.22,100,422.00,0.71,0.00
2022-03-31,工商银行,网格买入,3.35,400,1340.00,0.50,0.00
2022-03-31,工商银行,网格买入,3.33,400,1332.00,0.50,0.00
2022-03-31,工商银行,网格卖出,3.38,500,1690.00,1.34,0.00
2022-03-31,农业银行,网格卖出,2.05,500,1025.00,1.01,0.00
2022-03-31,中国银行,网格卖出,2.19,500,1095.00,1.05,0.00
2022-03-31,中国银行,网格卖出,2.22,400,888.00,0.94,0.00
2022-03-31,建设银行,网格卖出,4.51,400,1804.00,1.40,0.00
2022-03-31,交通银行,网格卖出,3.42,200,684.00,0.84,0.00
2022-03-31,邮储银行,网格买入,4.15,100,415.00,0.50,0.00
2022-03-31,邮储银行,网格买入,4.13,100,413.00,0.50,0.00
2022-03-31,邮储银行,网格买入,4.11,100,411.00,0.50,0.00
2022-03-31,邮储银行,网格买入,4.09,200,818.00,0.50,0.00
2022-03-31,邮储银行,网格卖出,4.15,200,830.00,0.92,0.00
2022-03-31,邮储银行,网格卖出,4.21,200,842.00,0.92,0.00
2022-03-31,邮储银行,网格卖出,4.27,100,427.00,0.71,0.00
2022-03-31,工商银行,再平衡卖出,3.42,300,1026.00,1.01,0.00
2022-03-31,建设银行,再平衡卖出,4.55,100,455.00,0.73,0.00
2022-03-31,农业银行,再平衡买入,2.06,900,1854.00,0.50,0.00
2022-03-31,中国银行,再平衡买入,2.23,1400,3122.00,0.50,0.00
2022-03-31,交通银行,再平衡买入,3.47,1000,3470.00,0.50,0.00
2022-03-31,邮储银行,再平衡买入,4.24,1000,4240.00,0.50,0.00
2022-04-01,邮储银行,网格卖出,4.3,300,1290.00,1.15,0.00
2022-04-01,邮储银行,网格卖出,4.36,200,872.00,0.94,0.00
2022-04-01,邮储银行,网格卖出,4.43,200,886.00,0.94,0.00
2022-04-01,邮储银行,网格卖出,4.5,200,900.00,0.95,0.00
2022-04-06,工商银行,网格卖出,3.47,400,1388.00,1.19,0.00
2022-04-06,农业银行,网格买入,2.05,600,1230.00,0.50,0.00
2022-04-06,农业银行,网格卖出,2.08,700,1456.00,1.23,0.00
2022-04-06,中国银行,网格卖出,2.26,600,1356.00,1.18,0.00
2022-04-06,建设银行,网格买入,4.53,300,1359.00,0.50,0.00
2022-04-06,建设银行,网格卖出,4.6,300,1380.00,1.19,0.00
2022-04-06,交通银行,网格买入,3.45,400,1380.00,0.50,0.00
2022-04-06,交通银行,网格卖出,3.5,400,1400.00,1.20,0.00
2022-04-06,邮储银行,网格买入,4.44,100,444.00,0.50,0.00
2022-04-06,邮储银行,网格买入,4.42,100,442.00,0.50,0.00
2022-04-06,邮储银行,网格卖出,4.49,200,898.00,0.95,0.00
2022-04-06,邮储银行,网格卖出,4.56,100,456.00,0.73,0.00
2022-04-07,工商银行,网格买入,3.45,300,1035.00,0.50,0.00
2022-04-07,工商银行,网格买入,3.43,300,1029.00,0.50,0.00
2022-04-07,工商银行,网格卖出,3.48,400,1392.00,1.20,0.00
2022-04-07,农业银行,网格买入,2.07,600,1242.00,0.50,0.00
2022-04-07,农业银行,网格买入,2.06,700,1442.00,0.50,0.00
2022-04-07,农业银行,网格买入,2.05,900,1845.00,0.50,0.00
2022-04-07,农业银行,网格卖出,2.08,1000,2080.00,1.54,0.00
2022-04-07,中国银行,网格买入,2.25,400,900.00,0.50,0.00
2022-04-07,中国银行,网格买入,2.24,500,1120.00,0.50,0.00
2022-04-07,中国银行,网格买入,2.23,600,1338.00,0.50,0.00
2022-04-07,中国银行,网格卖出,2.26,700,1582.00,1.29,0.00
2022-04-07,建设银行,网格买入,4.58,300,1374.00,0.50,0.00
2022-04-07,邮储银行,网格买入,4.53,100,453.00,0.50,0.00
2022-04-07,邮储银行,网格卖出,4.6,100,460.00,0.73,0.00
2022-04-08,工商银行,网格买入,3.46,300,1038.00,0.50,0.00
2022-04-12,交通银行,网格卖出,3.55,400,1420.00,1.21,0.00
2022-04-12,邮储银行,网格买入,4.54,100,454.00,0.50,0.00
2022-04-12,邮储银行,网格买入,4.52,100,452.00,0.50,0.00
2022-04-12,邮储银行,网格买入,4.5,100,450.00,0.50,0.00
2022-04-12,邮储银行,网格卖出,4.57,200,914.00,0.96,0.00
2022-04-13,交通银行,网格买入,3.53,300,1059.00,0.50,0.00
2022-04-14,邮储银行,网格卖出,4.64,100,464.00,0.73,0.00
2022-04-15,邮储银行,网格买入,4.37,100,437.00,0.50,0.00
2022-04-15,邮储银行,网格卖出,4.44,100,444.00,0.72,0.00
2022-04-15,邮储银行,网格卖出,4.51,100,451.00,0.73,0.00
2022-04-15,邮储银行,网格卖出,4.58,100,458.00,0.73,0.00
2022-04-18,工商银行,网格买入,3.4,400,1360.00,0.50,0.00
2022-04-21,工商银行,网格卖出,3.45,500,1725.00,1.36,0.00
2022-04-21,农业银行,网格买入,2.04,800,1632.00,0.50,0.00
2022-04-22,农业银行,网格卖出,2.07,1000,2070.00,1.53,0.00
2022-04-22,中国银行,网格买入,2.22,600,1332.00,0.50,0.00
2022-04-22,中国银行,网格卖出,2.25,700,1575.00,1.29,0.00
2022-04-22,建设银行,网格买入,4.37,300,1311.00,0.50,0.00
2022-04-22,建设银行,网格卖出,4.44,400,1776.00,1.39,0.00
2022-04-22,建设银行,网格卖出,4.51,300,1353.00,1.18,0.00
2022-04-22,交通银行,网格买入,3.44,300,1032.00,0.50,0.00
2022-04-22,交通银行,网格卖出,3.49,400,1396.00,1.20,0.00
2022-04-22,交通银行,网格卖出,3.54,300,1062.00,1.03,0.00
2022-04-22,邮储银行,网格买入,4.28,100,428.00,0.50,0.00
2022-04-22,邮储银行,网格卖出,4.34,100,434.00,0.72,0.00
2022-04-22,邮储银行,网格卖出,4.41,100,441.00,0.72,0.00
2022-04-25,工商银行,网格买入,3.43,400,1372.00,0.50,0.00
2022-04-25,工商银行,网格买入,3.41,400,1364.00,0.50,0.00
2022-04-25,工商银行,网格卖出,3.47,500,1735.00,1.37,0.00
2022-04-25,农业银行,网格买入,2.06,800,1648.00,0.50,0.00
2022-04-25,农业银行,网格买入,2.05,1000,2050.00,0.50,0.00
2022-04-25,中国银行,网格买入,2.24,600,1344.00,0.50,0.00
2022-04-25,中国银行,网格卖出,2.27,700,1589.00,1.29,0.00
2022-04-25,建设银行,网格买入,4.45,300,1335.00,0.50,0.00
2022-04-29,工商银行,再平衡卖出,3.43,300,1029.00,1.01,0.00
2022-04-29,农业银行,再平衡卖出,2.04,2700,5508.00,3.25,0.00
2022-04-29,建设银行,再平衡卖出,4.33,100,433.00,0.72,0.00
2022-04-29,中国银行,再平衡买入,2.19,100,219.00,0.50,0.00
2022-04-29,交通银行,再平衡买入,3.44,500,1720.00,0.50,0.00
2022-05-05,工商银行,网格买入,3.41,400,1364.00,0.50,0.00
2022-05-05,工商银行,网格买入,3.39,400,1356.00,0.50,0.00
2022-05-05,工商银行,网格买入,3.37,500,1685.00,0.50,0.00
2022-05-05,工商银行,网格卖出,3.43,600,2058.00,1.53,0.00
2022-05-05,农业银行,网格买入,2.03,600,1218.00,0.50,0.00
2022-05-05,农业银行,网格卖出,2.06,700,1442.00,1.22,0.00
2022-05-05,中国银行,网格买入,2.18,600,1308.00,0.50,0.00
2022-05-05,中国银行,网格买入,2.17,700,1519.00,0.50,0.00
2022-05-05,中国银行,网格卖出,2.2,800,1760.00,1.38,0.00
2022-05-05,建设银行,网格买入,4.31,300,1293.00,0.50,0.00
2022-05-31,工商银行,再平衡卖出,3.31,600,1986.00,1.49,0.00
2022-05-31,中国银行,再平衡卖出,2.15,500,1075.00,1.04,0.00
2022-05-31,建设银行,再平衡卖出,4.24,400,1696.00,1.35,0.00
2022-05-31,农业银行,再平衡买入,2.01,100,201.00,0.50,0.00
2022-05-31,交通银行,再平衡买入,3.27,100,327.00,0.50,0.00
2022-06-01,工商银行,网格买入,3.29,400,1316.00,0.50,0.00
2022-06-01,农业银行,网格买入,2,600,1200.00,0.50,0.00
2022-06-01,农业银行,网格买入,1.99,700,1393.00,0.50,0.00
2022-06-10,中国银行,网格卖出,2.18,600,1308.00,1.15,0.00
2022-06-10,建设银行,网格买入,4.22,300,1266.00,0.50,0.00
2022-06-10,交通银行,网格卖出,3.32,400,1328.00,1.16,0.00
2022-06-10,交通银行,网格卖出,3.37,300,1011.00,1.01,0.00
2022-06-13,农业银行,网格买入,1.98,900,1782.00,0.50,0.00
2022-06-13,中国银行,网格买入,2.17,500,1085.00,0.50,0.00
2022-06-13,交通银行,网格买入,3.35,200,670.00,0.50,0.00
2022-06-14,工商银行,网格卖出,3.34,500,1670.00,1.33,0.00
2022-06-14,中国银行,网格买入,2.16,600,1296.00,0.50,0.00
2022-06-14,建设银行,网格卖出,4.28,300,1284.00,1.14,0.00
2022-06-14,交通银行,网格买入,3.27,300,981.00,0.50,0.00
2022-06-14,交通银行,网格卖出,3.32,300,996.00,1.00,0.00
2022-06-15,工商银行,网格卖出,3.39,400,1356.00,1.18,0.00
2022-06-15,农业银行,网格卖出,2.01,1100,2211.00,1.61,0.00
2022-06-15,中国银行,网格卖出,2.19,700,1533.00,1.27,0.00
2022-06-15,建设银行,网格买入,4.26,300,1278.00,0.50,0.00
2022-06-15,建设银行,网格卖出,4.32,300,1296.00,1.15,0.00
2022-06-15,交通银行,网格卖出,3.37,300,1011.00,1.01,0.00
2022-06-15,交通银行,网格卖出,3.42,200,684.00,0.84,0.00
2022-06-16,工商银行,网格买入,3.37,300,1011.00,0.50,0.00
2022-06-16,工商银行,网格买入,3.35,300,1005.00,0.50,0.00
2022-06-16,农业银行,网格买入,2,800,1600.00,0.50,0.00
2022-06-16,农业银行,网格买入,1.99,1000,1990.00,0.50,0.00
2022-06-16,农业银行,网格买入,1.98,1200,2376.00,0.50,0.00
2022-06-16,农业银行,网格卖出,2.02,1400,2828.00,1.91,0.00
2022-06-16,中国银行,网格买入,2.18,500,1090.00,0.50,0.00
2022-06-16,建设银行,网格买入,4.3,300,1290.00,0.50,0.00
2022-06-16,交通银行,网格买入,3.37,200,674.00,0.50,0.00
2022-06-21,工商银行,网格卖出,3.4,400,1360.00,1.18,0.00
2022-06-21,中国银行,网格买入,2.17,600,1302.00,0.50,0.00
2022-06-21,中国银行,网格卖出,2.2,800,1760.00,1.38,0.00
2022-06-21,建设银行,网格买入,4.25,300,1275.00,0.50,0.00
2022-06-21,交通银行,网格买入,3.32,200,664.00,0.50,0.00
2022-06-21,交通银行,网格卖出,3.37,300,1011.00,1.01,0.00
2022-06-22,建设银行,网格卖出,4.31,400,1724.00,1.36,0.00
2022-06-22,交通银行,网格买入,3.35,200,670.00,0.50,0.00
2022-06-22,交通银行,网格买入,3.33,200,666.00,0.50,0.00
2022-06-23,中国银行,网格买入,2.19,600,1314.00,0.50,0.00
2022-06-30,中国银行,网格卖出,2.22,700,1554.00,1.28,0.00
2022-06-30,农业银行,再平衡卖出,2,2700,5400.00,3.20,0.00
2022-06-30,中国银行,再平衡卖出,2.22,100,222.00,0.61,0.00
2022-06-30,建设银行,再平衡卖出,4.32,100,432.00,0.72,0.00
2022-06-30,工商银行,再平衡买入,3.42,200,684.00,0.50,0.00
2022-06-30,交通银行,再平衡买入,3.34,500,1670.00,0.50,0.00
2022-07-01,工商银行,网格买入,3.4,400,1360.00,0.50,0.00
2022-07-01,农业银行,网格买入,1.99,600,1194.00,0.50,0.00
2022-07-04,中国银行,网格卖出,2.25,600,1350.00,1.18,0.00
2022-07-05,工商银行,网格卖出,3.45,400,1380.00,1.19,0.00
2022-07-05,建设银行,网格卖出,4.38,300,1314.00,1.16,0.00
2022-07-06,工商银行,网格买入,3.43,400,1372.00,0.50,0.00
2022-07-06,工商银行,网格买入,3.41,400,1364.00,0.50,0.00
2022-07-06,建设银行,网格买入,4.36,200,872.00,0.50,0.00
2022-07-06,建设银行,网格买入,4.34,300,1302.00,0.50,0.00
2022-07-06,建设银行,网格买入,4.32,300,1296.00,0.50,0.00
2022-07-08,建设银行,分红,0.364,2000,728.00,0.00,0.00
2022-07-08,交通银行,网格买入,3.32,400,1328.00,0.50,0.00
2022-07-11,农业银行,网格卖出,2.02,700,1414.00,1.21,0.00
2022-07-11,中国银行,网格卖出,2.28,400,912.00,0.96,0.00
2022-07-11,建设银行,网格卖出,4.38,400,1752.00,1.38,18.20
2022-07-12,工商银行,分红,0.2933,2600,762.58,0.00,0.00
2022-07-12,交通银行,分红,0.355,2300,816.50,0.00,0.00
2022-07-12,邮储银行,分红,0.2474,200,49.48,0.00,0.00
2022-07-12,工商银行,网格卖出,3.46,500,1730.00,1.36,14.66
2022-07-12,交通银行,网格卖出,3.37,500,1685.00,1.34,31.95
2022-07-13,工商银行,网格买入,3.44,400,1376.00,0.50,0.00
2022-07-13,工商银行,网格买入,3.42,500,1710.00,0.50,0.00
2022-07-13,工商银行,网格买入,3.4,600,2040.00,0.50,0.00
2022-07-13,工商银行,网格买入,3.38,700,2366.00,0.50,0.00
2022-07-13,工商银行,网格卖出,3.45,900,3105.00,2.05,49.86
2022-07-13,农业银行,网格买入,2.01,600,1206.00,0.50,0.00
2022-07-13,农业银行,网格买入,2,700,1400.00,0.50,0.00
2022-07-13,农业银行,网格买入,1.99,900,1791.00,0.50,0.00
2022-07-13,农业银行,网格卖出,2.02,1000,2020.00,1.51,0.00
2022-07-13,中国银行,网格买入,2.27,400,908.00,0.50,0.00
2022-07-13,中国银行,网格买入,2.26,400,904.00,0.50,0.00
2022-07-13,中国银行,网格卖出,2.29,500,1145.00,1.07,0.00
2022-07-13,建设银行,网格买入,4.36,300,1308.00,0.50,0.00
2022-07-15,农业银行,分红,0.2068,4200,868.56,0.00,0.00
2022-07-15,中国银行,分红,0.221,2100,464.10,0.00,0.00
2022-07-15,农业银行,网格买入,1.97,800,1576.00,0.50,0.00
2022-07-19,农业银行,网格卖出,2,1000,2000.00,1.50,20.68
2022-07-19,中国银行,网格买入,2.21,400,884.00,0.50,0.00
2022-07-20,农业银行,网格卖出,2.04,800,1632.00,1.32,24.82
2022-07-20,中国银行,网格卖出,2.24,500,1120.00,1.06,19.89
2022-07-20,建设银行,网格买入,4.21,400,1684.00,0.50,0.00
2022-07-20,建设银行,网格卖出,4.27,500,2135.00,1.57,18.20
2022-07-20,交通银行,网格买入,3.3,400,1320.00,0.50,0.00
2022-07-21,工商银行,网格买入,3.39,700,2373.00,0.50,0.00
2022-07-21,中国银行,网格卖出,2.27,400,908.00,0.95,17.68
2022-07-22,农业银行,网格买入,2.02,600,1212.00,0.50,0.00
2022-07-22,交通银行,网格卖出,3.35,400,1340.00,1.17,14.20
2022-07-25,中国银行,网格买入,2.26,300,678.00,0.50,0.00
2022-07-26,农业银行,网格卖出,2.05,800,1640.00,1.32,33.09
2022-07-26,中国银行,网格卖出,2.29,400,916.00,0.96,8.84
2022-07-26,建设银行,网格买入,4.25,400,1700.00,0.50,0.00
2022-07-27,农业银行,网格买入,2.04,600,1224.00,0.50,0.00
2022-07-29,工商银行,再平衡卖出,3.32,2000,6640.00,3.89,70.39
2022-07-29,农业银行,再平衡卖出,2.04,300,612.00,0.81,12.41
2022-07-29,建设银行,再平衡卖出,4.19,600,2514.00,1.76,32.76
2022-07-29,中国银行,再平衡买入,2.24,1500,3360.00,0.50,0.00
2022-07-29,交通银行,再平衡买入,3.34,200,668.00,0.50,0.00
2022-07-29,邮储银行,再平衡买入,3.79,1600,6064.00,0.52,0.00
2022-08-31,工商银行,再平衡卖出,3.32,100,332.00,0.67,0.00
2022-08-31,邮储银行,再平衡买入,3.61,100,361.00,0.50,0.00
2022-09-09,中国银行,网格卖出,2.25,600,1350.00,1.18,13.26
2022-09-09,交通银行,网格卖出,3.35,400,1340.00,1.17,14.20
2022-09-09,邮储银行,网格买入,3.57,400,1428.00,0.50,0.00
2022-09-09,邮储银行,网格卖出,3.62,500,1810.00,1.41,4.95
2022-09-13,工商银行,网格买入,3.3,400,1320.00,0.50,0.00
2022-09-13,农业银行,网格买入,2.03,700,1421.00,0.50,0.00
2022-09-13,邮储银行,网格卖出,3.67,400,1468.00,1.23,0.00
2022-09-13,邮储银行,网格卖出,3.73,300,1119.00,1.06,0.00
2022-09-14,邮储银行,网格买入,3.66,200,732.00,0.50,0.00
2022-09-14,邮储银行,网格买入,3.64,300,1092.00,0.50,0.00
2022-09-14,邮储银行,网格买入,3.62,300,1086.00,0.50,0.00
2022-09-14,邮储银行,网格卖出,3.67,400,1468.00,1.23,0.00
2022-09-15,邮储银行,网格卖出,3.73,300,1119.00,1.06,0.00
2022-09-16,农业银行,网格卖出,2.06,800,1648.00,1.32,16.54
2022-09-16,中国银行,网格买入,2.24,500,1120.00,0.50,0.00
2022-09-16,中国银行,网格卖出,2.28,600,1368.00,1.18,4.42
2022-09-16,交通银行,网格买入,3.33,300,999.00,0.50,0.00
2022-09-16,邮储银行,网格买入,3.69,200,738.00,0.50,0.00
2022-09-16,邮储银行,网格买入,3.67,300,1101.00,0.50,0.00
2022-09-16,邮储银行,网格买入,3.65,300,1095.00,0.50,0.00
2022-09-23,工商银行,网格卖出,3.35,500,1675.00,1.34,0.00
2022-09-23,农业银行,网格买入,2.05,600,1230.00,0.50,0.00
2022-09-23,建设银行,网格卖出,4.2,300,1260.00,1.13,10.92
2022-09-23,邮储银行,网格卖出,3.7,400,1480.00,1.24,0.00
2022-09-26,工商银行,网格买入,3.33,400,1332.00,0.50,0.00
2022-09-26,工商银行,网格买入,3.31,500,1655.00,0.50,0.00
2022-09-30,工商银行,再平衡卖出,3.29,800,2632.00,1.82,0.00
2022-09-30,农业银行,再平衡卖出,2.05,500,1025.00,1.01,10.34
2022-09-30,中国银行,再平衡买入,2.27,700,1589.00,0.50,0.00
2022-09-30,建设银行,再平衡买入,4.14,300,1242.00,0.50,0.00
2022-09-30,交通银行,再平衡买入,3.34,100,334.00,0.50,0.00
2022-09-30,邮储银行,再平衡买入,3.56,300,1068.00,0.50,0.00
2022-10-12,工商银行,网格卖出,3.34,400,1336.00,1.17,0.00
2022-10-12,农业银行,网格买入,2.04,700,1428.00,0.50,0.00
2022-10-31,农业银行,再平衡卖出,1.95,800,1560.00,1.28,0.00
2022-10-31,中国银行,再平衡卖出,2.19,100,219.00,0.61,0.00
2022-10-31,工商银行,再平衡买入,3.09,400,1236.00,0.50,0.00
2022-10-31,邮储银行,再平衡买入,2.98,200,596.00,0.50,0.00
2022-11-01,邮储银行,网格卖出,3.02,400,1208.00,1.10,0.00
2022-11-02,工商银行,网格买入,2.99,400,1196.00,0.50,0.00
2022-11-02,邮储银行,网格卖出,3.07,300,921.00,0.96,0.00
2022-11-03,邮储银行,网格买入,3.05,300,915.00,0.50,0.00
2022-11-04,工商银行,网格卖出,3.03,500,1515.00,1.26,0.00
2022-11-04,农业银行,网格买入,1.92,600,1152.00,0.50,0.00
2022-11-04,交通银行,网格卖出,3.22,400,1288.00,1.14,14.20
2022-11-04,邮储银行,网格买入,3.03,300,909.00,0.50,0.00
2022-11-04,邮储银行,网格卖出,3.08,400,1232.00,1.12,0.00
2022-11-04,邮储银行,网格卖出,3.13,300,939.00,0.97,0.00
2022-11-07,工商银行,网格买入,3.01,400,1204.00,0.50,0.00
2022-11-07,建设银行,网格买入,3.9,300,1170.00,0.50,0.00
2022-11-07,邮储银行,网格卖出,3.18,300,954.00,0.98,0.00
2022-11-08,邮储银行,网格买入,3.16,200,632.00,0.50,0.00
2022-11-09,邮储银行,网格卖出,3.21,200,642.00,0.82,0.00
2022-11-10,农业银行,网格卖出,1.95,800,1560.00,1.28,0.00
2022-11-10,中国银行,网格卖出,2.22,600,1332.00,1.17,0.00
2022-11-10,建设银行,网格买入,3.88,400,1552.00,0.50,0.00
2022-11-10,建设银行,网格卖出,3.94,500,1970.00,1.48,7.28
2022-11-10,邮储银行,网格买入,3.14,200,628.00,0.50,0.00
2022-11-10,邮储银行,网格买入,3.12,200,624.00,0.50,0.00
2022-11-10,邮储银行,网格卖出,3.17,300,951.00,0.98,0.00
2022-11-11,工商银行,网格卖出,3.06,500,1530.00,1.27,0.00
2022-11-11,建设银行,网格卖出,4,400,1600.00,1.30,0.00
2022-11-11,交通银行,网格卖出,3.27,300,981.00,0.99,10.65
2022-11-11,邮储银行,网格卖出,3.25,200,650.00,0.82,0.00
2022-11-11,邮储银行,网格卖出,3.3,200,660.00,0.83,0.00
2022-11-11,邮储银行,网格卖出,3.35,100,335.00,0.67,0.00
2022-11-14,工商银行,网格卖出,3.11,400,1244.00,1.12,0.00
2022-11-14,农业银行,网格卖出,1.98,600,1188.00,1.09,0.00
2022-11-14,中国银行,网格卖出,2.25,500,1125.00,1.06,0.00
2022-11-14,交通银行,网格卖出,3.32,300,996.00,1.00,10.65
2022-11-14,邮储银行,网格卖出,3.4,100,340.00,0.67,0.00
2022-11-14,邮储银行,网格卖出,3.45,100,345.00,0.67,0.00
2022-11-15,工商银行,网格买入,3.09,300,927.00,0.50,0.00
2022-11-15,中国银行,网格买入,2.24,400,896.00,0.50,0.00
2022-11-15,交通银行,网格买入,3.3,200,660.00,0.50,0.00
2022-11-15,邮储银行,网格买入,3.4,100,340.00,0.50,0.00
2022-11-15,邮储银行,网格买入,3.38,100,338.00,0.50,0.00
2022-11-15,邮储银行,网格买入,3.36,100,336.00,0.50,0.00
2022-11-15,邮储银行,网格卖出,3.41,100,341.00,0.67,0.00
2022-11-16,邮储银行,网格买入,3.39,100,339.00,0.50,0.00
2022-11-16,邮储银行,网格买入,3.37,100,337.00,0.50,0.00
2022-11-16,邮储银行,网格买入,3.35,200,670.00,0.50,0.00
2022-11-16,邮储银行,网格买入,3.33,200,666.00,0.50,0.00
2022-11-16,邮储银行,网格卖出,3.41,200,682.00,0.84,0.00
2022-11-17,农业银行,网格买入,1.97,500,985.00,0.50,0.00
2022-11-17,中国银行,网格买入,2.23,400,892.00,0.50,0.00
2022-11-17,建设银行,网格买入,3.98,300,1194.00,0.50,0.00
2022-11-17,建设银行,网格买入,3.96,300,1188.00,0.50,0.00
2022-11-17,邮储银行,网格买入,3.34,200,668.00,0.50,0.00
2022-11-17,邮储银行,网格买入,3.32,200,664.00,0.50,0.00
2022-11-18,建设银行,网格卖出,4.02,400,1608.00,1.30,0.00
2022-11-21,建设银行,网格买入,3.98,300,1194.00,0.50,0.00
2022-11-21,建设银行,网格买入,3.96,400,1584.00,0.50,0.00
2022-11-21,交通银行,网格买入,3.28,200,656.00,0.50,0.00
2022-11-21,邮储银行,网格买入,3.3,300,990.00,0.50,0.00
2022-11-21,邮储银行,网格买入,3.28,300,984.00,0.50,0.00
2022-11-21,邮储银行,网格买入,3.26,400,1304.00,0.50,0.00
2022-11-22,工商银行,网格卖出,3.14,300,942.00,0.97,0.00
2022-11-22,工商银行,网格卖出,3.19,300,957.00,0.98,0.00
2022-11-22,农业银行,网格卖出,2,600,1200.00,1.10,0.00
2022-11-22,建设银行,网格卖出,4.02,500,2010.00,1.50,0.00
2022-11-22,建设银行,网格卖出,4.08,400,1632.00,1.32,0.00
2022-11-22,交通银行,网格卖出,3.33,300,999.00,1.00,0.00
2022-11-22,邮储银行,网格卖出,3.31,500,1655.00,1.33,0.00
2022-11-22,邮储银行,网格卖出,3.36,400,1344.00,1.17,0.00
2022-11-22,邮储银行,网格卖出,3.41,300,1023.00,1.01,0.00
2022-11-22,邮储银行,网格卖出,3.46,200,692.00,0.85,0.00
2022-11-23,工商银行,网格买入,3.17,200,634.00,0.50,0.00
2022-11-23,工商银行,网格卖出,3.22,300,966.00,0.98,0.00
2022-11-23,农业银行,网格卖出,2.03,500,1015.00,1.01,0.00
2022-11-23,中国银行,网格卖出,2.26,500,1130.00,1.06,0.00
2022-11-23,建设银行,网格买入,4.05,300,1215.00,0.50,0.00
2022-11-23,建设银行,网格卖出,4.11,300,1233.00,1.12,0.00
2022-11-23,交通银行,网格卖出,3.38,200,676.00,0.84,0.00
2022-11-23,邮储银行,网格卖出,3.51,200,702.00,0.85,0.00
2022-11-23,邮储银行,网格卖出,3.56,200,712.00,0.86,0.00
2022-11-24,工商银行,网格买入,3.2,200,640.00,0.50,0.00
2022-11-24,工商银行,网格买入,3.18,200,636.00,0.50,0.00
2022-11-24,农业银行,网格买入,2.02,400,808.00,0.50,0.00
2022-11-24,建设银行,网格买入,4.09,300,1227.00,0.50,0.00
2022-11-24,建设银行,网格买入,4.07,300,1221.00,0.50,0.00
2022-11-24,交通银行,网格买入,3.36,200,672.00,0.50,0.00
2022-11-24,邮储银行,网格买入,3.54,100,354.00,0.50,0.00
2022-11-24,邮储银行,网格买入,3.52,100,352.00,0.50,0.00
2022-11-24,邮储银行,网格买入,3.5,200,700.00,0.50,0.00
2022-11-24,邮储银行,网格买入,3.48,200,696.00,0.50,0.00
2022-11-24,邮储银行,网格买入,3.46,200,692.00,0.50,0.00
2022-11-24,邮储银行,网格卖出,3.55,300,1065.00,1.03,0.00
2022-11-25,工商银行,网格卖出,3.23,300,969.00,0.98,0.00
2022-11-25,农业银行,网格卖出,2.05,400,820.00,0.91,0.00
2022-11-25,中国银行,网格卖出,2.29,400,916.00,0.96,0.00
2022-11-25,建设银行,网格卖出,4.13,400,1652.00,1.33,0.00
2022-11-25,建设银行,网格卖出,4.19,300,1257.00,1.13,0.00
2022-11-25,交通银行,网格卖出,3.41,200,682.00,0.84,0.00
2022-11-25,邮储银行,网格买入,3.45,200,690.00,0.50,0.00
2022-11-25,邮储银行,网格卖出,3.5,300,1050.00,1.02,0.00
2022-11-25,邮储银行,网格卖出,3.55,200,710.00,0.85,0.00
2022-11-28,工商银行,网格买入,3.21,200,642.00,0.50,0.00
2022-11-28,工商银行,网格买入,3.19,300,957.00,0.50,0.00
2022-11-28,工商银行,网格买入,3.17,300,951.00,0.50,0.00
2022-11-28,工商银行,网格卖出,3.23,400,1292.00,1.15,0.00
2022-11-28,农业银行,网格买入,2.04,400,816.00,0.50,0.00
2022-11-28,农业银行,网格买入,2.03,400,812.00,0.50,0.00
2022-11-28,农业银行,网格买入,2.02,500,1010.00,0.50,0.00
2022-11-28,中国银行,网格买入,2.28,300,684.00,0.50,0.00
2022-11-28,中国银行,网格买入,2.27,400,908.00,0.50,0.00
2022-11-28,建设银行,网格买入,4.14,300,1242.00,0.50,0.00
2022-11-28,建设银行,网格买入,4.12,300,1236.00,0.50,0.00
2022-11-28,建设银行,网格买入,4.1,400,1640.00,0.50,0.00
2022-11-28,建设银行,网格买入,4.08,500,2040.00,0.50,0.00
2022-11-28,建设银行,网格卖出,4.14,600,2484.00,1.74,0.00
2022-11-28,交通银行,网格买入,3.39,200,678.00,0.50,0.00
2022-11-28,交通银行,网格买入,3.37,200,674.00,0.50,0.00
2022-11-28,交通银行,网格卖出,3.42,300,1026.00,1.01,0.00
2022-11-28,邮储银行,网格买入,3.51,200,702.00,0.50,0.00
2022-11-28,邮储银行,网格买入,3.49,200,698.00,0.50,0.00
2022-11-28,邮储银行,网格买入,3.47,200,694.00,0.50,0.00
2022-11-28,邮储银行,网格买入,3.45,300,1035.00,0.50,0.00
2022-11-28,邮储银行,网格买入,3.43,300,1029.00,0.50,0.00
2022-11-28,邮储银行,网格卖出,3.51,400,1404.00,1.20,0.00
2022-11-29,工商银行,网格买入,3.19,300,957.00,0.50,0.00
2022-11-29,工商银行,网格卖出,3.24,400,1296.00,1.15,0.00
2022-11-29,农业银行,网格卖出,2.05,600,1230.00,1.11,0.00
2022-11-29,中国银行,网格卖出,2.3,500,1150.00,1.08,0.00
2022-11-29,建设银行,网格卖出,4.2,400,1680.00,1.34,0.00
2022-11-29,交通银行,网格卖出,3.47,200,694.00,0.85,0.00
2022-11-29,邮储银行,网格卖出,3.56,300,1068.00,1.03,0.00
2022-11-29,邮储银行,网格卖出,3.61,300,1083.00,1.04,0.00
2022-11-29,邮储银行,网格卖出,3.66,200,732.00,0.87,0.00
2022-11-30,工商银行,网格买入,3.22,300,966.00,0.50,0.00
2022-11-30,工商银行,网格卖出,3.27,300,981.00,0.99,0.00
2022-11-30,中国银行,网格卖出,2.33,400,932.00,0.97,0.00
2022-11-30,交通银行,网格买入,3.45,200,690.00,0.50,0.00
2022-11-30,邮储银行,网格买入,3.59,200,718.00,0.50,0.00
2022-11-30,邮储银行,网格买入,3.57,200,714.00,0.50,0.00
2022-11-30,邮储银行,网格买入,3.55,200,710.00,0.50,0.00
2022-11-30,邮储银行,网格卖出,3.6,300,1080.00,1.04,0.00
2022-11-30,建设银行,再平衡卖出,4.21,200,842.00,0.92,0.00
2022-11-30,工商银行,再平衡买入,3.24,700,2268.00,0.50,0.00
2022-11-30,农业银行,再平衡买入,2.07,800,1656.00,0.50,0.00
2022-11-30,中国银行,再平衡买入,2.33,1400,3262.00,0.50,0.00
2022-11-30,交通银行,再平衡买入,3.44,1000,3440.00,0.50,0.00
2022-11-30,邮储银行,再平衡买入,3.56,800,2848.00,0.50,0.00
2022-12-01,交通银行,网格卖出,3.49,400,1396.00,1.20,0.00
2022-12-01,邮储银行,网格卖出,3.62,400,1448.00,1.22,0.00
2022-12-02,工商银行,网格买入,3.19,400,1276.00,0.50,0.00
2022-12-02,工商银行,网格买入,3.17,500,1585.00,0.50,0.00
2022-12-05,工商银行,网格卖出,3.22,600,1932.00,1.47,0.00
2022-12-05,农业银行,网格买入,2.06,700,1442.00,0.50,0.00
2022-12-06,邮储银行,网格卖出,3.67,300,1101.00,1.05,0.00
2022-12-07,建设银行,网格卖出,4.27,300,1281.00,1.14,0.00
2022-12-07,交通银行,网格买入,3.47,300,1041.00,0.50,0.00
2022-12-07,邮储银行,网格买入,3.65,200,730.00,0.50,0.00
2022-12-07,邮储银行,网格买入,3.63,300,1089.00,0.50,0.00
2022-12-09,邮储银行,网格卖出,3.68,300,1104.00,1.05,0.00
2022-12-09,邮储银行,网格卖出,3.74,300,1122.00,1.06,0.00
2022-12-12,农业银行,网格买入,2.05,800,1640.00,0.50,0.00
2022-12-14,农业银行,网格卖出,2.09,1000,2090.00,1.54,0.00
2022-12-14,建设银行,网格买入,4.25,300,1275.00,0.50,0.00
2022-12-14,建设银行,网格买入,4.23,300,1269.00,0.50,0.00
2022-12-16,工商银行,再平衡卖出,3.23,300,969.00,0.98,0.00
2022-12-16,农业银行,再平衡卖出,2.09,500,1045.00,1.02,0.00
2022-12-16,建设银行,再平衡卖出,4.26,300,1278.00,1.14,0.00
2022-12-16,交通银行,再平衡买入,3.49,100,349.00,0.50,0.00
2022-12-16,邮储银行,再平衡买入,3.71,800,2968.00,0.50,0.00