Date,Open,Close,High,Low,Volume
2015-10-23,5583.82,5589.39,5594.25,5569.43,16364097
2015-10-26,5619.18,5603.94,5650.45,5593.24,16974651
2015-10-27,5593.95,5586.13,5597.6,5551.46,13051117
2015-10-28,5568.76,5553.84,5596.48,5551.16,13735812
2015-10-29,5547.28,5545.64,5566.45,5539.8,9912396
2015-10-30,5543.25,5557.36,5590.83,5542.32,11686805
2015-11-02,5528.58,5508.06,5553.74,5508.06,10806415
2015-11-03,5511.52,5484.39,5531.79,5477.8,11048845
2015-11-04,5490.42,5648.02,5657.09,5487.3,23117813
2015-11-05,5625.12,5784.05,5887.96,5619.27,49834924
2015-11-06,5752.97,5826.28,5832.77,5724.12,29298447
2015-11-09,5872.79,6026.12,6187.73,5872.79,59661765
2015-11-10,5956.09,5967.96,6048.35,5918.55,32941296
2015-11-11,5959.67,5884.01,5960.53,5829.13,22916912
2015-11-12,5902.22,5815.4,5905.14,5790.68,16568322
2015-11-13,5771.01,5771.06,5838.58,5765.39,14869615
2015-11-16,5714.76,5781.95,5788.38,5713.96,13471118
2015-11-17,5799.27,5801.3,5895.78,5793.7,21783512
2015-11-18,5809.37,5818.4,5898.16,5755.09,23048632
2015-11-19,5805.39,5883.84,5884.42,5805.39,16797316
2015-11-20,5877.65,5901.65,5941.46,5868.92,20690937
2015-11-23,5897.72,5895.74,5936.05,5871.03,16155205
2015-11-24,5876.83,5847.96,5881.7,5801.14,17610745
2015-11-25,5829.7,5878.57,5882.49,5787.97,18738589
2015-11-26,5883.06,5845.06,5905.26,5843.67,16638904
2015-11-27,5821.56,5632.49,5822.37,5597.14,19300912
2015-11-30,5634.65,5716.89,5740.83,5617.3,24037443
2015-12-01,5709.87,5679.21,5727.7,5625.15,17412060
2015-12-02,5667.2,5999.54,6014.4,5663.97,44198840
2015-12-03,5957.53,6019.09,6082.08,5902.89,56388572
2015-12-04,5957.57,5844.51,5963.93,5835.68,26290762
2015-12-07,5852.12,5870.4,5871.47,5824.38,13918576
2015-12-08,5837.07,5844.72,5887.6,5774.71,17040672
2015-12-09,5812.67,5839.05,5882.03,5812.56,13335787
2015-12-10,5833.53,5808.4,5922.36,5799.81,13614127
2015-12-11,5782.52,5749.26,5789.62,5707.94,13982535
2015-12-14,5700.69,5840.51,5853.46,5697.28,17752032
2015-12-15,5830.41,5767.5,5831.73,5757.51,11585674
2015-12-16,5780.89,5749.38,5791.49,5736.35,9502683
2015-12-17,5770.23,5806.15,5827.91,5761.02,15257523
2015-12-18,5791.35,5893.49,6068.47,5790.79,28903560
2015-12-21,5858.11,6098.37,6149.14,5854.89,38195885
2015-12-22,6068.98,6047.75,6110.94,6008.69,21191934
2015-12-23,6052.99,6052.6,6160.5,6013.23,27959389
2015-12-24,6051.8,6059.12,6086.33,5976.8,20273791
2015-12-25,6063.18,6083.23,6096.16,6048.74,12373915
2015-12-28,6081.73,5903.04,6087.43,5902.14,20027328
2015-12-29,5898.47,5961.55,5984.9,5882.63,12146604
2015-12-30,5947.9,5979.95,5980.6,5880.08,12158874
2015-12-31,5959.64,5962.16,5995.74,5906.0,15369045
2016-01-04,5941.02,5696.25,5941.4,5693.33,14153539
2016-01-05,5636.99,5734.88,5782.07,5623.39,18424364
2016-01-06,5724.39,5778.78,5782.33,5699.98,12553359
2016-01-07,5710.21,5548.55,5715.16,5538.53,4111963
2016-01-08,5632.6,5614.65,5697.71,5514.71,19408861
2016-01-11,5544.9,5427.46,5559.77,5427.46,19149317
2016-01-12,5461.49,5440.72,5487.83,5430.31,13104620
2016-01-13,5491.21,5399.98,5492.0,5394.71,11220301
2016-01-14,5309.27,5431.11,5442.35,5302.06,14840308
2016-01-15,5411.44,5330.28,5442.52,5305.65,12979124
2016-01-18,5264.1,5317.16,5367.32,5260.66,11474813
2016-01-19,5332.1,5397.55,5409.44,5292.46,11708160
2016-01-20,5364.93,5323.94,5380.53,5280.32,12526407
2016-01-21,5290.75,5247.09,5408.69,5247.09,13258195
2016-01-22,5293.19,5284.84,5306.32,5232.8,9771106
2016-01-25,5285.04,5293.26,5293.33,5252.25,8432864
2016-01-26,5259.12,5088.29,5268.66,5066.67,13766805
2016-01-27,5108.74,5103.78,5149.08,5043.43,15104290
2016-01-28,5091.73,5035.35,5104.56,4995.76,9926253
2016-01-29,5037.27,5136.12,5174.81,5032.7,13623111
2016-02-01,5132.27,5051.16,5143.67,5015.45,9655055
2016-02-02,5039.77,5095.07,5122.62,5039.21,8532566
2016-02-03,5050.74,5047.05,5063.0,5013.05,7715865
2016-02-04,5076.24,5105.62,5108.85,5061.38,7969252
2016-02-05,5107.96,5127.72,5132.04,5092.42,6775069
2016-02-15,5020.94,5084.76,5106.96,5013.93,7378142
2016-02-16,5101.78,5179.02,5187.88,5101.69,9940905
2016-02-17,5176.31,5195.0,5211.16,5164.4,10015978
2016-02-18,5205.62,5187.38,5221.08,5178.51,10075235
2016-02-19,5175.72,5151.39,5186.35,5136.74,8041321
2016-02-22,5185.39,5240.25,5256.44,5163.34,13900952
2016-02-23,5231.02,5179.24,5231.02,5151.93,9071860
2016-02-24,5161.54,5189.33,5191.62,5147.12,7208474
2016-02-25,5186.47,5029.66,5186.47,5016.94,16367299
2016-02-26,5047.69,5081.86,5101.66,5036.88,10099669
2016-02-29,5068.56,5098.81,5116.75,4975.9,17066599
2016-03-01,5089.07,5113.67,5136.4,5060.75,9869686
2016-03-02,5134.52,5222.43,5223.21,5119.07,17151209
2016-03-03,5218.21,5268.78,5270.33,5200.32,15214562
2016-03-04,5248.72,5492.91,5514.19,5240.23,43034223
2016-03-07,5462.84,5438.64,5483.26,5415.2,15392666
2016-03-08,5420.72,5477.21,5485.9,5288.72,16114490
2016-03-09,5388.31,5503.21,5504.9,5352.35,16714871
2016-03-10,5443.04,5386.78,5473.79,5382.88,9429426
2016-03-11,5364.12,5383.08,5383.08,5289.1,10986336
2016-03-14,5390.7,5353.2,5457.94,5342.42,14327274
2016-03-15,5365.4,5417.29,5430.12,5314.04,13371829
2016-03-16,5383.9,5552.27,5566.53,5378.81,30721951
2016-03-17,5533.47,5478.28,5557.62,5448.09,16318546
2016-03-18,5487.25,5476.01,5508.4,5450.96,22211193
2016-03-21,5481.79,5512.07,5562.86,5475.26,23275105
2016-03-22,5513.21,5496.81,5575.9,5488.42,13436951
2016-03-23,5494.35,5484.71,5514.02,5472.91,9168735
2016-03-24,5471.55,5422.11,5471.55,5421.05,9094068
2016-03-25,5420.3,5433.07,5448.31,5420.3,5718427
2016-03-28,5438.26,5379.2,5465.64,5364.48,8675438
2016-03-29,5390.85,5365.63,5414.84,5358.68,8705625
2016-03-30,5398.11,5479.55,5487.65,5398.11,13700446
2016-03-31,5493.81,5463.05,5497.4,5442.52,10504920
2016-04-01,5466.57,5501.87,5503.83,5395.25,12421482
2016-04-05,5456.79,5514.11,5521.09,5430.1,13495518
2016-04-06,5478.52,5466.5,5495.91,5453.0,9041224
2016-04-07,5477.54,5413.59,5477.67,5412.74,8514423
2016-04-08,5386.24,5411.06,5433.9,5385.72,7395427
2016-04-11,5411.45,5449.4,5480.03,5411.45,9575534
2016-04-12,5455.31,5439.74,5455.31,5427.36,5692297
2016-04-13,5459.64,5486.06,5533.14,5459.64,16581580
2016-04-14,5513.17,5496.35,5525.19,5482.74,7201465
2016-04-15,5513.71,5536.66,5563.0,5495.06,9899896
2016-04-18,5499.78,5508.04,5539.88,5484.86,9314818
2016-04-19,5531.82,5516.31,5535.68,5502.31,6536563
2016-04-20,5519.4,5525.9,5527.67,5390.83,18079118
2016-04-21,5496.14,5531.15,5596.89,5473.55,11206634
2016-04-22,5508.83,5560.68,5590.51,5507.53,7427860
2016-04-25,5536.53,5552.02,5568.27,5496.87,7529630
2016-04-26,5541.79,5566.76,5582.23,5536.34,6314239
2016-04-27,5574.5,5554.47,5574.5,5546.83,5345842
2016-04-28,5569.58,5572.75,5608.43,5544.57,8111609
2016-04-29,5558.8,5535.39,5568.76,5535.39,7021467
2016-05-03,5544.03,5575.12,5596.26,5526.43,10283448
2016-05-04,5561.89,5573.98,5581.6,5557.04,6881530
2016-05-05,5565.63,5570.23,5578.37,5551.11,5554194
2016-05-06,5568.97,5496.93,5569.17,5496.64,8463628
2016-05-09,5493.82,5446.6,5502.12,5421.26,9191948
2016-05-10,5414.42,5426.51,5460.31,5414.23,6952443
2016-05-11,5437.8,5448.9,5473.1,5419.59,6991417
2016-05-12,5430.88,5459.98,5474.59,5419.33,6717036
2016-05-13,5447.49,5447.97,5468.35,5435.77,6665740
2016-05-16,5434.61,5455.08,5462.75,5432.58,4952935
2016-05-17,5455.28,5432.54,5455.28,5420.68,4748851
2016-05-18,5424.79,5472.87,5483.41,5392.47,10867949
2016-05-19,5452.58,5442.06,5473.18,5438.5,5359475
2016-05-20,5433.73,5455.4,5462.46,5427.22,5700108
2016-05-23,5461.38,5433.33,5474.4,5428.89,6003895
2016-05-24,5430.96,5391.3,5431.14,5389.53,6171625
2016-05-25,5425.47,5429.85,5435.9,5409.69,4364904
2016-05-26,5422.13,5442.28,5457.63,5420.51,5281017
2016-05-27,5438.64,5446.24,5455.5,5427.8,4609832
2016-05-30,5456.42,5494.19,5497.38,5429.23,8192912
2016-05-31,5494.72,5606.66,5612.26,5494.58,15147328
2016-06-01,5610.93,5565.82,5614.54,5562.95,8681021
2016-06-02,5565.24,5549.62,5578.47,5538.65,5252564
2016-06-03,5571.96,5574.78,5575.56,5538.35,6713112
2016-06-06,5551.23,5531.44,5555.95,5519.25,5844472
2016-06-07,5545.17,5536.74,5546.91,5523.85,5632452
2016-06-08,5536.73,5531.87,5541.39,5515.41,6364638
2016-06-13,5494.16,5453.57,5523.25,5450.56,7992541
2016-06-14,5450.38,5481.34,5501.41,5449.01,6330125
2016-06-15,5439.74,5486.21,5498.28,5439.59,7254958
2016-06-16,5458.0,5468.65,5487.06,5457.76,6746751
2016-06-17,5466.02,5488.23,5512.56,5465.06,6322524
2016-06-20,5508.9,5495.29,5515.75,5474.95,4577057
2016-06-21,5498.51,5501.59,5523.94,5488.7,5733807
2016-06-22,5494.36,5518.99,5522.96,5488.52,6389611
2016-06-23,5511.06,5491.74,5511.29,5479.14,6442074
2016-06-24,5466.04,5417.43,5492.38,5370.03,9240799
2016-06-27,5406.42,5435.12,5440.18,5405.85,6735098
2016-06-28,5422.73,5433.57,5434.74,5406.44,6482906
2016-06-29,5437.6,5489.03,5491.58,5428.88,9408907
2016-06-30,5475.15,5472.67,5494.75,5463.04,8432446
2016-07-01,5477.58,5509.42,5512.91,5472.87,6611642
2016-07-04,5499.65,5565.79,5590.63,5498.97,9503289
2016-07-05,5567.41,5551.1,5571.21,5530.66,7763469
2016-07-06,5540.66,5533.64,5547.6,5521.64,7825290
2016-07-07,5511.83,5527.51,5533.4,5498.23,9121060
2016-07-08,5496.45,5464.93,5496.45,5462.93,6474326
2016-07-11,5469.41,5466.47,5489.92,5462.3,7688643
2016-07-12,5467.09,5540.82,5546.46,5466.09,12743436
2016-07-13,5486.75,5521.58,5585.01,5486.75,15404312
2016-07-14,5517.61,5512.03,5536.3,5491.49,7264747
2016-07-15,5514.8,5527.52,5537.15,5511.79,7172018
2016-07-18,5532.63,5586.11,5623.19,5532.63,12026283
2016-07-19,5599.68,5543.98,5618.89,5521.26,8022300
2016-07-20,5543.45,5510.15,5546.21,5502.21,5991443
2016-07-21,5510.35,5535.06,5541.18,5507.91,7056070
2016-07-22,5529.46,5494.93,5533.08,5488.67,7137675
2016-07-25,5488.57,5503.11,5511.56,5486.91,6684531
2016-07-26,5492.86,5532.53,5535.4,5492.47,7434428
2016-07-27,5532.72,5540.91,5541.35,5451.43,12675503
2016-07-28,5510.02,5496.06,5514.97,5489.75,6814361
2016-07-29,5498.3,5512.77,5514.57,5491.05,6595774
2016-08-01,5502.07,5541.33,5543.01,5499.74,9402122
2016-08-02,5533.53,5526.28,5539.84,5510.11,5575044
2016-08-03,5501.61,5499.99,5514.07,5490.64,6139241
2016-08-04,5503.67,5486.41,5504.67,5463.61,7566265
2016-08-05,5485.66,5530.59,5553.17,5477.63,8615461
2016-08-08,5524.62,5533.26,5534.77,5503.09,6546219
2016-08-09,5533.46,5551.39,5552.13,5525.9,8178370
2016-08-10,5551.5,5563.57,5570.64,5542.78,6754468
2016-08-11,5561.97,5628.41,5716.17,5561.3,17447920
2016-08-12,5635.91,5768.11,5771.26,5626.3,19350531
2016-08-15,5790.4,5894.15,5962.88,5782.95,25111373
2016-08-16,5912.81,5777.57,5919.38,5735.14,32750617
2016-08-17,5778.22,5763.54,5804.28,5750.88,11476560
2016-08-18,5747.85,5734.04,5793.76,5717.41,11634706
2016-08-19,5740.9,5744.67,5757.14,5723.17,7105238
2016-08-22,5743.06,5742.29,5759.47,5711.43,10358065
2016-08-23,5734.37,5757.25,5789.74,5734.13,10973030
2016-08-24,5757.65,5746.1,5764.25,5731.61,7449908
2016-08-25,5734.05,5738.71,5750.86,5693.35,9113269
2016-08-26,5737.03,5732.43,5750.6,5722.27,6488693
2016-08-29,5717.53,5696.9,5722.79,5673.76,8780371
2016-08-30,5698.68,5743.99,5748.69,5698.68,8255517
2016-08-31,5732.64,5761.2,5780.84,5727.42,6909269
2016-09-01,5755.97,5746.65,5774.49,5744.34,7750864
2016-09-02,5731.56,5754.35,5763.08,5731.56,8376096
2016-09-05,5753.59,5759.11,5775.44,5741.29,8132206
2016-09-06,5755.61,5729.28,5769.91,5724.59,10393551
2016-09-07,5730.47,5738.91,5746.05,5717.74,7749009
2016-09-08,5736.95,5740.77,5745.2,5728.09,5907875
2016-09-09,5737.42,5716.23,5742.03,5715.99,5478651
2016-09-12,5670.07,5636.4,5675.13,5615.38,12972303
2016-09-13,5640.77,5637.28,5652.16,5634.88,6658281
2016-09-14,5628.81,5585.75,5634.28,5580.27,8539720
2016-09-19,5590.98,5619.84,5623.05,5590.91,6988260
2016-09-20,5620.95,5612.55,5624.15,5602.79,5603655
2016-09-21,5612.95,5627.26,5638.29,5607.35,5843118
2016-09-22,5642.72,5658.11,5676.03,5631.81,6366414
2016-09-23,5661.83,5661.29,5671.65,5651.47,4943576
2016-09-26,5642.36,5619.74,5646.24,5618.63,7887133
2016-09-27,5613.29,5642.96,5644.04,5609.59,5935627
2016-09-28,5642.88,5614.17,5642.88,5608.26,4257561
2016-09-29,5621.44,5636.24,5642.72,5620.38,4749392
2016-09-30,5627.96,5635.48,5649.06,5627.05,4047238
2016-10-10,5648.7,5677.91,5684.4,5644.68,7227520
2016-10-11,5680.39,5672.42,5683.01,5661.86,6152629
2016-10-12,5663.47,5649.35,5663.54,5642.62,5103542
2016-10-13,5653.79,5639.85,5666.2,5632.07,6429683
2016-10-14,5636.52,5649.19,5651.4,5627.77,4854534
2016-10-17,5644.33,5615.6,5646.73,5606.21,5753533
2016-10-18,5609.79,5646.09,5652.13,5609.2,6542041
2016-10-19,5646.65,5641.27,5664.6,5635.63,5186044
2016-10-20,5648.61,5652.31,5659.54,5644.28,4576761
2016-10-21,5649.35,5678.14,5678.98,5645.76,6589657
2016-10-24,5680.4,5740.27,5778.71,5679.1,13824591
2016-10-25,5741.33,5727.6,5756.04,5719.68,7324613
2016-10-26,5720.54,5685.32,5722.53,5682.65,6199950
2016-10-27,5684.43,5674.13,5687.82,5656.98,5936138
2016-10-28,5668.55,5701.23,5726.28,5668.55,8319200
2016-10-31,5689.7,5681.4,5689.7,5650.61,6321570
2016-11-01,5679.18,5709.33,5710.04,5667.9,7032918
2016-11-02,5691.6,5677.71,5694.1,5667.78,7269363
2016-11-03,5668.39,5707.06,5713.92,5664.3,7887821
2016-11-04,5699.43,5699.49,5733.13,5688.72,9176127
2016-11-07,5697.36,5694.85,5700.9,5684.25,6973485
2016-11-08,5699.73,5726.14,5739.25,5693.29,11827294
2016-11-09,5722.16,5680.19,5726.93,5649.85,11997252
2016-11-10,5708.02,5729.75,5743.95,5706.74,8449323
2016-11-11,5718.91,5736.21,5744.12,5711.82,12946467
2016-11-14,5723.71,5746.33,5782.84,5722.09,13583436
2016-11-15,5745.22,5746.47,5750.01,5735.81,8201179
2016-11-16,5748.8,5743.52,5754.97,5732.17,6595318
2016-11-17,5738.02,5740.25,5745.41,5721.45,6762176
2016-11-18,5738.4,5732.92,5741.97,5727.36,6050528
2016-11-21,5728.02,5783.03,5802.74,5723.34,12835933
2016-11-22,5781.15,5825.88,5832.19,5780.67,17844551
2016-11-23,5825.85,5908.12,5954.76,5824.55,24349416
2016-11-24,5896.34,5895.45,5930.46,5879.52,12109423
2016-11-25,5902.54,5981.4,5983.05,5902.24,17775241
2016-11-28,6004.38,5971.79,6073.82,5965.58,28581172
2016-11-29,5965.96,5991.3,6009.21,5951.63,17089696
2016-11-30,5991.6,5941.02,6003.35,5919.69,14840801
2016-12-01,5951.85,5954.05,6010.22,5933.78,14187238
2016-12-02,5954.78,5947.59,5956.63,5880.67,18069596
2016-12-05,5900.66,5965.61,5968.92,5890.15,16761724
2016-12-06,5951.35,5935.25,5973.69,5932.24,11635246
2016-12-07,5929.05,5919.77,5932.08,5902.28,8399675
2016-12-08,5929.8,5981.21,5991.92,5921.25,12921165
2016-12-09,5965.35,6083.33,6120.05,5962.81,28114779
2016-12-12,6082.02,6100.41,6174.59,6029.8,29238563
2016-12-13,6059.84,6014.57,6073.74,5994.55,14252956
2016-12-14,6011.34,6036.8,6102.08,6008.17,14559032
2016-12-15,6000.42,5844.71,6000.42,5835.26,18913636
2016-12-16,5833.28,5808.05,5856.89,5801.99,12731926
2016-12-19,5799.25,5780.74,5800.38,5771.01,7622288
2016-12-20,5786.78,5726.24,5792.46,5688.98,11979276
2016-12-21,5720.16,5750.13,5758.62,5720.16,9410486
2016-12-22,5746.68,5719.76,5751.08,5701.3,6436592
2016-12-23,5717.32,5693.21,5718.87,5669.04,6855047
2016-12-26,5672.14,5710.88,5712.62,5638.77,7644150
2016-12-27,5705.54,5687.93,5716.88,5686.14,5549308
2016-12-28,5689.43,5670.38,5696.27,5651.44,7056146
2016-12-29,5663.83,5665.71,5680.31,5655.21,7512282
2016-12-30,5669.71,5702.88,5703.46,5666.34,8954844
2017-01-03,5705.43,5765.32,5772.05,5704.39,11529049
2017-01-04,5756.87,5776.67,5787.71,5748.1,10166979
2017-01-05,5781.2,5773.59,5791.81,5769.76,7426654
2017-01-06,5773.17,5738.4,5775.29,5733.49,7850946
2017-01-09,5745.61,5751.82,5767.68,5733.83,7244473
2017-01-10,5746.77,5746.55,5761.61,5739.38,5895838
2017-01-11,5753.57,5728.29,5762.0,5725.35,6601675
2017-01-12,5730.33,5725.34,5747.28,5718.41,5504395
2017-01-13,5719.85,5771.42,5781.86,5718.4,10316745
2017-01-16,5764.5,5855.19,5870.91,5744.82,26477521
2017-01-17,5831.05,5828.05,5850.25,5819.8,7698380
2017-01-18,5831.78,5864.67,5870.23,5826.29,7700743
2017-01-19,5853.91,5864.11,5905.5,5851.43,8456763
2017-01-20,5862.3,5887.48,5901.4,5857.06,6849367
2017-01-23,5898.4,5875.48,5905.77,5861.81,7125374
2017-01-24,5879.59,5930.04,5937.8,5874.85,9616784
2017-01-25,5921.1,5928.46,5933.94,5902.78,5834133
2017-01-26,5932.35,5961.97,5983.18,5932.35,7656802
2017-02-03,5973.64,5897.06,5977.23,5893.41,5327640
2017-02-06,5919.37,5890.52,5921.77,5881.29,7227584
2017-02-07,5888.82,5881.48,5898.9,5868.98,6585564
2017-02-08,5872.73,5886.78,5889.33,5849.84,6231479
2017-02-09,5883.8,5899.33,5924.08,5877.28,6853496
2017-02-10,5912.89,5928.79,5934.04,5906.8,9177632
2017-02-13,5937.21,5969.61,5984.48,5932.52,11330976
2017-02-14,5972.46,5945.92,5974.98,5935.23,7156358
2017-02-15,5955.18,6006.16,6030.65,5946.32,19172038
2017-02-16,6016.04,6013.29,6036.73,5989.29,11176945
2017-02-17,6017.29,5958.47,6019.08,5954.35,9682696
2017-02-20,5955.89,6054.81,6078.73,5955.06,25917341
2017-02-21,6060.05,6058.15,6108.96,6051.07,14599436
2017-02-22,6056.66,6057.29,6062.63,6033.97,9052634
2017-02-23,6055.64,6051.77,6078.95,6031.42,8403610
2017-02-24,6046.7,6037.64,6053.08,6019.01,7552304
2017-02-27,6026.9,6008.25,6031.77,5989.45,8416107
2017-02-28,6002.16,6007.68,6039.12,5998.64,6652920
2017-03-01,6011.97,6003.5,6043.28,5995.8,11797023
2017-03-02,6013.13,5959.78,6028.96,5957.85,8535620
2017-03-03,5948.25,5937.48,5959.25,5928.23,6198276
2017-03-06,5935.11,5938.56,5976.01,5934.87,10099254
2017-03-07,5937.96,5962.6,5967.1,5929.19,6939748
2017-03-08,5948.24,5954.21,5962.03,5939.81,5618532
2017-03-09,5943.19,5910.92,5946.43,5901.05,8397426
2017-03-10,5909.15,5904.65,5920.38,5890.49,6502502
2017-03-13,5899.7,5946.24,5946.83,5881.77,8048055
2017-03-14,5942.49,5946.19,5962.2,5937.96,7417108
2017-03-15,5940.88,5939.83,5942.68,5921.01,7352363
2017-03-16,5946.61,5954.94,5976.05,5946.48,12369287
2017-03-17,5958.19,5893.03,5960.62,5880.59,11892498
2017-03-20,5895.68,5868.17,5903.66,5844.91,9215738
2017-03-21,5865.95,5854.81,5868.11,5839.92,9596239
2017-03-22,5840.43,5779.27,5840.89,5769.81,12022053
2017-03-23,5782.63,5807.97,5828.76,5782.16,9016155
2017-03-24,5814.31,5831.99,5838.23,5797.88,9294696
2017-03-27,5824.74,5873.09,5886.04,5824.02,13294745
2017-03-28,5887.74,5852.27,5889.9,5842.64,6971307
2017-03-29,5857.68,5839.81,5874.12,5827.16,10510619
2017-03-30,5838.17,5836.13,5847.17,5808.21,11524061
2017-03-31,5830.17,5890.94,5901.2,5827.16,14343268
2017-04-05,5905.88,5919.87,5925.25,5885.39,13904540
2017-04-06,5909.09,5898.26,5914.98,5878.28,9775060
2017-04-07,5893.36,5897.72,5904.71,5868.26,11286847
2017-04-10,5896.79,5863.72,5896.79,5859.1,9221146
2017-04-11,5853.38,5845.61,5862.23,5805.13,10148353
2017-04-12,5837.63,5825.99,5838.44,5765.31,11062448
2017-04-13,5813.77,5795.39,5816.95,5784.46,8290583
2017-04-14,5791.67,5757.18,5794.33,5730.9,9343433
2017-04-17,5743.73,5759.86,5767.35,5695.13,12529280
2017-04-18,5742.45,5680.83,5743.58,5680.71,9131496
2017-04-19,5662.93,5627.28,5666.46,5626.25,11986522
2017-04-20,5627.79,5598.29,5633.7,5594.62,9144631
2017-04-21,5607.79,5662.02,5667.04,5603.11,12476805
2017-04-24,5660.29,5661.52,5671.16,5638.51,10327233
2017-04-25,5664.11,5674.68,5681.78,5660.44,8199066
2017-04-26,5673.39,5650.59,5679.81,5642.33,12718424
2017-04-27,5634.81,5672.85,5673.69,5618.63,12533115
2017-04-28,5671.08,5673.57,5673.57,5635.79,10485797
2017-05-02,5657.43,5628.85,5662.45,5620.75,7674281
2017-05-03,5625.3,5594.9,5625.53,5587.83,7444715
2017-05-04,5590.37,5566.82,5592.02,5541.59,8576272
2017-05-05,5551.67,5567.53,5567.73,5498.68,12189096
2017-05-08,5535.47,5578.42,5578.42,5512.24,12911461
2017-05-09,5551.4,5576.28,5584.62,5545.04,7175134
2017-05-10,5574.03,5590.59,5636.62,5574.03,10894253
2017-05-11,5585.15,5636.73,5638.77,5579.67,12001069
2017-05-12,5631.08,5790.36,5791.63,5625.32,19254085
2017-05-15,5796.46,5789.74,5844.74,5784.51,11989938
2017-05-16,5775.68,5755.55,5780.59,5720.3,12235535
2017-05-17,5739.95,5709.98,5745.54,5697.14,10543344
2017-05-18,5679.33,5687.33,5707.55,5671.97,7966994
2017-05-19,5683.99,5692.0,5698.02,5675.76,6228553
2017-05-22,5687.72,5712.48,5735.41,5682.75,9976970
2017-05-23,5707.73,5825.28,5837.79,5704.19,18117521
2017-05-24,5816.72,5821.34,5849.77,5760.99,13108377
2017-05-25,5800.71,6013.63,6065.81,5796.98,35767901
2017-05-26,5999.81,5998.56,6032.32,5972.32,18051692
2017-05-31,5984.08,6011.71,6069.15,5973.53,16528093
2017-06-01,6000.3,6042.34,6047.38,5984.46,14216598
2017-06-02,6043.53,6001.4,6068.16,5989.41,14193719
2017-06-05,5975.3,5910.85,5984.33,5885.4,22075959
2017-06-06,5902.51,5916.89,5934.34,5878.49,9392092
2017-06-07,5919.51,5975.15,5993.17,5913.94,14146932
2017-06-08,5959.57,5984.79,5993.14,5926.7,10905878
2017-06-09,5984.49,6013.04,6066.35,5982.49,19524259
2017-06-12,6002.02,5982.9,6046.12,5977.74,14679229
2017-06-13,5981.59,5964.12,5984.61,5938.9,10263587
2017-06-14,5911.71,5874.41,5917.79,5851.07,11354664
2017-06-15,5863.74,5829.16,5881.29,5824.71,11835308
2017-06-16,5828.79,5824.96,5851.92,5807.58,9522395
2017-06-19,5831.97,5855.41,5875.66,5822.68,12433533
2017-06-20,5865.35,5853.2,5879.9,5834.92,10015553
2017-06-21,5879.73,5874.14,5882.84,5836.0,10100315
2017-06-22,5864.65,5978.43,6062.02,5863.96,30644347
2017-06-23,5963.48,6007.52,6013.61,5922.73,17240617
2017-06-26,6005.18,6007.25,6100.56,6001.23,23751701
2017-06-27,6002.64,6076.76,6098.6,5983.02,16706565
2017-06-28,6058.46,6103.04,6158.49,6049.04,21672966
2017-06-29,6111.51,6128.23,6141.6,6085.73,12726245
2017-06-30,6099.35,6104.36,6112.5,6068.49,12347048
2017-07-03,6096.91,6087.62,6100.46,6061.9,10832316
2017-07-04,6085.47,6044.73,6085.82,6010.63,14880185
2017-07-05,6030.53,6099.31,6109.33,6017.24,12650941
2017-07-06,6079.4,6102.33,6115.41,6054.71,13791659
2017-07-07,6063.66,6046.09,6073.12,6030.43,12171329
2017-07-10,6042.63,6042.98,6058.76,6024.34,11338551
2017-07-11,6020.78,6153.11,6200.7,6016.37,27431310
2017-07-12,6145.65,6192.19,6290.67,6142.02,29109590
2017-07-13,6172.22,6301.08,6302.66,6167.09,25894113
2017-07-14,6303.43,6357.88,6380.13,6280.56,22857353
2017-07-17,6373.52,6455.44,6561.8,6330.69,48525719
2017-07-18,6412.05,6396.36,6460.32,6336.49,25704060
2017-07-19,6382.74,6460.07,6483.53,6376.41,26741098
2017-07-20,6448.78,6448.12,6466.38,6394.28,18305894
2017-07-21,6425.93,6387.35,6438.6,6375.35,15677369
2017-07-24,6375.15,6465.25,6502.07,6360.91,20783396
2017-07-25,6472.0,6472.28,6563.4,6454.71,24613036
2017-07-26,6464.51,6461.07,6589.58,6422.13,23410608
2017-07-27,6455.24,6441.97,6474.72,6409.27,16695602
2017-07-28,6421.39,6455.85,6462.65,6392.08,12625942
2017-07-31,6447.66,6433.72,6484.39,6417.93,15886185
2017-08-01,6439.24,6519.45,6519.99,6424.59,18666462
2017-08-02,6518.6,6579.23,6619.2,6516.85,25318323
2017-08-03,6570.84,6477.19,6607.58,6463.91,19501788
2017-08-04,6471.12,6434.21,6494.34,6430.14,14825766
2017-08-07,6417.79,6436.99,6447.34,6392.54,12579563
2017-08-08,6427.21,6422.09,6438.85,6398.89,12486146
2017-08-09,6406.86,6321.27,6408.0,6320.0,14507099
2017-08-10,6313.62,6299.66,6361.09,6252.09,14727551
2017-08-11,6257.32,6207.16,6267.21,6149.74,23829963
2017-08-14,6194.15,6197.34,6206.26,6160.87,14516461
2017-08-15,6201.99,6282.0,6343.12,6201.87,21416222
2017-08-16,6269.74,6239.9,6270.15,6228.6,12140892
2017-08-17,6240.94,6258.14,6258.85,6218.35,8796500
2017-08-18,6228.14,6264.89,6286.22,6216.39,9625585
2017-08-21,6259.33,6257.18,6281.43,6225.05,9373532
2017-08-22,6264.56,6300.85,6303.68,6240.93,10426895
2017-08-23,6303.89,6396.45,6422.13,6296.37,18017521
2017-08-24,6393.13,6392.84,6458.64,6369.75,14870901
2017-08-25,6399.54,6595.43,6596.23,6399.45,30423837
2017-08-28,6608.97,6605.7,6684.21,6576.49,29099570
2017-08-29,6597.57,6636.14,6639.91,6574.9,16439286
2017-08-30,6636.0,6579.65,6687.73,6554.13,18978933
2017-08-31,6577.15,6508.53,6584.64,6462.8,21797541
2017-09-01,6497.55,6467.09,6538.24,6447.89,20749368
2017-09-04,6443.58,6527.17,6529.47,6434.34,16511379
2017-09-05,6525.81,6582.85,6606.91,6518.25,17706252
2017-09-06,6566.53,6538.29,6572.87,6523.66,11212192
2017-09-07,6540.68,6479.85,6544.01,6473.54,9902610
2017-09-08,6478.47,6480.21,6525.61,6461.27,9605875
2017-09-11,6510.82,6474.02,6545.81,6469.05,13113665
2017-09-12,6484.93,6497.0,6497.66,6440.17,12691229
2017-09-13,6487.52,6455.18,6487.52,6442.89,10203172
2017-09-14,6456.29,6410.52,6467.49,6397.13,13156815
2017-09-15,6394.77,6390.84,6400.98,6362.12,12231776
2017-09-18,6391.97,6376.24,6424.58,6375.78,11864251
2017-09-19,6383.38,6392.04,6409.76,6342.08,13793309
2017-09-20,6380.9,6385.86,6411.53,6363.77,10707565
2017-09-21,6381.05,6428.99,6449.33,6372.45,12406806
2017-09-22,6411.22,6430.0,6466.25,6408.05,11923996
2017-09-25,6417.43,6444.92,6450.21,6391.63,15558479
2017-09-26,6417.83,6410.56,6433.13,6401.45,9453616
2017-09-27,6398.16,6359.93,6406.24,6353.06,10153157
2017-09-28,6365.13,6345.67,6368.45,6321.69,10732045
2017-09-29,6342.2,6362.29,6376.85,6339.44,8952819
2017-10-09,6561.16,6427.99,6580.53,6408.53,27290187
2017-10-10,6428.34,6469.03,6476.56,6407.09,15552796
2017-10-11,6464.86,6478.62,6507.58,6457.12,13135975
2017-10-12,6478.45,6475.02,6507.12,6465.99,11088673
2017-10-13,6473.48,6447.66,6487.17,6447.66,10142562
2017-10-16,6455.01,6512.89,6519.06,6448.97,13875730
2017-10-17,6507.24,6489.06,6521.29,6486.0,9746553
2017-10-18,6497.81,6532.01,6535.15,6477.81,15399499
2017-10-19,6522.31,6533.26,6539.86,6504.58,14605999
2017-10-20,6515.2,6489.27,6515.2,6482.22,8007441
2017-10-23,6483.72,6425.71,6486.28,6425.71,10687736
2017-10-24,6428.08,6459.42,6479.61,6426.23,10158195
2017-10-25,6456.56,6446.56,6461.99,6432.94,9887116
2017-10-26,6432.36,6388.98,6433.65,6379.7,20220897
2017-10-27,6393.52,6504.2,6513.63,6389.57,22924817
2017-10-30,6496.2,6487.83,6520.37,6451.26,20374520
2017-10-31,6465.87,6424.05,6465.87,6420.7,15289063
2017-11-01,6423.73,6381.49,6427.01,6364.89,16857758
2017-11-02,6374.06,6386.11,6392.89,6324.57,15917395
2017-11-03,6371.88,6384.98,6395.08,6321.27,17305198
2017-11-06,6362.01,6318.88,6363.05,6295.59,13308552
2017-11-07,6319.72,6399.8,6424.75,6312.24,19923537
2017-11-08,6396.77,6419.31,6455.63,6382.84,20377559
2017-11-09,6412.13,6393.34,6444.64,6379.02,13606893
2017-11-10,6385.8,6359.06,6391.2,6327.65,20178292
2017-11-13,6370.11,6449.68,6514.34,6370.1,31618304
2017-11-14,6443.43,6427.85,6460.31,6409.44,15940043
2017-11-15,6409.25,6413.86,6437.49,6388.38,13236642
2017-11-16,6398.67,6377.34,6400.54,6359.22,13943709
2017-11-17,6379.65,6559.86,6564.0,6379.07,37145702
2017-11-20,6526.2,6667.6,6673.54,6513.71,27927522
2017-11-21,6642.68,6693.55,6782.6,6631.89,32941523
2017-11-22,6724.84,6856.48,6912.31,6724.84,38635521
2017-11-23,6860.3,6757.5,6913.19,6698.99,35608818
2017-11-24,6762.23,6778.11,6823.54,6700.91,22045686
2017-11-27,6741.54,6734.46,6743.05,6633.98,26059266
2017-11-28,6692.21,6635.3,6697.0,6602.07,15468200
2017-11-29,6642.64,6646.13,6673.94,6560.95,16456698
2017-11-30,6624.68,6615.97,6660.71,6587.54,17184960
2017-12-01,6615.81,6573.04,6615.81,6537.27,17833101
2017-12-04,6554.14,6590.52,6599.91,6544.06,12717571
2017-12-05,6583.78,6709.52,6740.1,6583.08,32259779
2017-12-06,6686.07,6634.9,6688.15,6582.88,16740919
2017-12-07,6615.13,6574.49,6636.08,6515.55,14614969
2017-12-08,6560.56,6561.61,6570.23,6526.46,13176529
2017-12-11,6551.86,6585.0,6598.5,6494.23,16110331
2017-12-12,6567.68,6491.02,6582.79,6489.67,12102097
2017-12-13,6493.44,6521.09,6535.35,6460.56,12011005
2017-12-14,6527.32,6492.31,6564.94,6477.16,11234378
2017-12-15,6487.1,6414.57,6487.1,6414.4,11749606
2017-12-18,6426.5,6434.06,6455.51,6412.46,10324872
2017-12-19,6440.88,6537.21,6544.23,6438.55,15816822
2017-12-20,6535.75,6534.64,6546.79,6490.16,13653941
2017-12-21,6515.13,6545.72,6584.11,6500.74,12800547
2017-12-22,6538.88,6502.05,6543.3,6496.24,9007390
2017-12-25,6499.96,6498.6,6573.82,6485.29,14096703
2017-12-26,6493.25,6571.49,6575.77,6493.24,14848598
2017-12-27,6556.64,6493.2,6581.9,6462.91,16980643
2017-12-28,6480.58,6476.01,6504.24,6455.43,16020924
2017-12-29,6475.82,6522.54,6526.28,6474.91,14536993
2018-01-02,6531.36,6607.08,6666.48,6531.36,30787728
2018-01-03,6605.04,6623.29,6673.87,6594.62,21332268
2018-01-04,6637.68,6603.16,6646.64,6587.73,22095318
2018-01-05,6610.61,6623.67,6640.54,6585.14,17364708
2018-01-08,6616.54,6601.13,6623.11,6578.82,18801018
2018-01-09,6600.29,6602.01,6622.99,6583.18,15887822
2018-01-10,6595.16,6744.71,6756.9,6590.77,32473881
2018-01-11,6743.22,6772.17,6812.0,6733.61,22331644
2018-01-12,6784.3,6803.15,6833.02,6777.7,19151853
2018-01-15,6795.4,6909.95,6965.28,6795.4,36348390
2018-01-16,6896.56,6934.73,6953.89,6868.25,33079352
2018-01-17,6957.21,7007.51,7186.57,6957.21,49512317
2018-01-18,7055.86,7155.63,7161.24,7055.81,50500166
2018-01-19,7218.79,7227.44,7328.34,7184.59,61163874
2018-01-22,7165.44,7156.2,7304.4,7129.79,51716600
2018-01-23,7156.39,7390.08,7392.18,7156.39,68011991
2018-01-24,7419.98,7434.19,7565.34,7378.91,60921680
2018-01-25,7408.83,7374.09,7409.19,7265.81,40242116
2018-01-26,7344.92,7388.14,7495.14,7344.55,58036608
2018-01-29,7405.13,7346.5,7504.01,7302.5,46148635
2018-01-30,7330.31,7210.68,7349.75,7202.37,31771552
2018-01-31,7185.43,7335.82,7337.54,7179.63,32342967
2018-02-01,7325.6,7411.64,7431.4,7305.67,44953320
2018-02-02,7344.5,7381.72,7383.98,7253.32,26921810
2018-02-05,7285.81,7636.04,7637.67,7281.95,49828540
2018-02-06,7498.47,7508.57,7565.75,7422.38,63306511
2018-02-07,7554.5,7265.41,7692.88,7235.34,64671377
2018-02-08,7181.74,7020.24,7205.78,6921.73,47192109
2018-02-09,6834.41,6788.0,6882.98,6549.31,54169442
2018-02-12,6756.13,6715.55,6774.05,6660.41,28234048
2018-02-13,6770.58,6815.9,6895.28,6770.58,29704870
2018-02-14,6820.0,6832.21,6846.05,6764.81,15244176
2018-02-22,6949.14,6965.22,6990.33,6924.44,23161375
2018-02-23,6975.4,7023.91,7034.84,6937.08,19486312
2018-02-26,7058.95,7025.31,7109.75,6978.41,25816329
2018-02-27,7035.33,6881.48,7035.33,6854.35,27121270
2018-02-28,6818.79,6786.47,6836.0,6763.51,19693683
2018-03-01,6740.21,6802.84,6845.01,6732.05,16875928
2018-03-02,6749.24,6752.24,6792.54,6718.64,16047983
2018-03-05,6746.84,6737.42,6803.15,6704.71,15674783
2018-03-06,6771.88,6756.23,6781.5,6674.6,29433404
2018-03-07,6800.82,6792.91,6881.42,6788.69,27556764
2018-03-08,6803.86,6791.89,6814.86,6743.22,16277879
2018-03-09,6813.29,6800.52,6835.84,6776.38,15048742
2018-03-12,6831.95,6770.65,6838.56,6768.45,24951279
2018-03-13,6777.65,6771.96,6852.57,6761.62,26371815
2018-03-14,6747.49,6709.72,6750.47,6695.88,15119782
2018-03-15,6678.61,6708.19,6724.36,6678.3,14088965
2018-03-16,6704.26,6640.25,6715.42,6637.44,14756749
2018-03-19,6627.7,6672.03,6674.76,6609.87,11347296
2018-03-20,6640.89,6705.38,6717.69,6638.69,13091424
2018-03-21,6731.59,6711.4,6772.45,6692.18,16353853
2018-03-22,6716.46,6678.58,6730.63,6627.56,15671531
2018-03-23,6540.41,6511.84,6540.41,6420.74,32914563
2018-03-26,6469.65,6353.99,6473.56,6308.56,24938042
2018-03-27,6426.85,6341.83,6443.88,6307.46,22606194
2018-03-28,6293.09,6337.71,6428.28,6287.54,21664709
2018-03-29,6339.97,6433.31,6484.84,6266.79,24402461
2018-03-30,6432.54,6380.73,6445.05,6373.02,16575848
2018-04-02,6377.65,6334.56,6434.57,6332.03,18705512
2018-04-03,6295.93,6283.91,6309.15,6255.22,14842192
2018-04-04,6298.63,6280.88,6336.58,6269.63,14245449
2018-04-09,6279.74,6282.01,6310.05,6253.39,11747404
2018-04-10,6285.44,6469.41,6470.86,6272.35,21110871
2018-04-11,6473.0,6539.18,6594.99,6453.4,25894568
2018-04-12,6531.42,6441.51,6531.42,6430.58,14826078
2018-04-13,6477.66,6394.69,6497.59,6388.52,12573437
2018-04-16,6373.92,6213.97,6373.92,6201.51,25291485
2018-04-17,6225.33,6185.09,6259.44,6178.22,15222745
2018-04-18,6273.93,6253.0,6279.94,6198.66,18134037
2018-04-19,6258.09,6272.57,6317.11,6245.44,13078079
2018-04-20,6247.98,6223.0,6264.86,6173.42,14807410
2018-04-23,6188.77,6243.04,6270.49,6188.49,12445929
2018-04-24,6245.75,6352.86,6397.88,6245.75,22999131
2018-04-25,6321.61,6287.64,6344.43,6275.56,11768614
2018-04-26,6312.34,6256.71,6325.25,6217.48,12715397
2018-04-27,6271.96,6290.39,6291.29,6208.25,14370607
2018-05-02,6330.35,6272.45,6340.81,6249.33,15529228
2018-05-03,6249.66,6250.58,6277.03,6198.15,12270169
2018-05-04,6242.64,6203.46,6255.09,6196.14,9791394
2018-05-07,6209.73,6241.59,6246.11,6182.17,12969959
2018-05-08,6242.23,6321.63,6355.58,6233.38,18052410
2018-05-09,6323.57,6322.34,6330.81,6293.7,9123485
2018-05-10,6343.44,6331.21,6363.98,6296.25,9531391
2018-05-11,6339.12,6359.35,6383.66,6317.45,14134274
2018-05-14,6383.42,6410.48,6448.48,6379.6,16001968
2018-05-15,6418.96,6389.72,6422.59,6351.75,12260885
2018-05-16,6363.35,6301.42,6368.01,6295.83,11555087
2018-05-17,6307.71,6288.24,6324.2,6273.53,8714640
2018-05-18,6285.25,6369.05,6370.27,6270.45,11446163
2018-05-21,6403.42,6371.9,6419.24,6359.17,13594501
2018-05-22,6365.41,6318.41,6365.82,6290.9,13196612
2018-05-23,6308.29,6242.49,6308.29,6242.49,13570471
2018-05-24,6247.87,6202.9,6254.91,6197.23,12320816
2018-05-25,6189.27,6185.32,6211.29,6158.81,11206014
2018-05-28,6180.23,6163.32,6186.99,6140.68,9766022
2018-05-29,6144.69,6150.11,6155.96,6078.94,16141845
2018-05-30,6090.75,6024.7,6097.98,6024.7,12433445
2018-05-31,6055.81,6083.04,6107.94,6034.46,14363291
2018-06-01,6075.65,6081.09,6118.61,6055.99,11067567
2018-06-04,6109.21,6139.62,6150.99,6091.72,12634755
2018-06-05,6136.66,6124.81,6138.7,6086.9,10934656
2018-06-06,6115.98,6075.57,6115.98,6066.5,9909083
2018-06-07,6091.58,6099.27,6132.42,6074.02,13179016
2018-06-08,6082.37,5989.48,6083.21,5975.39,15404783
2018-06-11,5972.73,6002.32,6002.41,5939.5,10849659
2018-06-12,5994.36,6001.85,6013.8,5965.12,9384723
2018-06-13,5990.97,5970.25,5998.63,5957.34,9714063
2018-06-14,5948.89,5979.65,6007.56,5945.79,11191305
2018-06-15,5951.9,6005.43,6027.39,5946.64,15350043
2018-06-19,5955.06,5941.59,5987.36,5874.11,33094720
2018-06-20,5915.34,5899.72,5926.28,5877.91,11549301
2018-06-21,5900.95,5892.02,5955.74,5879.17,11413056
2018-06-22,5876.72,5888.75,5892.04,5848.91,9671700
2018-06-25,5912.33,5772.19,5918.06,5770.94,12183317
2018-06-26,5747.22,5675.42,5747.22,5604.9,15283581
2018-06-27,5649.09,5593.3,5676.63,5554.93,15204069
2018-06-28,5552.48,5554.64,5611.97,5525.94,12519154
2018-06-29,5568.65,5632.33,5638.59,5565.0,10681611
2018-07-02,5622.03,5445.92,5622.03,5428.38,14696618
2018-07-03,5449.07,5471.26,5474.1,5382.64,15926173
2018-07-04,5456.79,5454.07,5509.5,5446.35,11011430
2018-07-05,5441.26,5481.67,5497.73,5411.43,14561172
2018-07-06,5480.14,5518.79,5556.52,5413.43,13639433
2018-07-09,5532.0,5703.56,5705.57,5532.0,16128838
2018-07-10,5702.97,5682.72,5702.97,5640.07,10923057
2018-07-11,5579.1,5612.88,5625.31,5571.24,11571125
2018-07-12,5568.85,5670.91,5702.53,5563.74,15366560
2018-07-13,5663.03,5625.24,5663.69,5615.17,9835155
2018-07-16,5592.05,5510.29,5615.82,5498.02,11370963
2018-07-17,5498.13,5473.98,5502.4,5444.24,8158893
2018-07-18,5497.97,5463.76,5549.39,5459.06,8869796
2018-07-19,5491.31,5460.13,5510.26,5443.44,9018551
2018-07-20,5457.85,5696.92,5727.19,5426.65,26033841
2018-07-23,5685.55,5797.69,5835.04,5661.29,27502145
2018-07-24,5797.71,5823.16,5890.44,5797.57,23583950
2018-07-25,5851.9,5833.07,5857.15,5800.52,12725743
2018-07-26,5850.05,5798.19,5879.77,5785.75,13373972
2018-07-27,5787.12,5783.0,5818.23,5742.23,9155811
2018-07-30,5778.11,5848.52,5880.42,5777.36,12827862
2018-07-31,5839.77,5862.32,5890.65,5783.29,14516505
2018-08-01,5882.92,5752.59,5926.01,5750.57,15201339
2018-08-02,5735.51,5639.19,5765.23,5600.38,15161412
2018-08-03,5644.46,5646.72,5714.65,5636.88,11119465
2018-08-06,5664.75,5678.81,5761.78,5651.85,13653338
2018-08-07,5693.22,5795.54,5795.54,5671.92,13860743
2018-08-08,5791.71,5727.08,5791.71,5721.59,9590117
2018-08-09,5700.34,5810.46,5824.72,5700.15,11722754
2018-08-10,5810.62,5773.69,5815.71,5741.65,8461817
2018-08-13,5729.47,5687.24,5729.47,5623.6,13310367
2018-08-14,5676.0,5672.16,5687.8,5636.4,8272006
2018-08-15,5666.87,5567.78,5669.78,5563.67,9884736
2018-08-16,5520.36,5582.17,5615.21,5499.22,11127885
2018-08-17,5621.39,5543.9,5626.76,5533.31,8647607
2018-08-20,5589.63,5628.44,5637.98,5555.04,10361034
2018-08-21,5637.97,5667.83,5701.77,5624.85,10661945
2018-08-22,5668.58,5648.29,5668.58,5621.49,6548763
2018-08-23,5653.93,5665.47,5690.22,5620.25,7705340
2018-08-24,5649.6,5782.09,5859.71,5636.04,19065344
2018-08-27,5797.65,5856.87,5856.87,5763.57,17184670
2018-08-28,5848.62,5839.48,5886.47,5828.62,10327153
2018-08-29,5831.87,5829.89,5850.73,5805.69,8709071
2018-08-30,5830.83,5758.12,5861.2,5758.12,9546028
2018-08-31,5755.87,5808.11,5852.22,5755.87,15093833
2018-09-03,5796.15,5799.85,5827.18,5769.23,9507736
2018-09-04,5801.72,5866.7,5889.12,5773.18,11732605
2018-09-05,5833.51,5740.0,5852.61,5740.0,11692211
2018-09-06,5737.35,5718.41,5769.09,5708.7,8047426
2018-09-07,5728.76,5743.49,5778.43,5702.82,8408238
2018-09-10,5725.44,5718.17,5752.31,5699.17,8060009
2018-09-11,5718.76,5674.19,5749.64,5652.67,8480194
2018-09-12,5653.98,5680.61,5711.93,5635.47,8015398
2018-09-13,5741.99,5754.24,5756.52,5689.51,10658008
2018-09-14,5769.56,5745.66,5769.56,5730.94,7183772
2018-09-17,5729.92,5692.74,5729.92,5686.58,6369608
2018-09-18,5690.96,5784.69,5788.74,5690.96,10286687
2018-09-19,5777.53,5814.2,5842.88,5772.63,13273794
2018-09-20,5829.93,5838.67,5871.01,5819.39,11740734
2018-09-21,5854.48,6072.04,6072.04,5826.08,27073848
2018-09-25,6002.01,5992.79,6022.43,5968.61,14185503
2018-09-26,6007.88,6058.34,6129.39,5988.32,20416319
2018-09-27,6056.37,6059.08,6073.95,6010.04,12835804
2018-09-28,6075.17,6136.32,6190.46,6072.19,19581930
2018-10-08,5996.89,5918.65,6017.52,5899.06,18645464
2018-10-09,5901.02,5909.32,5952.4,5871.63,11583981
2018-10-10,5913.2,5940.91,5977.44,5889.24,10343801
2018-10-11,5796.85,5718.46,5837.5,5668.25,19836264
2018-10-12,5735.72,5834.14,5859.87,5721.84,15590694
2018-10-15,5837.95,5764.13,5843.44,5749.12,11219004
2018-10-16,5769.79,5801.63,5871.85,5769.52,11411747
2018-10-17,5856.55,5844.29,5877.2,5759.45,13922457
2018-10-18,5834.33,5731.82,5834.33,5731.82,11884416
2018-10-19,5726.23,5911.42,5928.16,5699.69,19703196
2018-10-22,5938.32,6072.5,6136.65,5937.79,26223403
2018-10-23,6064.37,5933.92,6080.79,5921.86,16870124
2018-10-24,5944.55,6051.67,6185.95,5944.52,24786626
2018-10-25,5941.61,6115.87,6118.77,5934.96,19584092
2018-10-26,6120.42,6102.54,6136.56,6035.29,16691395
2018-10-29,6140.02,5985.79,6165.84,5944.04,17838712
2018-10-30,6024.76,6080.92,6124.96,6013.16,19697691
2018-10-31,6106.78,6093.05,6122.55,6044.7,16764276
2018-11-01,6125.65,6043.08,6137.48,6028.35,17964397
2018-11-02,6135.6,6177.53,6194.41,6073.02,28760079
2018-11-05,6133.58,6112.74,6150.3,6081.26,16548063
2018-11-06,6105.52,6070.54,6107.63,6034.69,11955765
2018-11-07,6081.7,6045.09,6129.31,6042.11,11968292
2018-11-08,6100.36,6084.97,6127.02,6066.95,10472361
2018-11-09,6032.32,5900.2,6032.34,5885.64,23981516
2018-11-12,5886.77,5920.08,5927.3,5886.77,13976030
2018-11-13,5858.94,5940.98,5968.65,5858.5,14907072
2018-11-14,5938.57,5871.72,5938.57,5862.38,14288412
2018-11-15,5873.0,5921.54,5924.62,5867.64,12150263
2018-11-16,5923.2,5923.61,5966.28,5889.44,16195807
2018-11-19,5945.95,6005.07,6012.1,5931.69,17339317
2018-11-20,5976.25,5917.09,5988.2,5906.52,13778425
2018-11-21,5881.39,5922.64,5929.47,5880.84,9081917
2018-11-22,5932.33,5900.6,5932.33,5877.87,7001307
2018-11-23,5891.99,5825.72,5912.89,5825.72,10274941
2018-11-26,5855.36,5851.94,5885.53,5829.97,8680559
2018-11-27,5860.34,5821.67,5875.12,5809.79,7566915
2018-11-28,5825.54,5863.28,5880.79,5822.99,7854344
2018-11-29,5892.81,5831.72,5899.35,5831.72,8307250
2018-11-30,5835.22,5881.3,5881.77,5834.63,8574168
2018-12-03,5998.67,5987.69,6011.57,5945.49,16943176
2018-12-04,5988.91,6007.75,6010.15,5977.5,9164451
2018-12-05,5957.3,5965.87,5992.49,5950.8,8598197
2018-12-06,5908.04,5896.33,5928.04,5877.55,10525533
2018-12-07,5912.75,5888.44,5924.84,5881.28,5666545
2018-12-10,5847.19,5834.78,5868.36,5820.47,7642182
2018-12-11,5837.3,5835.3,5853.86,5821.75,6022013
2018-12-12,5879.98,5843.33,5879.98,5822.25,6475409
2018-12-13,5850.01,5883.95,5912.39,5832.13,11079196
2018-12-14,5860.85,5817.96,5870.54,5811.72,10528423
2018-12-17,5814.87,5837.49,5842.57,5801.96,9265982
2018-12-18,5801.22,5778.3,5841.03,5765.34,8894095
2018-12-19,5791.35,5716.03,5798.76,5712.6,8581818
2018-12-20,5703.7,5612.47,5718.03,5568.9,15128779
2018-12-21,5595.09,5553.21,5595.94,5507.78,13893220
2018-12-24,5518.61,5540.99,5551.27,5494.6,9735372
2018-12-25,5486.85,5521.67,5546.83,5440.45,14052049
2018-12-26,5513.45,5503.87,5538.84,5491.28,9218301
2018-12-27,5556.69,5513.08,5561.74,5510.06,12597333
2018-12-28,5529.65,5564.16,5602.82,5529.65,11488258
2019-01-02,5559.92,5470.49,5565.47,5447.0,10351288
2019-01-03,5460.34,5520.86,5534.37,5460.34,8997511
2019-01-04,5491.33,5633.23,5638.1,5485.87,14600983
2019-01-07,5661.81,5620.26,5661.81,5601.19,11837614
2019-01-08,5624.08,5595.59,5624.08,5580.98,8995154
2019-01-09,5617.67,5642.91,5702.52,5617.67,15082240
2019-01-10,5625.09,5627.93,5659.52,5609.3,10956033
2019-01-11,5642.35,5676.72,5697.53,5633.76,9099491
2019-01-14,5672.96,5639.24,5683.51,5633.65,8603613
2019-01-15,5652.1,5698.96,5708.58,5640.71,9837597
2019-01-16,5692.6,5710.31,5714.9,5682.59,8380446
2019-01-17,5726.61,5680.69,5733.11,5670.12,11725630
2019-01-18,5710.7,5783.56,5793.01,5704.82,16549587
2019-01-21,5779.3,5796.09,5825.21,5778.88,13508549
2019-01-22,5798.05,5750.64,5807.23,5735.73,8752350
2019-01-23,5752.16,5766.12,5796.39,5748.66,7852171
2019-01-24,5783.88,5813.43,5823.04,5766.36,8889001
2019-01-25,5836.95,5906.67,5928.78,5835.84,16530321
2019-01-28,5935.06,5901.24,5977.27,5882.8,12753124
2019-01-29,5894.29,5943.39,5960.08,5877.38,11757181
2019-01-30,5936.1,5921.93,5968.94,5911.32,9903932
2019-01-31,5945.91,6027.95,6041.83,5944.03,16961705
2019-02-01,6055.42,6034.2,6060.16,5986.4,12168214
2019-02-11,5995.51,6029.65,6036.16,5973.24,12519508
2019-02-12,6037.79,6034.29,6051.92,5990.8,12666507
2019-02-13,6038.16,6118.74,6140.34,6010.63,18164347
2019-02-14,6100.92,6085.57,6115.42,6072.08,12578049
2019-02-15,6068.45,5968.45,6076.06,5961.49,14627167
2019-02-18,6008.48,6081.81,6083.65,6005.98,17689476
2019-02-19,6082.81,6072.75,6166.01,6056.11,19139170
2019-02-20,6104.37,6082.44,6122.32,6058.45,12689244
2019-02-21,6084.85,6053.99,6123.17,6039.54,14175833
2019-02-22,6046.97,6135.56,6136.49,6006.24,21235537
2019-02-25,6180.58,6545.43,6574.16,6180.58,56698145
2019-02-26,6520.69,6393.69,6574.81,6385.38,42682580
2019-02-27,6418.84,6495.65,6626.58,6402.26,44302002
2019-02-28,6490.14,6468.11,6545.66,6447.27,24541500
2019-03-01,6505.8,6676.74,6676.74,6433.31,33782256
2019-03-04,6717.49,6713.26,6892.42,6676.88,54403654
2019-03-05,6690.35,6685.69,6727.0,6649.89,27533036
2019-03-06,6683.78,6711.47,6752.47,6631.66,31099554
2019-03-07,6695.74,6605.75,6695.74,6579.93,37829669
2019-03-08,6507.15,6357.68,6507.15,6351.6,37267221
2019-03-11,6344.36,6378.96,6392.23,6310.95,24377823
2019-03-12,6432.33,6401.37,6489.45,6367.03,27713817
2019-03-13,6403.78,6405.39,6463.76,6328.37,24302098
2019-03-14,6388.7,6401.89,6478.78,6381.04,19602393
2019-03-15,6404.23,6427.26,6483.48,6395.94,19303805
2019-03-18,6437.81,6538.84,6538.84,6405.04,25874444
2019-03-19,6548.19,6506.93,6570.37,6489.31,18992235
2019-03-20,6485.31,6515.58,6552.29,6465.57,18455042
2019-03-21,6508.59,6468.66,6516.84,6464.44,19269368
2019-03-22,6479.28,6454.0,6487.76,6403.67,16763689
2019-03-25,6382.56,6281.65,6388.82,6281.65,22685450
2019-03-26,6326.12,6269.85,6326.87,6245.77,15880001
2019-03-27,6290.9,6327.01,6366.41,6281.5,15594327
2019-03-28,6299.88,6291.41,6302.48,6246.41,13642026
2019-03-29,6293.47,6478.53,6492.53,6287.0,27799465
2019-04-01,6509.86,6590.1,6636.3,6509.83,36045849
2019-04-02,6610.98,6607.03,6649.2,6587.47,27392705
2019-04-03,6550.89,6653.17,6656.1,6537.27,27923324
2019-04-04,6664.88,6763.0,6785.32,6664.88,39328061
2019-04-08,6796.63,6813.24,6941.66,6764.22,41473815
2019-04-09,6799.85,6737.52,6818.13,6712.23,21318487
2019-04-10,6715.62,6716.56,6751.04,6650.24,21614945
2019-04-11,6722.91,6667.12,6781.92,6644.07,19909670
2019-04-12,6661.21,6667.77,6690.99,6641.44,14111005
2019-04-15,6783.69,6701.79,6877.96,6701.79,34408828
2019-04-16,6679.89,6973.71,6973.97,6673.78,50073967
2019-04-17,6944.35,6933.4,7015.61,6907.6,30981590
2019-04-18,6927.77,6878.53,6929.96,6859.54,17986419
2019-04-19,6895.83,6930.0,6978.52,6855.16,18568469
2019-04-22,6922.42,6734.58,6931.76,6720.88,25159721
2019-04-23,6728.07,6745.91,6797.38,6724.26,17879496
2019-04-24,6789.26,6762.94,6805.04,6673.56,19003475
2019-04-25,6738.81,6692.56,6764.25,6679.75,18859864
2019-04-26,6662.37,6584.07,6684.03,6582.45,18982780
2019-04-29,6616.82,6698.5,6751.42,6611.9,20973906
2019-04-30,6693.89,6720.37,6742.06,6641.45,20920173
2019-05-06,6558.95,6538.69,6589.95,6427.42,36634330
2019-05-07,6559.34,6526.48,6569.84,6477.43,19480434
2019-05-08,6455.59,6420.39,6500.3,6412.39,17172707
2019-05-09,6395.6,6295.92,6416.83,6271.65,17523003
2019-05-10,6352.47,6431.16,6460.02,6291.88,19347952
2019-05-13,6352.69,6336.57,6374.34,6328.1,14467577
2019-05-14,6282.49,6312.64,6374.98,6282.38,14472756
2019-05-15,6355.59,6415.18,6443.56,6341.85,15725621
2019-05-16,6403.79,6417.26,6425.02,6388.25,14317001
2019-05-17,6426.4,6339.28,6429.31,6323.27,14972871
2019-05-20,6326.15,6344.84,6385.29,6307.35,18813148
2019-05-21,6342.7,6389.83,6443.21,6338.7,13869776
2019-05-22,6390.14,6372.31,6406.71,6355.31,11312769
2019-05-23,6351.47,6335.41,6367.02,6300.77,14952379
2019-05-24,6354.59,6373.52,6401.85,6353.69,12437590
2019-05-27,6343.39,6387.88,6403.54,6279.18,16322707
2019-05-28,6379.98,6426.61,6446.0,6353.33,18502568
2019-05-29,6379.91,6372.21,6425.89,6356.33,12724269
2019-05-30,6378.35,6369.7,6383.89,6324.53,12205297
2019-05-31,6368.3,6347.59,6405.96,6339.06,12361932
2019-06-03,6343.71,6364.12,6398.13,6313.77,15452272
2019-06-04,6363.55,6358.73,6369.11,6324.06,12038797
2019-06-05,6392.13,6379.86,6428.17,6379.06,12844121
2019-06-06,6398.23,6378.06,6405.49,6357.82,10527106
2019-06-10,6400.78,6463.4,6495.02,6400.56,14024714
2019-06-11,6463.8,6531.11,6538.88,6455.32,18251928
2019-06-12,6519.69,6519.88,6540.96,6489.23,12495668
2019-06-13,6516.41,6508.13,6535.78,6468.58,10934414
2019-06-14,6525.11,6500.21,6540.6,6487.79,12761324
2019-06-17,6500.18,6526.17,6566.09,6498.56,11655164
2019-06-18,6535.81,6555.09,6559.06,6514.22,13116504
2019-06-19,6623.58,6575.19,6633.09,6569.23,22671150
2019-06-20,6585.81,6738.75,6781.76,6577.4,31848874
2019-06-21,6733.31,6681.66,6759.02,6671.72,23595849
2019-06-24,6679.15,6696.27,6706.25,6667.84,13065153
2019-06-25,6682.66,6554.49,6682.67,6485.85,22742925
2019-06-26,6506.51,6522.79,6554.53,6501.81,12590263
2019-06-27,6548.74,6584.95,6615.86,6548.74,16139454
2019-06-28,6584.47,6564.18,6585.03,6531.34,12019345
2019-07-01,6650.77,6649.64,6677.19,6629.17,19628361
2019-07-02,6648.7,6646.9,6652.15,6615.47,17164580
2019-07-03,6614.75,6605.41,6614.77,6577.97,14940553
2019-07-04,6614.51,6596.76,6630.65,6577.51,13778320
2019-07-05,6577.89,6568.87,6577.89,6540.02,11475148
2019-07-08,6544.09,6448.61,6544.09,6422.35,16507350
2019-07-09,6427.35,6403.93,6438.3,6390.97,9898355
2019-07-10,6417.18,6364.24,6418.76,6346.29,9585295
2019-07-11,6379.56,6374.94,6409.44,6359.47,9579318
2019-07-12,6356.54,6426.27,6448.25,6345.43,12385141
2019-07-15,6397.05,6417.49,6451.33,6329.05,13304271
2019-07-16,6416.19,6406.43,6429.04,6397.31,8210448
2019-07-17,6385.37,6381.21,6413.66,6368.16,8138738
2019-07-18,6382.7,6375.74,6394.21,6359.23,9317736
2019-07-19,6399.89,6455.58,6465.66,6393.71,10776511
2019-07-22,6450.88,6437.59,6481.13,6408.95,11804962
2019-07-23,6442.72,6448.85,6457.54,6426.49,10054786
2019-07-24,6472.79,6486.34,6528.43,6467.23,12967019
2019-07-25,6497.69,6582.66,6583.24,6496.17,14007991
2019-07-26,6558.11,6577.65,6592.09,6556.07,11130785
2019-07-29,6581.89,6570.89,6586.38,6547.32,11998081
2019-07-30,6573.62,6601.46,6644.79,6570.21,13552289
2019-07-31,6575.37,6550.09,6580.95,6530.18,11767077
2019-08-01,6526.97,6491.58,6544.27,6469.68,11847055
2019-08-02,6406.92,6416.65,6437.03,6396.26,15991299
2019-08-05,6387.96,6297.86,6391.57,6297.18,15124503
2019-08-06,6208.29,6231.56,6254.86,6187.34,16948255
2019-08-07,6254.61,6214.5,6259.74,6209.4,11313401
2019-08-08,6258.2,6320.45,6333.7,6254.16,14671652
2019-08-09,6337.64,6313.1,6358.57,6296.03,13048674
2019-08-12,6308.17,6384.09,6388.1,6306.66,12420058
2019-08-13,6351.71,6314.41,6353.63,6301.71,10045052
2019-08-14,6370.08,6297.98,6380.73,6295.91,12350574
2019-08-15,6212.9,6292.16,6294.17,6206.3,10562430
2019-08-16,6291.64,6275.44,6315.26,6254.18,11071180
2019-08-19,6255.23,6305.01,6307.79,6180.48,24817527
2019-08-20,6277.01,6293.85,6329.51,6272.14,14933198
2019-08-21,6281.23,6273.17,6296.58,6267.51,10076358
2019-08-22,6287.52,6263.69,6289.59,6245.32,9847137
2019-08-23,6266.11,6331.29,6340.53,6260.52,12008455
2019-08-26,6242.07,6226.61,6271.7,6205.6,13434196
2019-08-27,6259.99,6254.62,6317.98,6254.62,17808033
2019-08-28,6241.22,6201.44,6245.37,6195.72,12697348
2019-08-29,6199.15,6162.71,6207.51,6138.83,11716095
2019-08-30,6203.1,6175.5,6217.31,6155.62,12521868
2019-09-02,6184.08,6210.76,6234.18,6172.96,14359086
2019-09-03,6220.4,6207.12,6224.96,6194.87,10629034
2019-09-04,6211.75,6304.59,6304.59,6207.33,18210136
2019-09-05,6327.28,6382.67,6444.53,6327.13,25160449
2019-09-06,6417.39,6424.19,6426.67,6382.03,13791259
2019-09-09,6470.88,6403.9,6486.16,6391.22,18001468
2019-09-10,6410.39,6379.13,6410.68,6351.63,12962704
2019-09-11,6404.05,6426.48,6432.42,6384.99,15859610
2019-09-12,6457.15,6451.9,6459.94,6421.69,11927100
2019-09-16,6464.24,6417.49,6465.54,6400.89,10434815
2019-09-17,6409.46,6336.49,6410.22,6321.59,12677059
2019-09-18,6354.45,6340.84,6369.05,6339.93,9326841
2019-09-19,6360.31,6351.46,6361.55,6327.32,9716120
2019-09-20,6368.13,6382.78,6387.34,6350.94,15697471
2019-09-23,6363.41,6324.5,6365.97,6298.83,11421639
2019-09-24,6337.38,6313.74,6347.93,6310.21,8470393
2019-09-25,6311.29,6343.55,6373.59,6289.31,10723350
2019-09-26,6364.63,6433.23,6481.61,6354.38,22064911
2019-09-27,6434.31,6437.89,6458.5,6379.9,15801164
2019-09-30,6406.0,6374.46,6458.9,6374.46,12544480
2019-10-08,6365.26,6461.2,6489.0,6364.99,16001758
2019-10-09,6426.39,6534.27,6593.34,6424.83,20730790
2019-10-10,6532.66,6530.38,6550.0,6505.51,13050244
2019-10-11,6551.45,6661.11,6672.18,6544.75,20870360
2019-10-14,6705.53,6792.52,6906.44,6705.53,35922557
2019-10-15,6801.82,6804.73,6815.35,6755.03,19688623
2019-10-16,6830.28,6778.1,6912.82,6735.11,20618789
2019-10-17,6781.06,6764.79,6809.4,6741.17,12738886
2019-10-18,6787.97,6660.38,6833.38,6650.28,17504593
2019-10-21,6652.1,6740.43,6759.94,6647.24,15444842
2019-10-22,6764.37,6715.39,6764.37,6660.26,14015539
2019-10-23,6707.92,6714.26,6753.87,6688.86,14126905
2019-10-24,6733.48,6788.71,6839.69,6721.0,19862180
2019-10-25,6789.85,6770.86,6789.89,6706.52,14938554
2019-10-28,6767.74,6728.69,6802.21,6712.49,15597011
2019-10-29,6736.79,6711.02,6745.82,6689.98,13016430
2019-10-30,6712.49,6689.09,6751.8,6672.45,13016705
2019-10-31,6701.27,6654.02,6702.49,6636.71,13836900
2019-11-01,6654.75,6793.98,6809.48,6629.79,17944330
2019-11-04,6819.7,6831.85,6881.13,6807.19,15606183
2019-11-05,6830.81,6910.08,6984.28,6818.07,23737848
2019-11-06,6909.79,6932.2,6973.07,6882.34,17601659
2019-11-07,6931.94,6914.32,6953.48,6888.55,12837201
2019-11-08,6947.29,6827.8,6954.23,6820.35,15522369
2019-11-11,6789.92,6724.28,6789.92,6717.19,15367947
2019-11-12,6734.26,6737.12,6756.54,6706.12,10463245
2019-11-13,6723.43,6707.98,6737.5,6685.87,10840978
2019-11-14,6722.37,6672.68,6726.69,6652.64,10507326
2019-11-15,6696.74,6673.03,6721.06,6655.4,9918321
2019-11-18,6669.18,6752.59,6770.94,6660.03,11195662
2019-11-19,6733.85,6749.47,6772.88,6727.77,10136029
2019-11-20,6724.89,6628.39,6731.19,6617.42,12432629
2019-11-21,6601.51,6611.1,6637.57,6577.91,11047699
2019-11-22,6634.52,6586.63,6652.58,6574.79,10405974
2019-11-25,6605.51,6665.31,6676.15,6604.61,12381340
2019-11-26,6689.01,6624.7,6689.06,6624.7,16054955
2019-11-27,6633.22,6630.41,6652.16,6610.32,8441980
2019-11-28,6625.94,6604.51,6637.32,6584.61,8040675
2019-11-29,6597.49,6564.22,6631.75,6551.84,10367290
2019-12-02,6573.88,6569.36,6596.39,6557.44,8303287
2019-12-03,6553.38,6593.44,6597.78,6534.23,8234027
2019-12-04,6564.86,6558.07,6575.6,6542.5,8385032
2019-12-05,6583.33,6590.96,6606.41,6561.07,8864008
2019-12-06,6603.15,6597.85,6617.15,6566.54,8333479
2019-12-09,6594.51,6586.64,6599.65,6563.17,10010698
2019-12-10,6569.77,6562.25,6586.93,6557.47,9239473
2019-12-11,6579.36,6634.24,6637.06,6569.02,12112301
2019-12-12,6640.91,6617.26,6640.91,6603.52,10036967
2019-12-13,6668.59,6747.0,6747.0,6657.23,18772668
2019-12-16,6733.65,6730.24,6733.65,6697.8,14615722
2019-12-17,6728.12,6824.45,6877.08,6703.5,25280217
2019-12-18,6811.64,6831.31,6874.2,6811.64,17024529
2019-12-19,6836.33,6842.12,6883.48,6825.36,14222141
2019-12-20,6844.97,6842.82,6888.64,6829.78,15491287
2019-12-23,6860.74,6766.43,6865.83,6760.05,15228119
2019-12-24,6774.28,6806.54,6824.27,6774.28,8590629
2019-12-25,6805.86,6775.5,6808.8,6755.59,8809643
2019-12-26,6776.08,6825.87,6825.87,6773.48,9451917
2019-12-27,6817.74,6834.07,6899.12,6812.95,16174299
2019-12-30,6795.39,6828.27,6829.3,6729.38,18821813
2019-12-31,6818.31,6824.51,6827.71,6782.66,13505969
2020-01-02,6892.44,6934.35,6985.29,6892.44,23619764
2020-01-03,6946.83,6951.82,6971.42,6937.17,15204213
2020-01-06,6919.52,6904.02,6980.0,6876.87,19031238
2020-01-07,6927.74,6936.36,6984.78,6915.11,16155689
2020-01-08,6899.03,6824.86,6899.03,6819.01,15609334
2020-01-09,6873.54,6860.45,6888.85,6835.03,13369089
2020-01-10,6866.1,6859.47,6876.97,6835.98,9961934
2020-01-13,6865.11,6878.16,6880.14,6820.28,12998779
2020-01-14,6885.01,6860.72,6937.9,6855.54,13553954
2020-01-15,6861.63,6786.25,6867.4,6780.36,11208818
2020-01-16,6797.15,6740.83,6801.8,6728.8,14612806
2020-01-17,6751.48,6741.02,6781.05,6726.12,10087982
2020-01-20,6753.03,6775.33,6783.65,6743.2,10484256
2020-01-21,6746.66,6679.5,6747.33,6674.95,14598091
2020-01-22,6654.1,6675.79,6685.26,6602.0,14104304
2020-01-23,6641.2,6514.41,6641.2,6486.76,20952705
2020-02-03,5959.75,6082.72,6184.1,5959.75,36539362
2020-02-04,6083.74,6210.2,6219.29,6083.74,27048708
2020-02-05,6213.26,6206.73,6248.36,6155.03,19716887
2020-02-06,6237.26,6248.94,6269.62,6174.68,19488437
2020-02-07,6195.84,6222.84,6222.84,6155.21,16205904
2020-02-10,6182.7,6196.45,6206.32,6162.02,14325068
2020-02-11,6217.09,6260.94,6281.35,6207.9,17106964
2020-02-12,6255.71,6272.4,6272.58,6225.72,13315402
2020-02-13,6260.59,6221.77,6272.84,6220.14,12834698
2020-02-14,6214.97,6277.27,6285.97,6214.3,11631791
2020-02-17,6274.32,6389.02,6389.78,6262.34,18777821
2020-02-18,6363.75,6324.64,6370.72,6314.83,14566302
2020-02-19,6317.01,6323.15,6368.23,6310.01,14075239
2020-02-20,6333.08,6403.19,6412.24,6292.84,20996434
2020-02-21,6378.84,6382.3,6423.51,6354.1,17636784
2020-02-24,6359.45,6307.2,6380.08,6302.97,17613212
2020-02-25,6248.61,6244.77,6276.53,6206.71,18995831
2020-02-26,6196.44,6267.25,6312.77,6186.0,20880991
2020-02-27,6262.79,6297.07,6310.82,6262.64,16019629
2020-02-28,6233.08,6129.83,6266.93,6129.83,23028306
2020-03-02,6149.76,6243.43,6256.94,6149.76,17978461
2020-03-03,6277.71,6256.12,6297.73,6245.39,18207370
2020-03-04,6244.47,6268.29,6275.48,6229.57,12925953
2020-03-05,6295.43,6432.44,6439.39,6276.46,31652684
2020-03-06,6378.54,6332.72,6395.87,6328.97,18889051
2020-03-09,6249.56,6172.01,6249.79,6163.59,25301613
2020-03-10,6145.81,6240.1,6260.24,6145.81,20548620
2020-03-11,6247.79,6185.32,6262.93,6185.32,15467298
2020-03-12,6172.32,6151.92,6197.31,6132.16,18419665
2020-03-13,5970.21,6091.88,6108.98,5948.04,27716209
2020-03-16,6090.9,5913.86,6090.9,5913.46,25710337
2020-03-17,5918.9,5901.23,5991.84,5830.27,21488913
2020-03-18,5916.53,5764.46,5944.77,5762.47,18629203
2020-03-19,5736.26,5601.71,5756.37,5552.95,25573407
2020-03-20,5659.09,5726.65,5759.54,5635.35,19838743
2020-03-23,5610.97,5596.61,5650.33,5585.37,15718232
2020-03-24,5685.98,5741.57,5747.78,5667.92,16969624
2020-03-25,5835.07,5838.98,5864.28,5799.54,17081439
2020-03-26,5803.7,5874.61,5948.18,5796.88,16135424
2020-03-27,5924.16,5893.78,5944.89,5883.57,13453125
2020-03-30,5830.51,5873.11,5887.32,5817.36,14609316
2020-03-31,5908.6,5808.18,5919.32,5803.29,13101918
2020-04-01,5807.58,5804.83,5870.75,5800.32,10603320
2020-04-02,5774.26,5842.66,5842.66,5774.25,10330207
2020-04-03,5812.59,5804.11,5828.86,5785.17,10420015
2020-04-07,5885.26,5871.71,5893.46,5856.92,14598585
2020-04-08,5855.78,5837.96,5862.01,5827.85,10392952
2020-04-09,5858.46,5836.89,5863.1,5833.28,8074457
2020-04-10,5848.47,5835.17,5866.38,5818.09,9743277
2020-04-13,5809.25,5792.88,5815.29,5787.01,8301985
2020-04-14,5816.33,5860.56,5861.23,5806.66,9971608
2020-04-15,5850.18,5829.02,5853.47,5820.55,8536879
2020-04-16,5802.33,5813.45,5819.34,5789.45,9077570
2020-04-17,5841.58,5859.9,5888.56,5818.96,13847166
2020-04-20,5854.98,5841.27,5859.29,5820.97,10869557
2020-04-21,5843.0,5818.97,5857.75,5804.65,11866623
2020-04-22,5807.7,5814.6,5816.16,5784.57,10173076
2020-04-23,5821.51,5794.1,5823.92,5786.25,11298922
2020-04-24,5794.17,5775.38,5794.24,5760.55,8817190
2020-04-27,5795.43,5881.55,5913.87,5794.98,16416532
2020-04-28,5888.94,5895.19,5903.42,5829.98,13762848
2020-04-29,5895.62,6035.57,6035.57,5893.82,18167819
2020-04-30,6045.73,6051.15,6125.83,6045.27,15196367
2020-05-06,5972.53,5986.85,5998.45,5939.25,16282243
2020-05-07,5985.48,5954.33,5985.48,5945.39,10917498
2020-05-08,5984.6,6012.67,6030.43,5969.22,12462976
2020-05-11,6012.39,6010.04,6057.24,6003.65,11169039
2020-05-12,6010.62,5964.57,6023.11,5957.84,9302503
2020-05-13,5951.39,5960.32,5964.76,5922.94,8475313
2020-05-14,5942.46,5897.35,5942.46,5890.85,8718151
2020-05-15,5924.26,5892.5,5932.55,5884.87,8686005
2020-05-18,5886.26,5898.86,5931.03,5874.41,8849036
2020-05-19,5958.34,5937.53,5958.99,5928.18,9367519
2020-05-20,5937.17,5966.13,5986.04,5912.17,10367725
2020-05-21,5982.12,5948.75,5993.99,5945.34,8393422
2020-05-22,5937.3,5842.52,5942.15,5842.52,12156204
2020-05-25,5873.42,5841.64,5873.42,5818.09,8618743
2020-05-26,5859.09,5856.3,5864.56,5842.52,7661440
2020-05-27,5865.81,5884.71,5914.66,5852.22,10796448
2020-05-28,5894.58,5961.2,5992.16,5890.96,13892102
2020-05-29,5933.23,5923.93,5941.74,5913.47,10426890
2020-06-01,5951.58,6006.06,6011.51,5951.58,11882584
2020-06-02,5988.81,6040.68,6057.78,5988.81,12690087
2020-06-03,6070.31,6047.2,6139.84,6046.05,13940173
2020-06-04,6074.82,6027.6,6076.64,6022.07,8558171
2020-06-05,6043.87,6036.74,6045.21,6002.48,7910490
2020-06-08,6052.5,6040.41,6089.48,6036.26,11469547
2020-06-09,6042.26,6050.22,6058.01,6021.71,10403640
2020-06-10,6058.53,6008.12,6058.53,6004.75,10014690
2020-06-11,6003.22,5935.44,6007.82,5928.32,14984425
2020-06-12,5894.82,5942.09,5948.08,5883.37,18684318
2020-06-15,5907.24,5869.15,5916.8,5869.15,16822865
2020-06-16,5906.31,5916.09,5920.82,5896.12,11145470
2020-06-17,5909.3,5911.53,5917.39,5885.54,9920216
2020-06-18,5877.2,5891.69,5906.1,5832.16,16245800
2020-06-19,5879.78,5901.3,5916.47,5863.42,19547682
2020-06-22,5886.58,5869.12,5914.17,5863.71,17542257
2020-06-23,5859.61,5840.76,5865.99,5833.86,13346517
2020-06-24,5844.37,5894.62,5901.89,5843.53,18696427
2020-06-29,5930.5,5882.45,5951.13,5865.32,19794898
2020-06-30,5871.21,5864.1,5883.85,5847.14,16495865
2020-07-01,5869.31,5970.72,5977.93,5851.92,26818879
2020-07-02,5957.21,6108.22,6108.64,5946.95,44287737
2020-07-03,6129.27,6268.92,6281.17,6129.27,51317868
2020-07-06,6344.71,6835.22,6853.61,6344.71,90987921
2020-07-07,6992.58,6800.29,7114.46,6793.99,87411578
2020-07-08,6754.51,6819.6,6912.59,6712.25,71189455
2020-07-09,6787.61,6738.52,6790.99,6675.77,62550394
2020-07-10,6649.79,6447.0,6667.0,6428.45,59673478
2020-07-13,6377.87,6415.94,6489.25,6338.68,56475615
2020-07-14,6373.63,6290.08,6402.86,6256.71,44066026
2020-07-15,6274.09,6125.62,6283.62,6115.62,41655206
2020-07-16,6141.19,6091.82,6212.04,6090.48,46885279
2020-07-17,6125.5,6094.94,6142.4,6048.46,32440286
2020-07-20,6119.06,6255.65,6264.75,6090.35,38801222
2020-07-21,6258.85,6197.91,6258.85,6176.62,24905724
2020-07-22,6194.29,6179.38,6268.49,6155.26,30884885
2020-07-23,6121.73,6071.64,6143.44,6015.84,32334992
2020-07-24,6053.75,5917.07,6064.2,5894.58,33815789
2020-07-27,5952.58,5871.61,5957.14,5847.75,21210452
2020-07-28,5908.94,5898.73,5925.67,5873.61,16888278
2020-07-29,5889.08,5976.55,5984.97,5867.29,23138222
2020-07-30,5972.44,5915.37,5977.86,5911.35,18425064
2020-07-31,5912.34,5915.35,5984.37,5883.46,23527203
2020-08-03,5951.28,5961.22,5975.16,5928.39,26504117
2020-08-04,5975.36,6113.39,6148.07,5956.65,46990986
2020-08-05,6073.06,6034.94,6073.38,5998.81,25137188
2020-08-06,6046.54,6083.49,6100.97,6008.99,23073392
2020-08-07,6062.16,6029.87,6089.07,6002.75,21147334
2020-08-10,6031.26,6089.46,6114.28,5991.4,23423170
2020-08-11,6095.54,6104.98,6225.47,6095.3,35812979
2020-08-12,6115.68,6141.24,6178.28,6078.77,26252116
2020-08-13,6150.66,6109.08,6154.92,6106.08,17538033
2020-08-14,6109.77,6202.2,6205.66,6099.25,23843644
2020-08-17,6216.75,6376.11,6437.67,6216.75,61646132
2020-08-18,6363.5,6316.86,6363.5,6281.44,32664222
2020-08-19,6309.94,6263.46,6330.96,6263.46,25215685
2020-08-20,6244.29,6171.61,6246.3,6160.32,22554680
2020-08-21,6214.39,6185.02,6214.39,6157.37,16826200
2020-08-24,6204.34,6146.57,6210.69,6141.96,17087695
2020-08-25,6169.26,6158.5,6202.11,6141.88,15438380
2020-08-26,6161.2,6108.88,6163.78,6094.76,17399488
2020-08-27,6116.41,6102.88,6117.41,6065.1,14775397
2020-08-28,6094.36,6239.56,6239.56,6075.25,25061783
2020-08-31,6257.35,6194.34,6318.89,6185.4,33269039
2020-09-01,6175.3,6180.77,6199.25,6154.26,19848917
2020-09-02,6180.4,6142.86,6184.74,6106.43,22572053
2020-09-03,6143.72,6115.18,6171.75,6101.45,18130232
2020-09-04,6067.92,6090.62,6102.11,6052.6,16403716
2020-09-07,6077.71,6067.59,6141.04,6062.97,17287851
2020-09-08,6090.04,6163.85,6163.85,6089.45,20334906
2020-09-09,6121.97,6130.16,6185.46,6106.93,18336547
2020-09-10,6162.0,6114.76,6166.12,6098.74,18629780
2020-09-11,6108.88,6067.66,6117.23,6036.52,15929532
2020-09-14,6072.97,6091.86,6092.91,6044.56,13747468
2020-09-15,6079.7,6108.21,6128.06,6065.1,12776937
2020-09-16,6111.69,6129.08,6149.55,6090.86,13576783
2020-09-17,6131.7,6112.33,6159.3,6108.8,12819957
2020-09-18,6118.25,6238.27,6238.27,6098.88,25825346
2020-09-21,6237.01,6191.57,6249.63,6184.47,16317781
2020-09-22,6162.17,6122.11,6210.74,6108.14,17470643
2020-09-23,6126.2,6092.53,6136.76,6086.94,12221371
2020-09-24,6079.82,6016.46,6080.17,6006.28,15430871
2020-09-25,6023.56,6009.73,6040.97,5997.72,11592726
2020-09-28,6016.68,6035.78,6046.97,5998.95,12778182
2020-09-29,6052.77,5964.88,6052.77,5964.88,12464995
2020-09-30,5974.37,5953.38,6008.8,5926.44,16063470
2020-10-09,5995.7,5967.8,6013.2,5962.52,14172385
2020-10-12,5982.01,6126.34,6138.4,5979.72,26681443
2020-10-13,6114.63,6128.1,6139.35,6093.68,19042811
2020-10-14,6134.56,6127.95,6140.62,6094.67,15378770
2020-10-15,6133.77,6216.33,6260.89,6131.37,22960837
2020-10-16,6207.35,6319.41,6368.26,6207.27,35654813
2020-10-19,6368.13,6345.34,6523.75,6337.12,37207897
2020-10-20,6343.83,6313.63,6347.12,6280.8,20348807
2020-10-21,6325.67,6428.83,6433.67,6289.26,25347846
2020-10-22,6439.32,6411.08,6517.01,6363.28,21306721
2020-10-23,6393.56,6453.99,6530.5,6385.26,26315334
2020-10-26,6463.13,6332.09,6469.33,6312.2,22504775
2020-10-27,6332.2,6308.45,6346.06,6295.86,15515785
2020-10-28,6310.23,6243.59,6328.07,6222.27,19292984
2020-10-29,6184.5,6243.02,6287.98,6180.16,18113387
2020-10-30,6259.75,6191.6,6322.48,6172.76,22140717
2020-11-02,6206.89,6187.25,6238.51,6142.08,20269376
2020-11-03,6226.01,6253.24,6323.83,6226.01,18687844
2020-11-04,6323.37,6348.33,6363.29,6280.49,17245633
2020-11-05,6382.22,6321.38,6403.04,6294.69,18167772
2020-11-06,6317.44,6301.01,6319.04,6254.05,16837642
2020-11-09,6330.15,6356.47,6375.16,6320.15,22173911
2020-11-10,6412.66,6400.43,6470.95,6378.99,23327932
2020-11-11,6406.49,6445.33,6468.54,6387.28,22715290
2020-11-12,6421.01,6374.4,6439.56,6366.19,13973412
2020-11-13,6342.81,6256.08,6342.81,6213.91,19177749
2020-11-16,6270.24,6284.49,6292.04,6254.32,14220088
2020-11-17,6286.34,6362.82,6371.07,6276.51,16218759
2020-11-18,6354.9,6504.7,6530.73,6349.44,29846712
2020-11-19,6504.45,6553.85,6570.54,6464.57,21772819
2020-11-20,6527.17,6514.79,6527.17,6483.33,15614082
2020-11-23,6508.1,6649.43,6663.04,6506.83,28111274
2020-11-24,6638.29,6614.05,6661.45,6600.11,19593944
2020-11-25,6662.46,6560.4,6702.24,6558.22,21176646
2020-11-26,6567.4,6651.26,6663.96,6563.79,19321928
2020-11-27,6686.28,6807.26,6807.26,6664.0,47557800
2020-11-30,6864.56,6746.23,7087.71,6746.23,79806378
2020-12-01,6752.55,6932.35,6968.44,6727.19,55666849
2020-12-02,6916.61,6896.11,6972.13,6841.62,38594876
2020-12-03,6899.61,6883.69,6932.47,6804.8,40137066
2020-12-04,6864.85,6794.62,6864.85,6730.52,35126568
2020-12-07,6785.21,6644.52,6797.73,6616.13,31559133
2020-12-08,6646.24,6601.98,6694.66,6587.86,27359394
2020-12-09,6622.55,6598.36,6694.8,6595.78,28396861
2020-12-10,6588.32,6558.06,6621.38,6514.86,24576720
2020-12-11,6567.92,6483.3,6580.68,6464.31,28460075
2020-12-14,6522.85,6550.11,6590.49,6514.11,22077125
2020-12-15,6544.79,6496.14,6544.79,6413.25,24598979
2020-12-16,6513.83,6508.56,6558.33,6482.88,20651087
2020-12-17,6500.68,6545.92,6550.33,6436.23,24923522
2020-12-18,6529.79,6461.27,6557.04,6437.32,19611259
2020-12-21,6453.94,6440.57,6481.24,6390.63,19655544
2020-12-22,6435.63,6334.29,6457.1,6327.53,26739090
2020-12-23,6331.45,6347.0,6359.84,6305.06,20229486
2020-12-24,6362.8,6382.28,6432.58,6356.25,15453865
2020-12-25,6386.6,6391.67,6395.13,6319.83,15239269
2020-12-28,6375.33,6435.77,6457.44,6347.85,21351802
2020-12-29,6448.27,6454.62,6482.08,6425.65,21618763
2020-12-30,6442.12,6472.09,6472.09,6402.15,22398517
2020-12-31,6469.48,6535.99,6588.18,6459.67,32764181
2021-01-04,6473.81,6410.63,6473.81,6351.29,36994971
2021-01-05,6378.66,6333.52,6378.92,6258.94,33223009
2021-01-06,6320.11,6484.12,6484.12,6312.29,27389972
2021-01-07,6493.1,6546.5,6561.91,6462.11,28838717
2021-01-08,6556.39,6574.85,6609.79,6512.55,24712000
2021-01-11,6597.73,6640.66,6711.17,6597.73,34213080
2021-01-12,6650.31,6731.7,6739.39,6603.2,28143490
2021-01-13,6711.82,6727.08,6747.92,6674.76,26927772
2021-01-14,6722.84,6721.51,6823.91,6700.97,28014011
2021-01-15,6861.71,6907.99,7084.75,6861.71,59763899
2021-01-18,6919.66,7069.28,7099.47,6913.19,39279618
2021-01-19,7061.09,7068.51,7147.54,6981.28,38078941
2021-01-20,7055.36,6990.14,7136.48,6969.62,26894015
2021-01-21,7032.45,7013.06,7089.81,6988.16,26781625
2021-01-22,7009.1,6890.95,7009.1,6847.55,26405018
2021-01-25,6845.96,6904.16,6930.78,6763.31,23374641
2021-01-26,6885.6,6878.91,6994.17,6864.18,22111680
2021-01-27,6884.03,6976.71,7054.71,6884.03,27297132
2021-01-28,6908.85,6908.85,6931.52,6859.7,23164881
2021-01-29,6940.9,6928.14,7016.9,6883.44,28230721
2021-02-01,6903.16,7095.43,7125.64,6858.59,30511730
2021-02-02,7043.5,7004.03,7116.68,6978.09,27157570
2021-02-03,7009.55,7132.35,7188.82,6966.62,28126517
2021-02-04,7085.35,7157.05,7264.49,7073.78,30532043
2021-02-05,7177.0,7370.7,7393.35,7161.99,57609035
2021-02-08,7367.71,7403.79,7429.45,7236.43,39559546
2021-02-09,7391.63,7391.78,7400.12,7290.78,30471108
2021-02-10,7430.8,7353.65,7524.08,7271.77,41229489
2021-02-18,7430.35,7477.15,7563.58,7402.52,39042890
2021-02-19,7451.61,7440.67,7545.62,7407.83,33097611
2021-02-22,7425.21,7316.29,7425.21,7293.89,44720927
2021-02-23,7307.84,7379.1,7507.07,7307.84,41578962
2021-02-24,7390.44,7260.86,7393.6,7203.19,35220176
2021-02-25,7317.48,7369.96,7423.07,7272.59,37907996
2021-02-26,7282.2,7114.92,7354.24,7089.8,38534859
2021-03-01,7143.99,7115.55,7162.11,7080.13,24125871
2021-03-02,7146.71,7063.54,7178.87,6999.62,26847411
2021-03-03,7075.71,7383.39,7397.76,7069.82,43365133
2021-03-04,7332.69,7326.13,7437.13,7285.69,39186776
2021-03-05,7277.36,7267.48,7320.18,7136.24,35549030
2021-03-08,7287.9,7146.98,7358.69,7143.46,37068698
2021-03-09,7167.17,7011.61,7237.1,6984.22,37382750
2021-03-10,7036.01,6979.92,7043.58,6956.32,26315738
2021-03-11,7051.19,7197.76,7251.34,7051.19,33500027
2021-03-12,7209.33,7271.94,7295.14,7196.77,28870490
2021-03-15,7261.73,7334.61,7446.45,7254.51,33633171
2021-03-16,7361.07,7419.72,7488.17,7336.16,26829133
2021-03-17,7386.26,7303.6,7388.0,7268.84,22952750
2021-03-18,7305.28,7324.47,7355.21,7267.79,19709930
2021-03-19,7315.47,7106.8,7342.66,7084.21,30178846
2021-03-22,7117.41,7252.97,7304.07,7117.41,22544445
2021-03-23,7251.49,7219.54,7304.95,7171.05,19727910
2021-03-24,7220.67,7104.7,7225.87,7087.11,20585234
2021-03-25,7140.43,7058.81,7166.2,7042.56,18903302
2021-03-26,7094.24,7128.4,7140.89,7062.78,21826919
2021-03-29,7137.41,7161.91,7172.62,7086.75,28231162
2021-03-30,7162.87,7215.17,7215.17,7122.04,22627298
2021-03-31,7198.09,7238.44,7258.36,7138.26,28781007
2021-04-01,7242.65,7214.71,7242.87,7177.14,17148898
2021-04-02,7221.58,7126.51,7222.23,7104.36,19847577
2021-04-06,7133.1,7144.9,7174.95,7119.87,14049173
2021-04-07,7150.57,7123.99,7155.87,7082.46,17917108
2021-04-08,7107.39,7106.14,7123.44,7083.12,14774414
2021-04-09,7116.18,7069.75,7116.83,7051.68,14846555
2021-04-12,7061.42,7048.43,7077.44,7012.07,18497264
2021-04-13,7063.6,7018.61,7101.68,6991.5,17554528
2021-04-14,7029.41,6931.96,7032.12,6924.87,16982316
2021-04-15,6936.08,6867.14,6936.08,6804.82,17980246
2021-04-16,6875.48,6882.42,6888.02,6830.31,13039015
2021-04-19,6881.31,6987.63,6994.68,6833.26,19250194
2021-04-20,6957.48,7012.11,7056.78,6955.52,16448305
2021-04-21,7030.48,7134.29,7163.81,7030.48,18590743
2021-04-22,7148.06,7065.29,7154.95,7040.02,17473640
2021-04-23,7069.3,7098.11,7131.04,7048.46,14900925
2021-04-26,7156.23,7032.06,7184.05,7019.54,17605296
2021-04-27,7029.0,7030.68,7054.38,6999.84,13053569
2021-04-28,7052.23,7022.01,7053.11,6975.82,15099711
2021-04-29,7037.92,7154.54,7161.78,7023.9,24397164
2021-04-30,7126.74,7037.27,7127.32,6986.73,35085873
2021-05-06,7018.52,7107.41,7156.53,7018.52,21403777
2021-05-07,7127.16,7185.25,7250.48,7098.33,24909847
2021-05-10,7182.23,7138.03,7182.23,7069.56,21179390
2021-05-11,7103.25,7161.36,7167.41,7098.42,16533543
2021-05-12,7146.46,7194.19,7255.23,7145.25,20328751
2021-05-13,7170.25,7158.65,7221.41,7127.26,16128910
2021-05-14,7176.76,7250.56,7255.79,7104.36,19717479
2021-05-17,7235.03,7268.49,7338.14,7216.07,19132558
2021-05-18,7275.6,7254.52,7281.18,7220.32,13537279
2021-05-19,7248.7,7145.16,7248.7,7115.53,16416086
2021-05-20,7137.18,7215.53,7215.53,7089.09,16919538
2021-05-21,7228.06,7120.67,7239.76,7103.78,15876892
2021-05-24,7120.91,7128.15,7171.06,7103.3,13397068
2021-05-25,7134.63,7387.62,7397.79,7114.65,31781115
2021-05-26,7394.97,7447.75,7481.52,7377.08,26806594
2021-05-27,7419.45,7387.27,7455.84,7336.4,21004259
2021-05-28,7388.44,7404.1,7436.31,7354.74,21443034
2021-05-31,7395.32,7365.93,7395.36,7308.63,20890618
2021-06-01,7334.44,7304.73,7334.51,7269.04,19768493
2021-06-02,7301.02,7308.68,7310.1,7237.08,22640566
2021-06-03,7303.0,7256.72,7370.01,7256.72,20904806
2021-06-04,7245.36,7329.79,7405.95,7241.36,22718204
2021-06-07,7324.25,7287.84,7324.25,7245.46,19185424
2021-06-08,7279.57,7283.72,7330.1,7218.37,20843472
2021-06-09,7268.68,7256.43,7301.45,7245.33,17223817
2021-06-10,7264.14,7236.44,7336.82,7230.14,20421001
2021-06-11,7245.74,7167.14,7252.96,7111.96,24533020
2021-06-15,7140.34,7060.96,7142.45,7028.36,21703579
2021-06-16,7059.08,7101.54,7144.74,7048.43,17615006
2021-06-17,7077.77,7054.29,7127.27,7051.48,16718568
2021-06-18,7036.02,6975.48,7055.21,6950.26,18024599
2021-06-21,6959.94,6900.54,6959.94,6880.37,18917457
2021-06-22,6921.57,6989.7,7005.47,6921.01,18365791
2021-06-23,6985.88,6966.3,7005.69,6945.75,17102637
2021-06-24,6956.13,6995.97,6995.97,6931.02,15490622
2021-06-25,6994.36,7076.89,7094.83,6991.25,20046611
2021-06-28,7067.63,6951.82,7069.32,6922.53,18805698
2021-06-29,6899.99,6876.06,6938.38,6860.4,16801142
2021-06-30,6893.6,6938.28,6966.66,6893.32,13517225
2021-07-01,6965.56,7058.88,7059.34,6941.27,19304586
2021-07-02,7000.39,6896.63,7001.25,6880.91,20445912
2021-07-05,6890.84,6901.82,6906.19,6797.85,18195304
2021-07-06,6870.09,6938.38,6955.04,6848.89,18559491
2021-07-07,6927.32,6917.61,6981.15,6893.66,16070945
2021-07-08,6953.07,6738.57,6953.07,6715.42,24939942
2021-07-09,6713.82,6662.8,6756.21,6646.76,20371137
2021-07-12,6723.27,6635.28,6739.06,6606.96,27536519
2021-07-13,6599.95,6619.09,6653.51,6532.15,20566245
2021-07-14,6612.02,6508.23,6612.02,6486.87,23776552
2021-07-15,6502.86,6674.54,6682.23,6497.89,24044442
2021-07-16,6640.65,6633.9,6685.34,6611.51,17090353
2021-07-19,6634.57,6630.49,6648.29,6531.51,17666130
2021-07-20,6600.39,6543.41,6621.91,6527.52,14486715
2021-07-21,6527.43,6486.0,6559.98,6462.66,16569049
2021-07-22,6479.92,6522.22,6581.59,6466.96,15728770
2021-07-23,6519.51,6494.24,6529.95,6457.85,14997962
2021-07-26,6465.51,6289.18,6465.51,6285.35,23333276
2021-07-27,6292.04,6121.48,6309.2,6104.37,23352880
2021-07-28,6133.64,6189.32,6229.59,6133.64,23037589
2021-07-29,6224.31,6147.87,6224.31,6138.74,18183614
2021-07-30,6128.49,6055.71,6128.49,6026.23,17316029
2021-08-02,6044.13,6141.49,6178.35,5972.04,23098714
2021-08-03,6121.66,6109.72,6130.98,6063.21,15950802
2021-08-04,6111.97,6058.58,6116.59,6045.39,14169134
2021-08-05,6041.94,6047.03,6097.83,6017.37,13081055
2021-08-06,6028.28,6067.37,6069.53,5983.69,13605286
2021-08-09,6064.99,6222.96,6277.43,6063.63,21757340
2021-08-10,6222.37,6342.28,6357.68,6192.11,19822806
2021-08-11,6347.2,6399.73,6472.73,6346.09,25463063
2021-08-12,6386.09,6370.83,6426.67,6361.68,12939717
2021-08-13,6366.6,6376.16,6389.77,6333.73,11760522
2021-08-16,6399.9,6368.27,6410.7,6320.91,14351837
2021-08-17,6362.41,6308.22,6421.34,6300.57,17721664
2021-08-18,6314.34,6515.15,6563.08,6308.21,25858390
2021-08-19,6491.13,6387.8,6504.4,6362.41,17873266
2021-08-20,6384.78,6343.91,6422.0,6257.82,19288861
2021-08-23,6349.83,6346.69,6405.0,6342.29,14902187
2021-08-24,6353.1,6368.41,6420.14,6318.76,16261894
2021-08-25,6372.86,6309.88,6388.91,6294.8,15959492
2021-08-26,6318.22,6219.17,6320.53,6214.4,15742993
2021-08-27,6219.05,6237.04,6283.88,6214.94,13784085
2021-08-30,6228.55,6134.41,6231.48,6097.39,22118309
2021-08-31,6136.3,6222.87,6228.14,6120.28,22575254
2021-09-01,6205.79,6365.62,6377.97,6188.11,34447713
2021-09-02,6366.84,6424.52,6428.8,6358.53,22949088
2021-09-03,6437.38,6436.66,6496.39,6333.05,26381417
2021-09-06,6406.39,6428.57,6487.07,6398.9,20849196
2021-09-07,6441.34,6543.97,6564.64,6389.62,27639461
2021-09-08,6533.56,6535.77,6599.47,6515.3,25102506
2021-09-09,6509.66,6512.14,6539.91,6468.68,21074410
2021-09-10,6506.41,6655.7,6718.61,6503.4,36108891
2021-09-13,6631.5,6645.85,6670.28,6595.01,25494441
2021-09-14,6654.49,6466.96,6673.65,6452.99,28973236
2021-09-15,6448.9,6416.74,6478.61,6380.85,19251999
2021-09-16,6404.84,6355.55,6448.05,6346.08,23848621
2021-09-17,6353.87,6366.29,6389.53,6331.06,18693255
2021-09-22,6197.32,6229.38,6258.63,6160.84,24871363
2021-09-23,6257.89,6230.04,6327.4,6209.85,20208360
2021-09-24,6220.25,6180.9,6244.35,6174.9,17462568
2021-09-27,6163.32,6180.97,6210.95,6126.07,19745197
2021-09-28,6177.28,6285.3,6312.29,6176.97,21409581
2021-09-29,6248.32,6341.55,6385.08,6224.63,22515842
2021-09-30,6330.22,6274.27,6330.22,6248.23,17010867
2021-10-08,6291.44,6375.91,6387.11,6291.44,20173640
2021-10-11,6419.08,6518.37,6581.26,6419.08,24408879
2021-10-12,6494.83,6519.98,6580.07,6475.06,20529236
2021-10-13,6509.79,6508.49,6539.22,6447.26,14356937
2021-10-14,6510.81,6441.83,6539.91,6428.86,11857755
2021-10-15,6450.24,6498.37,6525.02,6435.37,15849247
2021-10-18,6496.83,6453.36,6511.24,6433.37,16522217
2021-10-19,6450.12,6497.18,6532.5,6449.15,15178389
2021-10-20,6522.31,6452.3,6536.76,6439.2,13656449
2021-10-21,6495.81,6590.54,6595.9,6495.29,24004184
2021-10-22,6610.55,6601.09,6662.54,6562.63,19487060
2021-10-25,6557.08,6602.21,6615.21,6523.0,16315250
2021-10-26,6596.8,6599.33,6651.73,6574.46,17730044
2021-10-27,6587.39,6543.65,6587.39,6490.05,17057394
2021-10-28,6520.8,6500.58,6553.31,6482.94,14616064
2021-10-29,6526.78,6471.67,6537.61,6456.4,18843116
2021-11-01,6469.69,6546.61,6582.5,6439.94,27050039
2021-11-02,6553.62,6356.59,6560.76,6324.43,29662904
2021-11-03,6357.93,6354.03,6372.54,6335.28,16287603
2021-11-04,6362.14,6327.85,6366.43,6309.44,14153777
2021-11-05,6313.55,6302.31,6332.82,6295.01,13999828
2021-11-08,6292.53,6274.57,6307.73,6266.53,14571615
2021-11-09,6291.14,6277.9,6307.86,6243.59,12339336
2021-11-10,6270.62,6257.49,6270.62,6211.07,14732065
2021-11-11,6250.2,6423.16,6424.79,6244.02,20414904
2021-11-12,6421.96,6399.95,6451.43,6388.71,13314916
2021-11-15,6410.26,6436.13,6456.6,6390.4,11719599
2021-11-16,6428.95,6395.85,6458.06,6371.39,12030687
2021-11-17,6374.03,6346.79,6404.37,6340.18,12159131
2021-11-18,6338.13,6302.36,6346.06,6295.95,11707392
2021-11-19,6301.49,6373.33,6388.96,6288.55,14493730
2021-11-22,6360.47,6312.2,6364.65,6309.08,14431725
2021-11-23,6315.36,6323.1,6358.79,6300.88,13115510
2021-11-24,6315.48,6329.8,6344.19,6290.31,12153688
2021-11-25,6320.96,6309.6,6321.72,6298.96,9760079
2021-11-26,6296.98,6259.06,6300.26,6252.61,13019313
2021-11-29,6228.31,6232.19,6249.86,6201.13,15946333
2021-11-30,6226.3,6215.98,6250.84,6196.09,14934312
2021-12-01,6215.03,6259.19,6264.37,6209.6,13744877
2021-12-02,6252.98,6282.01,6303.6,6209.98,16013359
2021-12-03,6287.05,6323.22,6323.22,6243.57,14650924
2021-12-06,6337.61,6354.77,6410.88,6335.58,21960169
2021-12-07,6404.24,6417.97,6441.6,6350.26,23756487
2021-12-08,6419.47,6420.63,6431.53,6376.97,19247462
2021-12-09,6424.23,6482.1,6544.41,6408.47,26927525
2021-12-10,6450.24,6466.72,6496.09,6429.6,27075824
2021-12-13,6472.01,6416.49,6532.96,6414.66,23844295
2021-12-14,6402.06,6329.58,6407.61,6316.98,21575741
2021-12-15,6314.78,6321.57,6336.33,6301.5,15535570
2021-12-16,6325.11,6366.85,6371.0,6307.81,15680578
2021-12-17,6363.17,6341.44,6379.98,6335.03,15085133
2021-12-20,6328.39,6335.07,6371.56,6322.61,15928176
2021-12-21,6329.63,6362.32,6391.51,6328.31,23230032
2021-12-22,6374.14,6313.39,6374.78,6310.54,17549317
2021-12-23,6325.52,6318.68,6337.78,6295.65,14504588
2021-12-24,6324.14,6296.69,6324.14,6290.6,12904021
2021-12-27,6297.95,6265.65,6307.91,6247.96,13404145
2021-12-28,6269.01,6290.69,6309.18,6267.1,17381375
2021-12-29,6291.77,6221.52,6291.77,6218.13,14673584
2021-12-30,6225.87,6251.93,6274.22,6225.3,15391110
2021-12-31,6257.5,6248.01,6263.47,6237.9,14428267
2022-01-04,6249.03,6266.65,6271.1,6204.0,21863146
2022-01-05,6267.56,6380.03,6406.25,6262.47,36219663
2022-01-06,6371.13,6345.19,6386.18,6335.6,22371699
2022-01-07,6347.79,6444.17,6448.29,6347.79,33544525
2022-01-10,6466.53,6469.51,6504.37,6410.21,27061211
2022-01-11,6488.36,6542.43,6571.42,6460.48,29143891
2022-01-12,6552.76,6526.5,6557.94,6480.84,27197466
2022-01-13,6519.87,6527.23,6600.32,6511.18,28194906
2022-01-14,6521.93,6383.54,6521.93,6377.07,30577333
2022-01-17,6388.04,6375.43,6430.61,6347.84,19035601
2022-01-18,6386.82,6507.73,6512.94,6375.41,26359988
2022-01-19,6505.91,6544.73,6556.67,6497.78,22356476
2022-01-20,6548.27,6675.32,6702.16,6545.3,38204722
2022-01-21,6661.65,6640.46,6666.4,6615.18,24170011
2022-01-24,6638.47,6633.1,6663.79,6571.08,22301953
2022-01-25,6608.99,6525.96,6610.77,6525.15,23356585
2022-01-26,6539.6,6537.79,6561.24,6498.84,17584129
2022-01-27,6523.43,6508.54,6555.34,6473.86,21297963
2022-01-28,6525.52,6414.84,6537.22,6414.84,23722864
2022-02-07,6496.24,6611.99,6617.73,6494.89,28336413
2022-02-08,6611.29,6707.84,6710.53,6605.09,39367076
2022-02-09,6715.57,6678.21,6749.48,6661.08,30497059
2022-02-10,6679.48,6735.44,6735.44,6636.87,24006742
2022-02-11,6736.52,6805.84,6837.48,6736.48,29668299
2022-02-14,6800.24,6649.2,6800.38,6633.94,27470630
2022-02-15,6631.44,6565.22,6672.6,6533.28,24279001
2022-02-16,6588.57,6627.72,6660.82,6581.36,16530055
2022-02-17,6637.18,6645.55,6697.34,6618.51,17773038
2022-02-18,6628.83,6731.88,6731.88,6628.56,18784954
2022-02-21,6708.95,6699.47,6708.95,6629.36,17645255
2022-02-22,6662.87,6666.5,6693.85,6638.9,17179037
2022-02-23,6674.36,6608.38,6674.36,6590.94,20089061
2022-02-24,6593.2,6514.6,6600.58,6501.44,26956943
2022-02-25,6529.06,6483.7,6552.85,6457.2,21721443
2022-02-28,6470.68,6476.78,6480.61,6409.96,19412261
2022-03-01,6483.45,6536.84,6549.56,6450.64,20353646
2022-03-02,6495.59,6513.39,6542.79,6490.52,16922366
2022-03-03,6525.49,6566.78,6577.62,6525.49,19905270
2022-03-04,6545.93,6503.32,6546.85,6468.17,20038872
2022-03-07,6459.33,6375.9,6466.27,6360.12,24056646
2022-03-08,6355.86,6238.48,6373.38,6225.18,26108800
2022-03-09,6255.38,6137.3,6268.06,6000.71,35636155
2022-03-10,6233.23,6186.11,6253.32,6185.07,22226040
2022-03-11,6155.29,6224.57,6242.68,6084.43,25791544
2022-03-14,6151.4,6073.72,6214.64,6073.72,23509055
2022-03-15,6039.93,5799.05,6039.93,5796.66,40999047
2022-03-16,5857.37,6005.82,6034.97,5770.23,35510406
2022-03-17,6092.18,6055.91,6129.77,6022.39,30168960
2022-03-18,6043.67,6187.77,6202.78,6030.54,32709238
2022-03-21,6176.51,6108.84,6191.2,6090.94,21425415
2022-03-22,6111.15,6223.33,6247.76,6105.5,25219323
2022-03-23,6215.54,6175.03,6215.64,6135.63,21960084
2022-03-24,6149.8,6197.56,6219.29,6128.09,16643226
2022-03-25,6199.35,6193.21,6251.15,6170.2,19011969
2022-03-28,6158.83,6217.45,6241.53,6099.86,26589731
2022-03-29,6218.74,6229.81,6247.09,6203.73,20165241
2022-03-30,6248.96,6311.6,6314.54,6221.37,26308067
2022-03-31,6284.12,6400.74,6427.04,6273.67,36233570
2022-04-01,6368.75,6521.02,6521.02,6362.45,36640227
2022-04-06,6473.27,6625.24,6653.04,6472.33,43485338
2022-04-07,6613.5,6553.42,6662.99,6536.05,37014232
2022-04-08,6554.38,6606.92,6609.76,6526.63,27933241
2022-04-11,6580.98,6512.0,6580.98,6485.68,26807242
2022-04-12,6507.77,6519.14,6569.82,6439.77,29424689
2022-04-13,6508.11,6515.68,6572.92,6489.57,23581642
2022-04-14,6560.26,6496.96,6580.24,6496.96,22329065
2022-04-15,6480.89,6598.21,6620.39,6475.14,26155734
2022-04-18,6532.69,6430.73,6534.66,6413.52,27960733
2022-04-19,6397.78,6420.05,6435.73,6337.37,23108967
2022-04-20,6413.87,6353.37,6430.99,6344.51,20253195
2022-04-21,6329.84,6332.12,6426.84,6304.6,26800415
2022-04-22,6294.68,6439.45,6464.68,6294.46,28536312
2022-04-25,6334.4,6165.96,6369.1,6164.18,40393836
2022-04-26,6181.76,6149.7,6232.44,6129.42,31521759
2022-04-27,6122.36,6157.83,6209.76,6113.63,32758739
2022-04-28,6150.75,6269.9,6269.9,6148.97,29911949
2022-04-29,6257.18,6251.86,6281.48,6143.14,34636423
2022-05-05,6235.83,6234.14,6287.58,6199.38,31515592
2022-05-06,6174.61,6103.3,6193.97,6095.77,22009949
2022-05-09,6083.72,6018.05,6085.44,5993.17,18349914
2022-05-10,5980.9,6066.12,6081.18,5928.1,25611245
2022-05-11,6054.92,6036.66,6072.7,6026.89,25751148
2022-05-12,6009.76,5998.79,6031.62,5983.98,17289258
2022-05-13,6026.94,6069.7,6091.65,6026.94,18825418
2022-05-16,6071.48,6015.65,6071.48,5983.34,20144652
2022-05-17,6036.66,6074.4,6101.66,6015.03,22340419
2022-05-18,6092.22,6028.47,6092.71,6001.7,19015550
2022-05-19,5977.78,5997.14,6011.95,5962.41,18158949
2022-05-20,6021.68,6087.14,6096.64,6020.15,23340910
2022-05-23,6091.48,6055.79,6092.4,6044.17,18288691
2022-05-24,6066.76,5999.48,6078.31,5997.09,21808249
2022-05-25,6007.03,6017.74,6028.18,5989.56,16307148
2022-05-26,6019.47,6005.09,6019.97,5962.17,18759378
2022-05-27,6024.03,6036.98,6060.42,6013.69,16096844
2022-05-30,6056.76,5988.85,6056.76,5977.21,19981094
2022-05-31,5986.44,6018.2,6028.3,5963.43,21501139
2022-06-01,6019.46,5999.73,6019.89,5978.58,17564081
2022-06-02,5978.18,5966.15,5988.22,5950.4,16655616
2022-06-06,5956.66,5959.89,5964.74,5891.87,29116385
2022-06-07,5952.11,6024.22,6036.5,5940.82,23785915
2022-06-08,6022.48,6035.69,6038.51,5991.96,21173836
2022-06-09,6035.21,6112.12,6121.21,6030.71,26943588
2022-06-10,6089.55,6140.17,6146.94,6066.98,32297517
2022-06-13,6098.63,6018.79,6100.77,5992.22,27520422
2022-06-14,5984.53,6112.49,6117.28,5980.89,28984880
2022-06-15,6113.4,6219.55,6304.1,6109.14,50129891
2022-06-16,6193.98,6101.25,6198.31,6097.29,30314027
2022-06-17,6075.99,6095.27,6115.16,6044.24,23590750
2022-06-20,6093.43,6049.16,6096.06,6037.91,22423727
2022-06-21,6054.54,6106.64,6129.4,6044.58,23614962
2022-06-22,6106.95,6029.65,6106.95,6029.19,19943126
2022-06-23,6039.35,6081.44,6085.64,6033.88,20782488
2022-06-24,6070.51,6047.87,6087.81,6017.07,22043748
2022-06-27,6053.16,6112.29,6120.24,6046.25,26270939
2022-06-28,6107.72,6143.71,6148.33,6097.79,23043491
2022-06-29,6124.78,6153.55,6192.87,6119.24,24684245
2022-06-30,6143.21,6203.34,6229.71,6126.11,26321890
2022-07-01,6207.28,6178.18,6211.93,6166.84,17080208
2022-07-04,6171.59,6150.83,6177.84,6129.84,21324127
2022-07-05,6165.39,6154.3,6196.51,6132.79,19660424
2022-07-06,6149.26,6069.77,6155.49,6050.05,22794897
2022-07-07,6073.04,6059.89,6095.54,6046.57,17086403
2022-07-08,6072.97,6048.75,6072.97,6022.71,17549292
2022-07-11,6044.26,6044.43,6061.27,6032.48,26202659
2022-07-12,5989.5,6013.34,6055.89,5989.5,28448602
2022-07-13,5999.38,5871.1,5999.59,5860.76,33005496
2022-07-14,5826.21,5751.44,5826.21,5695.45,40290314
2022-07-15,5690.8,5623.76,5733.25,5623.76,30989758
2022-07-18,5649.3,5699.84,5715.19,5649.3,21682559
2022-07-19,5698.35,5725.11,5736.41,5685.4,19479107
2022-07-20,5747.14,5752.39,5762.24,5737.05,17331025
2022-07-21,5731.3,5649.31,5731.43,5649.31,18863468
2022-07-22,5655.96,5669.71,5696.52,5639.43,15843789
2022-07-25,5660.6,5691.01,5697.05,5641.46,12710003
2022-07-26,5690.65,5741.72,5747.51,5689.32,16058424
2022-07-27,5741.6,5711.65,5741.6,5702.95,12880551
2022-07-28,5716.51,5698.01,5736.86,5694.55,14513656
2022-07-29,5704.72,5649.56,5722.86,5639.45,16097955
2022-08-01,5638.38,5591.19,5638.38,5587.11,15815681
2022-08-02,5556.41,5513.22,5556.41,5466.44,23850742
2022-08-03,5508.87,5449.63,5544.42,5448.49,17478799
2022-08-04,5475.45,5504.04,5507.64,5464.51,16883476
2022-08-05,5511.62,5558.08,5559.85,5485.5,13857961
2022-08-08,5551.61,5528.21,5583.92,5517.54,12668169
2022-08-09,5533.53,5501.41,5533.53,5499.37,10222990
2022-08-10,5505.1,5469.69,5520.31,5459.2,9988240
2022-08-11,5493.32,5568.18,5570.23,5475.48,18245623
2022-08-12,5552.34,5578.43,5586.64,5536.55,14698194
2022-08-15,5557.86,5507.92,5575.48,5499.77,15243675
2022-08-16,5509.92,5508.69,5538.79,5497.68,12150101
2022-08-17,5520.75,5567.39,5575.95,5487.85,16058260
2022-08-18,5559.3,5503.32,5559.3,5490.04,13124248
2022-08-19,5489.45,5528.5,5559.79,5489.45,15183142
2022-08-22,5510.02,5521.1,5556.75,5509.53,13628708
2022-08-23,5517.22,5473.06,5517.22,5464.55,15392922
2022-08-24,5474.77,5457.95,5511.76,5456.56,15484429
2022-08-25,5467.95,5534.1,5542.23,5450.08,14877345
2022-08-26,5539.23,5544.24,5559.51,5505.65,13101778
2022-08-29,5496.55,5480.08,5516.76,5453.32,17261228
2022-08-30,5477.38,5506.82,5516.18,5463.88,16568403
2022-08-31,5492.83,5592.93,5610.79,5487.75,27211488
2022-09-01,5577.68,5569.75,5610.63,5563.76,16192841
2022-09-02,5581.23,5558.95,5602.8,5546.03,14733088
2022-09-05,5552.88,5579.06,5580.58,5516.6,14904577
2022-09-06,5584.81,5558.33,5619.68,5549.76,16501419
2022-09-07,5545.96,5532.55,5546.36,5513.02,13523658
2022-09-08,5540.69,5556.81,5575.49,5532.06,13935735
2022-09-09,5570.74,5648.81,5667.04,5563.68,23131278
2022-09-13,5662.84,5695.17,5721.09,5631.61,22676133
2022-09-14,5647.12,5647.91,5687.6,5642.03,15979304
2022-09-15,5673.13,5711.34,5733.22,5673.13,27126622
2022-09-16,5698.31,5596.59,5706.47,5596.59,24599374
2022-09-19,5602.58,5618.7,5631.9,5588.71,17404115
2022-09-20,5626.79,5564.69,5628.86,5556.86,15898176
2022-09-21,5563.39,5587.51,5617.52,5532.5,15574557
2022-09-22,5562.44,5572.96,5578.9,5543.47,14792366
2022-09-23,5561.7,5596.93,5623.05,5561.34,19911624
2022-09-26,5569.63,5507.79,5605.35,5506.79,21671027
2022-09-27,5507.76,5527.58,5536.08,5466.97,15651043
2022-09-28,5515.19,5533.89,5567.15,5487.44,18454807
2022-09-29,5561.64,5468.99,5575.17,5456.9,17189656
2022-09-30,5479.35,5503.63,5528.0,5477.94,15121235
2022-10-10,5473.75,5431.09,5473.75,5421.67,25657113
2022-10-11,5441.49,5414.74,5463.6,5407.48,18260547
2022-10-12,5409.39,5438.87,5438.87,5370.76,19470525
2022-10-13,5414.69,5353.53,5425.48,5342.05,18782183
2022-10-14,5380.75,5408.2,5434.11,5380.12,22374397
2022-10-17,5387.87,5400.23,5411.78,5365.94,16158799
2022-10-18,5425.23,5392.1,5437.97,5382.54,15270524
2022-10-19,5378.22,5330.57,5405.74,5329.74,13866596
2022-10-20,5319.68,5315.15,5342.69,5305.16,15936787
2022-10-21,5322.89,5293.13,5338.38,5282.64,16639797
2022-10-24,5290.89,5148.19,5296.79,5142.06,29280994
2022-10-25,5156.99,5139.33,5176.95,5117.04,21463384
2022-10-26,5136.3,5091.16,5152.66,5079.6,26460615
2022-10-27,5104.65,5079.58,5125.84,5079.32,22364438
2022-10-28,5070.66,5045.24,5104.78,5037.53,21516982
2022-10-31,5022.52,4981.53,5028.72,4969.29,26903155
2022-11-01,4994.47,5065.0,5065.32,4994.03,34641809
2022-11-02,5045.63,5061.54,5078.68,5018.92,24802694
2022-11-03,5043.53,5018.24,5044.45,4998.46,14959901
2022-11-04,5011.06,5116.05,5130.01,5009.85,24743875
2022-11-07,5094.47,5112.72,5124.68,5082.13,19579388
2022-11-08,5113.0,5108.93,5126.24,5088.97,14587675
2022-11-09,5107.17,5111.11,5150.49,5100.26,12603353
2022-11-10,5089.81,5120.38,5125.52,5068.33,15179199
2022-11-11,5184.1,5293.03,5339.36,5164.52,33917640
2022-11-14,5358.97,5402.08,5464.38,5358.97,34657965
2022-11-15,5392.96,5416.61,5458.93,5373.7,21724515
2022-11-16,5407.26,5380.05,5407.26,5376.5,16436287
2022-11-17,5370.13,5343.26,5374.35,5317.68,15410024
2022-11-18,5352.44,5312.41,5363.16,5299.1,17307932
2022-11-21,5288.03,5296.31,5308.79,5244.12,15089522
2022-11-22,5302.96,5392.76,5420.8,5302.96,26212014
2022-11-23,5394.07,5413.01,5475.43,5391.31,28613672
2022-11-24,5439.8,5402.13,5464.52,5390.3,16079951
2022-11-25,5401.42,5529.56,5540.57,5401.4,37651977
2022-11-28,5453.1,5429.71,5453.1,5376.68,28656020
2022-11-29,5484.91,5678.1,5705.39,5484.91,50213866
2022-11-30,5650.7,5650.02,5722.23,5636.06,33598320
2022-12-01,5721.15,5618.5,5749.19,5613.24,28807153
2022-12-02,5619.95,5576.15,5624.81,5531.5,20751139
2022-12-05,5622.35,5730.64,5738.79,5613.22,32369048
2022-12-06,5708.11,5722.6,5735.96,5677.03,24120717
2022-12-07,5713.52,5660.0,5723.74,5654.35,23309732
2022-12-08,5657.92,5706.17,5732.34,5655.67,21816575
2022-12-09,5722.55,5767.0,5792.67,5705.05,29751469
2022-12-12,5740.58,5652.31,5741.06,5647.77,23417742
2022-12-13,5651.98,5697.72,5714.02,5651.82,17476688
2022-12-14,5706.52,5719.11,5739.87,5669.58,16575319
2022-12-15,5700.98,5649.88,5716.68,5645.82,14560340
2022-12-16,5638.53,5718.19,5731.28,5638.53,20069855
2022-12-19,5713.98,5624.83,5739.63,5604.65,18691184
2022-12-20,5609.73,5544.71,5639.49,5523.46,17612778
2022-12-21,5565.91,5572.91,5602.63,5549.67,11479630
2022-12-22,5614.29,5593.09,5641.24,5571.15,12014867
2022-12-23,5568.0,5570.43,5613.46,5557.34,11362098
2022-12-26,5571.11,5543.33,5588.86,5538.96,13773466
2022-12-27,5579.14,5639.83,5664.7,5579.14,16344329
2022-12-28,5644.48,5695.67,5723.55,5635.68,17599543
2022-12-29,5669.92,5664.45,5673.47,5617.78,16025069
2022-12-30,5678.06,5699.58,5726.85,5664.59,19113325
2023-01-03,5692.54,5725.93,5739.52,5633.07,22201975
2023-01-04,5737.66,5839.84,5852.43,5727.89,28105680
2023-01-05,5863.03,5832.94,5888.66,5818.51,20396626
2023-01-06,5839.71,5822.45,5856.96,5785.18,18248522
2023-01-09,5835.75,5832.91,5858.82,5808.87,15387320
2023-01-10,5832.13,5768.23,5832.13,5765.71,15919537
2023-01-11,5776.52,5822.6,5844.24,5767.53,15026627
2023-01-12,5838.77,5824.07,5838.77,5792.07,14094968
2023-01-13,5827.91,5885.78,5885.78,5819.57,16242802
2023-01-16,5898.58,5897.79,5967.94,5873.93,28841684
2023-01-17,5900.13,5895.5,5915.7,5863.4,18009016
2023-01-18,5895.92,5898.75,5920.13,5877.32,18629025
2023-01-19,5888.78,5900.97,5907.36,5851.09,15593033
2023-01-20,5914.25,5912.67,5916.05,5884.92,16732236
2023-01-30,5997.25,5930.27,5997.25,5924.83,24748734
2023-01-31,5942.9,5872.9,5966.91,5871.4,18223982
2023-02-01,5890.88,5843.75,5896.3,5803.83,20980575
2023-02-02,5855.39,5812.19,5855.39,5785.21,19083612
2023-02-03,5794.86,5756.99,5794.86,5735.15,18255006
2023-02-06,5723.84,5704.48,5723.84,5676.83,17289601
2023-02-07,5715.48,5723.7,5749.05,5708.69,13802967
2023-02-08,5731.95,5713.11,5745.99,5707.33,13138835
2023-02-09,5707.9,5731.85,5755.99,5703.21,16084172
2023-02-10,5726.23,5725.7,5729.31,5696.69,15283485
2023-02-13,5714.43,5681.0,5714.43,5646.62,22981484
2023-02-14,5689.49,5704.4,5710.29,5680.76,15801573
2023-02-15,5704.96,5650.85,5704.96,5643.07,15892239
2023-02-16,5652.51,5643.55,5703.19,5624.94,21523254
2023-02-17,5639.29,5598.16,5654.73,5598.16,18338466
2023-02-20,5614.74,5746.06,5746.06,5614.74,26699501
2023-02-21,5738.23,5751.97,5760.39,5715.63,18820533
2023-02-22,5733.85,5709.37,5737.51,5706.71,12689356
2023-02-23,5715.59,5714.74,5755.18,5707.48,16467308
2023-02-24,5714.56,5668.45,5715.96,5663.65,14963105
2023-02-27,5654.49,5640.86,5672.39,5638.58,13787393
2023-02-28,5650.85,5662.08,5665.72,5621.71,14589098
2023-03-01,5661.75,5728.37,5731.77,5656.42,21244307
2023-03-02,5721.24,5745.45,5763.15,5710.37,18723689
2023-03-03,5762.04,5793.16,5798.72,5737.26,29812265
2023-03-06,5790.15,5704.64,5804.69,5698.65,28213985
2023-03-07,5705.26,5709.14,5817.74,5693.64,53104825
2023-03-08,5680.9,5675.25,5680.9,5636.48,26682117
2023-03-09,5677.26,5640.32,5703.19,5640.32,24193196
2023-03-10,5598.43,5563.84,5638.68,5562.92,23781258
2023-03-13,5545.51,5578.13,5595.79,5542.96,21371345
2023-03-14,5547.83,5536.12,5580.8,5514.48,21955982
2023-03-15,5584.58,5588.79,5616.35,5570.4,22361745
2023-03-16,5559.1,5598.36,5657.18,5550.34,38163094
2023-03-17,5628.17,5588.22,5660.92,5570.79,32398680
2023-03-20,5592.13,5575.05,5647.42,5571.97,33094957
2023-03-21,5588.69,5559.65,5623.03,5545.29,25064917
2023-03-22,5580.89,5613.37,5625.62,5568.09,21029538
2023-03-23,5595.27,5652.24,5658.66,5584.42,20932554
2023-03-24,5641.61,5592.48,5641.86,5588.22,20828731
2023-03-27,5593.96,5538.83,5595.71,5521.32,24913664
2023-03-28,5555.63,5564.0,5576.04,5534.47,18175302
2023-03-29,5582.53,5544.86,5589.24,5539.06,18293844
2023-03-30,5556.68,5584.95,5589.58,5521.26,22103958
2023-03-31,5585.6,5558.11,5618.24,5549.97,23455708
2023-04-03,5560.44,5565.94,5574.91,5542.78,21339995
2023-04-04,5566.36,5598.18,5598.18,5553.3,24048224
2023-04-06,5586.69,5576.7,5592.23,5566.7,18324540
2023-04-07,5579.12,5591.11,5601.1,5568.2,13933849
2023-04-10,5590.89,5601.78,5610.32,5575.19,18835523
2023-04-11,5607.37,5587.06,5609.82,5575.56,20090940
2023-04-12,5598.91,5609.2,5627.82,5583.27,26225514
2023-04-13,5602.45,5656.63,5678.93,5583.76,25103572
2023-04-14,5668.28,5679.11,5708.64,5650.96,19664904
2023-04-17,5672.49,5784.18,5784.18,5662.2,34148162
2023-04-18,5782.07,5845.63,5879.8,5779.86,38513809
2023-04-19,5850.34,5837.3,5879.14,5813.01,31515857
2023-04-20,5841.83,5825.98,5862.74,5773.12,29101149
2023-04-21,5823.3,5755.05,5857.58,5751.73,30815542
2023-04-24,5757.9,5709.45,5790.65,5701.13,30113988
2023-04-25,5715.34,5806.58,5807.12,5714.12,40762999
2023-04-26,5789.67,5759.63,5789.67,5687.2,38435115
2023-04-27,5726.14,5752.59,5759.85,5694.94,29205897
2023-04-28,5749.05,5811.54,5852.1,5738.25,33424253
2023-05-04,5755.13,5965.19,5971.07,5721.73,67819580
2023-05-05,5973.22,6032.87,6118.14,5972.8,64781487
2023-05-08,6051.14,6285.31,6353.09,6042.29,101014732
2023-05-09,6337.94,6219.22,6397.47,6196.48,99325169
2023-05-10,6193.18,6025.59,6201.55,6001.2,75747698
2023-05-11,6037.79,6007.84,6112.98,5996.32,42876810
2023-05-12,6002.45,5953.37,6030.37,5947.87,36778496
2023-05-15,5948.5,6014.65,6027.27,5861.7,51231244
2023-05-16,6019.05,6002.78,6095.48,5986.92,39187723
2023-05-17,5988.95,5957.71,6023.65,5939.25,26096689
2023-05-18,5980.5,6014.25,6070.33,5976.15,38117250
2023-05-19,5997.35,5928.07,5997.35,5926.14,28376881
2023-05-22,5923.4,5943.53,5980.08,5920.73,24625271
2023-05-23,5940.33,5839.34,5970.68,5839.34,32236209
2023-05-24,5836.03,5712.09,5836.03,5712.09,40783846
2023-05-25,5693.39,5692.92,5702.01,5652.31,28001496
2023-05-26,5691.88,5743.89,5760.27,5674.1,20168206
2023-05-29,5752.15,5763.69,5790.5,5725.99,26356343
2023-05-30,5758.39,5732.27,5768.64,5692.19,23590182
2023-05-31,5716.99,5696.49,5723.08,5679.62,22037355
2023-06-01,5688.6,5675.38,5720.92,5656.51,24862121
2023-06-02,5685.31,5744.86,5750.27,5685.31,21781958
2023-06-05,5741.25,5784.81,5808.38,5721.52,22204409
2023-06-06,5779.3,5776.83,5869.53,5766.4,25860078
2023-06-07,5788.75,5823.12,5856.91,5788.23,20994691
2023-06-08,5831.57,5931.51,5940.73,5803.13,30984787
2023-06-09,5926.84,5900.7,5939.34,5896.82,25353255
2023-06-12,5892.48,5828.62,5892.5,5820.04,30217330
2023-06-13,5821.37,5842.89,5862.97,5816.13,19573637
2023-06-14,5846.62,5751.22,5861.72,5751.22,30277970
2023-06-15,5769.43,5784.83,5803.78,5742.01,19987062
2023-06-16,5792.01,5767.56,5803.7,5764.63,21673203
2023-06-19,5726.93,5661.63,5726.93,5657.78,25451603
2023-06-20,5663.41,5630.66,5670.53,5627.65,18708946
2023-06-21,5612.13,5615.24,5683.43,5606.28,21346278
2023-06-26,5589.71,5522.61,5589.71,5507.89,23942036
2023-06-27,5522.4,5577.37,5593.76,5509.27,21695953
2023-06-28,5565.86,5574.87,5597.88,5545.19,17872499
2023-06-29,5568.93,5538.29,5571.14,5537.88,16243561
2023-06-30,5542.85,5577.88,5601.07,5542.44,18075834
2023-07-03,5593.98,5672.84,5680.45,5587.19,23936114
2023-07-04,5662.53,5621.05,5662.53,5606.72,19331303
2023-07-05,5616.98,5591.32,5620.59,5570.72,14185025
2023-07-06,5571.0,5533.96,5584.5,5524.45,19931438
2023-07-07,5524.48,5532.6,5558.78,5517.38,15742643
2023-07-10,5546.56,5533.42,5560.04,5522.11,13285660
2023-07-11,5553.33,5571.1,5573.46,5541.5,15308731
2023-07-12,5546.61,5562.81,5598.22,5545.98,18015211
2023-07-13,5536.06,5584.18,5588.04,5523.32,22401202
2023-07-14,5581.59,5587.83,5609.84,5565.15,21113995
2023-07-17,5529.63,5509.93,5529.63,5488.04,18655011
2023-07-18,5498.7,5470.65,5502.59,5465.71,18623883
2023-07-19,5454.03,5487.66,5489.71,5445.37,15348120
2023-07-20,5495.88,5497.36,5531.67,5485.45,16011157
2023-07-21,5481.68,5493.68,5511.21,5476.86,12963382
2023-07-24,5471.94,5470.77,5491.84,5457.87,13682616
2023-07-25,5520.17,5621.77,5626.54,5520.17,31172195
2023-07-26,5611.61,5615.53,5642.04,5590.86,16644724
2023-07-27,5625.81,5662.07,5693.5,5613.3,26158085
2023-07-28,5646.74,5833.95,5849.0,5643.63,45405922
2023-07-31,5861.98,5881.48,5947.26,5835.45,49210166
2023-08-01,5866.0,5846.51,5894.13,5825.83,30446007
2023-08-02,5796.75,5734.62,5820.11,5710.99,36930727
2023-08-03,5739.21,5809.76,5814.35,5711.96,30975231
2023-08-04,5844.76,5828.92,5892.16,5804.41,40215689
2023-08-07,5806.19,5775.24,5806.19,5756.59,25781474
2023-08-08,5758.85,5749.59,5790.75,5727.03,19990161
2023-08-09,5737.73,5762.56,5777.41,5737.36,16541937
2023-08-10,5747.58,5756.71,5773.74,5718.46,16416724
2023-08-11,5760.2,5646.66,5778.11,5646.66,23912155
2023-08-14,5605.04,5572.9,5605.04,5550.74,22499179
2023-08-15,5579.22,5634.39,5653.27,5575.62,24448635
2023-08-16,5613.44,5625.07,5650.23,5585.56,18139461
2023-08-17,5608.12,5578.96,5610.68,5541.69,22667229
2023-08-18,5574.29,5604.33,5669.64,5574.29,26032463
2023-08-21,5608.55,5515.26,5608.55,5515.26,22262794
2023-08-22,5528.67,5575.9,5584.83,5528.67,22752937
2023-08-23,5567.99,5560.51,5611.45,5553.66,23051361
2023-08-24,5571.12,5536.68,5580.78,5513.36,22552972
2023-08-25,5523.9,5583.72,5613.69,5522.41,22598508
2023-08-28,5818.62,5669.67,5833.09,5643.68,44853949
2023-08-29,5662.3,5593.05,5671.11,5560.66,38679489
2023-08-30,5592.81,5527.76,5592.81,5522.4,28469137
2023-08-31,5531.04,5509.3,5576.24,5504.73,24919231
2023-09-01,5530.88,5561.97,5592.91,5530.76,24390443
2023-09-04,5585.53,5670.86,5681.08,5582.62,33139001
2023-09-05,5654.24,5604.58,5654.24,5599.95,21924315
2023-09-06,5596.11,5622.24,5632.37,5583.1,16251307
2023-09-07,5617.69,5604.47,5636.86,5596.68,19657783
2023-09-08,5595.55,5587.84,5601.67,5577.86,12998672
2023-09-11,5593.54,5599.85,5623.39,5581.96,21299876
2023-09-12,5598.25,5590.38,5605.01,5585.24,13502842
2023-09-13,5602.25,5591.81,5615.52,5575.94,16550905
2023-09-14,5605.17,5645.46,5648.29,5597.58,28735904
2023-09-15,5658.98,5619.37,5685.56,5606.15,28105181
2023-09-18,5615.22,5626.29,5627.39,5584.7,19908792
2023-09-19,5618.18,5658.96,5663.42,5613.92,23716581
2023-09-20,5656.68,5678.77,5692.47,5636.88,27074082
2023-09-21,5680.97,5644.99,5696.82,5636.45,23243458
2023-09-22,5653.21,5703.31,5708.49,5622.45,28121266
2023-09-25,5698.72,5703.37,5724.63,5675.37,25613722
2023-09-26,5704.02,5679.31,5720.84,5671.88,19129014
2023-09-27,5691.39,5646.64,5698.25,5644.45,20343208
2023-09-28,5664.47,5658.2,5679.04,5653.74,17020895
2023-10-09,5629.24,5623.67,5637.44,5585.35,22917530
2023-10-10,5653.91,5606.86,5666.31,5606.86,19232316
2023-10-11,5629.93,5600.61,5640.37,5587.67,23441094
2023-10-12,5674.27,5677.5,5695.34,5637.37,41180941
2023-10-13,5643.18,5678.55,5707.57,5629.99,33215646
2023-10-16,5676.93,5674.04,5683.01,5643.19,22907342
2023-10-17,5677.29,5691.42,5698.6,5659.78,18766501
2023-10-18,5685.57,5677.02,5716.72,5670.3,22432880
2023-10-19,5663.54,5547.62,5663.54,5543.87,32032234
2023-10-20,5530.81,5536.75,5566.07,5505.94,23080579
2023-10-23,5525.39,5499.1,5547.51,5470.92,21852545
2023-10-24,5513.07,5462.7,5515.95,5444.11,27354973
2023-10-25,5495.92,5476.24,5499.83,5450.5,26092587
2023-10-26,5464.61,5525.34,5536.18,5459.47,22010608
2023-10-27,5519.3,5517.25,5541.99,5486.49,26590006
2023-10-30,5488.52,5425.43,5489.02,5402.65,38407350
2023-10-31,5410.75,5438.45,5444.41,5391.21,27043800
2023-11-01,5447.57,5437.58,5448.51,5411.46,23025129
2023-11-02,5449.51,5470.17,5494.06,5446.47,21025227
2023-11-03,5472.93,5455.98,5481.57,5444.3,20224733
2023-11-06,5466.77,5457.91,5475.74,5442.35,28620171
2023-11-07,5453.01,5453.2,5465.76,5432.17,19940481
2023-11-08,5443.89,5429.45,5461.19,5411.75,20060416
2023-11-09,5422.75,5454.82,5463.39,5420.95,20459049
2023-11-10,5442.48,5413.95,5465.78,5405.0,20861794
2023-11-13,5418.04,5388.83,5418.87,5363.01,17948852
2023-11-14,5389.55,5403.58,5413.45,5382.89,18754398
2023-11-15,5428.78,5427.62,5448.19,5414.14,18440459
2023-11-16,5429.88,5421.04,5442.24,5409.32,17246125
2023-11-17,5412.79,5389.61,5415.9,5374.17,16422999
2023-11-20,5396.57,5419.87,5423.66,5376.18,16055631
2023-11-21,5432.0,5430.8,5463.16,5422.4,20447128
2023-11-22,5421.87,5412.61,5440.43,5412.51,14674513
2023-11-23,5410.38,5411.58,5416.28,5392.02,14448363
2023-11-24,5407.11,5412.53,5422.93,5399.77,17415135
2023-11-27,5411.09,5373.21,5412.1,5344.9,22680949
2023-11-28,5374.02,5351.39,5379.24,5340.21,16604657
2023-11-29,5351.75,5288.31,5352.35,5278.35,22505098
2023-11-30,5288.68,5313.22,5317.24,5284.8,21398679
2023-12-01,5310.77,5303.39,5322.24,5280.63,22377979
2023-12-04,5304.42,5285.87,5320.82,5282.64,17446671
2023-12-05,5283.57,5208.89,5283.57,5206.64,20560769
2023-12-06,5205.93,5187.74,5212.3,5152.47,25066621
2023-12-07,5188.86,5199.89,5214.77,5145.8,23004844
2023-12-08,5193.96,5189.1,5230.67,5182.67,30676098
2023-12-11,5170.79,5215.11,5224.08,5106.7,30301627
2023-12-12,5202.08,5272.85,5274.68,5191.46,23930934
2023-12-13,5263.52,5209.57,5263.71,5207.91,19450885
2023-12-14,5228.16,5189.22,5238.08,5188.2,14519358
2023-12-15,5210.65,5168.37,5243.92,5166.34,20518401
2023-12-18,5156.02,5181.85,5197.92,5133.83,20689824
2023-12-19,5177.72,5177.89,5190.85,5154.83,16696300
2023-12-20,5183.65,5162.98,5211.82,5162.98,19186211
2023-12-21,5153.89,5186.64,5193.26,5133.47,22869364
2023-12-22,5194.75,5190.14,5214.36,5161.75,20678489
2023-12-25,5186.88,5195.07,5202.26,5178.61,13531476
2023-12-26,5193.4,5182.56,5203.65,5176.05,14847222
2023-12-27,5182.17,5202.37,5207.82,5149.75,19517718
2023-12-28,5200.45,5244.58,5256.24,5194.13,31986246
2023-12-29,5239.37,5285.17,5285.17,5229.07,20238761
2024-01-02,5249.12,5231.82,5265.55,5228.88,22948219
2024-01-03,5228.2,5256.9,5264.41,5226.2,23486432
2024-01-04,5254.16,5268.84,5273.71,5220.49,24627011
2024-01-05,5264.56,5325.8,5389.58,5249.46,42233100
2024-01-08,5310.67,5289.0,5350.4,5268.02,30191177
2024-01-09,5285.64,5307.18,5317.13,5250.05,25183885
2024-01-10,5296.31,5281.71,5321.15,5280.75,20162628
2024-01-11,5276.52,5273.61,5313.85,5253.28,25763645
2024-01-12,5262.35,5310.29,5340.88,5262.35,23440105
2024-01-15,5305.51,5342.58,5356.18,5296.72,20026740
2024-01-16,5329.86,5408.49,5409.35,5327.37,33116217
2024-01-17,5403.11,5372.74,5443.03,5372.74,33973529
2024-01-18,5353.09,5384.63,5398.46,5236.46,48521188
2024-01-19,5360.83,5385.54,5397.72,5329.06,29765225
2024-01-22,5381.08,5375.07,5447.09,5338.67,42238747
2024-01-23,5353.91,5370.51,5397.65,5319.52,30021660
2024-01-24,5390.49,5450.98,5454.59,5357.24,35828074
2024-01-25,5466.74,5535.65,5536.75,5463.04,38236188
2024-01-26,5540.47,5621.05,5633.11,5535.55,46107896
2024-01-29,5636.2,5670.06,5722.28,5628.74,47413276
2024-01-30,5645.53,5614.92,5700.78,5595.05,34092290
2024-01-31,5600.84,5619.89,5652.64,5573.75,33986995
2024-02-01,5606.32,5583.18,5627.04,5566.43,31484542
2024-02-02,5588.14,5588.88,5645.85,5493.47,42899097
2024-02-05,5582.32,5652.74,5675.61,5567.52,54968586
2024-02-06,5645.95,5721.95,5725.61,5630.46,52979847
2024-02-07,5720.72,5682.44,5721.12,5582.29,65544993
2024-02-08,5656.22,5653.62,5658.0,5584.38,51930628
2024-02-19,5679.75,5761.22,5761.65,5639.39,46616811
2024-02-20,5756.48,5805.09,5818.48,5722.59,32792002
2024-02-21,5795.43,5960.92,6023.39,5788.02,50015367
2024-02-22,5944.21,5966.85,5972.39,5904.62,32017874
2024-02-23,5967.48,5999.76,6077.73,5964.15,35828893
2024-02-26,5987.96,5849.49,5991.62,5837.22,36448776
2024-02-27,5835.41,5853.49,5895.15,5820.85,26728758
2024-02-28,5849.88,5839.14,5886.27,5788.51,37170113
2024-02-29,5823.17,5865.27,5865.27,5821.99,28599624
2024-03-01,5853.73,5858.11,5869.35,5830.36,27412448
2024-03-04,5839.74,5807.53,5845.74,5795.94,28276028
2024-03-05,5796.11,5912.81,5923.91,5790.8,34777955
2024-03-06,5910.55,5863.72,5944.39,5863.46,27032551
2024-03-07,5858.99,5887.61,5924.92,5858.96,25069197
2024-03-08,5879.14,5879.08,5908.64,5856.09,21093836
2024-03-11,5873.99,5864.04,5895.0,5829.51,23589836
2024-03-12,5857.93,5813.62,5857.93,5808.57,33445409
2024-03-13,5808.28,5766.23,5809.05,5754.46,25128517
2024-03-14,5756.82,5757.88,5806.96,5747.34,21359660
2024-03-15,5776.42,5796.84,5807.41,5773.77,28412353
2024-03-18,5786.92,5783.66,5807.39,5766.66,23208011
2024-03-19,5777.6,5733.8,5777.6,5728.63,22397925
2024-03-20,5728.23,5777.25,5788.13,5707.94,21854483
2024-03-21,5777.3,5819.35,5837.47,5767.98,23020476
2024-03-22,5817.41,5798.53,5822.24,5750.73,25114029
2024-03-25,5790.06,5823.47,5851.97,5778.11,24897901
2024-03-26,5847.49,5907.32,5908.02,5842.78,28495677
2024-03-27,5900.81,5932.54,5976.09,5891.21,30743203
2024-03-28,5917.46,5852.31,5918.13,5834.75,39577119
2024-03-29,5819.4,5856.72,5887.56,5813.62,28261249
2024-04-01,5861.47,5912.81,5917.6,5861.47,28425379
2024-04-02,5913.73,5922.61,5958.97,5903.86,28923388
2024-04-03,5915.89,5889.15,5927.69,5869.81,21732066
2024-04-08,5883.23,5922.6,5940.04,5857.96,27514572
2024-04-09,5927.47,5894.33,5957.75,5885.78,25532727
2024-04-10,5885.5,5901.2,5937.43,5881.17,25003090
2024-04-11,5880.65,5888.48,5906.52,5843.3,21227300
2024-04-12,5880.57,5856.3,5912.22,5848.5,24759556
2024-04-15,5859.84,5964.66,5972.43,5859.84,35263100
2024-04-16,5954.56,5966.49,6009.99,5919.5,37111439
2024-04-17,5956.72,6072.62,6082.14,5917.45,40201294
2024-04-18,6063.6,6139.56,6222.81,6061.92,47166393
2024-04-19,6113.21,6124.02,6167.73,6107.48,28582743
2024-04-22,6146.5,6078.65,6200.53,6049.44,32601020
2024-04-23,6082.55,6074.61,6146.1,6053.04,28795840
2024-04-24,6076.5,6056.25,6087.22,6034.12,23322426
2024-04-25,6053.42,6144.11,6145.82,6046.62,25704319
2024-04-26,6112.5,6053.15,6139.22,6030.37,49897116
2024-04-29,6041.81,6115.51,6147.76,6012.94,44632437
2024-04-30,6105.53,6144.06,6184.97,6104.5,34079218
2024-05-06,6203.4,6143.68,6215.29,6133.52,41174347
2024-05-07,6144.73,6141.11,6146.8,6088.73,31507515
2024-05-08,6133.44,6145.79,6182.19,6132.72,27138075
2024-05-09,6143.73,6158.52,6183.38,6140.03,26242219
2024-05-10,6161.58,6230.04,6244.86,6161.58,30309061
2024-05-13,6218.54,6271.48,6283.17,6190.3,29862979
2024-05-14,6273.4,6232.2,6292.21,6218.83,25908762
2024-05-15,6230.48,6227.82,6255.08,6192.45,20406998
2024-05-16,6233.77,6337.95,6356.17,6222.4,37560226
2024-05-17,6343.36,6411.61,6411.61,6314.0,35483633
2024-05-20,6411.24,6381.51,6467.26,6356.13,37097051
2024-05-21,6374.21,6429.8,6449.48,6358.91,29664432
2024-05-22,6429.24,6458.07,6500.6,6414.21,34047010
2024-05-23,6446.48,6418.77,6465.12,6399.69,29310084
2024-05-24,6407.0,6364.39,6456.56,6359.51,27226340
2024-05-27,6374.78,6443.92,6451.29,6374.78,28588903
2024-05-28,6446.95,6420.11,6480.7,6402.38,24244113
2024-05-29,6410.25,6365.68,6443.98,6347.4,28332989
2024-05-30,6353.59,6315.43,6404.77,6292.49,27067833
2024-05-31,6328.35,6327.71,6358.55,6315.23,23051862
2024-06-03,6317.36,6265.37,6323.09,6230.35,36517234
2024-06-04,6263.36,6291.01,6306.3,6250.2,24398056
2024-06-05,6299.6,6228.2,6303.87,6218.55,24720690
2024-06-06,6227.69,6216.43,6253.95,6200.46,27214843
2024-06-07,6213.38,6250.8,6253.22,6202.81,29676303
2024-06-11,6240.56,6138.08,6258.41,6131.88,33074105
2024-06-12,6135.98,6111.78,6135.98,6055.61,29989406
2024-06-13,6119.06,6067.71,6127.15,6056.44,26297838
2024-06-14,6028.41,6084.15,6110.59,6012.99,41337239
2024-06-17,6065.32,6033.04,6084.61,6014.59,29564545
2024-06-18,6034.46,6052.95,6074.09,5992.81,22570929
2024-06-19,6053.59,6120.77,6143.71,6051.51,24219007
2024-06-20,6120.37,6090.1,6133.8,6073.66,21308498
2024-06-21,6079.26,6073.47,6096.78,6043.34,24266209
2024-06-24,6072.84,6086.46,6111.79,6022.18,28022377
2024-06-25,6087.39,6113.17,6136.46,6085.9,26723730
2024-06-26,6097.97,6116.01,6133.41,6089.96,23498341
2024-06-27,6101.45,6166.92,6192.13,6082.85,30861803
2024-06-28,6163.66,6196.65,6227.05,6141.19,28621866
2024-07-01,6194.11,6272.79,6288.97,6193.29,27628596
2024-07-02,6267.0,6373.76,6383.42,6265.41,33497857
2024-07-03,6371.91,6314.4,6390.97,6284.98,27075436
2024-07-04,6315.24,6327.2,6367.62,6314.94,25222185
2024-07-05,6329.45,6191.0,6340.53,6160.35,33226533
2024-07-08,6185.96,6222.51,6256.56,6179.68,26904959
2024-07-09,6189.42,6255.65,6262.96,6153.89,27663947
2024-07-10,6213.98,6236.2,6266.43,6212.27,24242669
2024-07-11,6197.29,6135.14,6199.82,6106.3,28498146
2024-07-12,6122.63,6248.19,6252.82,6121.59,30970081
2024-07-15,6246.2,6303.74,6316.19,6235.99,27926080
2024-07-16,6283.78,6261.76,6317.51,6223.68,29706004
2024-07-17,6246.61,6291.47,6308.13,6233.28,26801066
2024-07-18,6282.48,6276.29,6289.53,6224.14,24829397
2024-07-19,6266.64,6265.65,6282.46,6191.23,30230280
2024-07-22,6252.01,6169.61,6252.43,6134.99,29208275
2024-07-23,6165.43,6225.65,6288.31,6164.91,34770510
2024-07-24,6214.82,6217.43,6262.19,6190.21,29239540
2024-07-25,6220.23,6162.84,6224.57,6093.78,34021973
2024-07-26,6157.71,6070.89,6167.21,6023.89,31478491
2024-07-29,6071.18,6154.38,6163.14,6039.86,26782812
2024-07-30,6150.3,6129.8,6176.96,6091.43,22264286
2024-07-31,6135.16,6112.77,6149.83,6097.89,33649788
2024-08-01,6105.12,6124.81,6181.47,6046.42,29357208
2024-08-02,6101.2,6099.35,6135.84,6082.14,22199945
2024-08-05,6093.98,6049.29,6121.0,6043.29,28453511
2024-08-06,6070.43,5985.63,6090.0,5956.41,26642455
2024-08-07,5984.75,5995.65,6039.54,5982.65,20980259
2024-08-08,5998.96,6008.73,6018.08,5970.36,17364076
2024-08-09,6012.96,6036.1,6074.14,5992.81,18051536
2024-08-12,6031.13,6026.43,6045.82,6008.58,17769719
2024-08-13,6026.91,6052.48,6077.6,6020.49,21133531
2024-08-14,6050.53,6048.98,6088.46,6039.21,16815026
2024-08-15,6048.28,6128.17,6137.24,6035.9,23595727
2024-08-16,6133.23,6200.65,6204.58,6127.31,26739913
2024-08-19,6207.57,6319.48,6324.04,6191.05,35161976
2024-08-20,6324.51,6338.22,6349.76,6291.51,32013813
2024-08-21,6315.14,6292.02,6326.42,6232.9,26719687
2024-08-22,6291.07,6345.7,6370.73,6290.5,28872858
2024-08-23,6351.04,6380.1,6388.67,6295.44,24937985
2024-08-26,6375.57,6387.3,6395.38,6323.68,22226914
2024-08-27,6385.24,6404.86,6436.6,6361.39,25709473
2024-08-28,6407.66,6355.51,6422.64,6326.79,25358062
2024-08-29,6346.18,6147.99,6351.41,6141.63,41605781
2024-08-30,6131.59,6007.22,6174.85,6007.22,56952481
2024-09-02,5989.85,6029.62,6079.55,5967.75,44405126
2024-09-03,6030.01,5923.15,6036.45,5883.63,41386275
2024-09-04,5904.26,5902.29,5960.91,5879.64,27871083
2024-09-05,5905.83,5892.65,5920.53,5843.23,25364487
2024-09-06,5896.83,5904.32,5980.22,5896.83,23171802
2024-09-09,5890.73,5799.63,5893.57,5793.25,29547751
2024-09-10,5803.52,5842.62,5853.0,5776.18,27341389
2024-09-11,5830.53,5707.02,5830.53,5687.8,30574040
2024-09-12,5697.51,5747.84,5767.6,5663.05,25056671
2024-09-13,5754.14,5730.85,5802.5,5728.95,22046845
2024-09-18,5739.46,5789.25,5791.23,5723.24,19831771
2024-09-19,5800.99,5789.03,5808.97,5729.08,24096332
2024-09-20,5788.08,5832.24,5847.39,5785.48,26275628
2024-09-23,5826.55,5924.36,5938.08,5812.45,23623509
2024-09-24,5961.09,6177.19,6177.19,5948.91,47699249
2024-09-25,6261.54,6298.1,6378.89,6224.89,58346275
2024-09-26,6293.78,6524.92,6524.92,6272.7,58888836
2024-09-27,6613.28,6464.73,6672.96,6376.34,55758197
2024-09-30,6545.8,6764.97,6837.53,6469.0,125092157
2024-10-08,7314.17,6957.16,7337.71,6787.17,137268602
2024-10-09,6874.52,6531.67,6874.52,6531.67,91564133
2024-10-10,6585.93,6790.8,6917.39,6585.93,83585243
2024-10-11,6783.5,6717.97,6893.97,6662.73,52212367
2024-10-14,6814.93,6939.6,7002.79,6814.93,74851088
2024-10-15,6913.92,6794.34,7005.93,6794.34,52948828
2024-10-16,6753.86,6963.85,6988.6,6752.95,52740531
2024-10-17,6958.91,6860.22,7026.06,6860.22,40572166
2024-10-18,6866.91,6891.56,6954.92,6747.86,54741181
2024-10-21,6881.92,6805.06,6881.92,6749.97,48911176
2024-10-22,6796.9,6804.61,6862.31,6769.35,34589781
2024-10-23,6803.27,6829.11,6846.69,6791.83,31632030
2024-10-24,6813.07,6813.73,6862.59,6794.28,25403403
2024-10-25,6811.94,6772.43,6820.78,6749.98,29709160
2024-10-28,6758.08,6716.52,6758.08,6675.91,34524778
2024-10-29,6719.78,6718.6,6799.76,6699.08,35513506
2024-10-30,6708.89,6637.8,6753.39,6610.1,33553811
2024-10-31,6634.86,6596.37,6672.15,6547.55,37949696
2024-11-01,6594.17,6663.11,6713.56,6590.31,41610136
2024-11-04,6671.5,6717.16,6717.16,6578.85,32732093
2024-11-05,6691.83,6767.98,6767.98,6676.88,38959153
2024-11-06,6753.44,6707.07,6763.6,6677.34,35246242
2024-11-07,6693.03,6846.27,6846.42,6690.07,46242210
2024-11-08,6858.73,6751.51,6884.33,6736.95,44974879
2024-11-11,6702.31,6656.63,6712.65,6624.87,42505646
2024-11-12,6646.8,6591.38,6726.99,6582.41,39174118
2024-11-13,6579.53,6628.01,6651.17,6571.07,34031102
2024-11-14,6612.44,6642.37,6703.98,6593.38,38703763
2024-11-15,6634.49,6618.97,6701.08,6595.46,41950024
2024-11-18,6671.98,6752.12,6869.29,6671.98,90077460
2024-11-19,6750.05,6733.76,6835.33,6662.83,66392039
2024-11-20,6720.94,6700.8,6753.58,6686.87,40965579
2024-11-21,6693.65,6692.64,6714.04,6663.99,28436415
2024-11-22,6691.9,6544.12,6711.83,6544.12,38446454
2024-11-25,6567.27,6554.98,6604.88,6543.61,34159983
2024-11-26,6542.49,6617.23,6628.53,6518.71,34235803
2024-11-27,6606.9,6686.27,6689.36,6570.49,35738132
2024-11-28,6676.6,6668.28,6708.02,6638.63,28961371
2024-11-29,6681.98,6668.64,6752.38,6660.82,37487179
2024-12-02,6669.42,6644.21,6672.53,6615.06,39470098
2024-12-03,6643.96,6749.13,6750.53,6629.11,41041727
2024-12-04,6738.42,6757.83,6783.34,6684.63,36293454
2024-12-05,6738.5,6744.8,6789.89,6733.36,27363577
2024-12-06,6749.5,6823.98,6861.03,6749.5,41296339
2024-12-09,6814.91,6845.22,6879.14,6783.75,35977247
2024-12-10,6944.11,6922.31,6992.26,6876.11,49857395
2024-12-11,6911.59,6838.77,6946.13,6838.77,40438553
2024-12-12,6841.12,6926.3,6934.96,6834.03,41072532
2024-12-13,6899.04,6787.1,6901.48,6786.35,52804229
2024-12-16,6786.34,6853.2,6894.96,6786.34,42966570
2024-12-17,6845.33,6837.68,6897.5,6826.9,36139645
2024-12-18,6863.74,6917.6,6969.04,6863.74,39697492
2024-12-19,6894.42,6852.98,6937.08,6840.05,35564965
2024-12-20,6855.05,6844.28,6902.18,6836.8,31717561
2024-12-23,6851.79,6959.09,7010.03,6851.79,48056631
2024-12-24,6958.17,7051.41,7059.93,6945.17,39907484
2024-12-25,7057.36,7128.75,7174.41,7057.36,45674530
2024-12-26,7123.52,7113.41,7126.09,7040.33,34005247
2024-12-27,7102.94,7109.59,7130.35,6981.48,40989292
2024-12-30,7094.46,7198.22,7213.63,7094.46,43296590
2024-12-31,7188.19,7119.56,7250.73,7119.56,48996344
2025-01-02,7130.48,6963.93,7171.31,6936.06,52958342
2025-01-03,6975.25,6914.47,7013.61,6888.5,41739901
2025-01-06,6931.61,6970.02,6974.17,6799.53,40686641
2025-01-07,6943.28,7003.93,7012.15,6909.68,31919656
2025-01-08,6987.83,7050.45,7084.77,6985.86,38779653
2025-01-09,7055.03,6991.99,7055.3,6952.24,29300966
2025-01-10,6994.1,6945.1,7017.5,6888.37,29884919
2025-01-13,6912.38,6866.24,6927.98,6799.93,32873810
2025-01-14,6872.38,6959.41,6978.75,6853.04,34161759
2025-01-15,6959.94,7015.92,7103.33,6959.02,32907703
2025-01-16,7047.07,7081.33,7093.14,6996.74,31649478
2025-01-17,7070.41,7035.6,7102.11,7007.36,27337653
2025-01-20,7058.77,7006.5,7079.06,7004.44,28409578
2025-01-21,7030.3,7005.06,7056.6,6973.18,25368709
2025-01-22,6996.49,6876.01,6997.72,6862.32,33259048
2025-01-23,6908.89,7035.85,7061.21,6908.89,48330089
2025-01-24,7010.31,7041.45,7075.63,6933.33,33777956
2025-01-27,7062.82,7140.76,7168.5,7062.82,36445716
2025-02-05,7159.09,7024.58,7159.68,7016.18,33635978
2025-02-06,7021.95,7026.64,7081.58,6980.02,29090220
2025-02-07,7018.62,7004.73,7029.14,6977.51,36756296
2025-02-10,6998.93,7013.71,7070.28,6968.05,29888801
2025-02-11,7022.44,7078.62,7082.79,7022.44,35457850
2025-02-12,7079.81,7134.79,7139.83,7034.39,29880684
2025-02-13,7125.18,7139.69,7169.62,7114.14,29817552
2025-02-14,7141.81,7169.93,7173.5,7104.79,27784963
2025-02-17,7169.58,7149.48,7172.51,7099.2,32790615
2025-02-18,7133.68,7226.16,7267.49,7133.68,45392113
2025-02-19,7213.57,7193.36,7242.73,7185.48,31048169
2025-02-20,7191.82,7184.41,7214.4,7158.57,22963353
2025-02-21,7188.36,7093.65,7190.11,7078.49,40401254
2025-02-24,7077.69,7041.12,7102.72,7032.08,33995221
2025-02-25,7033.49,6985.94,7052.0,6971.35,31602787
2025-02-26,6992.65,7021.85,7075.45,6992.65,30344388
2025-02-27,7028.47,7112.33,7114.64,6983.55,33358219
2025-02-28,7102.35,7068.32,7150.1,7068.32,36118297
2025-03-03,7081.93,7067.16,7103.64,7022.43,32393267
2025-03-04,7049.91,7055.5,7094.15,7039.39,25941034
2025-03-05,7062.74,7176.59,7180.59,7041.38,39452683
2025-03-06,7173.32,7137.03,7173.35,7100.49,34615467
2025-03-07,7138.87,7146.73,7175.73,7111.97,26862088
2025-03-10,7136.45,7081.99,7139.5,7063.13,28409799
2025-03-11,7055.59,7135.29,7135.29,7055.59,26231257
2025-03-12,7124.51,7114.85,7146.28,7086.12,26293618
2025-03-13,7116.56,7154.02,7184.6,7115.43,28562106
2025-03-14,7161.9,7243.35,7281.63,7161.9,44600160
2025-03-17,7250.78,7266.5,7295.92,7228.54,36389812
2025-03-18,7281.7,7257.87,7285.42,7238.89,23162183
2025-03-19,7264.66,7358.03,7362.82,7261.83,32345421
2025-03-20,7356.62,7317.13,7375.8,7294.89,27422286
2025-03-21,7305.99,7228.92,7331.13,7218.58,31426000
2025-03-24,7228.09,7292.92,7300.44,7228.09,31915529
2025-03-25,7295.72,7325.26,7330.57,7294.35,26177730
2025-03-26,7302.99,7219.57,7303.48,7211.39,26707242
2025-03-27,7219.42,7252.34,7287.64,7218.83,24781159
2025-03-28,7253.59,7228.54,7258.03,7211.5,29732330
2025-03-31,7241.71,7250.62,7300.89,7178.5,46910518
2025-04-01,7241.5,7211.24,7261.9,7172.52,37381227
2025-04-02,7202.11,7275.8,7292.21,7202.11,34656197
2025-04-03,7218.88,7295.35,7308.02,7218.88,31119165
2025-04-07,7093.48,6958.91,7152.21,6794.56,81586582
2025-04-08,6946.76,7074.71,7078.42,6937.3,61021097
2025-04-09,7030.96,7011.29,7053.95,6944.11,48592101
2025-04-10,7052.07,7057.2,7084.99,7002.37,37292267
2025-04-11,7056.14,7075.79,7083.33,7014.29,31637392
2025-04-14,7085.63,7118.92,7144.3,7075.09,32580270
2025-04-15,7118.07,7227.29,7236.24,7117.67,36863993
2025-04-16,7218.17,7300.6,7315.5,7203.58,39810233
2025-04-17,7284.4,7305.72,7318.25,7220.24,29167039
2025-04-18,7284.22,7362.47,7377.52,7283.44,29415539
2025-04-21,7347.08,7271.16,7427.89,7270.56,35557070
2025-04-22,7276.93,7320.32,7339.55,7276.93,30802925
2025-04-23,7333.47,7283.99,7334.67,7274.85,25051566
2025-04-24,7285.38,7368.93,7390.66,7285.38,29763152
2025-04-25,7373.24,7334.48,7397.29,7303.86,29933540
2025-04-28,7341.29,7405.13,7425.61,7341.29,31472005
2025-04-29,7393.94,7380.69,7446.83,7372.38,29335749
2025-04-30,7345.72,7223.48,7346.6,7202.79,48994690
2025-05-06,7242.96,7214.05,7243.98,7165.29,37871711
2025-05-07,7261.66,7321.01,7323.06,7220.38,39968215
2025-05-08,7312.67,7400.87,7419.62,7309.18,34621616
2025-05-09,7398.74,7502.91,7515.64,7398.74,36819565
2025-05-12,7496.51,7514.22,7582.47,7452.53,35386757
2025-05-13,7530.29,7629.55,7631.65,7496.34,38832433
2025-05-14,7615.96,7691.19,7727.73,7590.85,43603329
2025-05-15,7688.92,7682.74,7751.8,7673.98,33875906
2025-05-16,7677.16,7610.17,7693.66,7564.8,33585742
2025-05-19,7619.55,7584.87,7663.43,7581.67,26815965
2025-05-20,7608.55,7599.96,7668.26,7580.2,26486166
2025-05-21,7610.62,7653.74,7693.44,7600.14,27945837
2025-05-22,7653.74,7730.22,7736.41,7632.03,32624764
2025-05-23,7730.43,7655.18,7765.27,7649.3,36224242
2025-05-26,7641.19,7597.63,7674.11,7581.58,31378938
2025-05-27,7612.4,7638.58,7678.97,7612.4,30067690
2025-05-28,7640.27,7628.72,7675.22,7581.6,28209702
2025-05-29,7630.2,7612.16,7652.02,7595.15,29159490
2025-05-30,7622.58,7660.8,7696.57,7608.73,38094970
2025-06-03,7675.57,7812.32,7852.42,7675.57,50351962
2025-06-04,7817.82,7816.93,7848.06,7776.85,36237474
2025-06-05,7822.19,7758.94,7842.4,7750.08,36686569
2025-06-06,7775.8,7781.31,7822.69,7754.04,30035965
2025-06-09,7794.69,7802.7,7807.71,7728.93,36222361
2025-06-10,7802.12,7841.02,7916.59,7799.12,45625935
2025-06-11,7845.19,7865.12,7905.31,7827.56,30804979
2025-06-12,7859.01,7889.47,7899.23,7830.19,34410103
2025-06-13,7888.49,7817.39,7903.16,7805.65,50567248
2025-06-16,7816.13,7920.28,7920.28,7798.65,41270818
2025-06-17,7919.99,7905.42,7956.67,7888.93,31057349
2025-06-18,7909.26,7975.8,7982.44,7892.35,37912385
2025-06-19,7974.5,7964.82,7996.33,7923.95,34218086
2025-06-20,7934.66,8018.53,8024.37,7911.33,42930630
2025-06-23,8003.3,8115.86,8138.87,7930.24,49293580
2025-06-24,8103.71,8149.01,8189.74,8062.66,52478421
2025-06-25,8140.0,8232.68,8249.08,8086.22,47576624
2025-06-26,8216.34,8315.16,8325.64,8176.39,47977575
2025-06-27,8297.47,8070.36,8342.72,8043.08,72343984
2025-06-30,8032.96,8043.94,8063.22,7985.82,42853456
2025-07-01,8060.19,8167.45,8202.4,8058.5,37836964
2025-07-02,8186.32,8228.93,8270.35,8169.84,35646599
2025-07-03,8233.38,8225.34,8268.42,8167.83,30790956
2025-07-04,8226.28,8377.94,8425.12,8220.25,46808633
2025-07-07,8382.78,8412.6,8418.0,8330.75,39236035
2025-07-08,8409.33,8391.98,8442.85,8337.42,37242528
2025-07-09,8379.27,8418.47,8467.56,8359.89,42961175
2025-07-10,8406.54,8497.84,8570.16,8405.88,58820430
2025-07-11,8471.07,8297.33,8522.81,8297.33,75477344
2025-07-14,8288.2,8335.35,8418.45,8288.2,52348946
2025-07-15,8353.85,8254.99,8376.65,8226.35,40790272
2025-07-16,8231.54,8196.6,8243.76,8130.8,42356571
2025-07-17,8184.97,8164.08,8215.67,8144.1,30530020
2025-07-18,8178.01,8215.01,8243.98,8157.62,35599281
2025-07-21,8207.3,8148.46,8226.13,8137.18,37894853
2025-07-22,8139.96,8066.9,8144.36,8004.61,52360448
2025-07-23,8056.83,8097.69,8181.63,8056.83,48702431
2025-07-24,8102.63,7980.97,8102.63,7973.53,49512498
2025-07-25,7972.82,7966.93,8028.76,7957.16,38911641
2025-07-28,7968.73,7967.57,8040.56,7947.06,38743122
2025-07-29,7970.86,7871.96,8014.74,7871.08,41310406
2025-07-30,7880.77,7921.85,7988.44,7853.51,43579192
2025-07-31,7924.36,7880.1,7933.64,7801.5,47920355
2025-08-01,7882.68,7899.63,7935.89,7817.34,41844962
2025-08-04,7881.05,7959.97,8017.6,7881.05,42136967
2025-08-05,7960.92,8087.4,8099.7,7953.56,45800012
2025-08-06,8093.1,8075.09,8138.37,8049.35,35199792
2025-08-07,8080.66,8108.88,8130.99,8027.77,34030147
2025-08-08,8121.44,8085.06,8157.4,8075.8,30682981
2025-08-11,8078.49,8003.11,8083.49,7990.88,37590121
2025-08-12,8003.96,8028.7,8084.43,8003.96,33014408
2025-08-13,8042.79,7943.23,8061.13,7939.56,43861283
2025-08-14,7943.92,7941.38,7993.4,7936.53,36343542
2025-08-15,7943.4,7825.39,7946.99,7775.11,62531253
2025-08-18,7811.1,7851.46,7865.24,7779.52,48290049
2025-08-19,7850.66,7860.36,7883.21,7826.86,37769899
2025-08-20,7855.34,7894.91,7945.29,7836.57,41499615
2025-08-21,7894.0,7942.59,7956.94,7857.63,40272609
2025-08-22,7943.06,7919.43,7945.1,7858.21,45907701
2025-08-25,7907.8,7976.33,7977.37,7884.29,51518977
2025-08-26,7966.8,7923.15,7989.68,7919.66,37988354
2025-08-27,7909.86,7778.48,7914.83,7778.14,52558712
2025-08-28,7775.95,7810.25,7851.6,7717.65,47586439
2025-08-29,7804.04,7749.17,7918.31,7749.17,65843997
2025-09-01,7755.44,7665.36,7791.54,7661.58,65594521
2025-09-02,7657.74,7815.8,7815.8,7656.53,62233735
2025-09-03,7813.05,7723.88,7828.37,7695.1,44964999
2025-09-04,7703.78,7783.91,7807.94,7586.27,64392373
2025-09-05,7761.61,7707.77,7761.61,7679.65,43030033
2025-09-08,7684.53,7662.21,7739.59,7650.39,45331858
2025-09-09,7663.59,7727.13,7727.62,7662.47,33842739
2025-09-10,7723.95,7735.86,7760.9,7690.85,35564553
2025-09-11,7731.43,7777.62,7781.83,7690.28,43643023
2025-09-12,7771.22,7657.89,7793.02,7648.46,44890169
2025-09-15,7645.84,7588.46,7664.16,7566.45,45412952
2025-09-16,7578.23,7501.6,7606.07,7491.82,55771363
2025-09-17,7494.97,7473.93,7531.92,7463.09,40160226
2025-09-18,7479.81,7331.62,7490.03,7320.27,54713245
2025-09-19,7320.77,7336.37,7364.86,7259.19,48494105
2025-09-22,7328.27,7262.53,7352.78,7255.9,33563190
2025-09-23,7252.2,7375.45,7410.97,7214.97,60768551
2025-09-24,7362.91,7352.55,7442.44,7331.94,43555194
2025-09-25,7342.85,7303.68,7344.8,7265.89,38197498
2025-09-26,7291.38,7311.63,7327.93,7222.39,33125568
2025-09-29,7300.36,7275.93,7359.3,7230.88,46919272
2025-09-30,7275.63,7220.51,7277.93,7207.7,39012828
2025-10-09,7196.67,7204.99,7208.75,7138.82,45841118
2025-10-10,7195.54,7239.9,7288.56,7195.31,57495800
2025-10-13,7206.83,7294.47,7338.58,7160.72,58616091
2025-10-14,7275.77,7478.97,7484.15,7243.65,72977879
2025-10-15,7461.18,7519.28,7523.48,7444.57,51466230
2025-10-16,7504.06,7620.36,7625.62,7503.63,54970424
2025-10-17,7611.76,7596.05,7689.58,7569.64,52241722
2025-10-20,7577.93,7587.76,7611.8,7473.35,49195634
2025-10-21,7581.71,7611.94,7639.76,7567.71,45291670
2025-10-22,7604.98,7685.65,7705.67,7604.98,49665447
2025-10-23,7687.62,7735.85,7792.66,7656.44,59485190
2025-10-24,7713.03,7701.65,7761.29,7692.24,53067594
2025-10-27,7677.69,7703.91,7748.86,7617.67,53832061
2025-10-28,7710.31,7691.21,7737.2,7617.46,44088885
2025-10-29,7669.96,7532.08,7670.24,7521.73,50022993
2025-10-30,7527.1,7535.03,7596.82,7519.99,43582113
2025-10-31,7555.51,7526.97,7555.93,7487.46,54399584
2025-11-03,7534.08,7625.65,7642.46,7531.33,47080318
2025-11-04,7630.86,7783.83,7792.48,7629.8,56250635
2025-11-05,7802.05,7783.34,7833.93,7747.29,41531082
2025-11-06,7760.63,7750.14,7796.47,7717.85,35591868
2025-11-07,7759.61,7739.49,7818.75,7732.84,34119476
2025-11-10,7726.46,7789.49,7794.62,7701.51,33700275
2025-11-11,7780.96,7816.91,7837.08,7761.76,29298282
2025-11-12,7836.7,7854.32,7920.53,7836.7,45577818
2025-11-13,7857.44,7850.68,7882.71,7770.87,40817061
2025-11-14,7852.37,7870.5,7946.65,7852.37,44557286
2025-11-17,7854.24,7766.26,7864.45,7751.71,42675596
2025-11-18,7752.18,7739.47,7775.35,7718.73,32015586
2025-11-19,7743.23,7804.91,7838.5,7740.89,38388085
2025-11-20,7790.2,7867.07,7952.06,7771.37,61996804
2025-11-21,7870.15,7785.36,7906.83,7777.33,56957775
2025-11-24,7788.59,7725.4,7806.31,7719.32,47583621
2025-11-25,7723.84,7827.63,7828.44,7687.29,41385331
2025-11-26,7831.87,7767.15,7875.85,7752.18,37160047
2025-11-27,7758.71,7808.32,7827.59,7699.2,33511756
2025-11-28,7795.65,7744.45,7797.14,7736.25,33760050
2025-12-01,7728.4,7803.47,7807.85,7721.77,43552605
2025-12-02,7799.26,7804.5,7832.98,7755.8,30609012
2025-12-03,7786.67,7734.74,7844.95,7731.19,36534540
2025-12-04,7738.17,7702.3,7750.34,7692.28,29445694
2025-12-05,7696.95,7657.38,7728.14,7616.61,36722948
2025-12-08,7656.68,7659.34,7694.24,7637.25,33387793
2025-12-09,7665.53,7654.71,7695.34,7617.59,31526750
2025-12-10,7652.02,7533.46,7663.86,7512.56,38315986
2025-12-11,7537.21,7551.36,7552.19,7505.18,32729608
2025-12-12,7546.04,7531.87,7546.53,7495.5,49585889
2025-12-15,7506.52,7524.0,7562.83,7490.95,32571509
2025-12-16,7520.78,7483.32,7542.9,7455.82,30251059
2025-12-17,7472.46,7490.95,7536.17,7439.49,30815679
2025-12-18,7491.63,7640.33,7646.07,7473.05,33671620
2025-12-19,7624.37,7606.25,7649.09,7584.17,30803723
2025-12-22,7597.17,7563.99,7602.31,7553.51,26641512
2025-12-23,7566.35,7591.88,7613.8,7556.57,28377061
2025-12-24,7592.38,7569.27,7600.98,7537.95,25031211
2025-12-25,7561.24,7555.31,7605.52,7549.25,22134121
2025-12-26,7550.36,7528.82,7564.97,7523.58,21364976
2025-12-29,7526.52,7606.02,7608.93,7505.62,33100797
2025-12-30,7595.04,7595.34,7617.61,7546.53,28197480
2025-12-31,7589.23,7603.19,7621.06,7569.19,27302230
2026-01-05,7616.55,7577.05,7643.16,7549.65,37049343
2026-01-06,7578.1,7616.18,7616.18,7530.63,39569961
2026-01-07,7606.06,7562.32,7631.94,7553.82,34551386
2026-01-08,7560.05,7492.93,7560.05,7468.83,32687419
2026-01-09,7494.7,7460.65,7503.52,7438.76,30947237
2026-01-12,7445.53,7483.12,7492.27,7421.32,35514426
2026-01-13,7487.18,7530.05,7578.1,7485.78,44187134
2026-01-14,7512.52,7385.95,7512.52,7385.95,51981619
2026-01-15,7379.84,7334.72,7397.14,7325.24,36430085
2026-01-16,7327.37,7228.44,7333.85,7206.31,44804068
2026-01-19,7215.67,7186.96,7243.29,7166.11,34081608
2026-01-20,7185.71,7241.94,7259.78,7167.37,39875176
2026-01-21,7248.5,7127.37,7276.11,7117.24,44861313
2026-01-22,7128.07,7097.72,7197.61,7089.14,41959557
2026-01-23,7100.92,7032.57,7123.51,7009.4,41963406
2026-01-26,7025.05,7059.19,7119.64,6997.51,50711869
2026-01-27,7063.17,7051.38,7145.03,7040.98,47916986
2026-01-28,7044.68,7007.53,7102.17,6999.61,57558320
2026-01-29,7010.78,7116.45,7136.13,6969.87,64307669
2026-01-30,7120.53,7088.98,7187.85,7088.98,49355551
2026-02-02,7103.17,7099.64,7206.32,7089.44,54721284
2026-02-03,7109.14,7041.91,7109.29,7020.83,45532097
2026-02-04,7038.02,7141.43,7146.98,7036.64,39028137
2026-02-05,7145.31,7255.47,7275.78,7145.31,49824728
2026-02-06,7236.0,7212.2,7268.54,7172.61,41212136
2026-02-09,7198.63,7237.73,7250.92,7173.4,33516112
2026-02-10,7237.43,7256.54,7279.43,7234.54,32063445
2026-02-11,7259.74,7270.05,7280.9,7220.74,26843789
2026-02-12,7268.68,7169.14,7269.07,7158.62,37778567
2026-02-13,7175.14,7119.52,7186.69,7115.15,30481368
2026-02-24,7153.62,7101.83,7158.85,7101.83,27507076
2026-02-25,7108.51,7067.52,7133.29,7060.37,38674631
2026-02-26,7072.58,7052.34,7111.34,7031.19,29884847
2026-02-27,7052.34,7050.77,7091.92,7043.92,28121786
2026-03-02,7029.9,7091.33,7120.0,7011.42,42611994
2026-03-03,7084.79,7163.76,7217.56,7052.86,60824025
2026-03-04,7139.84,7086.51,7139.84,7035.61,53523031
2026-03-05,7070.14,7151.39,7161.45,7066.68,35532926
2026-03-06,7138.44,7162.79,7181.49,7119.08,28644245
2026-03-09,7128.53,7115.85,7179.92,7107.48,39282218
2026-03-10,7115.25,7131.41,7139.97,7084.35,31587269
2026-03-11,7130.19,7194.93,7195.69,7093.46,32260332
2026-03-12,7185.85,7239.73,7246.69,7176.53,37551646
2026-03-13,7232.44,7268.72,7321.33,7208.11,39844400
2026-03-16,7267.06,7296.87,7329.33,7250.5,33964102
2026-03-17,7291.45,7357.55,7377.0,7285.62,40121907
2026-03-18,7358.54,7326.59,7362.51,7292.91,39382795
2026-03-19,7306.34,7312.18,7362.29,7300.85,38577914
2026-03-20,7311.06,7292.02,7356.99,7286.31,36011403
2026-03-23,7255.71,7052.91,7255.71,7030.49,59125946
2026-03-24,7082.91,7201.71,7204.76,7082.91,40055309
2026-03-25,7208.37,7247.07,7249.25,7135.18,36607105
2026-03-26,7229.84,7274.38,7303.95,7229.26,31710110
2026-03-27,7255.84,7238.13,7292.83,7219.83,28871551
2026-03-30,7205.27,7273.61,7292.98,7197.07,30140721
2026-03-31,7281.85,7320.87,7366.85,7281.57,47721118
2026-04-01,7336.15,7329.5,7400.0,7314.64,36658318
2026-04-02,7332.29,7368.01,7396.88,7327.03,33042700
2026-04-03,7368.36,7284.16,7368.36,7265.8,28765468
2026-04-07,7281.94,7216.29,7293.22,7198.28,27905673
2026-04-08,7239.72,7274.59,7277.03,7183.78,35535216
2026-04-09,7258.2,7213.12,7276.06,7201.47,24474288
2026-04-10,7217.98,7203.27,7220.48,7199.22,21899596
2026-04-13,7195.14,7204.45,7206.39,7157.92,21395415
2026-04-14,7200.31,7266.98,7270.41,7200.31,24380749
2026-04-15,7267.3,7344.68,7353.12,7264.43,29441404
2026-04-16,7341.29,7317.07,7388.32,7305.44,27039561
2026-04-17,7312.0,7287.01,7328.61,7282.56,23220878
2026-04-20,7282.44,7363.2,7366.86,7271.58,27747466
2026-04-21,7364.63,7390.44,7440.45,7364.63,28654497
2026-04-22,7392.17,7339.94,7403.37,7331.44,25564490
2026-04-23,7334.45,7366.59,7392.39,7316.98,34924169
2026-04-24,7361.35,7345.17,7388.58,7324.29,27998614
2026-04-27,7358.1,7319.49,7425.65,7310.56,31647492
2026-04-28,7307.25,7348.97,7350.22,7300.05,30348756
2026-04-29,7324.81,7322.39,7345.29,7267.69,35935600
2026-04-30,7298.22,7268.76,7325.19,7253.63,38377865
2026-05-06,7266.9,7206.05,7266.9,7172.04,40419103
2026-05-07,7204.55,7183.32,7224.26,7180.29,29149155
2026-05-08,7190.6,7178.43,7234.1,7166.07,25962440
2026-05-11,7169.63,7175.37,7181.75,7136.33,35336432
2026-05-12,7172.9,7157.74,7205.29,7152.22,29012809
2026-05-13,7143.29,7124.33,7158.91,7110.84,27650483
2026-05-14,7117.9,7142.04,7171.93,7100.45,33480210
2026-05-15,7137.45,7110.05,7175.83,7094.2,35013538
2026-05-18,7096.42,7041.88,7096.57,7022.54,29637586
2026-05-19,7042.0,7068.67,7121.83,7042.0,28735209
2026-05-20,7072.4,7006.21,7081.34,7006.21,27211489
2026-05-21,7006.02,7021.58,7056.38,6990.96,30769573
2026-05-22,7011.96,7007.17,7046.21,6972.27,29156261
2026-05-25,6997.46,7007.59,7052.71,6983.34,23627336
2026-05-26,7008.17,7023.1,7058.64,7001.91,26973362
2026-05-27,7020.83,7000.97,7051.6,6987.12,31996763
2026-05-28,6997.52,6955.94,7030.28,6946.19,28393916
2026-05-29,6939.22,7081.06,7101.11,6920.35,41000680
2026-06-01,7079.71,7164.61,7164.61,7050.65,39931284
2026-06-02,7155.26,7208.17,7252.34,7147.24,36869618
2026-06-03,7196.77,7141.31,7196.85,7105.39,32802902
2026-06-04,7141.72,7062.62,7166.97,7047.84,28333195
2026-06-05,7074.99,7155.5,7174.41,7074.99,33244010
