Date,Open,High,Low,Close,Volume,DividendYieldTTM,DivCash,PB
2016-04-11,1.8124800431315848,1.8354956400806954,1.8124800431315848,1.8239878416061401,98695041,0.0,0.0,
2016-04-12,1.8239879857286043,1.8297418854205265,1.81248018634476,1.8182340860366821,61799224,0.0,0.0,
2016-04-13,1.818234012000037,1.8470035092881834,1.818234012000037,1.8354957103729248,190848393,0.0,0.0,
2016-04-14,1.8412496098305542,1.8470035092881834,1.8297418109152956,1.8354957103729248,74704127,0.0,0.0,
2016-04-15,1.8354956155452518,1.8412495147056158,1.8239878172245236,1.8297417163848877,72866592,0.0,0.0,
2016-04-18,1.8239879857286043,1.8297418854205265,1.81248018634476,1.8182340860366821,77449645,0.0,0.0,
2016-04-19,1.8182340860366821,1.8239879857286043,1.81248018634476,1.8182340860366821,68066749,0.0,0.0,
2016-04-20,1.8182341361803964,1.823988036031001,1.7722028001917653,1.806726336479187,238400690,0.0,0.0,
2016-04-21,1.8009724104420402,1.806726310208982,1.7894644737243652,1.7894644737243652,77542574,0.0,0.0,
2016-04-22,1.7894646431027919,1.8067264812212953,1.7894646431027919,1.800972580909729,84042303,0.0,0.0,
2016-04-25,1.800972580909729,1.8067264812212953,1.7837107427912253,1.800972580909729,80715873,0.0,0.0,
2016-04-26,1.800972580909729,1.8067264812212953,1.7952185434143582,1.800972580909729,55355835,0.0,0.0,
2016-04-27,1.8067262850606052,1.8067262850606052,1.7952183485031128,1.7952183485031128,40773997,0.0,0.0,
2016-04-28,1.800972580909729,1.8067264812212953,1.7952185434143582,1.800972580909729,60728490,0.0,0.0,
2016-04-29,1.7952183485031128,1.8009723853737538,1.7894644488162614,1.7952183485031128,70840648,0.0,0.0,
2016-05-03,1.7952183995941842,1.8124802363297918,1.7894644997435796,1.806726336479187,108140341,0.0,0.0,
2016-05-04,1.800972580909729,1.8067264812212953,1.7952185434143582,1.800972580909729,70887845,0.0,0.0,
2016-05-05,1.800972580909729,1.800972580909729,1.7894646431027919,1.800972580909729,67952928,0.0,0.0,
2016-05-06,1.8009724356720571,1.8009724356720571,1.7837105989456177,1.7837105989456177,114428566,0.0,0.0,
2016-05-09,1.7837106748869365,1.7837106748869365,1.7606950745168546,1.766448974609375,97234757,0.0,0.0,
2016-05-10,1.7606950745168546,1.7722028747018954,1.7549411744243342,1.766448974609375,85097736,0.0,0.0,
2016-05-11,1.766448974609375,1.7722028747018954,1.7549411744243342,1.766448974609375,94672027,0.0,0.0,
2016-05-12,1.7606950057102528,1.7664489055779153,1.7491872059749278,1.7549411058425903,83904533,0.0,0.0,
2016-05-13,1.7549411058425903,1.7664489055779153,1.7491872059749278,1.7549411058425903,69974225,0.0,0.0,
2016-05-16,1.7549409620159482,1.7606948614120483,1.7491870626198478,1.7606948614120483,47121242,0.0,0.0,
2016-05-17,1.7606948614120483,1.7606948614120483,1.7549409620159482,1.7606948614120483,57909586,0.0,0.0,
2016-05-18,1.7549409620159482,1.7664487608081485,1.7434331632237476,1.7606948614120483,137448774,0.0,0.0,
2016-05-19,1.7606950745168546,1.7722028747018954,1.7549411744243342,1.766448974609375,90608094,0.0,0.0,
2016-05-20,1.7664488305555428,1.772202730178833,1.7606949309322526,1.772202730178833,76828475,0.0,0.0,
2016-05-23,1.7722027054146932,1.7837105045004675,1.766448805871806,1.7779566049575806,84463424,0.0,0.0,
2016-05-24,1.7837105045004675,1.7837105045004675,1.7722027054146932,1.7779566049575806,55033433,0.0,0.0,
2016-05-25,1.7837105989456177,1.7894644987931663,1.7779566990980689,1.7837105989456177,44418676,0.0,0.0,
2016-05-26,1.7837105989456177,1.7894644987931663,1.7779566990980689,1.7837105989456177,70441921,0.0,0.0,
2016-05-27,1.7837105989456177,1.7894644987931663,1.7779566990980689,1.7837105989456177,66533373,0.0,0.0,
2016-05-30,1.7894646431027919,1.800972580909729,1.777956842479659,1.800972580909729,78085853,0.0,0.0,
2016-05-31,1.795218276985736,1.8412496098305542,1.795218276985736,1.8354957103729248,153315787,0.0,0.0,
2016-06-01,1.8354957851124487,1.8354957851124487,1.8182340860366821,1.8182340860366821,110451631,0.0,0.0,
2016-06-02,1.8182340860366821,1.8239879857286043,1.8182340860366821,1.8182340860366821,63400105,0.0,0.0,
2016-06-03,1.8239879114576665,1.835495710372925,1.812480112542408,1.8354957103729248,83598677,0.0,0.0,
2016-06-06,1.8354956155452518,1.8354956155452518,1.8239878172245236,1.8297417163848877,67287944,0.0,0.0,
2016-06-07,1.8354956400806954,1.8354956400806954,1.8239878416061401,1.8239878416061401,49912395,0.0,0.0,
2016-06-08,1.8297417163848877,1.8297417163848877,1.8182339180641593,1.8297417163848877,61774463,0.0,0.0,
2016-06-13,1.8182343502044087,1.8297421512601992,1.8067265491486184,1.8124804496765137,95433991,0.0,0.0,
2016-06-14,1.8067262866528377,1.8297418854205265,1.8067262866528377,1.8182340860366821,88728185,0.0,0.0,
2016-06-15,1.81248018634476,1.8297418854205265,1.8067262866528377,1.8182340860366821,75842421,0.0,0.0,
2016-06-16,1.8182340860366821,1.8239879857286043,1.81248018634476,1.8182340860366821,59561973,0.0,0.0,
2016-06-17,1.8182339423688625,1.8297417408434178,1.8124800431315848,1.8239878416061401,67923175,0.0,0.0,
2016-06-20,1.8297417163848877,1.8297417163848877,1.8182339180641593,1.8297417163848877,40558594,0.0,0.0,
2016-06-21,1.8239878416061401,1.8297417408434178,1.8182339423688625,1.8239878416061401,55378295,0.0,0.0,
2016-06-22,1.8239878416061401,1.8297417408434178,1.8182339423688625,1.8239878416061401,71536468,0.0,0.0,
2016-06-23,1.8297417163848877,1.8354956155452518,1.8239878172245236,1.8297417163848877,56892488,0.0,0.0,
2016-06-24,1.8297417408434178,1.8354956400806954,1.8124800431315848,1.8239878416061401,82645973,0.0,0.0,
2016-06-27,1.8182339423688625,1.8239878416061401,1.8124800431315848,1.8239878416061401,56943797,0.0,0.0,
2016-06-28,1.8182339423688625,1.8239878416061401,1.8124800431315848,1.8239878416061401,49843140,0.0,0.0,
2016-06-29,1.8239878172245236,1.8354956155452518,1.8182339180641593,1.8297417163848877,68868497,0.0,0.0,
2016-06-30,1.8354956857711644,1.84700348453218,1.8297417863906567,1.8412495851516724,108019322,0.0,0.0,
2016-07-01,1.8470034354814657,1.8585112339368697,1.8412495362537635,1.8527573347091675,80896224,0.0,0.0,
2016-07-04,1.8527575664931375,1.881527066230774,1.84700366654561,1.881527066230774,109684873,0.0,0.0,
2016-07-05,1.881527066230774,1.8872809661783012,1.8700192663357194,1.881527066230774,89546909,0.0,0.0,
2016-07-06,1.881526922292881,1.8930347213075824,1.8700191232781798,1.887280821800232,153789504,0.0,0.0,
2016-07-07,1.8914033870164368,1.8914033870164368,1.8732168326644196,1.8792790174484253,159307876,8.875744285511752,0.1668,
2016-07-08,1.8732166977198534,1.8792788820671458,1.8610923290252688,1.8610923290252686,86560614,8.962478507842762,0.0,
2016-07-11,1.8671543598175049,1.8792787275149798,1.8610921759687675,1.8671543598175049,76033200,8.933380313361075,0.0,
2016-07-12,1.8671544029748433,1.9035276514418618,1.8671544029748433,1.897465467453003,147877927,8.790673815207727,0.0,
2016-07-13,1.8914031896769492,1.915652070816852,1.8853410055254411,1.9095898866653442,177260784,8.734859833766585,0.0,
2016-07-14,1.9035277111339803,1.9035277111339803,1.8853410140632267,1.8914031982421875,104013117,8.818849421160905,0.0,
2016-07-15,1.8914031982421875,1.8974655269550198,1.8853410140632267,1.8914031982421875,88991442,8.818849421160905,0.0,
2016-07-18,1.8853410140632267,1.9035277111339803,1.8853410140632267,1.8914031982421875,122083081,8.818849421160905,0.0,
2016-07-19,1.8914033870164368,1.8974657163343287,1.8792790174484253,1.8792790174484253,95579130,8.875744285511752,0.0,
2016-07-20,1.8792786935582302,1.88534087729743,1.867154326079831,1.8732165098190308,67466723,8.904469885123657,0.0,
2016-07-21,1.8732168326644196,1.8853412022324312,1.8671546478804137,1.8792790174484253,65674020,8.875744285511752,0.0,
2016-07-22,1.8792786935582302,1.8792786935582302,1.867154326079831,1.8732165098190308,59655938,8.904469885123657,0.0,
2016-07-25,1.8671546478804137,1.8792790174484253,1.8671546478804137,1.8792790174484253,72608616,8.875744285511752,0.0,
2016-07-26,1.8732166457053054,1.8914031982421875,1.8732166457053054,1.8914031982421875,72561301,8.818849421160905,0.0,
2016-07-27,1.8914031982421875,1.8914031982421875,1.867154461526345,1.8914031982421875,161162063,8.818849421160905,0.0,
2016-07-28,1.8853412022324312,1.8853412022324312,1.8792790174484253,1.8792790174484253,62827748,8.875744285511752,0.0,
2016-07-29,1.8853408098220825,1.8853408098220825,1.8792786262998453,1.8853408098220825,48203837,8.847206782509563,0.0,
2016-08-01,1.8792788298842662,1.8914031982421875,1.8792788298842662,1.8914031982421875,111596431,8.818849421160905,0.0,
2016-08-02,1.8853410140632267,1.8914031982421875,1.8853410140632267,1.8914031982421875,61500970,8.818849421160905,0.0,
2016-08-03,1.8853408098220825,1.89140299334432,1.8853408098220825,1.8853408098220825,45542309,8.847206782509563,0.0,
2016-08-04,1.8914031982421875,1.8914031982421875,1.8792788298842662,1.8914031982421875,92000551,8.818849421160905,0.0,
2016-08-05,1.8853410140632267,1.8914031982421875,1.8792788298842662,1.8914031982421875,62573060,8.818849421160905,0.0,
2016-08-08,1.8853410140632267,1.8914031982421875,1.8792788298842662,1.8914031982421875,74935412,8.818849421160905,0.0,
2016-08-09,1.8914031389302774,1.9035276514418618,1.8853409549414188,1.897465467453003,134206982,8.790673815207727,0.0,
2016-08-10,1.897465195914625,1.9035273790359495,1.8914028682594537,1.9035273790359497,71929204,8.762679320350866,0.0,
2016-08-11,1.9035275501251918,1.9338384684561634,1.8974653664589975,1.9156519174575806,204257332,8.70721859644387,0.0,
2016-08-12,1.9156521038134413,1.9459630250930786,1.909589919557514,1.9459630250930786,222881675,8.571591435660588,0.0,
2016-08-15,1.952025427922868,1.9944607224659614,1.9459632429881402,1.9702119827270508,268905612,8.4660940783197,0.0,
2016-08-16,1.9762741027138486,1.9762741027138486,1.92777662482984,1.9399009943008423,319968648,8.59837695274321,0.0,
2016-08-17,1.9399007043285994,1.9399007043285994,1.9217141528405832,1.9277763366699219,95122068,8.652456035855982,0.0,
2016-08-18,1.9277763366699219,1.9338385204992605,1.9217141528405832,1.9277763366699219,91453652,8.652456035855982,0.0,
2016-08-19,1.9277763366699219,1.9338385204992605,1.9217141528405832,1.9277763366699219,60776699,8.652456035855982,0.0,
2016-08-22,1.92777662482984,1.9459631790363432,1.9217144400943391,1.9399009943008423,151831428,8.59837695274321,0.0,
2016-08-23,1.9399008408371512,1.9580873936049337,1.9338386565812238,1.9459630250930786,127377522,8.571591435660588,0.0,
2016-08-24,1.9459630250930786,1.9520252093490063,1.9399008408371512,1.9459630250930786,85073061,8.571591435660588,0.0,
2016-08-25,1.9399009252643693,1.9520252943038938,1.9338387407446072,1.952025294303894,90156645,8.544971240215514,0.0,
2016-08-26,1.9459631790363432,1.9520253637718443,1.9399009943008423,1.9399009943008423,55690783,8.59837695274321,0.0,
2016-08-29,1.9399007043285994,1.945962888157938,1.9217141528405832,1.9277763366699219,95611937,8.652456035855982,0.0,
2016-08-30,1.9277764723252964,1.9459630250930786,1.9217142880693687,1.9459630250930786,106156065,8.571591435660588,0.0,
2016-08-31,1.9459630250930786,1.9459630250930786,1.9338386565812238,1.9459630250930786,61647959,8.571591435660588,0.0,
2016-09-01,1.9399007043285994,1.945962888157938,1.9277763366699219,1.9277763366699219,115587683,8.652456035855982,0.0,
2016-09-02,1.9277764217837454,1.9399007899777292,1.9277764217837454,1.9338386058807373,122936770,8.625331994757312,0.0,
2016-09-05,1.9338386058807373,1.9459629740747213,1.9277764217837454,1.9338386058807373,101759298,8.625331994757312,0.0,
2016-09-06,1.9399009943008423,1.9520253637718443,1.9338388095653412,1.9399009943008423,112287622,8.59837695274321,0.0,
2016-09-07,1.9399009943008423,1.9459631790363432,1.9338388095653412,1.9399009943008423,95702628,8.59837695274321,0.0,
2016-09-08,1.9399009943008423,1.9459631790363432,1.9338388095653412,1.9399009943008423,81824367,8.59837695274321,0.0,
2016-09-09,1.9338386058807373,1.9399007899777292,1.9277764217837454,1.9338386058807373,68568390,8.625331994757312,0.0,
2016-09-12,1.9277761115212482,1.9277761115212482,1.897465195914625,1.9035273790359497,160720621,8.762679320350866,0.0,
2016-09-13,1.9095898866653442,1.915652070816852,1.8974655183623281,1.9095898866653442,85634337,8.734859833766585,0.0,
2016-09-14,1.9035275049226505,1.909589688444888,1.8792786262998453,1.8853408098220825,93511753,8.847206782509563,0.0,
2016-09-19,1.8853410140632267,1.8974655269550198,1.8853410140632267,1.8914031982421875,69143781,8.818849421160905,0.0,
2016-09-20,1.8914031982421875,1.8974655269550198,1.8853410140632267,1.8914031982421875,71121001,8.818849421160905,0.0,
2016-09-21,1.8914031389302774,1.9035276514418618,1.8914031389302774,1.897465467453003,75293125,8.790673815207727,0.0,
2016-09-22,1.9035273790359495,1.9095895621572743,1.897465195914625,1.9035273790359497,62899824,8.762679320350866,0.0,
2016-09-23,1.9035277025138362,1.9095898866653442,1.9035277025138362,1.9095898866653442,40569999,8.734859833766585,0.0,
2016-09-26,1.9035277111339803,1.909589895312941,1.8853410140632267,1.8914031982421875,84775159,8.818849421160905,0.0,
2016-09-27,1.8914031896769492,1.9095898866653442,1.8853410055254411,1.9095898866653442,86341547,8.734859833766585,0.0,
2016-09-28,1.9035276514418618,1.9095898354307201,1.8974654674530032,1.897465467453003,47569839,8.790673815207727,0.0,
2016-09-29,1.897465195914625,1.9035273790359495,1.897465195914625,1.9035273790359497,45060002,8.762679320350866,0.0,
2016-09-30,1.9035276514418618,1.9035276514418618,1.8974654674530032,1.897465467453003,33962241,8.790673815207727,0.0,
2016-10-10,1.9035277025138362,1.9095898866653442,1.8974655183623281,1.9095898866653442,114761876,8.734859833766585,0.0,
2016-10-11,1.9095895621572743,1.9095895621572743,1.9035273790359495,1.9035273790359497,65399176,8.762679320350866,0.0,
2016-10-12,1.9035273790359495,1.9095895621572743,1.9035273790359495,1.9035273790359497,59452884,8.762679320350866,0.0,
2016-10-13,1.9035273790359495,1.9095895621572743,1.897465195914625,1.9035273790359497,64381473,8.762679320350866,0.0,
2016-10-14,1.9035273790359495,1.9035273790359495,1.897465195914625,1.9035273790359497,39449642,8.762679320350866,0.0,
2016-10-17,1.9035276514418618,1.9035276514418618,1.8914031389302774,1.897465467453003,64333366,8.790673815207727,0.0,
2016-10-18,1.897465195914625,1.9095895621572743,1.8914028682594537,1.9035273790359497,96381049,8.762679320350866,0.0,
2016-10-19,1.9035273790359495,1.9095895621572743,1.9035273790359495,1.9035273790359497,51461301,8.762679320350866,0.0,
2016-10-20,1.9095895621572743,1.9095895621572743,1.9035273790359495,1.9035273790359497,35978872,8.762679320350866,0.0,
2016-10-21,1.9035273790359495,1.9095895621572743,1.897465195914625,1.9035273790359497,61694054,8.762679320350866,0.0,
2016-10-24,1.9035272806168622,1.9338381946563041,1.9035272806168622,1.9217138290405273,158085860,8.679752285660548,0.0,
2016-10-25,1.9217141528405832,1.9338385204992605,1.9156519690112446,1.9277763366699219,122688277,8.652456035855982,0.0,
2016-10-26,1.927776284789969,1.9338384684561634,1.9156519174575806,1.9156519174575806,58386844,8.70721859644387,0.0,
2016-10-27,1.915652070816852,1.9217142549683601,1.9035277025138362,1.9095898866653442,60076542,8.734859833766585,0.0,
2016-10-28,1.9095894634247506,1.9217138290405273,1.9095894634247506,1.9217138290405273,75342845,8.679752285660548,0.0,
2016-10-31,1.9156519174575806,1.9217141011237748,1.9035275501251918,1.9156519174575806,58793007,8.70721859644387,0.0,
2016-11-01,1.915651646232639,1.9217138290405273,1.9095894634247506,1.9217138290405273,58970735,8.679752285660548,0.0,
2016-11-02,1.9156519174575806,1.9217141011237748,1.909589733791386,1.9156519174575806,56221316,8.70721859644387,0.0,
2016-11-03,1.9095898866653442,1.915652070816852,1.9035277025138362,1.9095898866653442,61370320,8.734859833766585,0.0,
2016-11-04,1.9095898866653442,1.915652070816852,1.9035277025138362,1.9095898866653442,78585054,8.734859833766585,0.0,
2016-11-07,1.909589733791386,1.9156519174575806,1.9035275501251918,1.9156519174575806,84575746,8.70721859644387,0.0,
2016-11-08,1.9156519690112446,1.9338385204992605,1.909589785181906,1.9277763366699219,162749332,8.652456035855982,0.0,
2016-11-09,1.9277764391198682,1.9277764391198682,1.9035277025138362,1.9095898866653442,159785367,8.734859833766585,0.0,
2016-11-10,1.915651646232639,1.9217138290405273,1.9095894634247506,1.9217138290405273,66484276,8.679752285660548,0.0,
2016-11-11,1.915651646232639,1.9217138290405273,1.9095894634247506,1.9217138290405273,118755354,8.679752285660548,0.0,
2016-11-14,1.915651646232639,1.9277760118484157,1.9095894634247506,1.9217138290405273,112898670,8.679752285660548,0.0,
2016-11-15,1.9217141011237748,1.927776284789969,1.909589733791386,1.9156519174575806,121691539,8.70721859644387,0.0,
2016-11-16,1.9156519174575806,1.9217141011237748,1.9156519174575806,1.9156519174575806,70128054,8.70721859644387,0.0,
2016-11-17,1.9156519174575806,1.9217141011237748,1.909589733791386,1.9156519174575806,61158518,8.70721859644387,0.0,
2016-11-18,1.915651646232639,1.9217138290405273,1.9095894634247506,1.9217138290405273,61143604,8.679752285660548,0.0,
2016-11-21,1.9156519690112446,1.9277763366699219,1.909589785181906,1.9277763366699219,165474105,8.652456035855982,0.0,
2016-11-22,1.9277764217837454,1.9399007899777292,1.9217142376867535,1.9338386058807373,205152956,8.625331994757312,0.0,
2016-11-23,1.9338386565812238,1.9520252093490063,1.9277764723252964,1.9459630250930786,382595132,8.571591435660588,0.0,
2016-11-24,1.9399007899777292,1.9459629740747213,1.9277764217837454,1.9338386058807373,130423726,8.625331994757312,0.0,
2016-11-25,1.9338387407446072,1.9520252943038938,1.9338387407446072,1.952025294303894,217657407,8.544971240215514,0.0,
2016-11-28,1.9520252943038938,1.976274032382943,1.9399009252643693,1.952025294303894,576308093,8.544971240215514,0.0,
2016-11-29,1.9459630754796304,1.9641496287183149,1.9399008910667357,1.95808744430542,235999225,8.518516396450718,0.0,
2016-11-30,1.9580873936049337,1.9580873936049337,1.9399008408371512,1.9459630250930786,192196689,8.571591435660588,0.0,
2016-12-01,1.9459631097841317,1.9580874788236562,1.9399009252643693,1.952025294303894,188386350,8.544971240215514,0.0,
2016-12-02,1.9520252943038938,1.9580874788236562,1.9338387407446072,1.952025294303894,328466512,8.544971240215514,0.0,
2016-12-05,1.9459629232813842,1.9702116590364138,1.9399007393426266,1.9641494750976562,269141242,8.492225368525316,0.0,
2016-12-06,1.9641497977923232,1.9702119827270508,1.9580876128575955,1.9702119827270508,190380683,8.4660940783197,0.0,
2016-12-07,1.9641494750976562,1.9702116590364138,1.958087291158899,1.9641494750976562,114615593,8.492225368525316,0.0,
2016-12-08,1.9641494750976562,1.9702116590364138,1.9520251072201416,1.9641494750976562,159378394,8.492225368525316,0.0,
2016-12-09,1.9580872239090468,1.9944603262923692,1.9580872239090468,1.976273775100708,406737161,8.440126165794014,0.0,
2016-12-12,1.976273775100708,2.0065846937534766,1.9459628564479394,1.976273775100708,529845531,8.440126165794014,0.0,
2016-12-13,1.964149577860861,1.9702117621167887,1.9338386565812238,1.9459630250930786,317417258,8.571591435660588,0.0,
2016-12-14,1.9459630250930786,1.9580873936049337,1.9399008408371512,1.9459630250930786,262273108,8.571591435660588,0.0,
2016-12-15,1.9399003774641925,1.945962560272081,1.9095894634247506,1.9217138290405273,279745546,8.679752285660548,0.0,
2016-12-16,1.9095898866653442,1.9217142549683601,1.9035277025138362,1.9095898866653442,222400531,8.734859833766585,0.0,
2016-12-19,1.9095895621572743,1.9156517452785988,1.897465195914625,1.9035273790359497,131827552,8.762679320350866,0.0,
2016-12-20,1.9035277111339803,1.909589895312941,1.8792788298842662,1.8914031982421875,186491997,8.818849421160905,0.0,
2016-12-21,1.8914031389302774,1.9035276514418618,1.8914031389302774,1.897465467453003,153741767,8.790673815207727,0.0,
2016-12-22,1.8974654674530032,1.8974654674530032,1.8853409549414188,1.897465467453003,77549700,8.790673815207727,0.0,
2016-12-23,1.8914031982421875,1.8974655269550198,1.8853410140632267,1.8914031982421875,92872276,8.818849421160905,0.0,
2016-12-26,1.8853409549414188,1.8974654674530032,1.8732165869637016,1.897465467453003,150179606,8.790673815207727,0.0,
2016-12-27,1.89140299334432,1.8974653214004134,1.8853408098220825,1.8853408098220825,69413045,8.847206782509563,0.0,
2016-12-28,1.8853412022324312,1.8914033870164368,1.8732168326644196,1.8792790174484253,129494611,8.875744285511752,0.0,
2016-12-29,1.8732165098190305,1.8792786935582302,1.8732165098190305,1.8732165098190308,165922943,8.904469885123657,0.0,
2016-12-30,1.8792790174484253,1.8853412022324312,1.8732168326644196,1.8792790174484253,208957655,8.875744285511752,0.0,
2017-01-03,1.8792788298842662,1.8974655269550198,1.8732166457053054,1.8914031982421875,196745138,8.818849421160905,0.0,
2017-01-04,1.8914031982421875,1.9035277111339803,1.8853410140632267,1.8914031982421875,170690299,8.818849421160905,0.0,
2017-01-05,1.8974654674530032,1.9035276514418618,1.8914031389302774,1.897465467453003,109437941,8.790673815207727,0.0,
2017-01-06,1.8974654674530032,1.8974654674530032,1.8914031389302774,1.897465467453003,102296721,8.790673815207727,0.0,
2017-01-09,1.8974654674530032,1.8974654674530032,1.8914031389302774,1.897465467453003,119532777,8.790673815207727,0.0,
2017-01-10,1.8914031389302774,1.8974654674530032,1.8914031389302774,1.897465467453003,111609416,8.790673815207727,0.0,
2017-01-11,1.8914031982421875,1.8974655269550198,1.8853410140632267,1.8914031982421875,133704108,8.818849421160905,0.0,
2017-01-12,1.8914031982421875,1.8914031982421875,1.8853410140632267,1.8914031982421875,70075474,8.818849421160905,0.0,
2017-01-13,1.8853410140632267,1.8974655269550198,1.8853410140632267,1.8914031982421875,191591852,8.818849421160905,0.0,
2017-01-16,1.8914030382589437,1.9338384684561634,1.8853408545927495,1.9156519174575806,591583755,8.70721859644387,0.0,
2017-01-17,1.9095895621572743,1.9095895621572743,1.9035273790359495,1.9035273790359497,109513815,8.762679320350866,0.0,
2017-01-18,1.9095898866653442,1.915652070816852,1.9035277025138362,1.9095898866653442,129814355,8.734859833766585,0.0,
2017-01-19,1.909589733791386,1.9217141011237748,1.909589733791386,1.9156519174575806,167112903,8.70721859644387,0.0,
2017-01-20,1.909589733791386,1.9217141011237748,1.909589733791386,1.9156519174575806,104237950,8.70721859644387,0.0,
2017-01-23,1.915651646232639,1.9217138290405273,1.915651646232639,1.9217138290405273,119371911,8.679752285660548,0.0,
2017-01-24,1.9156519690112446,1.9338385204992605,1.9156519690112446,1.9277763366699219,144529885,8.652456035855982,0.0,
2017-01-25,1.9277764217837454,1.9338386058807373,1.9277764217837454,1.9338386058807373,84775030,8.625331994757312,0.0,
2017-01-26,1.9338386565812238,1.9459630250930786,1.9338386565812238,1.9459630250930786,98947846,8.571591435660588,0.0,
2017-02-03,1.945962888157938,1.945962888157938,1.9277763366699219,1.9277763366699219,88652597,8.652456035855982,0.0,
2017-02-06,1.9338385204992605,1.9338385204992605,1.9217141528405832,1.9277763366699219,106306087,8.652456035855982,0.0,
2017-02-07,1.9277760118484157,1.9338381946563041,1.9217138290405273,1.9217138290405273,91980936,8.679752285660548,0.0,
2017-02-08,1.9217141528405832,1.9277763366699219,1.9156519690112446,1.9277763366699219,116506103,8.652456035855982,0.0,
2017-02-09,1.9217141528405832,1.9338385204992605,1.9217141528405832,1.9277763366699219,113199983,8.652456035855982,0.0,
2017-02-10,1.9338388095653412,1.9399009943008423,1.92777662482984,1.9399009943008423,149270768,8.59837695274321,0.0,
2017-02-13,1.9399009252643693,1.9580874788236562,1.9338387407446072,1.952025294303894,176128841,8.544971240215514,0.0,
2017-02-14,1.9520252943038938,1.9580874788236562,1.9459631097841317,1.952025294303894,86673124,8.544971240215514,0.0,
2017-02-15,1.9520250578172484,2.000522528099908,1.945962874031916,1.9944603443145752,497143912,8.363164525957181,0.0,
2017-02-16,1.9944603443145754,2.000522528099908,1.9823359767439104,1.9944603443145752,243804235,8.363164525957181,0.0,
2017-02-17,1.9944603262923692,1.9944603262923692,1.9702115913701543,1.976273775100708,214869941,8.440126165794014,0.0,
2017-02-20,1.9702115913701543,2.0065846937534766,1.9641494076396004,1.976273775100708,912210255,8.440126165794014,0.0,
2017-02-21,1.9823361635208132,1.9944605322338433,1.976273979164298,1.982336163520813,350056784,8.414314538042213,0.0,
2017-02-22,1.976273979164298,1.9823361635208132,1.970211794807783,1.982336163520813,221398308,8.414314538042213,0.0,
2017-02-23,1.9823357727330235,1.9944601390559165,1.976273589571577,1.9883979558944702,202438748,8.38866281800043,0.0,
2017-02-24,1.9823361635208132,1.9883983478773282,1.976273979164298,1.982336163520813,125103305,8.414314538042213,0.0,
2017-02-27,1.9762741676617785,1.982336352596506,1.9641497977923232,1.9702119827270508,158222143,8.4660940783197,0.0,
2017-02-28,1.9641497977923232,1.9762741676617785,1.9641497977923232,1.9702119827270508,144799906,8.4660940783197,0.0,
2017-03-01,1.9702115913701543,1.9823359588312617,1.9702115913701543,1.976273775100708,174962270,8.440126165794014,0.0,
2017-03-02,1.976273775100708,1.9823359588312617,1.9702115913701543,1.976273775100708,113370365,8.440126165794014,0.0,
2017-03-03,1.9641494750976562,1.9702116590364138,1.958087291158899,1.9641494750976562,116940438,8.492225368525316,0.0,
2017-03-06,1.9641494750976562,1.9702116590364138,1.958087291158899,1.9641494750976562,135016647,8.492225368525316,0.0,
2017-03-07,1.9641494750976562,1.9702116590364138,1.958087291158899,1.9641494750976562,113073542,8.492225368525316,0.0,
2017-03-08,1.9580876128575955,1.9702119827270508,1.9580876128575955,1.9702119827270508,116928433,8.4660940783197,0.0,
2017-03-09,1.9641496287183149,1.9702118131312096,1.95808744430542,1.95808744430542,171183467,8.518516396450718,0.0,
2017-03-10,1.958087291158899,1.9641494750976562,1.9520251072201416,1.9641494750976562,130213879,8.492225368525316,0.0,
2017-03-13,1.9580872239090468,1.976273775100708,1.952025040178493,1.976273775100708,150292826,8.440126165794014,0.0,
2017-03-14,1.9702115913701543,1.9823359588312617,1.9702115913701543,1.976273775100708,121986936,8.440126165794014,0.0,
2017-03-15,1.976273775100708,1.976273775100708,1.9641494076396004,1.976273775100708,118779168,8.440126165794014,0.0,
2017-03-16,1.976273589571577,1.9944601390559165,1.9702114064101306,1.9883979558944702,257193708,8.38866281800043,0.0,
2017-03-17,1.9823359588312617,1.9883981425618156,1.9641494076396004,1.976273775100708,178306031,8.440126165794014,0.0,
2017-03-20,1.976273775100708,1.976273775100708,1.9641494076396004,1.976273775100708,150539076,8.440126165794014,0.0,
2017-03-21,1.9762741676617785,1.9762741676617785,1.9702119827270508,1.9702119827270508,153049006,8.4660940783197,0.0,
2017-03-22,1.9641494750976562,1.9702116590364138,1.9520251072201416,1.9641494750976562,180504099,8.492225368525316,0.0,
2017-03-23,1.958087291158899,1.9702116590364138,1.958087291158899,1.9641494750976562,167456328,8.492225368525316,0.0,
2017-03-24,1.9641497977923232,1.9702119827270508,1.9580876128575955,1.9702119827270508,149426652,8.4660940783197,0.0,
2017-03-27,1.9641492232486841,1.9944601390559165,1.9641492232486841,1.9883979558944702,300351233,8.38866281800043,0.0,
2017-03-28,1.98839795589447,1.9944601390559165,1.9823357727330235,1.9883979558944702,113115553,8.38866281800043,0.0,
2017-03-29,1.988398160529243,2.000522528099908,1.9823359767439104,1.9944603443145752,284878423,8.363164525957181,0.0,
2017-03-30,1.9944603443145754,2.000522528099908,1.976273792958578,1.9944603443145752,269849549,8.363164525957181,0.0,
2017-03-31,1.9883981117124883,2.036895580804496,1.9823359280759874,2.024771213531494,418130518,8.237967770643907,0.0,
2017-04-05,2.018709114958417,2.036895666634256,2.0126469310664703,2.0308334827423096,252120653,8.21337649873508,0.0,
2017-04-06,2.0308333971679953,2.0308333971679953,2.0126468462584923,2.024771213531494,187654165,8.237967770643907,0.0,
2017-04-07,2.0247711466619602,2.042957696970839,2.012646779789374,2.036895513534546,267581871,8.188932563877978,0.0,
2017-04-10,2.036895580804496,2.036895580804496,2.024771213531494,2.024771213531494,177405735,8.237967770643907,0.0,
2017-04-11,2.018709029894993,2.024771213531494,2.006584662621991,2.024771213531494,145569874,8.237967770643907,0.0,
2017-04-12,2.0187090973675637,2.0187090973675637,2.0005225458502003,2.0126469135284424,221404407,8.287593759184368,0.0,
2017-04-13,2.0126469135284424,2.0187090973675637,2.006584729689321,2.0126469135284424,157260791,8.287593759184368,0.0,
2017-04-14,2.012647067037704,2.012647067037704,1.988398329831712,2.006584882736206,188707104,8.312631149326178,0.0,
2017-04-17,1.9944604294811934,2.006584797569588,1.982336061392799,2.0005226135253906,226674407,8.337821270915766,0.0,
2017-04-18,1.9944605322338433,2.0005227165903583,1.9823361635208132,1.982336163520813,128958406,8.414314538042213,0.0,
2017-04-19,1.9762741676617785,1.982336352596506,1.9580876128575955,1.9702119827270508,274228718,8.4660940783197,0.0,
2017-04-20,1.9702115913701543,1.9823359588312617,1.9641494076396004,1.976273775100708,144801914,8.440126165794014,0.0,
2017-04-21,1.976273792958578,2.000522528099908,1.9702116091732456,1.9944603443145752,327792364,8.363164525957181,0.0,
2017-04-24,1.988398178171958,2.0126469135284424,1.988398178171958,2.0126469135284424,257519002,8.287593759184368,0.0,
2017-04-25,2.0065850515349104,2.018709421157837,2.000522866723447,2.018709421157837,150161559,8.262704788108204,0.0,
2017-04-26,2.0126469310664703,2.036895666634256,2.0065847471745237,2.0308334827423096,279794567,8.21337649873508,0.0,
2017-04-27,2.024771173357443,2.0550822354723963,2.024771173357443,2.0490200519561768,305639947,8.140476704498713,0.0,
2017-04-28,2.0429577239061016,2.0490200519561768,2.0308333568736625,2.0490200519561768,163982182,8.140476704498713,0.0,
2017-05-02,2.042958160403691,2.042958160403691,2.018709421157837,2.018709421157837,146888877,8.262704788108204,0.0,
2017-05-03,2.0187092513392018,2.0187092513392018,2.000522698434708,2.006584882736206,102842676,8.312631149326178,0.0,
2017-05-04,2.006584729689321,2.0126469135284424,2.0005225458502003,2.0126469135284424,85642843,8.287593759184368,0.0,
2017-05-05,2.0065850515349104,2.018709421157837,1.9944606819119834,2.018709421157837,168709183,8.262704788108204,0.0,
2017-05-08,2.0126468642912787,2.0429577827453613,2.0065846806004624,2.0429577827453613,267158553,8.164632740273827,0.0,
2017-05-09,2.036895513534546,2.042957696970839,2.030833330098253,2.036895513534546,111072299,8.188932563877978,0.0,
2017-05-10,2.0308333568736625,2.0550822354723963,2.0308333568736625,2.0490200519561768,174072806,8.140476704498713,0.0,
2017-05-11,2.042957742352362,2.0793309883119564,2.042957742352362,2.067206621170044,213515245,8.068859604638398,0.0,
2017-05-12,2.061144624088813,2.103579912924997,2.0550824399693584,2.097517728805542,286483804,7.9522569802061405,0.0,
2017-05-15,2.097518037242852,2.1157045922755255,2.0793314822101783,2.0853936672210693,150600502,7.998489811387626,0.0,
2017-05-16,2.0853931718829126,2.0853931718829126,2.0550822540281315,2.067206621170044,199943004,8.068859604638398,0.0,
2017-05-17,2.0611444375990877,2.067206621170044,2.0550822540281315,2.067206621170044,187748373,8.068859604638398,0.0,
2017-05-18,2.0550823389167645,2.079331074202224,2.0550823389167645,2.0732688903808594,136762409,8.045266138602932,0.0,
2017-05-19,2.0732689755213616,2.0853933436619885,2.067206791451048,2.079331159591675,101788160,8.021810245596237,0.0,
2017-05-22,2.0793310918490997,2.09751764346754,2.0732689079762863,2.0914554595947266,128055556,7.97530730261508,0.0,
2017-05-23,2.0914556451765685,2.127828751640956,2.0914556451765685,2.1217665672302246,239176843,7.861373752238089,0.0,
2017-05-24,2.1157043828194935,2.127828751640956,2.1035800139980307,2.1217665672302246,161139599,7.861373752238089,0.0,
2017-05-25,2.115704451835658,2.176326297920509,2.0975178980102025,2.109642267227173,548672678,7.906553759905231,0.0,
2017-05-26,2.1157044671363865,2.133891021093367,2.1096422824840597,2.12782883644104,222596426,7.838976384913837,0.0,
2017-05-31,2.12176643114862,2.1642017193021093,2.12176643114862,2.146015167236328,249434623,7.7725452525485945,0.0,
2017-06-01,2.1520776891583178,2.17026424407959,2.1460155041845606,2.17026424407959,193849111,7.685700045744428,0.0,
2017-06-02,2.170263681433738,2.1884502316401053,2.1520771312273714,2.164201498031616,163338277,7.707230595289204,0.0,
2017-06-05,2.15813957000009,2.164201754119545,2.0793311764471776,2.097517728805542,369873795,7.9522569802061405,0.0,
2017-06-06,2.0914551551981884,2.1096417041697046,2.085392972207683,2.103579521179199,147043046,7.929341311827246,0.0,
2017-06-07,2.103580097831733,2.133891021093367,2.097517913179406,2.12782883644104,224811959,7.838976384913837,0.0,
2017-06-08,2.1217666517887133,2.133891021093367,2.103580097831733,2.12782883644104,150493947,7.838976384913837,0.0,
2017-06-09,2.127828751640956,2.1460153048731496,2.1157043828194935,2.1217665672302246,266314346,7.861373752238089,0.0,
2017-06-12,2.1217666364441428,2.127828821052628,2.1035800826186875,2.109642267227173,190704416,7.906553759905231,0.0,
2017-06-13,2.1096418761162257,2.121766243085434,2.0975175091470173,2.11570405960083,135701581,7.883900361351586,0.0,
2017-06-14,2.115704451835658,2.1217666364441428,2.0975178980102025,2.109642267227173,115998982,7.906553759905231,0.0,
2017-06-15,2.103580222253743,2.1096424072646345,2.0793314822101783,2.0853936672210693,171284917,7.998489811387626,0.0,
2017-06-16,2.085393275721913,2.09751764346754,2.0793310918490997,2.0914554595947266,114531244,7.97530730261508,0.0,
2017-06-19,2.0914554595947266,2.0914554595947266,2.0914554595947266,2.0914554595947266,0,7.97530730261508,0.0,
2017-06-20,2.085392972207683,2.103579521179199,2.0793307892171775,2.103579521179199,152705858,7.929341311827246,0.0,
2017-06-21,2.103579521179199,2.11570388716021,2.097517338188694,2.103579521179199,116429111,7.929341311827246,0.0,
2017-06-22,2.1035800139980307,2.1399531204624185,2.1035800139980307,2.1217665672302246,355651605,7.861373752238089,0.0,
2017-06-23,2.1157044671363865,2.133891021093367,2.103580097831733,2.12782883644104,237970010,7.838976384913837,0.0,
2017-06-26,2.127828751640956,2.1581396736946123,2.1157043828194935,2.1217665672302246,335907076,7.861373752238089,0.0,
2017-06-27,2.121766243085434,2.1278284265700385,2.0975175091470173,2.11570405960083,274646178,7.883900361351586,0.0,
2017-06-28,2.1096417041697046,2.127828253141221,2.103579521179199,2.103579521179199,191537305,7.929341311827246,0.0,
2017-06-29,2.1096421984087623,2.127828751640956,2.1035800139980307,2.1217665672302246,121992099,7.861373752238089,0.0,
2017-06-30,2.115704550974207,2.1338911056518555,2.115704550974207,2.1338911056518555,145882974,7.816706277007812,0.0,
2017-07-03,2.127828920759306,2.139953290544405,2.121766735866757,2.1338911056518555,153121656,7.816706277007812,0.0,
2017-07-04,2.1338911056518555,2.139953290544405,2.121766735866757,2.1338911056518555,209252144,7.816706277007812,0.0,
2017-07-05,2.1338911056518555,2.139953290544405,2.121766735866757,2.1338911056518555,162387326,7.816706277007812,0.0,
2017-07-06,2.133890476501741,2.146014842712127,2.127828293396548,2.1399526596069336,175888322,7.794564952228328,0.0,
2017-07-07,2.133890799192474,2.146015167236328,2.133890799192474,2.146015167236328,119731530,7.7725452525485945,0.0,
2017-07-10,2.146014842712127,2.146014842712127,2.133890476501741,2.1399526596069336,134611066,7.794564952228328,0.0,
2017-07-11,2.139953319210803,2.17026424407959,2.1338911342370457,2.17026424407959,278889688,7.685700045744428,0.0,
2017-07-12,2.1642014316025744,2.1945123476828083,2.1581392483865276,2.176325798034668,359688933,7.664293652661234,0.0,
2017-07-13,2.1890529134615755,2.2208705121447974,2.1826893937249308,2.208143472671509,312294837,15.252632094259916,0.17,
2017-07-14,2.2081436925206788,2.2335977740015385,2.201780172150464,2.2208707332611084,209720100,15.165223034185587,0.0,
2017-07-17,2.227234270234486,2.3099601873822624,2.2208707498168336,2.2908694744110107,529429225,14.701841539295565,0.0,
2017-07-18,2.284505862269499,2.2972329025938083,2.246324741296572,2.2717788219451904,319321791,14.825386905914458,0.0,
2017-07-19,2.2654154300689697,2.2908695121590013,2.2654154300689697,2.2654154300689697,300478191,14.867030370219833,0.0,
2017-07-20,2.2781423240046226,2.284505844116211,2.2590517636698575,2.284505844116211,184857777,7.4414342356723795,0.0,
2017-07-21,2.278142433575706,2.3035965152463156,2.2717789131580535,2.2908694744110107,194029631,7.420763247269141,0.0,
2017-07-24,2.2908695839837896,2.3290508600342172,2.284506063261768,2.2972331047058105,235767756,7.400206781443306,0.0,
2017-07-25,2.3035966348537533,2.3672319940526503,2.3035966348537533,2.3481414318084717,344109012,7.239768341767679,0.0,
2017-07-26,2.3481412665260333,2.4181399898275733,2.3417777462258935,2.3799588680267334,309487569,7.142980590288523,0.0,
2017-07-27,2.3799588865550745,2.3863224069047555,2.341777764456989,2.367231845855713,197838004,7.181383618914099,0.0,
2017-07-28,2.354504805156351,2.3799588865550745,2.335414244107308,2.367231845855713,146075224,7.181383618914099,0.0,
2017-07-31,2.3672317356142463,2.386322295774246,2.3545046955075795,2.360868215560913,159243782,7.200740764753364,0.0,
2017-08-01,2.3608683071263132,2.3799588680267334,2.3545047868261735,2.3799588680267334,161328897,7.142980590288523,0.0,
2017-08-02,2.3799589401980183,2.4245035836497966,2.373595419704907,2.411776542663574,269735129,7.048745893027529,0.0,
2017-08-03,2.411776450951132,2.4435940522067625,2.3799588496955018,2.392685890197754,216760280,7.104986103543647,0.0,
2017-08-04,2.392685890197754,2.405412930700006,2.3799588496955018,2.392685890197754,141457412,7.104986103543647,0.0,
2017-08-07,2.386322517439392,2.392686038083832,2.3481413935727535,2.3735954761505127,207749825,7.1621302664304585,0.0,
2017-08-08,2.3735953662053935,2.3799588865550745,2.341777764456989,2.367231845855713,207954629,7.181383618914099,0.0,
2017-08-09,2.3608682702523476,2.367231790453097,2.316323628847102,2.3226871490478516,210667795,7.31910882056108,0.0,
2017-08-10,2.31632399559021,2.329051038006779,2.2908697590387592,2.31632399559021,193745317,7.339215080603749,0.0,
2017-08-11,2.3035964367273145,2.329050669248601,2.2717788357235675,2.3226871490478516,320361924,7.31910882056108,0.0,
2017-08-14,2.3035966254278315,2.309960297868154,2.2908695839837896,2.2972331047058105,191594673,7.400206781443306,0.0,
2017-08-15,2.2908693963258155,2.367231790453097,2.2908693963258155,2.3226871490478516,358819445,7.31910882056108,0.0,
2017-08-16,2.322687646843131,2.3354146899722723,2.303596930431097,2.3099606037139893,184352501,7.359432872000997,0.0,
2017-08-17,2.309960108646353,2.3226871490478516,2.3035964367273145,2.3226871490478516,106143039,7.31910882056108,0.0,
2017-08-18,2.3099604743819255,2.329051038006779,2.303596801455328,2.31632399559021,107758358,7.339215080603749,0.0,
2017-08-21,2.316323628847102,2.329050669248601,2.297232916526565,2.3226871490478516,139332104,7.31910882056108,0.0,
2017-08-22,2.3290508695642935,2.3545049525565314,2.3163238280681746,2.3481414318084717,124643220,7.239768341767679,0.0,
2017-08-23,2.34814137476078,2.3990495395084506,2.3417778541673213,2.386322498321533,172980994,7.123932331844202,0.0,
2017-08-24,2.3863224606911295,2.4245035836497966,2.3799589401980183,2.411776542663574,203189931,7.048745893027529,0.0,
2017-08-25,2.405412996850334,2.50086595496053,2.405412996850334,2.4881389141082764,391557205,6.8324159489674745,0.0,
2017-08-28,2.488138994346431,2.519956597503127,2.4372306775774177,2.4563212394714355,336839110,6.9209188630629415,0.0,
2017-08-29,2.456321287490787,2.488139042987797,2.437230725223562,2.4817755222320557,159194312,6.8499345922755195,0.0,
2017-08-30,2.4817753626274253,2.500865923666923,2.430867048137138,2.4499576091766357,205764709,6.938895569590381,0.0,
2017-08-31,2.4435939214482403,2.4626844811800686,2.3799587223421463,2.3990492820739746,493372589,7.086140383620434,0.0,
2017-09-01,2.399049466482995,2.424503548082025,2.341777782885177,2.3545048236846924,471051991,7.220201814407743,0.0,
2017-09-04,2.34814137476078,2.3990495395084506,2.3417778541673213,2.386322498321533,241436188,7.123932331844202,0.0,
2017-09-05,2.392685926058142,2.4563211295231353,2.3863224057116423,2.4499576091766357,299517950,6.938895569590381,0.0,
2017-09-06,2.437230568483637,2.4690483219344266,2.4245035277906384,2.4499576091766357,157280387,6.938895569590381,0.0,
2017-09-07,2.443594107400475,2.4499576277953343,2.4181400258210366,2.4372305870056152,121672875,6.975129924364778,0.0,
2017-09-08,2.4308667351756745,2.443593774230133,2.4117761765939867,2.418139696121216,131726131,7.030197646260314,0.0,
2017-09-11,2.4308671951293945,2.462684798785872,2.411776632935508,2.4308671951293945,255797303,6.993389039953331,0.0,
2017-09-12,2.437230696619358,2.4499577379814723,2.418140134576187,2.443594217300415,159537877,6.95696522754949,0.0,
2017-09-13,2.4435942365919856,2.449957757323281,2.4308671951293945,2.4308671951293945,162726096,6.993389039953331,0.0,
2017-09-14,2.437230624636019,2.4499576656222413,2.3863224606911295,2.411776542663574,191787932,7.048745893027529,0.0,
2017-09-15,2.39904941044888,2.411776450951132,2.3672318091932496,2.392685890197754,197382934,7.104986103543647,0.0,
2017-09-18,2.3926859460832377,2.4054129868827525,2.341777782885177,2.3545048236846924,211488512,7.220201814407743,0.0,
2017-09-19,2.367231845855713,2.3799588865550745,2.329050723757627,2.367231845855713,326338970,7.181383618914099,0.0,
2017-09-20,2.360868215560913,2.392685815827579,2.3545046955075795,2.360868215560913,189805650,7.200740764753364,0.0,
2017-09-21,2.3672316825209276,2.4054128019845837,2.3545046426997085,2.3990492820739746,181981501,7.086140383620434,0.0,
2017-09-22,2.3926859811842407,2.4245035836497966,2.3926859811842407,2.411776542663574,173774977,7.048745893027529,0.0,
2017-09-25,2.4054129667511406,2.4626846498696344,2.392685926058142,2.4499576091766357,248580730,6.938895569590381,0.0,
2017-09-26,2.437230568483637,2.4690483219344266,2.437230568483637,2.4499576091766357,152669676,6.938895569590381,0.0,
2017-09-27,2.4435942365919856,2.4563212780545767,2.4181401536668035,2.4308671951293945,123295039,6.993389039953331,0.0,
2017-09-28,2.430867175938301,2.4499577379814723,2.41177661389513,2.443594217300415,137598084,6.95696522754949,0.0,
2017-09-29,2.43723071586069,2.449957757323281,2.424503674398099,2.4308671951293945,118830975,6.993389039953331,0.0,
2017-10-09,2.4881389402992045,2.500865981285427,2.3799589401980183,2.411776542663574,570390271,7.048745893027529,0.0,
2017-10-10,2.4054131507873535,2.424503713287455,2.379959067453885,2.4054131507873535,313181771,7.067392973400626,0.0,
2017-10-11,2.4054130932140727,2.456321258662529,2.399049572533016,2.443594217300415,260060775,6.95696522754949,0.0,
2017-10-12,2.4372302547029037,2.4563208132845915,2.4054126570667576,2.418139696121216,287907508,7.030197646260314,0.0,
2017-10-13,2.418139971202258,2.4245034914533843,2.392685890197754,2.392685890197754,241286705,7.104986103543647,0.0,
2017-10-16,2.399049137539528,2.424503215648445,2.392685618012299,2.418139696121216,205655022,7.030197646260314,0.0,
2017-10-17,2.418139971202258,2.4245034914533843,2.392685890197754,2.392685890197754,201405339,7.104986103543647,0.0,
2017-10-18,2.405413112204213,2.43723071586069,2.3926860707416218,2.4308671951293945,283180977,6.993389039953331,0.0,
2017-10-19,2.4245035277906384,2.4499576091766357,2.4181400074441393,2.4499576091766357,213462065,6.938895569590381,0.0,
2017-10-20,2.4372305870056152,2.4499576277953343,2.424503546215896,2.4372305870056152,167208611,6.975129924364778,0.0,
2017-10-23,2.4308672341208224,2.4372307549541894,2.4054131507873535,2.4054131507873535,183068633,7.067392973400626,0.0,
2017-10-24,2.4117761765939867,2.424503215648445,2.4054126570667576,2.418139696121216,151674473,7.030197646260314,0.0,
2017-10-25,2.4181398418058024,2.424503361716412,2.3863222422527555,2.3990492820739746,167610932,7.086140383620434,0.0,
2017-10-26,2.3926859460832377,2.3926859460832377,2.341777782885177,2.3545048236846924,464512645,7.220201814407743,0.0,
2017-10-27,2.34814128480667,2.3863224069047555,2.341777764456989,2.367231845855713,433694548,7.181383618914099,0.0,
2017-10-30,2.3672318274264534,2.3990494289271536,2.3608683071263132,2.3799588680267334,352471989,7.142980590288523,0.0,
2017-10-31,2.3863223883268736,2.4054129492272933,2.3735953477265936,2.3799588680267334,255221592,7.142980590288523,0.0,
2017-11-01,2.379958996794952,2.386322517439392,2.3481413935727535,2.3735954761505127,266254957,7.1621302664304585,0.0,
2017-11-02,2.367231845855713,2.3735953662053935,2.341777764456989,2.367231845855713,253702751,7.181383618914099,0.0,
2017-11-03,2.367231845855713,2.3735953662053935,2.341777764456989,2.367231845855713,281564641,7.181383618914099,0.0,
2017-11-06,2.354504842414429,2.360868362864807,2.3290507606129154,2.341777801513672,211838164,7.259441945777942,0.0,
2017-11-07,2.341777655400913,2.3672317356142463,2.3290506152942467,2.360868215560913,309800326,7.200740764753364,0.0,
2017-11-08,2.3545046955075795,2.3672317356142463,2.341777655400913,2.360868215560913,288301543,7.200740764753364,0.0,
2017-11-09,2.354504842414429,2.354504842414429,2.3354142810632936,2.341777801513672,179893578,7.259441945777942,0.0,
2017-11-10,2.3354146899722723,2.341778211536843,2.2972334088665263,2.3099606037139893,280435397,7.359432872000997,0.0,
2017-11-13,2.3099604743819255,2.3354145592150632,2.284506237830475,2.31632399559021,621472564,7.339215080603749,0.0,
2017-11-14,2.309960297868154,2.309960297868154,2.2908695839837896,2.2972331047058105,179561824,7.400206781443306,0.0,
2017-11-15,2.2972331047058105,2.3035966254278315,2.2781425425397472,2.2972331047058105,262014266,7.400206781443306,0.0,
2017-11-16,2.2972329025938083,2.2972329025938083,2.265415301783036,2.2717788219451904,216688269,7.4831228444342575,0.0,
2017-11-17,2.271778943110383,2.335414299844204,2.2654154226088306,2.3290507793426514,586414026,7.299110929989282,0.0,
2017-11-20,2.316323847235302,2.3481414512388836,2.303596653915566,2.335414409637451,332776931,7.2792220215165475,0.0,
2017-11-21,2.335414299844204,2.3672319023519663,2.3163237383395465,2.3290507793426514,528448604,7.299110929989282,0.0,
2017-11-22,2.341777461794465,2.424503215648445,2.3354139422672353,2.418139696121216,592729933,7.030197646260314,0.0,
2017-11-23,2.4245035836497966,2.469048378819871,2.3863224606911295,2.411776542663574,579685967,7.048745893027529,0.0,
2017-11-24,2.399049137539528,2.4372302547029037,2.392685618012299,2.418139696121216,266517546,7.030197646260314,0.0,
2017-11-27,2.4117761765939867,2.424503215648445,2.3608680203761527,2.418139696121216,442469838,7.030197646260314,0.0,
2017-11-28,2.3990495395084506,2.4054130601019095,2.3735954571346154,2.386322498321533,194356450,7.123932331844202,0.0,
2017-11-29,2.386322498321533,2.4054130601019095,2.3735954571346154,2.386322498321533,170367257,7.123932331844202,0.0,
2017-11-30,2.3863223883268736,2.3990494289271536,2.3799588680267334,2.3799588680267334,200157471,7.142980590288523,0.0,
2017-12-01,2.3863223883268736,2.3926859086270134,2.3545047868261735,2.3799588680267334,274105035,7.142980590288523,0.0,
2017-12-04,2.3735953477265936,2.3863223883268736,2.3608683071263132,2.3799588680267334,139679886,7.142980590288523,0.0,
2017-12-05,2.3799589217285027,2.4435941261657774,2.373595401284775,2.4245035648345947,470299636,7.011744691396146,0.0,
2017-12-06,2.418139696121216,2.4308667351756745,2.392685618012299,2.418139696121216,268523210,7.030197646260314,0.0,
2017-12-07,2.411776671620721,2.411776671620721,2.3735955466205176,2.4054131507873535,194956872,7.067392973400626,0.0,
2017-12-08,2.3926859086270134,2.3990494289271536,2.3672318274264534,2.3799588680267334,219147720,7.142980590288523,0.0,
2017-12-11,2.3735954761505127,2.379958996794952,2.3608684348616333,2.3735954761505127,185331150,7.1621302664304585,0.0,
2017-12-12,2.373595384883965,2.3799589052837224,2.3545048236846924,2.3545048236846924,147030831,7.220201814407743,0.0,
2017-12-13,2.3545046955075795,2.3672317356142463,2.341777655400913,2.360868215560913,151063294,7.200740764753364,0.0,
2017-12-14,2.3672317356142463,2.386322295774246,2.3481411754542463,2.360868215560913,173303719,7.200740764753364,0.0,
2017-12-15,2.3608684928403165,2.3608684928403165,2.3290508888367345,2.335414409637451,201482986,7.2792220215165475,0.0,
2017-12-18,2.3417779304381674,2.3481414512388836,2.3290508888367345,2.335414409637451,163353929,7.2792220215165475,0.0,
2017-12-19,2.33541413534758,2.360868215560913,2.3290506152942467,2.360868215560913,207420630,7.200740764753364,0.0,
2017-12-20,2.3545046955075795,2.3672317356142463,2.341777655400913,2.360868215560913,201968025,7.200740764753364,0.0,
2017-12-21,2.3545048236846924,2.3672318644842076,2.348141303284935,2.3545048236846924,181089656,7.220201814407743,0.0,
2017-12-22,2.3545049720396,2.3608684928403165,2.3290508888367345,2.335414409637451,154276662,7.2792220215165475,0.0,
2017-12-25,2.341777801513672,2.360868362864807,2.3354142810632936,2.341777801513672,203594676,7.259441945777942,0.0,
2017-12-26,2.3417777281887453,2.392685890197754,2.3417777281887453,2.392685890197754,284825589,7.104986103543647,0.0,
2017-12-27,2.392686018914992,2.4181401012888273,2.3672319365411565,2.386322498321533,308549244,7.123932331844202,0.0,
2017-12-28,2.379959067453885,2.418140192454088,2.3735955466205176,2.4054131507873535,303524040,7.067392973400626,0.0,
2017-12-29,2.411776505426177,2.456321148190194,2.411776505426177,2.4372305870056152,316021711,6.975129924364778,0.0,
2018-01-02,2.4435940888301366,2.5072294440134226,2.399049446404641,2.4499576091766357,798519102,6.938895569590381,0.0,0.92866134
2018-01-03,2.437230744314791,2.481775541672211,2.437230744314791,2.469048500061035,307349820,6.885243444824902,0.0,0.93589766
2018-01-04,2.4690485423992485,2.48813910514337,2.449957827936821,2.4626848697662354,315142711,6.903035060922629,0.0,0.93348555
2018-01-05,2.4626848697662354,2.4817755842286626,2.449957827936821,2.4626848697662354,245416444,6.903035060922629,0.0,0.93348555
2018-01-08,2.4690484324524133,2.4754119530837526,2.443594198208757,2.4563212394714355,232632304,6.9209188630629415,0.0,0.93107345
2018-01-09,2.4499576277953343,2.469048340698207,2.4308670666107557,2.4372305870056152,252669509,6.975129924364778,0.0,0.92383712
2018-01-10,2.430867078554841,2.4945024345344033,2.4245035581287144,2.4881389141082764,419277096,6.8324159489674745,0.0,0.94313398
2018-01-11,2.488138840881587,2.545410523031205,2.4817753206427406,2.5390470027923584,400649025,6.695425481018654,0.0,0.96243084
2018-01-12,2.54541059125426,2.570864672891876,2.5390470708448563,2.551774263381958,345296151,6.662031294832989,0.0,0.96725506
2018-01-15,2.5581375637195767,2.6535905190284237,2.551774195198496,2.6217727661132812,551516422,6.484162250720956,0.0,0.99378824
2018-01-16,2.6154095743202195,2.659954067287476,2.577228450304028,2.6408636569976807,842961967,6.4372880269505455,0.0,1.00102456
2018-01-17,2.6408638574570578,2.74904386876616,2.6345001845863467,2.685408353805542,854712838,6.330508347420974,0.0,1.01790931
2018-01-18,2.717225931972855,2.7935881807624114,2.7108625629586935,2.7808611392974854,807656817,6.113214270128793,0.0,1.05409092
2018-01-19,2.812678799287646,2.8508599223875324,2.768134003952815,2.844496250152588,605978854,5.976453651182724,0.0,1.078212
2018-01-22,2.8254056700682546,2.8826775029853073,2.761770468736293,2.7744975090026855,801325467,6.12723563270049,0.0,1.05167881
2018-01-23,2.7808610040757475,2.8763139621395135,2.7554069223836217,2.8508598804473877,1634806191,5.963113135301542,0.0,1.0806241
2018-01-24,2.8890406846692667,2.9781299607757945,2.8508595663378973,2.8826773166656494,1209899069,5.897295511265774,0.0,1.09268464
2018-01-25,2.876314143729471,2.9144952686781433,2.812678935481683,2.8890411853790283,743198079,5.884305175722057,0.0,1.09509675
2018-01-26,2.8763139621395135,2.952676207215891,2.8126787579091994,2.8508598804473877,1872299833,5.963113135301542,0.0,1.0806241
2018-01-29,2.869950771331787,2.933585979506599,2.8381330155260773,2.869950771331787,927279362,5.923446551702081,0.0,1.08786042
2018-01-30,2.869950407327425,2.876313775619517,2.8063149037870856,2.812678575515747,541575208,6.044060685776296,0.0,1.06615146
2018-01-31,2.8063148684878385,2.844495988069839,2.787224460415121,2.838132619857788,501671611,5.989853990985041,0.0,1.07579989
2018-02-01,2.831769342990292,2.8890411820659265,2.8190423013553296,2.869950771331787,723162950,5.923446551702081,0.0,1.08786042
2018-02-02,2.8508600571610394,2.869950771331787,2.8063152597203675,2.869950771331787,489790553,5.923446551702081,0.0,1.08786042
2018-02-05,2.8381327962186713,3.0290387094280864,2.8254057555671492,3.022675037384033,988659824,5.624157340682117,0.0,1.145751
2018-02-06,2.9590401059979885,3.0163116424735565,2.9208589805354053,2.9972212314605713,1094262169,5.671920317912521,0.0,1.13610257
2018-02-07,2.99085709818579,3.067219640786356,2.8063148684878385,2.838132619857788,1121848552,5.989853990985041,0.0,1.07579989
2018-02-08,2.819042078128858,2.838132790787903,2.653590549975663,2.7426798343658447,949595158,6.198317348962715,0.0,1.03961828
2018-02-09,2.6535907213166765,2.691771845663519,2.5454107172823215,2.6472270488739014,1043073097,6.421814104397126,0.0,1.00343667
2018-02-12,2.634499801482898,2.647226841936958,2.5772282711579217,2.60268235206604,568372852,6.531722930577832,0.0,0.98655192
2018-02-13,2.62813661565895,2.7044988636913327,2.6154095743202195,2.6408636569976807,643302114,6.4372880269505455,0.0,1.00102456
2018-02-14,2.640863679867729,2.6663177627656243,2.609045924527059,2.6472270488739014,263621773,6.421814104397126,0.0,1.00343667
2018-02-22,2.7172257531115074,2.749043506397721,2.7044987124843383,2.7426798343658447,538001201,6.198317348962715,0.0,1.03961828
2018-02-23,2.742680248129731,2.768134333224101,2.717226163035361,2.7617709636688232,336781464,6.155470610573973,0.0,1.0468546
2018-02-26,2.7808611552052467,2.812678910767876,2.710862578466032,2.7490437030792236,678188769,6.183968621873191,0.0,1.04203038
2018-02-27,2.7426797272307746,2.749043399014072,2.653590446320615,2.6726808547973633,637944839,6.360654684784242,0.0,1.0130851
2018-02-28,2.634500003824135,2.653590717689765,2.6090459209610306,2.62813663482666,398306847,6.468461256817891,0.0,0.99620034
2018-03-01,2.6090459209610306,2.653590717689765,2.5963188795294783,2.62813663482666,341324990,6.468461256817891,0.0,0.99620034
2018-03-02,2.6026825711303623,2.6345000232252533,2.589955529605085,2.6154096126556396,282575780,6.499937875023143,0.0,0.99137613
2018-03-05,2.6090459791685303,2.6281366934600716,2.5708648540220573,2.5899555683135986,382280471,6.563819166623477,0.0,0.9817277
2018-03-06,2.6090457999530083,2.6090457999530083,2.5454105957466595,2.570864677429199,1074824873,6.612561193613496,0.0,0.97449138
2018-03-07,2.5835916763230236,2.615409429627896,2.570864635688391,2.577228307723999,606135909,6.596233616187863,0.0,0.97690349
2018-03-08,2.570864696192335,2.5835917371264916,2.5454106143240223,2.5581376552581787,514695212,6.645459428290337,0.0,0.96966716
2018-03-09,2.5645013274435526,2.577228368377709,2.539047093856944,2.5581376552581787,380517393,6.645459428290337,0.0,0.96966716
2018-03-12,2.570864654197817,2.5835916949240803,2.5517742448267158,2.5645012855529785,641826057,6.628969186238612,0.0,0.97207927
2018-03-13,2.5963188795294783,2.653590717689765,2.5899555105320036,2.62813663482666,1035192962,6.468461256817891,0.0,0.99620034
2018-03-14,2.621772761028839,2.621772761028839,2.589955311611981,2.60268235206604,398079971,6.531722930577832,0.0,0.98655192
2018-03-15,2.5899555105320036,2.634500003824135,2.5899555105320036,2.62813663482666,385821742,6.468461256817891,0.0,0.99620034
2018-03-16,2.6217730208840213,2.6281366934600716,2.5835918957375483,2.5899555683135986,355618753,6.563819166623477,0.0,0.9817277
2018-03-19,2.583591681113012,2.5963187217712402,2.564501271843962,2.5963187217712402,283758637,6.54773231708717,0.0,0.98413981
2018-03-20,2.5772285297514865,2.6154096549446764,2.5772285297514865,2.60904598236084,309835597,6.515791639907113,0.0,0.98896402
2018-03-21,2.60904598236084,2.6345000658229663,2.602682613213613,2.60904598236084,429239931,6.515791639907113,0.0,0.98896402
2018-03-22,2.615409935901318,2.615409935901318,2.5581380902408832,2.583592176437378,418370567,6.579985864271351,0.0,0.97931559
2018-03-23,2.526319999113394,2.5326835194449324,2.488138877124164,2.5135929584503174,743976979,6.763227094048217,0.0,0.95278241
2018-03-26,2.5008660748919467,2.5135931163545373,2.411776632935508,2.4308671951293945,633863321,6.993389039953331,0.0,0.92142502
2018-03-27,2.4626847793435864,2.475411972424001,2.418140134576187,2.443594217300415,498773221,6.95696522754949,0.0,0.92624923
2018-03-28,2.424503636314739,2.488138994346431,2.424503636314739,2.4563212394714355,486014334,6.9209188630629415,0.0,0.93107345
2018-03-29,2.4499577103253647,2.5390471505727863,2.4308671484976956,2.519956588745117,500473017,6.746147959820858,0.0,0.95519452
2018-03-30,2.5135929958127834,2.532683557091164,2.48177539368215,2.4881389141082764,296604016,6.8324159489674745,0.0,0.94313398
2018-04-02,2.481775493105058,2.5008660551482293,2.437230696619358,2.443594217300415,386442724,6.95696522754949,0.0,0.90371403
2018-04-03,2.424503546215896,2.456321148190194,2.424503546215896,2.4372305870056152,341661925,6.975129924364778,0.0,0.90136061
2018-04-04,2.43723060572205,2.456321167053232,2.4245035648345947,2.4245035648345947,289406163,7.011744691396146,0.0,0.89665377
2018-04-09,2.4308670666107557,2.443594107400475,2.4181400258210366,2.4372305870056152,221068224,6.975129924364778,0.0,0.90136061
2018-04-10,2.4372306876225625,2.5135930872316634,2.424503646307429,2.5072295665740967,462527542,6.780392281042285,0.0,0.92724825
2018-04-11,2.4945023611204338,2.5581375635088976,2.488138840881587,2.5390470027923584,506444601,6.695425481018654,0.0,0.93901536
2018-04-12,2.5326836882779884,2.53904720903373,2.475412001476314,2.4817755222320557,303296288,6.8499345922755195,0.0,0.91783456
2018-04-13,2.500866146972784,2.507229667887491,2.456321348851528,2.4626848697662354,258994406,6.903035060922629,0.0,0.9107743
2018-04-16,2.4499577042561214,2.4499577042561214,2.3799589777280743,2.386322498321533,602186025,7.123932331844202,0.0,0.88253323
2018-04-17,2.386322517439392,2.3990495587282714,2.367231955506073,2.3735954761505127,326388736,7.1621302664304585,0.0,0.87782639
2018-04-18,2.3990492820739746,2.4117763218951933,2.3735952024315368,2.3990492820739746,367428339,7.086140383620434,0.0,0.88724008
2018-04-19,2.3926861091206195,2.424503713287455,2.386322588287252,2.4054131507873535,310849222,7.067392973400626,0.0,0.8895935
2018-04-20,2.3926859086270134,2.3990494289271536,2.3608683071263132,2.3799588680267334,309258138,7.142980590288523,0.0,0.88017981
2018-04-23,2.3735953294443757,2.39904941044888,2.3608682889421235,2.392685890197754,232439519,7.104986103543647,0.0,0.88488666
2018-04-24,2.399049572533016,2.4626847793435864,2.3926860518519586,2.443594217300415,455273272,6.95696522754949,0.0,0.90371403
2018-04-25,2.4308670852783223,2.43723060572205,2.41177652394714,2.4245035648345947,176251591,7.011744691396146,0.0,0.89665377
2018-04-26,2.4245035836497966,2.4308671041429077,2.3863224606911295,2.411776542663574,209466790,7.048745893027529,0.0,0.89194692
2018-04-27,2.41177652394714,2.4245035648345947,2.399049483059685,2.4245035648345947,175445075,7.011744691396146,0.0,0.89665377
2018-05-02,2.4499577188400963,2.4754119530837526,2.4372306775774177,2.4563212394714355,291520797,6.9209188630629415,0.0,0.90842088
2018-05-03,2.4499577379814723,2.469048451742944,2.437230696619358,2.443594217300415,199810002,6.95696522754949,0.0,0.90371403
2018-05-04,2.4372305870056152,2.4499576277953343,2.424503546215896,2.4372305870056152,162354037,6.975129924364778,0.0,0.90136061
2018-05-07,2.443594198208757,2.462684760102775,2.4308671569460785,2.4563212394714355,236547559,6.9209188630629415,0.0,0.90842088
2018-05-08,2.449957766735045,2.5008660844992803,2.4435942459793036,2.4817755222320557,294574631,6.8499345922755195,0.0,0.91783456
2018-05-09,2.4817755222320557,2.488139042987797,2.4626848082465287,2.4817755222320557,168319473,6.8499345922755195,0.0,0.91783456
2018-05-10,2.4881386932411766,2.494502213102426,2.4563209422166463,2.4754116535186768,158532093,6.867544626702929,0.0,0.91548114
2018-05-11,2.48177539368215,2.50086595496053,2.4690483528298963,2.4881389141082764,225616023,6.8324159489674745,0.0,0.92018799
2018-05-14,2.494502525258963,2.51995660788923,2.494502525258963,2.5072295665740967,246056766,6.780392281042285,0.0,0.92724825
2018-05-15,2.513592866279078,2.5199563863772716,2.475411745689916,2.494502305984497,257400675,6.814986684604674,0.0,0.92254141
2018-05-16,2.4817753626274253,2.4817753626274253,2.437230568483637,2.4499576091766357,272397046,6.938895569590381,0.0,0.90606745
2018-05-17,2.4563211295231353,2.4563211295231353,2.437230568483637,2.4499576091766357,159198059,6.938895569590381,0.0,0.90606745
2018-05-18,2.4435942459793036,2.4817755222320557,2.437230725223562,2.4817755222320557,242118150,6.8499345922755195,0.0,0.91783456
2018-05-21,2.4881387858863033,2.5008658260826904,2.4817752657881096,2.494502305984497,272470182,6.814986684604674,0.0,0.92254141
2018-05-22,2.4881386932411766,2.4881386932411766,2.4563209422166463,2.4754116535186768,250203739,6.867544626702929,0.0,0.91548114
2018-05-23,2.4626846685850534,2.469048340698207,2.4308670666107557,2.4372305870056152,269919631,6.975129924364778,0.0,0.90136061
2018-05-24,2.44359414512913,2.44359414512913,2.405413022170463,2.411776542663574,284082938,7.048745893027529,0.0,0.89194692
2018-05-25,2.4306745962554652,2.4373522671569265,2.410641424342848,2.423996925354004,214018724,14.368830106875393,0.1783,0.85429217
2018-05-28,2.4239969328609887,2.4239969328609887,2.40396376088633,2.4106414318084717,165698683,14.448436644462056,0.0,0.84958533
2018-05-29,2.4039637177672146,2.423996889382545,2.3705753637553815,2.4173190593719482,279521501,14.40852413129498,0.0,0.85193875
2018-05-30,2.397285827728978,2.4039634979206603,2.3705751469622482,2.3772528171539307,188621715,14.651365537847507,0.0,0.83781822
2018-05-31,2.3972861766815186,2.4039638478452128,2.3772531631904363,2.3972861766815186,230815831,14.528928727321983,0.0,0.84487848
2018-06-01,2.3839307911172476,2.4239969765809786,2.3839307911172476,2.403963804244995,200551413,14.488570892164054,0.0,0.8472319
2018-06-04,2.410641296105047,2.4573851491368983,2.4039636255588146,2.4440298080444336,261490283,14.25105368410743,0.0,0.86135244
2018-06-05,2.450707197189331,2.457384866968803,2.430674187850915,2.450707197189331,189377865,14.21222414491044,0.0,0.86370586
2018-06-06,2.4507075652646844,2.4507075652646844,2.4173190521444483,2.4306745529174805,183499373,14.32935559316009,0.0,0.85664559
2018-06-07,2.437352137498201,2.4573851491368983,2.4239967964057363,2.4440298080444336,170552477,14.25105368410743,0.0,0.86135244
2018-06-08,2.430674691708228,2.437352362871922,2.3906085055178243,2.3972861766815186,206044530,14.528928727321983,0.0,0.84487848
2018-06-11,2.3906084621598302,2.403963804244995,2.3705754490320827,2.403963804244995,199983283,14.488570892164054,0.0,0.8472319
2018-06-12,2.3972861332024125,2.4106414752875778,2.3906084621598302,2.403963804244995,123617543,14.488570892164054,0.0,0.8472319
2018-06-13,2.4039638478452128,2.4039638478452128,2.3772531631904363,2.3972861766815186,166430791,14.528928727321983,0.0,0.84487848
2018-06-14,2.3906084190420462,2.417319102730614,2.3839307481199046,2.4106414318084717,221058734,14.448436644462056,0.0,0.84958533
2018-06-15,2.4039637534413867,2.4440299380583883,2.3972860825399254,2.423996925354004,240162677,14.368830106875393,0.0,0.85429217
2018-06-19,2.410641424342848,2.4373522671569265,2.3839307407370023,2.423996925354004,622179037,14.368830106875393,0.0,0.85429217
2018-06-20,2.410641562974489,2.417319234259971,2.390608549118042,2.390608549118042,194687167,14.569512023559733,0.0,0.84252506
2018-06-21,2.3906085055178243,2.4106415190089066,2.38393083435413,2.3972861766815186,201454769,14.528928727321983,0.0,0.84487848
2018-06-22,2.3839308778325594,2.390608549118042,2.370575535261595,2.390608549118042,174533790,14.569512023559733,0.0,0.84252506
2018-06-25,2.397285957787269,2.4039636283412307,2.35054226390954,2.357219934463501,201040446,14.775880472912787,0.0,0.83075795
2018-06-26,2.343864898637716,2.343864898637716,2.283765855824324,2.310476541519165,286805371,15.074812219083977,0.0,0.814284
2018-06-27,2.303798762634616,2.3104764337468455,2.263732735961237,2.2904434204101562,293027533,15.20666246964655,0.0,0.80722373
2018-06-28,2.270410103538573,2.290443114197016,2.2570547630996107,2.263732433319092,207258963,15.386093995628336,0.0,0.79781004
2018-06-29,2.2570547877997047,2.303798479847612,2.2570547877997047,2.2971208095550537,203746659,15.16245895954705,0.0,0.80957715
2018-07-02,2.290442848211364,2.290442848211364,2.210310655675005,2.2169883251190186,274961664,15.710502218422896,0.0,0.78228139
2018-07-03,2.2169890845427114,2.2236667562741435,2.1702453824226873,2.2103114128112793,357701551,15.757960529055032,0.0,0.77992512
2018-07-04,2.203632986230992,2.243699002895072,2.1969553167869784,2.2169883251190186,271614699,15.710502218422896,0.0,0.78228139
2018-07-05,2.2169888663319766,2.2503772217028337,2.1969558531094626,2.243699550628662,316403552,15.523468813032915,0.0,0.79170647
2018-07-06,2.2303439230134705,2.277087773758054,2.2169885825745084,2.263732433319092,297744985,15.386093995628336,0.0,0.79877528
2018-07-09,2.2704102587869044,2.3572199775761176,2.2637325881108112,2.3505423069000244,337278461,14.817857095256878,0.0,0.82940678
2018-07-10,2.3438647226955225,2.357220064540424,2.310476368083268,2.3371870517730713,197795245,14.902529933826541,0.0,0.82469424
2018-07-11,2.303798870095455,2.3238318843665855,2.283765855824324,2.310476541519165,199419425,15.074812219083977,0.0,0.81526916
2018-07-12,2.3104762405857717,2.370575275571424,2.30379857003181,2.357219934463501,243266113,14.775880472912787,0.0,0.83176305
2018-07-13,2.3638977354628747,2.3638977354628747,2.3305093808506205,2.3371870517730713,137258482,14.902529933826541,0.0,0.82469424
2018-07-16,2.3305094915236366,2.3371871627632017,2.2770881216071146,2.2837657928466797,198456962,15.25112606077917,0.0,0.80584408
2018-07-17,2.283765119297591,2.2904427885677165,2.263732111487215,2.277087450027466,133322141,15.295855238049766,0.0,0.80348781
2018-07-18,2.283765119297591,2.3238311349183434,2.277087450027466,2.277087450027466,171987786,15.295855238049766,0.0,0.80348781
2018-07-19,2.2837656921256704,2.29044336307073,2.237021836302019,2.2503771781921387,215490867,15.477405448975004,0.0,0.79406274
2018-07-20,2.2436995613290023,2.377253142657592,2.230344219116967,2.3638978004455566,454729804,14.73413951882146,0.0,0.83411932
2018-07-23,2.343864764861753,2.430674647623561,2.3371870938191703,2.403963804244995,478078732,14.488570892164054,0.0,0.84825693
2018-07-24,2.4039637177672146,2.4373522309872784,2.3906083761624815,2.4173190593719482,364771344,7.375939858196655,0.0,0.85296947
2018-07-25,2.4306745529174805,2.437352223699882,2.4106413813620473,2.4306745529174805,208247007,7.335412294747183,0.0,0.85768201
2018-07-26,2.430674691708228,2.444030034035616,2.38393083435413,2.3972861766815186,234360935,7.437576778873126,0.0,0.84590066
2018-07-27,2.3972861766815186,2.4039638478452128,2.370575492026742,2.3972861766815186,149993976,7.437576778873126,0.0,0.84590066
2018-07-30,2.3906084190420462,2.4373522747052725,2.3772530771977625,2.4106414318084717,227224077,7.396371673004835,0.0,0.8506132
2018-07-31,2.397286039797245,2.4306745529174805,2.390608369014844,2.4306745529174805,177942944,7.335412294747183,0.0,0.85768201
2018-08-01,2.430674647623561,2.464063002836473,2.3972861332024125,2.403963804244995,249580600,7.416916997050964,0.0,0.84825693
2018-08-02,2.3972860900751294,2.40396376099758,2.32383170992817,2.3371870517730713,286634240,7.628828846400437,0.0,0.82469424
2018-08-03,2.337186922801617,2.390608287233308,2.330509252247656,2.357219934463501,291308699,7.5639950856168525,0.0,0.83176305
2018-08-06,2.357219806578884,2.430674337895605,2.357219806578884,2.3772528171539307,370226615,7.500254020666697,0.0,0.83883185
2018-08-07,2.3839307407370023,2.423996925354004,2.363897728032618,2.423996925354004,219173618,7.355619891059096,0.0,0.85532574
2018-08-08,2.4239970647536953,2.4239970647536953,2.3839308778325594,2.390608549118042,151853473,7.4583519776075216,0.0,0.84354439
2018-08-09,2.377253069835541,2.4306745962554652,2.370575398934079,2.423996925354004,202161571,7.355619891059096,0.0,0.85532574
2018-08-10,2.4239969328609887,2.4239969328609887,2.3972860899641883,2.4106414318084717,141156083,7.396371673004835,0.0,0.8506132
2018-08-13,2.3906081575372955,2.3906081575372955,2.343864466195519,2.3772528171539307,226469144,7.500254020666697,0.0,0.83883185
2018-08-14,2.370575428009033,2.3772530989923957,2.3438647440755824,2.370575428009033,151039798,7.521380585208721,0.0,0.83647558
2018-08-15,2.363897537608722,2.3705752079722635,2.3305091857910156,2.3305091857910156,185955652,7.650688574286047,0.0,0.82233797
2018-08-16,2.3171539961408634,2.343864679336548,2.303798654543021,2.343864679336548,217783097,7.607094452674181,0.0,0.82705051
2018-08-17,2.3505423936179732,2.3638977354628747,2.3305093808506205,2.3371870517730713,178054486,7.628828846400437,0.0,0.82469424
2018-08-20,2.343864658695301,2.3839306831359863,2.3371869879551865,2.3839306831359863,173729502,7.479244311141292,0.0,0.84118812
2018-08-21,2.38393083435413,2.4173191901726008,2.3772531631904363,2.3972861766815186,174802351,7.437576778873126,0.0,0.84590066
2018-08-22,2.3972860246162147,2.3972860246162147,2.370575341655758,2.3839306831359863,105746244,7.479244311141292,0.0,0.84118812
2018-08-23,2.3839306831359863,2.403963695356329,2.370575341655758,2.3839306831359863,132731997,7.479244311141292,0.0,0.84118812
2018-08-24,2.3772530771977625,2.4306746037831304,2.370575406275621,2.4106414318084717,217332460,7.396371673004835,0.0,0.8506132
2018-08-27,2.4173190521444483,2.4306745529174805,2.397286039797245,2.4306745529174805,222435206,7.335412294747183,0.0,0.85768201
2018-08-28,2.4306745601849116,2.444029901789645,2.4106413885695814,2.4173190593719482,119002748,7.375939858196655,0.0,0.85296947
2018-08-29,2.4239968821350795,2.437352223699882,2.4173190521444483,2.4306745529174805,167476035,7.335412294747183,0.0,0.85768201
2018-08-30,2.4239969765809786,2.4373523186661434,2.403963804244995,2.403963804244995,133069639,7.416916997050964,0.0,0.84825693
2018-08-31,2.4039637534413867,2.4373522671569265,2.3972860825399254,2.423996925354004,209631344,7.355619891059096,0.0,0.85532574
2018-09-03,2.4173190521444483,2.437352223699882,2.4173190521444483,2.4306745529174805,148081451,7.335412294747183,0.0,0.85768201
2018-09-04,2.4306742720515855,2.450707282083963,2.410641102810997,2.437351942062378,177334906,7.315316139741826,0.0,0.86003828
2018-09-05,2.430674647623561,2.4373523186661434,2.3972861332024125,2.403963804244995,170748913,7.416916997050964,0.0,0.84825693
2018-09-06,2.403963695356329,2.4173190368365574,2.377253012395872,2.3839306831359863,153655364,7.479244311141292,0.0,0.84118812
2018-09-07,2.3906085055178243,2.4106415190089066,2.38393083435413,2.3972861766815186,105213549,7.437576778873126,0.0,0.84590066
2018-09-10,2.3906084621598302,2.4106414752875778,2.3839307911172476,2.403963804244995,150185816,7.416916997050964,0.0,0.84825693
2018-09-11,2.3972861766815186,2.4239970205445336,2.3906085055178243,2.3972861766815186,104978364,7.437576778873126,0.0,0.84590066
2018-09-12,2.3906083538761007,2.3972860246162147,2.377253012395872,2.3839306831359863,92921865,7.479244311141292,0.0,0.84118812
2018-09-13,2.3972860825399254,2.423996925354004,2.3906084116384636,2.423996925354004,151202179,7.355619891059096,0.0,0.85532574
2018-09-14,2.423996925354004,2.4306745962554652,2.410641424342848,2.423996925354004,137008350,7.355619891059096,0.0,0.85532574
2018-09-17,2.4173190593719482,2.423996889382545,2.4039637177672146,2.4173190593719482,87544812,7.375939858196655,0.0,0.85296947
2018-09-18,2.4173190521444483,2.437352223699882,2.4106413813620473,2.4306745529174805,152371181,7.335412294747183,0.0,0.85768201
2018-09-19,2.4306742720515855,2.450707282083963,2.423996602040793,2.437351942062378,236821341,7.315316139741826,0.0,0.86003828
2018-09-20,2.4373518576303868,2.470740206527747,2.4373518576303868,2.450707197189331,214560058,7.275450947566842,0.0,0.86475082
2018-09-21,2.4573850296073734,2.6243269443511963,2.4507073593859494,2.6243269443511963,634606314,6.794122980133503,0.0,0.92601382
2018-09-25,2.577583074569702,2.5909385741221995,2.5508723938811375,2.577583074569702,303368552,6.9173328207768865,0.0,0.90951993
2018-09-26,2.577583356326886,2.617649540947607,2.557550343620642,2.5709056854248047,443585943,6.935299144221174,0.0,0.90716366
2018-09-27,2.564227819442749,2.577583160230871,2.537517137866505,2.564227819442749,301259526,6.953360331249649,0.0,0.90480739
2018-09-28,2.5642281569427947,2.6310050288807023,2.5642281569427947,2.597616672515869,346135041,6.863984277838467,0.0,0.91658874
2018-10-08,2.544195023543582,2.5575503654617977,2.504128997788935,2.530839681625366,301125903,7.045092634452904,0.0,0.85549949
2018-10-09,2.5174845142154485,2.5308398570594366,2.490773828527472,2.50412917137146,189849834,7.120239723989508,0.0,0.84647047
2018-10-10,2.504128652060612,2.5308393322092777,2.484095641949112,2.5108063220977783,196747371,7.101304406905841,0.0,0.84872772
2018-10-11,2.4440296120731704,2.4907733021487166,2.4173187728217895,2.437351942062378,319757060,7.315316139741826,0.0,0.82389792
2018-10-12,2.444029704856439,2.510806407499422,2.4306743643278423,2.497451066970825,279280889,7.139279017637019,0.0,0.84421321
2018-10-15,2.497451480616707,2.497451480616707,2.444030109654289,2.470740795135498,200300039,7.216459142579618,0.0,0.83518419
2018-10-16,2.4707403859136323,2.5174840777637204,2.4707403859136323,2.497451066970825,188043159,7.139279017637019,0.0,0.84421321
2018-10-17,2.51080651752292,2.530839529193661,2.4707404941814377,2.517484188079834,256452060,7.082467522308258,0.0,0.85098498
2018-10-18,2.5108066692740194,2.5108066692740194,2.457385301589966,2.457385301589966,198848864,7.255679436376426,0.0,0.83066969
2018-10-19,2.4573853010751807,2.5508726945026896,2.4373522881978573,2.530839681625366,359411714,7.045092634452904,0.0,0.85549949
2018-10-22,2.544195143123895,2.617649686334769,2.530839800577962,2.597616672515869,452242063,6.863984277838467,0.0,0.87807203
2018-10-23,2.5842612033133747,2.5976167052357773,2.537517503813819,2.5441951751708984,229529201,7.008110137934809,0.0,0.860014
2018-10-24,2.537517479911094,2.6243273659436444,2.537517479911094,2.584261178970337,354661593,6.899457432976691,0.0,0.87355752
2018-10-25,2.544194717810405,2.5976162382718937,2.5375170476537456,2.5909385681152344,243831810,6.881676091984823,0.0,0.87581478
2018-10-26,2.590938677905373,2.610971689224243,2.5575501664990354,2.610971689224243,275911214,6.828875270301206,0.0,0.88258654
2018-10-29,2.604293845058811,2.6243268550413297,2.537516985908871,2.550872325897217,273838406,6.989765743657383,0.0,0.86227125
2018-10-30,2.550872478654627,2.5842608306249324,2.544194808260566,2.564227819442749,267306425,6.953360331249649,0.0,0.86678576
2018-10-31,2.570905836381982,2.5909390094727565,2.5508728224994495,2.584261178970337,251974031,6.899457432976691,0.0,0.87355752
2018-11-01,2.584260675868081,2.590938505070465,2.544194655903044,2.550872325897217,258187840,6.989765743657383,0.0,0.86227125
2018-11-02,2.5775835076761595,2.6042943520611117,2.537517479911094,2.584261178970337,516992958,6.899457432976691,0.0,0.87355752
2018-11-05,2.5709053358797354,2.577583005873908,2.530839315914698,2.550872325897217,297731815,6.989765743657383,0.0,0.86227125
2018-11-06,2.544195023543582,2.544195023543582,2.510806668748043,2.530839681625366,218909340,7.045092634452904,0.0,0.85549949
2018-11-07,2.5375171565296597,2.550872497416009,2.5108064747569614,2.5241618156433105,193498226,7.063730973783004,0.0,0.85324223
2018-11-08,2.544195023543582,2.544195023543582,2.517484339707151,2.530839681625366,165084080,7.045092634452904,0.0,0.85549949
2018-11-09,2.510806312181094,2.510806312181094,2.423996602040793,2.437351942062378,512566416,7.315316139741826,0.0,0.82389792
2018-11-12,2.4306745529174805,2.437352223699882,2.4106413813620473,2.4306745529174805,310294892,7.335412294747183,0.0,0.82164067
2018-11-13,2.410641102810997,2.4440296120731704,2.4039634328002046,2.437351942062378,256412783,7.315316139741826,0.0,0.82389792
2018-11-14,2.430674691708228,2.430674691708228,2.3906085055178243,2.3972861766815186,319015822,7.437576778873126,0.0,0.81035439
2018-11-15,2.3972860899641883,2.4106414318084717,2.3906084190420462,2.4106414318084717,220732798,7.396371673004835,0.0,0.8148689
2018-11-16,2.4106414752875778,2.4239969765809786,2.3906084621598302,2.403963804244995,289304412,7.416916997050964,0.0,0.81261165
2018-11-19,2.410641102810997,2.4440296120731704,2.4039634328002046,2.437351942062378,272481558,7.315316139741826,0.0,0.82389792
2018-11-20,2.430674647623561,2.430674647623561,2.3972861332024125,2.403963804244995,245105155,7.416916997050964,0.0,0.81261165
2018-11-21,2.3906083761624815,2.4173190593719482,2.3906083761624815,2.4173190593719482,162048935,7.375939858196655,0.0,0.81712616
2018-11-22,2.41731914633016,2.41731914633016,2.3972861332024125,2.403963804244995,104892646,7.416916997050964,0.0,0.81261165
2018-11-23,2.3972860246162147,2.403963695356329,2.377253012395872,2.3839306831359863,185915135,7.479244311141292,0.0,0.80583989
2018-11-26,2.3906085055178243,2.4039638478452128,2.38393083435413,2.3972861766815186,164640904,7.437576778873126,0.0,0.81035439
2018-11-27,2.403963695356329,2.403963695356329,2.377253012395872,2.3839306831359863,115391951,7.479244311141292,0.0,0.80583989
2018-11-28,2.3839308778325594,2.397286220403524,2.3772532065470773,2.390608549118042,145702869,7.4583519776075216,0.0,0.80809714
2018-11-29,2.3972861119424835,2.4039637829258464,2.370575428009033,2.370575428009033,160272721,7.521380585208721,0.0,0.80132538
2018-11-30,2.377253012395872,2.3839306831359863,2.3638976709156436,2.3839306831359863,164599831,7.479244311141292,0.0,0.80583989
2018-12-03,2.4173190593719482,2.423996889382545,2.4039637177672146,2.4173190593719482,304720205,7.375939858196655,0.0,0.81712616
2018-12-04,2.4106414318084717,2.417319102730614,2.40396376088633,2.4106414318084717,142843262,7.396371673004835,0.0,0.8148689
2018-12-05,2.3972861332024125,2.41731914633016,2.3906084621598302,2.403963804244995,159251823,7.416916997050964,0.0,0.81261165
2018-12-06,2.3972860246162147,2.403963695356329,2.377253012395872,2.3839306831359863,233534573,7.479244311141292,0.0,0.80583989
2018-12-07,2.390608549118042,2.397286220403524,2.3839308778325594,2.390608549118042,119030593,7.4583519776075216,0.0,0.80809714
2018-12-10,2.3772528171539307,2.383930487345613,2.3705751469622482,2.3772528171539307,122183090,7.500254020666697,0.0,0.80358263
2018-12-11,2.3772528171539307,2.383930487345613,2.3705751469622482,2.3772528171539307,108471143,7.500254020666697,0.0,0.80358263
2018-12-12,2.3839306831359863,2.3906083538761007,2.377253012395872,2.3839306831359863,108516834,7.479244311141292,0.0,0.80583989
2018-12-13,2.38393083435413,2.4106415190089066,2.3772531631904363,2.3972861766815186,167477390,7.437576778873126,0.0,0.81035439
2018-12-14,2.3906083538761007,2.3972860246162147,2.3839306831359863,2.3839306831359863,163037865,7.479244311141292,0.0,0.80583989
2018-12-17,2.3772532065470773,2.390608549118042,2.370575535261595,2.390608549118042,201917455,7.4583519776075216,0.0,0.80809714
2018-12-18,2.3772530989923957,2.3839307699757586,2.357220086042308,2.370575428009033,178317755,7.521380585208721,0.0,0.80132538
2018-12-19,2.370575275571424,2.370575275571424,2.357219934463501,2.357219934463501,161101002,7.5639950856168525,0.0,0.79681087
2018-12-20,2.35722002093439,2.363897691733311,2.303798654543021,2.343864679336548,288997870,7.607094452674181,0.0,0.79229636
2018-12-21,2.3371870085376267,2.350542350135469,2.3104763253419422,2.343864679336548,281734035,7.607094452674181,0.0,0.79229636
2018-12-24,2.330509252247656,2.370575275571424,2.317153911139733,2.357219934463501,220042303,7.5639950856168525,0.0,0.79681087
2018-12-25,2.3505421363872014,2.3906081575372955,2.343864466195519,2.3772528171539307,319300873,7.500254020666697,0.0,0.80358263
2018-12-26,2.370575492026742,2.4039638478452128,2.370575492026742,2.3972861766815186,216006167,7.437576778873126,0.0,0.81035439
2018-12-27,2.4106414752875778,2.41731914633016,2.3972861332024125,2.403963804244995,268651346,7.416916997050964,0.0,0.81261165
2018-12-28,2.4106414752875778,2.444029989708726,2.403963804244995,2.403963804244995,205642311,7.416916997050964,0.0,0.81261165
2019-01-02,2.410641342984864,2.4173190136609572,2.343864636223931,2.3505423069000244,198899698,7.585483548906981,0.0,0.77461277
2019-01-03,2.343864787127504,2.3705754715515743,2.3371871160214863,2.3638978004455566,147048862,7.54262726444406,0.0,0.77901398
2019-01-04,2.357220149699354,2.4039638478452128,2.35054247853566,2.3972861766815186,204976550,7.437576778873126,0.0,0.790017
2019-01-07,2.3572200001755292,2.403963695356329,2.370575341655758,2.3839306831359863,226877469,7.479244311141292,0.0,0.78561579
2019-01-08,2.3839306166793466,2.3839306166793466,2.35054226390954,2.357219934463501,195106588,7.5639950856168525,0.0,0.77681338
2019-01-09,2.3638977570256703,2.390608440959121,2.357220086042308,2.370575428009033,289708174,7.521380585208721,0.0,0.78121459
2019-01-10,2.3705753625322323,2.3772530333311535,2.3371870085376267,2.343864679336548,273770773,7.607094452674181,0.0,0.77241217
2019-01-11,2.3438645933555784,2.357219934463501,2.337186922801617,2.357219934463501,206216594,7.5639950856168525,0.0,0.77681338
2019-01-14,2.357220064540424,2.3638977354628747,2.3305093808506205,2.3371870517730713,165913296,7.628828846400437,0.0,0.77021156
2019-01-15,2.337186922801617,2.357219934463501,2.330509252247656,2.357219934463501,173063112,7.5639950856168525,0.0,0.77681338
2019-01-16,2.3505423069000244,2.3572199775761176,2.3371869655478377,2.3505423069000244,148983626,7.585483548906981,0.0,0.77461277
2019-01-17,2.357219934463501,2.370575275571424,2.35054226390954,2.357219934463501,249369770,7.5639950856168525,0.0,0.77681338
2019-01-18,2.3638978639761126,2.4039638916890063,2.3572201926906304,2.390608549118042,353170342,7.4583519776075216,0.0,0.7878164
2019-01-21,2.390608549118042,2.4239970647536953,2.390608549118042,2.390608549118042,291304550,7.4583519776075216,0.0,0.7878164
2019-01-22,2.3972860246162147,2.3972860246162147,2.377253012395872,2.3839306831359863,136111972,7.479244311141292,0.0,0.78561579
2019-01-23,2.38393083435413,2.4039638478452128,2.3772531631904363,2.3972861766815186,165453400,7.437576778873126,0.0,0.790017
2019-01-24,2.40396376088633,2.417319102730614,2.3972860899641883,2.4106414318084717,155817732,7.396371673004835,0.0,0.79441821
2019-01-25,2.423996518071443,2.457384866968803,2.417318689083765,2.450707197189331,276101150,7.275450947566842,0.0,0.80762184
2019-01-28,2.4640629725504724,2.4840959854319924,2.437352288708446,2.457385301589966,220707245,7.255679436376426,0.0,0.80982244
2019-01-29,2.4507073503413044,2.477418031128422,2.4373520099477455,2.4640626907348633,165201103,7.236017195115485,0.0,0.81202305
2019-01-30,2.4640629725504724,2.4707406435109793,2.4507076306294593,2.457385301589966,159900539,7.255679436376426,0.0,0.80982244
2019-01-31,2.4707407079928876,2.497451392532015,2.4640630368581053,2.484096050262451,251356505,7.177661265600505,0.0,0.81862486
2019-02-01,2.4907737213972334,2.497451392532015,2.4707407079928876,2.484096050262451,176772422,7.177661265600505,0.0,0.81862486
2019-02-11,2.470740795135498,2.4774184665058003,2.4573854523948935,2.470740795135498,203141064,7.216459142579618,0.0,0.81422365
2019-02-12,2.4774183791276694,2.4907737213972334,2.4640630368581053,2.484096050262451,186859970,7.177661265600505,0.0,0.81862486
2019-02-13,2.484095641949112,2.517483992134945,2.470740301874779,2.5108063220977783,246742300,7.101304406905841,0.0,0.82742728
2019-02-14,2.510806778960098,2.510806778960098,2.4774184226989746,2.4774184226989746,220081343,7.197007916238653,0.0,0.81642426
2019-02-15,2.477417962127132,2.484095632137924,2.437351942062378,2.437351942062378,266914752,7.315316139741826,0.0,0.80322063
2019-02-18,2.450707781024591,2.4774184665058003,2.444030109654289,2.470740795135498,349713973,7.216459142579618,0.0,0.81422365
2019-02-19,2.477418031128422,2.490773371521981,2.4507073503413044,2.4640626907348633,302487986,7.236017195115485,0.0,0.81202305
2019-02-20,2.470740795135498,2.4774184665058003,2.4573854523948935,2.470740795135498,201068400,7.216459142579618,0.0,0.81422365
2019-02-21,2.4707406435109793,2.4840959854319924,2.457385301589966,2.457385301589966,216428418,7.255679436376426,0.0,0.80982244
2019-02-22,2.4507076306294593,2.4640629725504724,2.4239969467874327,2.457385301589966,353510569,7.255679436376426,0.0,0.80982244
2019-02-25,2.470740346087153,2.604293908428553,2.4640626759304936,2.5909385681152344,950189816,6.881676091984823,0.0,0.85383453
2019-02-26,2.570905707380013,2.5842610492982288,2.5241620106662586,2.530839681625366,735600412,7.045092634452904,0.0,0.83402909
2019-02-27,2.530839315914698,2.5976161750646383,2.524161645920525,2.550872325897217,604074661,6.989765743657383,0.0,0.84063091
2019-02-28,2.5508726508786603,2.5575503217235696,2.530839638343934,2.5375173091888428,347213872,7.026553054607394,0.0,0.8362297
2019-03-01,2.550872672718561,2.5709056854248047,2.517484318208154,2.5709056854248047,524432633,6.935299144221174,0.0,0.84723272
2019-03-04,2.584261178970337,2.6310050372378218,2.557550493793627,2.584261178970337,914699980,6.899457432976691,0.0,0.85163393
2019-03-05,2.57090548983681,2.577583160230871,2.550872478654627,2.564227819442749,460860398,6.953360331249649,0.0,0.84503211
2019-03-06,2.5642280145227234,2.577583356326886,2.550872672718561,2.5709056854248047,540351574,6.935299144221174,0.0,0.84723272
2019-03-07,2.5642279925684783,2.570905663413387,2.530839638343934,2.5375173091888428,530042371,7.026553054607394,0.0,0.8362297
2019-03-08,2.5174840523090993,2.5174840523090993,2.4640626907348633,2.4640626907348633,556763570,7.236017195115485,0.0,0.81202305
2019-03-11,2.464063080194525,2.4840960939511993,2.4573854089423004,2.4774184226989746,430845277,7.197007916238653,0.0,0.81642426
2019-03-12,2.484095726442229,2.5241617480280185,2.4774180561779304,2.497451066970825,451901902,7.139279017637019,0.0,0.82302607
2019-03-13,2.4974514364556484,2.4974514364556484,2.464063080194525,2.4774184226989746,367129728,7.197007916238653,0.0,0.81642426
2019-03-14,2.470740795135498,2.490773809246405,2.4640631237651958,2.470740795135498,297425598,7.216459142579618,0.0,0.81422365
2019-03-15,2.47074075144675,2.4974514364556484,2.47074075144675,2.4774184226989746,274260627,7.197007916238653,0.0,0.81642426
2019-03-18,2.484096157105478,2.5108068427934542,2.4707408142614895,2.50412917137146,374789081,7.120239723989508,0.0,0.82522667
2019-03-19,2.510806407499422,2.5174840777637204,2.490773396706527,2.497451066970825,240269726,7.139279017637019,0.0,0.82302607
2019-03-20,2.4907734394073486,2.504128780164904,2.4774180986497933,2.4907734394073486,239019783,7.158419034788826,0.0,0.82082547
2019-03-21,2.490773765203424,2.4974514364556484,2.4774184226989746,2.4774184226989746,251745348,7.197007916238653,0.0,0.81642426
2019-03-22,2.484096050262451,2.4907737213972334,2.4640630368581053,2.484096050262451,228546009,7.177661265600505,0.0,0.81862486
2019-03-25,2.464062819683131,2.4707404902293635,2.4440298080444336,2.4440298080444336,339843323,7.295328371738026,0.0,0.80542123
2019-03-26,2.457384866968803,2.457384866968803,2.4373518576303868,2.450707197189331,246438583,7.275450947566842,0.0,0.80762184
2019-03-27,2.4507073503413044,2.477418031128422,2.4507073503413044,2.4640626907348633,262892504,7.236017195115485,0.0,0.81202305
2019-03-28,2.457384866968803,2.4640625367482754,2.444029527409859,2.450707197189331,206865101,7.275450947566842,0.0,0.80762184
2019-03-29,2.450707417134683,2.4974511097861263,2.4440297467559056,2.4907734394073486,390197104,7.158419034788826,0.0,0.82082547
2019-04-01,2.490773505852179,2.5241618586367474,2.4840958352952653,2.517484188079834,587266643,7.082467522308258,0.0,0.79844264
2019-04-02,2.5241621856374423,2.5308398570594366,2.490773828527472,2.50412917137146,495862088,7.120239723989508,0.0,0.79420687
2019-04-03,2.484095726442229,2.5041287372351237,2.4707403859136323,2.497451066970825,446371399,7.139279017637019,0.0,0.79208898
2019-04-04,2.504128997788935,2.530839681625366,2.4974513268298275,2.530839681625366,675944536,7.045092634452904,0.0,0.80267841
2019-04-08,2.5375173525844743,2.570905707380013,2.517484339707151,2.530839681625366,627843137,7.045092634452904,0.0,0.80267841
2019-04-09,2.5241618156433105,2.5375171565296597,2.5108064747569614,2.5241618156433105,270014712,7.063730973783004,0.0,0.80056052
2019-04-10,2.517484188079834,2.530839529193661,2.5041288469660063,2.517484188079834,255750265,7.082467522308258,0.0,0.79844264
2019-04-11,2.517484120922459,2.530839461680014,2.4907734394073486,2.4907734394073486,277319532,7.158419034788826,0.0,0.7899711
2019-04-12,2.490773396706527,2.5041287372351237,2.484095726442229,2.497451066970825,222190608,7.139279017637019,0.0,0.79208898
2019-04-15,2.517484145200136,2.5575501678591834,2.517484145200136,2.5241618156433105,550800450,7.063730973783004,0.0,0.80056052
2019-04-16,2.510806786759062,2.597616672515869,2.510806786759062,2.597616672515869,757167479,6.863984277838467,0.0,0.82385726
2019-04-17,2.5842607387503604,2.6176492487418717,2.570905398437042,2.5909385681152344,502880017,6.881676091984823,0.0,0.82173937
2019-04-18,2.5842608306249324,2.5842608306249324,2.557550149048688,2.564227819442749,245128346,6.953360331249649,0.0,0.81326783
2019-04-19,2.5642280145227234,2.5842610272289672,2.557550343620642,2.5709056854248047,250975387,6.935299144221174,0.0,0.81538572
2019-04-22,2.570905508745532,2.5775831791887067,2.517484145200136,2.5241618156433105,328456286,7.063730973783004,0.0,0.80056052
2019-04-23,2.5241618586367474,2.537517199750575,2.51080651752292,2.517484188079834,301897122,7.082467522308258,0.0,0.79844264
2019-04-24,2.5241618586367474,2.530839529193661,2.4974511764090925,2.517484188079834,329860442,7.082467522308258,0.0,0.79844264
2019-04-25,2.5174840777637204,2.5174840777637204,2.490773396706527,2.497451066970825,306619171,7.139279017637019,0.0,0.79208898
2019-04-26,2.4907737213972334,2.497451392532015,2.4774183791276694,2.484096050262451,262923716,7.177661265600505,0.0,0.78785321
2019-05-06,2.477417962127132,2.484095632137924,2.4173187728217895,2.437351942062378,610123206,7.315316139741826,0.0,0.77302802
2019-05-07,2.450707478590666,2.4573851491368983,2.430674466951969,2.4440298080444336,275761947,7.295328371738026,0.0,0.7751459
2019-05-08,2.4306746037831304,2.4306746037831304,2.4106414318084717,2.4106414318084717,245611404,7.396371673004835,0.0,0.76455648
2019-05-09,2.4039638478452128,2.4173191901726008,2.3906085055178243,2.3972861766815186,239386564,7.437576778873126,0.0,0.76032071
2019-05-10,2.410641102810997,2.450707282083963,2.39060809277862,2.437351942062378,313570503,7.315316139741826,0.0,0.77302802
2019-05-13,2.4239969765809786,2.4239969765809786,2.3972861332024125,2.403963804244995,189496607,7.416916997050964,0.0,0.76243859
2019-05-14,2.390608549118042,2.410641562974489,2.390608549118042,2.390608549118042,227471068,7.4583519776075216,0.0,0.75820282
2019-05-15,2.40396376088633,2.4239969328609887,2.3906084190420462,2.4106414318084717,255584178,7.396371673004835,0.0,0.76455648
2019-05-16,2.4039637177672146,2.4306745601849116,2.3972860469648483,2.4173190593719482,246612382,7.375939858196655,0.0,0.76667436
2019-05-17,2.417319102730614,2.4306746037831304,2.40396376088633,2.4106414318084717,289635862,7.396371673004835,0.0,0.76455648
2019-05-20,2.4039634328002046,2.4440296120731704,2.4039634328002046,2.437351942062378,312331077,7.315316139741826,0.0,0.77302802
2019-05-21,2.4373518576303868,2.4640625367482754,2.430674187850915,2.450707197189331,227540672,7.275450947566842,0.0,0.77726379
2019-05-22,2.450707197189331,2.4640625367482754,2.444029527409859,2.450707197189331,165985902,7.275450947566842,0.0,0.77726379
2019-05-23,2.4507076306294593,2.4640629725504724,2.437352288708446,2.457385301589966,240320900,7.255679436376426,0.0,0.77938167
2019-05-24,2.457385020538084,2.477418031128422,2.4507073503413044,2.4640626907348633,209079771,7.236017195115485,0.0,0.78149956
2019-05-27,2.4573854523948935,2.4774184665058003,2.444030109654289,2.470740795135498,230033685,7.216459142579618,0.0,0.78361744
2019-05-28,2.4707407079928876,2.4907737213972334,2.4640630368581053,2.484096050262451,321528176,7.177661265600505,0.0,0.78785321
2019-05-29,2.477418314471486,2.4840959854319924,2.4507076306294593,2.457385301589966,228557639,7.255679436376426,0.0,0.77938167
2019-05-30,2.464063080194525,2.4840960939511993,2.4507077376900757,2.4774184226989746,204351116,7.197007916238653,0.0,0.78573533
2019-05-31,2.477418314471486,2.477418314471486,2.4507076306294593,2.457385301589966,207123887,7.255679436376426,0.0,0.77938167
2019-06-03,2.464062757892238,2.4907734394073486,2.4573850875134604,2.4907734394073486,246018844,7.158419034788826,0.0,0.7899711
2019-06-04,2.490773828527472,2.50412917137146,2.484096157105478,2.50412917137146,212909361,7.120239723989508,0.0,0.79420687
2019-06-05,2.51080651752292,2.537517199750575,2.5041288469660063,2.517484188079834,255237134,7.082467522308258,0.0,0.79844264
2019-06-06,2.5241618586367474,2.5241618586367474,2.5041288469660063,2.517484188079834,143683130,7.082467522308258,0.0,0.79844264
2019-06-10,2.510806668748043,2.5375173525844743,2.510806668748043,2.530839681625366,227794172,7.045092634452904,0.0,0.80267841
2019-06-11,2.537517503813819,2.550872846527978,2.53083983245674,2.5441951751708984,271599122,7.008110137934809,0.0,0.80691418
2019-06-12,2.537517503813819,2.557550517885057,2.53083983245674,2.5441951751708984,220016021,0.0,0.0,0.80691418
2019-06-13,2.550872497416009,2.550872497416009,2.5241618156433105,2.5241618156433105,199022585,0.0,0.0,0.80056052
2019-06-14,2.5308393322092777,2.537517002246444,2.504128652060612,2.5108063220977783,219216215,0.0,0.0,0.79632475
2019-06-17,2.510806625809207,2.5441949800337516,2.5041289549642984,2.5375173091888428,240431940,0.0,0.0,0.80479629
2019-06-18,2.537516985908871,2.5575499958913896,2.530839315914698,2.550872325897217,320183506,0.0,0.0,0.80903206
2019-06-19,2.5885820699252444,2.5885820699252444,2.546605103959287,2.5536012649536133,482920206,6.809990360932834,0.1739,0.77302802
2019-06-20,2.5536010154836517,2.581585656727042,2.5396086948619563,2.5675933361053467,557328071,6.772879394670037,0.0,0.77726379
2019-06-21,2.560597671919796,2.5675938335861757,2.5396091869206563,2.546605348587036,418751318,6.828698451312334,0.0,0.77091013
2019-06-24,2.5466053348997937,2.5605976581573486,2.539609173271016,2.5605976581573486,211389155,6.7913832321920315,0.0,0.7751459
2019-06-25,2.553601510253416,2.560597671919796,2.532612858452625,2.546605348587036,316850550,6.828698451312334,0.0,0.77091013
2019-06-26,2.546605290412914,2.546605290412914,2.5186204775850225,2.5326128005981445,241612737,6.866426638881745,0.0,0.76667436
2019-06-27,2.5326128005981445,2.546605290412914,2.5256166390915835,2.5326128005981445,293532986,6.866426638881745,0.0,0.76667436
2019-06-28,2.532612814115636,2.532612814115636,2.504628167940028,2.518620491027832,283583756,6.9045733813208425,0.0,0.76243859
2019-07-01,2.5326128005981445,2.539609128906353,2.5256166390915835,2.5326128005981445,343989287,6.866426638881745,0.0,0.76655561
2019-07-02,2.532612858452625,2.546605348587036,2.525616696786245,2.546605348587036,297112690,6.828698451312334,0.0,0.77079072
2019-07-03,2.5466053348997937,2.5605976581573486,2.532612844840588,2.5605976581573486,292418636,6.7913832321920315,0.0,0.77502584
2019-07-04,2.5605976581573486,2.567593819786126,2.5466053348997937,2.5605976581573486,225548232,6.7913832321920315,0.0,0.77502584
2019-07-05,2.560597425947939,2.560597425947939,2.546605103959287,2.5536012649536133,159652038,6.809990360932834,0.0,0.77290828
2019-07-08,2.5466053040050887,2.5466053040050887,2.5116243294839298,2.518620491027832,315446519,6.9045733813208425,0.0,0.7623205
2019-07-09,2.5186202648703153,2.5186202648703153,2.5046279430389404,2.5046279430389404,185049896,6.943147004460946,0.0,0.75808538
2019-07-10,2.511624336242676,2.5186204978054043,2.4976320131172183,2.511624336242676,122350036,6.9238061397410195,0.0,0.76020294
2019-07-11,2.511624336242676,2.5186204978054043,2.504628174679947,2.511624336242676,128905193,6.9238061397410195,0.0,0.76020294
2019-07-12,2.518620491027832,2.5256166525717343,2.504628167940028,2.518620491027832,165900185,6.9045733813208425,0.0,0.7623205
2019-07-15,2.5186204978054043,2.5186204978054043,2.4906358515544897,2.511624336242676,279921905,6.9238061397410195,0.0,0.76020294
2019-07-16,2.5046279430389404,2.511624103954628,2.4976317821232534,2.5046279430389404,127118988,6.943147004460946,0.0,0.75808538
2019-07-17,2.5046279491866437,2.5046279491866437,2.4906356273209243,2.497631788253784,125189039,6.962595560235961,0.0,0.75596783
2019-07-18,2.490635639650966,2.4976318006184606,2.4836394786834717,2.4836394786834717,183895031,7.001821379171383,0.0,0.75173271
2019-07-19,2.4906356273209243,2.5046279491866437,2.4836394663880648,2.497631788253784,164821689,6.962595560235961,0.0,0.75596783
2019-07-22,2.497631788253784,2.5116241101195036,2.4836394663880648,2.497631788253784,217378877,6.962595560235961,0.0,0.75596783
2019-07-23,2.4976320131172183,2.5186204978054043,2.4976320131172183,2.511624336242676,210022699,6.9238061397410195,0.0,0.76020294
2019-07-24,2.5186204978054043,2.525616659368133,2.4976320131172183,2.511624336242676,277058569,6.9238061397410195,0.0,0.76020294
2019-07-25,2.504628174679947,2.5186204978054043,2.4976320131172183,2.511624336242676,215801553,6.9238061397410195,0.0,0.76020294
2019-07-26,2.511624336242676,2.5186204978054043,2.4976320131172183,2.511624336242676,202154415,6.9238061397410195,0.0,0.76020294
2019-07-29,2.5116243294839298,2.5256166525717343,2.504628167940028,2.518620491027832,200120401,6.9045733813208425,0.0,0.7623205
2019-07-30,2.518620246529668,2.5326125682591503,2.511624085664927,2.525616407394409,229704558,6.885447825365,0.0,0.76443805
2019-07-31,2.5256166525717343,2.5256166525717343,2.5116243294839298,2.518620491027832,236235988,6.9045733813208425,0.0,0.7623205
2019-08-01,2.511624103954628,2.5186202648703153,2.4976317821232534,2.5046279430389404,212269241,6.943147004460946,0.0,0.75808538
2019-08-02,2.4836394786834717,2.490635639650966,2.476643317715977,2.4836394786834717,264946137,7.001821379171383,0.0,0.75173271
2019-08-05,2.476643348980945,2.476643348980945,2.4486587047576904,2.4486587047576904,303806487,7.101847213828375,0.0,0.74114493
2019-08-06,2.4206743240356445,2.427670485853022,2.399685838583513,2.4206743240356445,293539625,7.183948632548032,0.0,0.7326747
2019-08-07,2.4206741048129548,2.427670265996741,2.3926894600778104,2.3996856212615967,184721682,7.246782597654389,0.0,0.72632203
2019-08-08,2.4066820004008904,2.4206743240356445,2.399685838583513,2.4206743240356445,232095186,7.183948632548032,0.0,0.7326747
2019-08-09,2.4206743240356445,2.4346666476703986,2.4136781622182673,2.4206743240356445,209008028,7.183948632548032,0.0,0.7326747
2019-08-12,2.4136779119118223,2.434666395187378,2.4136779119118223,2.434666395187378,179997357,7.1426623517599515,0.0,0.73690981
2019-08-13,2.4206740919786016,2.4276702531252945,2.4066817696852163,2.413677930831909,161807887,7.204772342599281,0.0,0.73055714
2019-08-14,2.4276702595423094,2.4346664207074946,2.3996856148815673,2.406681776046753,273300635,7.225716408824535,0.0,0.72843959
2019-08-15,2.378697137710238,2.3996856212615967,2.378697137710238,2.3996856212615967,207257165,7.246782597654389,0.0,0.72632203
2019-08-16,2.3996856276789362,2.4066817888814316,2.3926894664764404,2.3926894664764404,199304121,7.26797198033773,0.0,0.72420447
2019-08-19,2.3926894600778104,2.4066817824453826,2.364704815342666,2.3996856212615967,461904833,7.246782597654389,0.0,0.72632203
2019-08-20,2.3926894600778104,2.4066817824453826,2.3926894600778104,2.3996856212615967,198732350,7.246782597654389,0.0,0.72632203
2019-08-21,2.3996856276789362,2.3996856276789362,2.3926894664764404,2.3926894664764404,108424751,7.26797198033773,0.0,0.72420447
2019-08-22,2.3996853943169865,2.3996853943169865,2.378696912750564,2.385693073272705,160324045,7.289286369157419,0.0,0.72208691
2019-08-23,2.385693073272705,2.3926892337948455,2.3717007522284237,2.385693073272705,134898887,7.289286369157419,0.0,0.72208691
2019-08-26,2.3647048473358154,2.3786971698926958,2.3647048473358154,2.3647048473358154,196295693,7.353983318295461,0.0,0.71573424
2019-08-27,2.3717007522284237,2.3996853943169865,2.3717007522284237,2.385693073272705,270240520,7.289286369157419,0.0,0.72208691
2019-08-28,2.3926894793866174,2.3926894793866174,2.3717009956658837,2.378697156906128,156862885,7.31072467527495,0.0,0.71996936
2019-08-29,2.3786969242583798,2.385693084814367,2.3717007637023926,2.3717007637023926,112191675,7.332290930687639,0.0,0.7178518
2019-08-30,2.3856933181463726,2.3926894793866174,2.378697156906128,2.378697156906128,179458761,7.31072467527495,0.0,0.71996936
2019-09-02,2.378696912750564,2.3926892337948455,2.3717007522284237,2.385693073272705,233125497,7.289286369157419,0.0,0.72208691
2019-09-03,2.3926892337948455,2.3926892337948455,2.378696912750564,2.385693073272705,166996557,7.289286369157419,0.0,0.72208691
2019-09-04,2.3856932862451385,2.413677930831909,2.3786971250984457,2.413677930831909,248845930,7.204772342599281,0.0,0.73055714
2019-09-05,2.4136779119118223,2.4486587173710817,2.4066817508199705,2.434666395187378,358071894,7.1426623517599515,0.0,0.73690981
2019-09-06,2.441662549972534,2.448658711046315,2.427670227824972,2.441662549972534,214380851,7.122196308493005,0.0,0.73902737
2019-09-09,2.4556548721200966,2.4626510331938776,2.427670227824972,2.441662549972534,326948859,7.122196308493005,0.0,0.73902737
2019-09-10,2.44166255627923,2.44166255627923,2.4136779119118223,2.434666395187378,268309081,7.1426623517599515,0.0,0.73690981
2019-09-11,2.4416627676540528,2.462651252746582,2.4346666059565427,2.462651252746582,270219081,7.0614951997791096,0.0,0.74538004
2019-09-12,2.469647169113159,2.476643330115681,2.455654847108115,2.469647169113159,190130750,7.041491682491909,0.0,0.7474976
2019-09-16,2.4696474144440916,2.4766435761416017,2.455655091049072,2.462651252746582,131800173,7.0614951997791096,0.0,0.74538004
2019-09-17,2.4626510331938776,2.4696471942676586,2.434666388898753,2.441662549972534,198459239,7.122196308493005,0.0,0.73902737
2019-09-18,2.44166255627923,2.4556548784629335,2.434666395187378,2.434666395187378,138553315,7.1426623517599515,0.0,0.73690981
2019-09-19,2.44166255627923,2.4486587173710817,2.434666395187378,2.434666395187378,127115598,7.1426623517599515,0.0,0.73690981
2019-09-20,2.441662549972534,2.441662549972534,2.434666388898753,2.441662549972534,207473601,7.122196308493005,0.0,0.73902737
2019-09-23,2.4346661624065846,2.4416623228295267,2.4206738415607,2.4276700019836426,127952037,7.163247058204236,0.0,0.73479226
2019-09-24,2.4276700019836426,2.4346661624065846,2.4206738415607,2.4276700019836426,101762519,7.163247058204236,0.0,0.73479226
2019-09-25,2.4346666476703986,2.4346666476703986,2.4206743240356445,2.4206743240356445,111001765,7.183948632548032,0.0,0.7326747
2019-09-26,2.4276702215902497,2.4626510268693176,2.420674060534436,2.4486587047576904,235863523,7.101847213828375,0.0,0.74114493
2019-09-27,2.441662549972534,2.448658711046315,2.420674066751191,2.441662549972534,211009713,7.122196308493005,0.0,0.73902737
2019-09-30,2.4346666476703986,2.4486589713051528,2.4206743240356445,2.4206743240356445,150646837,7.183948632548032,0.0,0.70495249
2019-10-08,2.420674073003674,2.44166255627923,2.420674073003674,2.434666395187378,172507730,7.1426623517599515,0.0,0.70902736
2019-10-09,2.427670227824972,2.448658711046315,2.420674066751191,2.441662549972534,218890908,7.122196308493005,0.0,0.71106479
2019-10-10,2.441662549972534,2.4556548721200966,2.427670227824972,2.441662549972534,191470591,7.122196308493005,0.0,0.71106479
2019-10-11,2.4486586861055932,2.476643330115681,2.4416625251030712,2.469647169113159,254183971,7.041491682491909,0.0,0.71921453
2019-10-14,2.4766430744892207,2.518620036171705,2.4766430744892207,2.490635395050049,405927642,6.982154045735206,0.0,0.72532684
2019-10-15,2.4976317821232534,2.5186202648703153,2.490635621207566,2.5046279430389404,245334954,6.943147004460946,0.0,0.72940171
2019-10-16,2.5186204978054043,2.5396091492952393,2.504628174679947,2.511624336242676,248873379,6.9238061397410195,0.0,0.73143914
2019-10-17,2.511624336242676,2.525616659368133,2.4976320131172183,2.511624336242676,160213283,6.9238061397410195,0.0,0.73143914
2019-10-18,2.518620271052363,2.5326125929180825,2.4906356273209243,2.497631788253784,213512765,6.962595560235961,0.0,0.72736427
2019-10-21,2.4906358448522234,2.518620491027832,2.4906358448522234,2.518620491027832,189666747,6.9045733813208425,0.0,0.73347658
2019-10-22,2.525616407394409,2.5326125682591503,2.511624085664927,2.525616407394409,186703305,6.885447825365,0.0,0.73551401
2019-10-23,2.525616696786245,2.553601510253416,2.518620535119865,2.546605348587036,270733781,6.828698451312334,0.0,0.74162631
2019-10-24,2.5536012649536133,2.581585908930918,2.546605103959287,2.5536012649536133,279708136,6.809990360932834,0.0,0.74366375
2019-10-25,2.5605976581573486,2.5605976581573486,2.5186205215830326,2.5605976581573486,191549935,6.7913832321920315,0.0,0.74570118
2019-10-28,2.560597425947939,2.5675935869422655,2.546605103959287,2.5536012649536133,202277829,6.809990360932834,0.0,0.74366375
2019-10-29,2.553601217655006,2.553601217655006,2.518620246529668,2.525616407394409,202899906,6.885447825365,0.0,0.73551401
2019-10-30,2.5256166390915835,2.546605290412914,2.5186204775850225,2.5326128005981445,151780110,6.866426638881745,0.0,0.73755144
2019-10-31,2.5396091869206563,2.546605348587036,2.532612858452625,2.546605348587036,185131164,6.828698451312334,0.0,0.74162631
2019-11-01,2.539609173271016,2.567593819786126,2.532612844840588,2.5605976581573486,173021019,6.7913832321920315,0.0,0.74570118
2019-11-04,2.560597425947939,2.574589747936592,2.5536012649536133,2.5536012649536133,134023151,6.809990360932834,0.0,0.74366375
2019-11-05,2.553601496528571,2.5815861430436815,2.553601496528571,2.5605976581573486,219858746,6.7913832321920315,0.0,0.74570118
2019-11-06,2.5605971702988386,2.581585651186335,2.5605971702988386,2.574589490890503,138561150,6.754474863480127,0.0,0.74977605
2019-11-07,2.574589981414904,2.5815861430436815,2.5605976581573486,2.5605976581573486,145672679,6.7913832321920315,0.0,0.74570118
2019-11-08,2.567593539384488,2.581585861113971,2.518620246529668,2.525616407394409,204312415,6.885447825365,0.0,0.73551401
2019-11-11,2.518620283520945,2.5256164444884392,2.4836394786834717,2.4836394786834717,260894477,7.001821379171383,0.0,0.7232894
2019-11-12,2.4976315553304627,2.504627715610877,2.4836392347696346,2.490635395050049,145827949,6.982154045735206,0.0,0.72532684
2019-11-13,2.4836394663880648,2.5046279491866437,2.4836394663880648,2.497631788253784,172842094,6.962595560235961,0.0,0.72736427
2019-11-14,2.4976315553304627,2.504627715610877,2.4766430744892207,2.490635395050049,174748455,6.982154045735206,0.0,0.72532684
2019-11-15,2.497631788253784,2.5046279491866437,2.4906356273209243,2.497631788253784,138611707,6.962595560235961,0.0,0.72736427
2019-11-18,2.4976320131172183,2.511624336242676,2.4836396899917608,2.511624336242676,169752843,6.9238061397410195,0.0,0.73143914
2019-11-19,2.4976320063961257,2.5256166525717343,2.4976320063961257,2.518620491027832,148638436,6.9045733813208425,0.0,0.73347658
2019-11-20,2.5186202648703153,2.5186202648703153,2.4976317821232534,2.5046279430389404,157592961,6.943147004460946,0.0,0.72940171
2019-11-21,2.4976320131172183,2.525616659368133,2.4906358515544897,2.511624336242676,189956378,6.9238061397410195,0.0,0.73143914
2019-11-22,2.518620491027832,2.532612814115636,2.5116243294839298,2.518620491027832,154868189,6.9045733813208425,0.0,0.73347658
2019-11-25,2.525616696786245,2.553601510253416,2.525616696786245,2.546605348587036,194810621,6.828698451312334,0.0,0.74162631
2019-11-26,2.553601510253416,2.5675938335861757,2.546605348587036,2.546605348587036,254088670,6.828698451312334,0.0,0.74162631
2019-11-27,2.553601496528571,2.5605976581573486,2.5466053348997937,2.5605976581573486,109121239,6.7913832321920315,0.0,0.74570118
2019-11-28,2.560597671919796,2.560597671919796,2.5396091869206563,2.546605348587036,137938467,6.828698451312334,0.0,0.74162631
2019-11-29,2.546605290412914,2.560597613426036,2.5326128005981445,2.5326128005981445,216240805,6.866426638881745,0.0,0.73755144
2019-12-02,2.5326128005981445,2.546605290412914,2.5326128005981445,2.5326128005981445,120396297,6.866426638881745,0.0,0.73755144
2019-12-03,2.532612627553128,2.546605116411837,2.5256164665245913,2.539608955383301,126300404,6.847510898533331,0.0,0.73958888
2019-12-04,2.5326125682591503,2.539608895925524,2.525616407394409,2.525616407394409,116511990,6.885447825365,0.0,0.73551401
2019-12-05,2.539609128906353,2.539609128906353,2.5256166390915835,2.5326128005981445,144662203,6.866426638881745,0.0,0.73755144
2019-12-06,2.539608895925524,2.539608895925524,2.518620246529668,2.525616407394409,91737829,6.885447825365,0.0,0.73551401
2019-12-09,2.525616407394409,2.5326125682591503,2.511624085664927,2.525616407394409,133984769,6.885447825365,0.0,0.73551401
2019-12-10,2.525616407394409,2.5326125682591503,2.518620246529668,2.525616407394409,152707709,6.885447825365,0.0,0.73551401
2019-12-11,2.5326125682591503,2.5326125682591503,2.518620246529668,2.525616407394409,157484384,6.885447825365,0.0,0.73551401
2019-12-12,2.5326125682591503,2.5326125682591503,2.511624085664927,2.525616407394409,196178457,6.885447825365,0.0,0.73551401
2019-12-13,2.532612844840588,2.567593819786126,2.52561668321181,2.5605976581573486,259315828,6.7913832321920315,0.0,0.74570118
2019-12-16,2.553601510253416,2.560597671919796,2.5396091869206563,2.546605348587036,152624950,6.828698451312334,0.0,0.74162631
2019-12-17,2.553601496528571,2.5815861430436815,2.539609173271016,2.5605976581573486,207725824,6.7913832321920315,0.0,0.74570118
2019-12-18,2.5605971702988386,2.574589490890503,2.5605971702988386,2.574589490890503,159226990,6.754474863480127,0.0,0.74977605
2019-12-19,2.57458972316722,2.588582045021256,2.5675935622402015,2.5815858840942383,166233146,6.736169463562653,0.0,0.75181349
2019-12-20,2.581586109010039,2.59557843208313,2.5745899474734935,2.59557843208313,132013445,6.6998553328412935,0.0,0.75588836
2019-12-23,2.5955782059482746,2.602574366875293,2.57458972316722,2.5815858840942383,184262426,6.736169463562653,0.0,0.75181349
2019-12-24,2.581585651186335,2.581585651186335,2.574589490890503,2.574589490890503,76969896,6.754474863480127,0.0,0.74977605
2019-12-25,2.5745894964161944,2.581585656727042,2.560597175794499,2.5675933361053467,97558103,6.772879394670037,0.0,0.74773862
2019-12-26,2.567593785936948,2.59557843208313,2.560597624400402,2.59557843208313,127617677,6.6998553328412935,0.0,0.75588836
2019-12-27,2.5885820206514016,2.6235628249571707,2.5885820206514016,2.6095705032348633,216008974,6.663931853323407,0.0,0.75996323
2019-12-30,2.609570509327194,2.609570509327194,2.574589704939758,2.602574348449707,216000829,6.681845615806833,0.0,0.75792579
2019-12-31,2.5955782059482746,2.602574366875293,2.57458972316722,2.5815858840942383,196703080,6.736169463562653,0.0,0.7386104
2020-01-02,2.5955781815125554,2.6235628249571707,2.5955781815125554,2.6095705032348633,205512470,6.663931853323407,0.0,0.74661702
2020-01-03,2.6165666702046813,2.6165666702046813,2.5955781875722197,2.602574348449707,111814276,6.681845615806833,0.0,0.74461537
2020-01-06,2.5955782059482746,2.602574366875293,2.5675935622402015,2.5815858840942383,251080218,6.736169463562653,0.0,0.7386104
2020-01-07,2.5815858658172455,2.623562831082168,2.574589704939758,2.602574348449707,291294955,6.681845615806833,0.0,0.74461537
2020-01-08,2.5815858840942383,2.5815858840942383,2.5815858840942383,2.5815858840942383,168214884,6.736169463562653,0.0,0.7386104
2020-01-09,2.5885818114821673,2.5955779717779994,2.5675933305946708,2.574589490890503,129099347,6.754474863480127,0.0,0.73660875
2020-01-10,2.581585651186335,2.5885818114821673,2.5675933305946708,2.574589490890503,102724818,6.754474863480127,0.0,0.73660875
2020-01-13,2.574589490890503,2.574589490890503,2.574589490890503,2.574589490890503,166226509,6.754474863480127,0.0,0.73660875
2020-01-14,2.574589490890503,2.574589490890503,2.574589490890503,2.574589490890503,131418569,6.754474863480127,0.0,0.73660875
2020-01-15,2.5675935869422655,2.574589747936592,2.5536012649536133,2.5536012649536133,103306490,6.809990360932834,0.0,0.73060379
2020-01-16,2.560597378519747,2.560597378519747,2.525616407394409,2.525616407394409,182015981,6.885447825365,0.0,0.72259717
2020-01-17,2.5256166390915835,2.546605290412914,2.5186204775850225,2.5326128005981445,99263777,6.866426638881745,0.0,0.72459882
2020-01-20,2.5326128005981445,2.539609128906353,2.5256166390915835,2.5326128005981445,87250009,6.866426638881745,0.0,0.72459882
2020-01-21,2.5326125867016898,2.5326125867016898,2.4976317821232534,2.5046279430389404,195067423,6.943147004460946,0.0,0.71659221
2020-01-22,2.497631788253784,2.5046279491866437,2.476643305455205,2.497631788253784,178800980,6.962595560235961,0.0,0.71459055
2020-01-23,2.4906358995366213,2.4906358995366213,2.455655091049072,2.462651252746582,243127436,7.0614951997791096,0.0,0.70458228
2020-02-03,2.3087350930694446,2.3786968636482886,2.2877466119362775,2.357708215713501,477726568,7.375806677052001,0.0,0.67455747
2020-02-04,2.343716171257331,2.3996856276789362,2.343716171257331,2.3926894664764404,321948123,7.26797198033773,0.0,0.68456574
2020-02-05,2.3926894664764404,2.4066817888814316,2.371700982868954,2.3926894664764404,248194123,7.26797198033773,0.0,0.68456574
2020-02-06,2.3996856212615967,2.4066817824453826,2.378697137710238,2.3996856212615967,191076262,7.246782597654389,0.0,0.68656739
2020-02-07,2.3856933181463726,2.3856933181463726,2.364704834425639,2.378697156906128,199168477,7.31072467527495,0.0,0.68056243
2020-02-10,2.3647046031464054,2.3786969242583798,2.3577082757887933,2.3717007637023926,158609776,7.332290930687639,0.0,0.67856078
2020-02-11,2.3786971440714493,2.3996856276789362,2.371700982868954,2.3926894664764404,179148338,7.26797198033773,0.0,0.68456574
2020-02-12,2.3926894600778104,2.3996856212615967,2.378697137710238,2.3996856212615967,123211353,7.246782597654389,0.0,0.68656739
2020-02-13,2.3996853943169865,2.3996853943169865,2.378696912750564,2.385693073272705,123277241,7.289286369157419,0.0,0.68256409
2020-02-14,2.378697137710238,2.3996856212615967,2.378697137710238,2.3996856212615967,112313558,7.246782597654389,0.0,0.68656739
2020-02-17,2.3926891998689315,2.4346661624065846,2.3926891998689315,2.4276700019836426,189505766,7.163247058204236,0.0,0.69457401
2020-02-18,2.4206740919786016,2.4276702531252945,2.4066817696852163,2.413677930831909,159354952,7.204772342599281,0.0,0.6905707
2020-02-19,2.4136779119118223,2.44166255627923,2.4066817508199705,2.434666395187378,158263116,7.1426623517599515,0.0,0.69657567
2020-02-20,2.4346663764290013,2.4556548595428467,2.4206740543531042,2.4556548595428467,199422933,7.081614068207201,0.0,0.70258063
2020-02-21,2.441662549972534,2.4556548721200966,2.434666388898753,2.441662549972534,143243525,7.122196308493005,0.0,0.69857732
2020-02-24,2.4346666476703986,2.4486589713051528,2.4206743240356445,2.4206743240356445,186010540,7.183948632548032,0.0,0.69257236
2020-02-25,2.4066817824453826,2.4066817824453826,2.3926894600778104,2.3996856212615967,210579001,7.246782597654389,0.0,0.68656739
2020-02-26,2.3856932862451385,2.4206740919786016,2.3786971250984457,2.413677930831909,218918963,7.204772342599281,0.0,0.6905707
2020-02-27,2.4066820004008904,2.427670485853022,2.4066820004008904,2.4206743240356445,170022334,7.183948632548032,0.0,0.69257236
2020-02-28,2.406681554839127,2.4346661969276897,2.385693073272705,2.385693073272705,253585883,7.289286369157419,0.0,0.68256409
2020-03-02,2.3926896767661363,2.427670485853022,2.3926896767661363,2.4206743240356445,181282521,7.183948632548032,0.0,0.69257236
2020-03-03,2.427670234095526,2.44166255627923,2.420674073003674,2.434666395187378,190756755,7.1426623517599515,0.0,0.69657567
2020-03-04,2.434666388898753,2.448658711046315,2.427670227824972,2.441662549972534,140680791,7.122196308493005,0.0,0.69857732
2020-03-05,2.4416627676540528,2.4696474144440916,2.4416627676540528,2.462651252746582,229182326,7.0614951997791096,0.0,0.70458228
2020-03-06,2.455654865813504,2.4626510268693176,2.4346663826460633,2.4486587047576904,151993255,7.101847213828375,0.0,0.70057897
2020-03-09,2.427670265996741,2.427670265996741,2.3926894600778104,2.3996856212615967,282171772,7.246782597654389,0.0,0.68656739
2020-03-10,2.385693514948759,2.427670485853022,2.385693514948759,2.4206743240356445,207809322,7.183948632548032,0.0,0.69257236
2020-03-11,2.427670265996741,2.427670265996741,2.3996856212615967,2.3996856212615967,158365714,7.246782597654389,0.0,0.68656739
2020-03-12,2.3926894600778104,2.4066817824453826,2.378697137710238,2.3996856212615967,185871971,7.246782597654389,0.0,0.68656739
2020-03-13,2.364704834425639,2.3996856406268616,2.343716183903264,2.378697156906128,290398330,7.31072467527495,0.0,0.68056243
2020-03-16,2.385693024026011,2.3996853447814557,2.357708215713501,2.357708215713501,259602687,7.375806677052001,0.0,0.67455747
2020-03-17,2.3577085063837533,2.3926894793866174,2.3507123451435086,2.378697156906128,279297235,7.31072467527495,0.0,0.68056243
2020-03-18,2.378697110564343,2.385693271668288,2.3437161382429785,2.350712299346924,214330968,7.397757694478946,0.0,0.67255582
2020-03-19,2.3437161702187232,2.3647048206185493,2.3087353642217474,2.3157315254211426,253594646,7.5095060930422095,0.0,0.66254754
2020-03-20,2.3297238286348287,2.357708473201958,2.315731506351264,2.3367199897766113,245826690,7.442055563389292,0.0,0.66855251
2020-03-23,2.31573154483986,2.31573154483986,2.294743061065674,2.294743061065674,176363185,7.578190471539817,0.0,0.65654258
2020-03-24,2.315731028926953,2.3437156677246094,2.3087348692275387,2.3437156677246094,213795149,7.419842022425459,0.0,0.67055416
2020-03-25,2.364704542892844,2.3717007032705664,2.343715894958056,2.357708215713501,167423154,7.375806677052001,0.0,0.67455747
2020-03-26,2.343715894958056,2.3717007032705664,2.336719734580334,2.357708215713501,135757601,7.375806677052001,0.0,0.67455747
2020-03-27,2.3717007637023926,2.3926892453703537,2.3577082757887933,2.3717007637023926,168381375,7.332290930687639,0.0,0.67856078
2020-03-30,2.3577082643825182,2.385693073272705,2.3507121038603773,2.385693073272705,218104609,7.289286369157419,0.0,0.68256409
2020-03-31,2.3926891844037335,2.3996853447814557,2.343715894958056,2.357708215713501,165190034,7.375806677052001,0.0,0.64764838
2020-04-01,2.3577085192557328,2.385693331171136,2.3577085192557328,2.3647048473358154,111666535,7.353983318295461,0.0,0.64957018
2020-04-02,2.3577085063837533,2.378697156906128,2.3507123451435086,2.378697156906128,104786774,7.31072467527495,0.0,0.65341379
2020-04-03,2.3717009956658837,2.3856933181463726,2.364704834425639,2.378697156906128,115780429,7.31072467527495,0.0,0.65341379
2020-04-07,2.3996856276789362,2.3996856276789362,2.385693305273945,2.3926894664764404,122096677,7.26797198033773,0.0,0.6572574
2020-04-08,2.3856933181463726,2.3856933181463726,2.3717009956658837,2.378697156906128,96615864,7.31072467527495,0.0,0.65341379
2020-04-09,2.3856933181463726,2.3926894793866174,2.3717009956658837,2.378697156906128,72232000,7.31072467527495,0.0,0.65341379
2020-04-10,2.385693073272705,2.385693073272705,2.3717007522284237,2.385693073272705,90758039,7.289286369157419,0.0,0.6553356
2020-04-13,2.378697156906128,2.3926894793866174,2.3717009956658837,2.378697156906128,92047901,7.31072467527495,0.0,0.65341379
2020-04-14,2.385693305273945,2.3926894664764404,2.3786971440714493,2.3926894664764404,83178366,7.26797198033773,0.0,0.6572574
2020-04-15,2.385693305273945,2.3926894664764404,2.385693305273945,2.3926894664764404,86267240,7.26797198033773,0.0,0.6572574
2020-04-16,2.378697137710238,2.4066817824453826,2.378697137710238,2.3996856212615967,106371186,7.246782597654389,0.0,0.65917921
2020-04-17,2.406681776046753,2.406681776046753,2.392689453716382,2.406681776046753,123078194,7.225716408824535,0.0,0.66110102
2020-04-20,2.3996856276789362,2.4066817888814316,2.3926894664764404,2.3926894664764404,112027490,7.26797198033773,0.0,0.6572574
2020-04-21,2.385693073272705,2.3926892337948455,2.378696912750564,2.385693073272705,103995997,7.289286369157419,0.0,0.6553356
2020-04-22,2.385693305273945,2.3996856276789362,2.3786971440714493,2.3926894664764404,84810504,7.26797198033773,0.0,0.6572574
2020-04-23,2.3926894793866174,2.3926894793866174,2.364704834425639,2.378697156906128,117940836,7.31072467527495,0.0,0.65341379
2020-04-24,2.378697156906128,2.378697156906128,2.364704834425639,2.378697156906128,61244538,7.31072467527495,0.0,0.65341379
2020-04-27,2.3717007522284237,2.3996853943169865,2.3717007522284237,2.385693073272705,137867838,7.289286369157419,0.0,0.6553356
2020-04-28,2.3856933181463726,2.3856933181463726,2.364704834425639,2.378697156906128,122904867,7.31072467527495,0.0,0.65341379
2020-04-29,2.3856932925511964,2.406681776046753,2.3786971313860112,2.406681776046753,144993202,7.225716408824535,0.0,0.66110102
2020-04-30,2.4136781622182673,2.427670485853022,2.4066820004008904,2.4206743240356445,118473509,7.183948632548032,0.0,0.66494463
2020-05-06,2.3926894664764404,2.3996856276789362,2.3786971440714493,2.3926894664764404,226361303,7.26797198033773,0.0,0.6572574
2020-05-07,2.385693073272705,2.3926892337948455,2.378696912750564,2.385693073272705,131475071,7.289286369157419,0.0,0.6553356
2020-05-08,2.3926894664764404,2.3926894664764404,2.3786971440714493,2.3926894664764404,134273116,7.26797198033773,0.0,0.6572574
2020-05-11,2.3926894664764404,2.3996856276789362,2.3786971440714493,2.3926894664764404,131582721,7.26797198033773,0.0,0.6572574
2020-05-12,2.3926892337948455,2.3996853943169865,2.385693073272705,2.385693073272705,78839002,7.289286369157419,0.0,0.6553356
2020-05-13,2.385693073272705,2.385693073272705,2.378696912750564,2.385693073272705,69012112,7.289286369157419,0.0,0.6553356
2020-05-14,2.3786969242583798,2.385693084814367,2.3717007637023926,2.3717007637023926,79468142,7.332290930687639,0.0,0.65149199
2020-05-15,2.3786969242583798,2.3786969242583798,2.3717007637023926,2.3717007637023926,93688825,7.332290930687639,0.0,0.65149199
2020-05-18,2.3717007637023926,2.3786969242583798,2.3647046031464054,2.3717007637023926,96288527,7.332290930687639,0.0,0.65149199
2020-05-19,2.378697156906128,2.3856933181463726,2.3717009956658837,2.378697156906128,89759979,7.31072467527495,0.0,0.65341379
2020-05-20,2.378696912750564,2.385693073272705,2.3717007522284237,2.385693073272705,96843403,7.289286369157419,0.0,0.6553356
2020-05-21,2.3856933181463726,2.3856933181463726,2.3717009956658837,2.378697156906128,82631670,7.31072467527495,0.0,0.65341379
2020-05-22,2.3786968636482886,2.3786968636482886,2.357708215713501,2.357708215713501,127162933,7.375806677052001,0.0,0.64764838
2020-05-25,2.3647046031464054,2.3717007637023926,2.3577082757887933,2.3717007637023926,70311257,7.332290930687639,0.0,0.65149199
2020-05-26,2.3717010086142554,2.3717010086142554,2.3647048473358154,2.3647048473358154,83279123,7.353983318295461,0.0,0.64957018
2020-05-27,2.3717009956658837,2.3856933181463726,2.364704834425639,2.378697156906128,103589163,7.31072467527495,0.0,0.65341379
2020-05-28,2.3856932988940245,2.3996856212615967,2.378697137710238,2.3996856212615967,162505708,7.246782597654389,0.0,0.65917921
2020-05-29,2.3926894793866174,2.3996856406268616,2.378697156906128,2.378697156906128,96201395,7.31072467527495,0.0,0.65341379
2020-06-01,2.385693305273945,2.3996856276789362,2.3786971440714493,2.3926894664764404,109345482,7.26797198033773,0.0,0.6572574
2020-06-02,2.3926894600778104,2.3996856212615967,2.3856932988940245,2.3996856212615967,90373963,7.246782597654389,0.0,0.65917921
2020-06-03,2.3996856276789362,2.413677950083927,2.3926894664764404,2.3926894664764404,148983016,7.26797198033773,0.0,0.6572574
2020-06-04,2.3996853943169865,2.406681554839127,2.385693073272705,2.385693073272705,98478704,7.289286369157419,0.0,0.6553356
2020-06-05,2.3926894664764404,2.3926894664764404,2.385693305273945,2.3926894664764404,73067661,7.26797198033773,0.0,0.6572574
2020-06-08,2.385693073272705,2.3926892337948455,2.378696912750564,2.385693073272705,117445201,7.289286369157419,0.0,0.6553356
2020-06-09,2.385693305273945,2.3926894664764404,2.3786971440714493,2.3926894664764404,147120706,7.26797198033773,0.0,0.6572574
2020-06-10,2.3926894793866174,2.3926894793866174,2.378697156906128,2.378697156906128,107119972,7.31072467527495,0.0,0.65341379
2020-06-11,2.3786971698926958,2.385693331171136,2.3647048473358154,2.3647048473358154,184507195,7.353983318295461,0.0,0.64957018
2020-06-12,2.3577085192557328,2.3647048473358154,2.3507123579772924,2.3647048473358154,300063791,7.353983318295461,0.0,0.64957018
2020-06-15,2.350712318474069,2.3577084796349403,2.329723834991455,2.329723834991455,234611693,7.464404037426943,0.0,0.63996116
2020-06-16,2.3437156677246094,2.3507118274240235,2.3367195080251952,2.3437156677246094,133918000,7.419842022425459,0.0,0.64380477
2020-06-17,2.3437161382429785,2.350712299346924,2.3367199771390332,2.350712299346924,90960316,7.397757694478946,0.0,0.64572657
2020-06-18,2.3437156677246094,2.3507118274240235,2.329723348325781,2.3437156677246094,168454316,7.419842022425459,0.0,0.64380477
2020-06-19,2.3437156677246094,2.3507118274240235,2.3367195080251952,2.3437156677246094,201198910,7.419842022425459,0.0,0.64380477
2020-06-22,2.3437161382429785,2.357708460450869,2.3367199771390332,2.350712299346924,199926753,7.397757694478946,0.0,0.64572657
2020-06-23,2.3437156677246094,2.3507118274240235,2.3367195080251952,2.3437156677246094,122107607,7.419842022425459,0.0,0.64380477
2020-06-24,2.3507120553357783,2.364704542892844,2.343715894958056,2.357708215713501,171274838,7.375806677052001,0.0,0.64764838
2020-06-29,2.357708215713501,2.364704542892844,2.343715894958056,2.357708215713501,164591544,7.375806677052001,0.0,0.64764838
2020-06-30,2.3577085192557328,2.3647048473358154,2.3507123579772924,2.3647048473358154,152992065,7.353983318295461,0.0,0.65819631
2020-07-01,2.3647046031464054,2.3786969242583798,2.3577082757887933,2.3717007637023926,179974646,7.332290930687639,0.0,0.66014363
2020-07-02,2.3717009639517532,2.413677930831909,2.364704802805061,2.413677930831909,327696423,0.0,0.0,0.67182759
2020-07-03,2.4136778933151555,2.4556548595428467,2.4136778933151555,2.4556548595428467,371692267,0.0,0.0,0.68351155
2020-07-06,2.469647102097172,2.6445512892156824,2.462650941284497,2.630558967590332,692382560,0.0,0.0,0.73219471
2020-07-07,2.65854362926294,2.7005205944298627,2.602574342373709,2.6095705032348633,501185052,0.0,0.0,0.72635273
2020-07-08,2.602574593619676,2.6305592397658577,2.581586109010039,2.59557843208313,461270911,0.0,0.0,0.72245808
2020-07-09,2.595578480251695,2.602574641918075,2.5396091869206563,2.546605348587036,531172647,0.0,0.0,0.70882679
2020-07-10,2.555368385235864,2.5627325521729754,2.474362373352051,2.474362373352051,548927959,7.351388865228245,0.1819,0.65430165
2020-07-13,2.4669978618621826,2.4890905351635366,2.4522695300449895,2.4669978618621826,629893377,7.37333431909402,0.0,0.65235433
2020-07-14,2.4596342257356496,2.4669983932304183,2.4301775557565737,2.4375417232513428,451347504,7.462436366314609,0.0,0.64456502
2020-07-15,2.444905570153999,2.4522697366831303,2.4154489040374756,2.4154489040374756,405786647,7.530691280446884,0.0,0.63872304
2020-07-16,2.422813443126406,2.4375417784494666,2.4007209401418144,2.4080851078033447,395619375,7.553719734014268,0.0,0.63677572
2020-07-17,2.4154489040374756,2.4228130705666064,2.400720570979214,2.4154489040374756,242578693,7.530691280446884,0.0,0.63872304
2020-07-20,2.4154493250715507,2.4522701641354017,2.408085157258781,2.444905996322632,350214702,7.439958848053655,0.0,0.64651235
2020-07-21,2.452269711118556,2.452269711118556,2.422813045309114,2.4301772117614746,208622973,7.485050848129414,0.0,0.6426177
2020-07-22,2.4301778222482415,2.4522703271551975,2.415449485643604,2.422813653945923,258983062,7.507799855087824,0.0,0.64067037
2020-07-23,2.415449275464875,2.422813443126406,2.393356772480284,2.4080851078033447,338177527,7.553719734014268,0.0,0.63677572
2020-07-24,2.4080849223139076,2.4080849223139076,2.3712640868424826,2.3786282539367676,310450471,7.6472647501325595,0.0,0.62898641
2020-07-27,2.3859927941946837,2.3933569624407074,2.3712644577026367,2.3712644577026367,181384780,7.671012796954374,0.0,0.62703909
2020-07-28,2.3786282539367676,2.3933565881253376,2.3712640868424826,2.3786282539367676,166485812,7.6472647501325595,0.0,0.62898641
2020-07-29,2.3712638244044055,2.4007204895214485,2.3712638244044055,2.3933563232421875,201071042,7.600205545390211,0.0,0.63288106
2020-07-30,2.3859924210310526,2.3933565881253376,2.3712640868424826,2.3786282539367676,203399995,7.6472647501325595,0.0,0.62898641
2020-07-31,2.3786282539367676,2.3933565881253376,2.3712640868424826,2.3786282539367676,219950570,7.6472647501325595,0.0,0.62898641
2020-08-03,2.3859925270080566,2.3859925270080566,2.371264192165308,2.3859925270080566,210190867,7.623661765114396,0.0,0.63093374
2020-08-04,2.378628437157223,2.415449275464875,2.378628437157223,2.4080851078033447,398255740,7.553719734014268,0.0,0.63677572
2020-08-05,2.393356694429431,2.400720861850805,2.3786283595866826,2.3859925270080566,203689022,7.623661765114396,0.0,0.63093374
2020-08-06,2.3933563232421875,2.4007204895214485,2.378627990683666,2.3933563232421875,190830091,7.600205545390211,0.0,0.63288106
2020-08-07,2.3933565881253376,2.3933565881253376,2.3712640868424826,2.3786282539367676,178201649,7.6472647501325595,0.0,0.62898641
2020-08-10,2.3786282539367676,2.3933565881253376,2.3712640868424826,2.3786282539367676,190710047,7.6472647501325595,0.0,0.62898641
2020-08-11,2.3859924210310526,2.3933565881253376,2.3786282539367676,2.3786282539367676,231982530,7.6472647501325595,0.0,0.62898641
2020-08-12,2.3786283595866826,2.3859925270080566,2.371264192165308,2.3859925270080566,195918381,7.623661765114396,0.0,0.63093374
2020-08-13,2.3859925270080566,2.393356694429431,2.3786283595866826,2.3859925270080566,154615735,7.623661765114396,0.0,0.63093374
2020-08-14,2.385992156962927,2.4007204895214485,2.378627990683666,2.3933563232421875,168527897,7.600205545390211,0.0,0.63288106
2020-08-17,2.4007205459520327,2.437541378213835,2.393356379499672,2.4301772117614746,458069327,7.485050848129414,0.0,0.6426177
2020-08-18,2.422813443126406,2.4301776107879363,2.4007209401418144,2.4080851078033447,278792146,7.553719734014268,0.0,0.63677572
2020-08-19,2.408084655800709,2.408084655800709,2.3933563232421875,2.3933563232421875,198384408,7.600205545390211,0.0,0.63288106
2020-08-20,2.393356694429431,2.393356694429431,2.3786283595866826,2.3859925270080566,159807213,7.623661765114396,0.0,0.63093374
2020-08-21,2.393356694429431,2.393356694429431,2.3786283595866826,2.3859925270080566,142477178,7.623661765114396,0.0,0.63093374
2020-08-24,2.3859924210310526,2.3933565881253376,2.3786282539367676,2.3786282539367676,129657506,7.6472647501325595,0.0,0.62898641
2020-08-25,2.3859924210310526,2.3859924210310526,2.3786282539367676,2.3786282539367676,110487145,7.6472647501325595,0.0,0.62898641
2020-08-26,2.3786282539367676,2.3859924210310526,2.3712640868424826,2.3786282539367676,141627305,7.6472647501325595,0.0,0.62898641
2020-08-27,2.37862862594866,2.37862862594866,2.363900289456613,2.3712644577026367,194114700,7.671012796954374,0.0,0.62703909
2020-08-28,2.3712640868424826,2.3859924210310526,2.3638999197481976,2.3786282539367676,173854818,7.6472647501325595,0.0,0.62898641
2020-08-31,2.3786282805662267,2.385992447742956,2.3638999462127686,2.3638999462127686,228893501,7.6949111273268604,0.0,0.62509176
2020-09-01,2.3638999462127686,2.3712641133894974,2.3565357790360393,2.3638999462127686,144609423,7.6949111273268604,0.0,0.62509176
2020-09-02,2.363900212922548,2.363900212922548,2.341807708899749,2.3491718769073486,248703068,7.74315416373317,0.0,0.62119711
2020-09-03,2.349171665454247,2.356535832798985,2.3344433307647705,2.3344433307647705,176171754,7.792007524997792,0.0,0.61730245
2020-09-04,2.3270788192749023,2.3344429855305746,2.312350486763558,2.3270788192749023,158929975,7.816666908458153,0.0,0.61535513
2020-09-07,2.319714677885516,2.334443010554742,2.3123505115509033,2.3123505115509033,133297141,7.866454462303767,0.0,0.61146047
2020-09-08,2.3123504622880025,2.3418071269989014,2.3123504622880025,2.3418071269989014,154322460,7.76750561149374,0.0,0.61924978
2020-09-09,2.3270791634200325,2.3418074981095085,2.3270791634200325,2.3344433307647705,132893077,7.792007524997792,0.0,0.61730245
2020-09-10,2.341807151786247,2.341807151786247,2.31971465301923,2.3270788192749023,124434460,7.816666908458153,0.0,0.61535513
2020-09-11,2.3270788192749023,2.3344429855305746,2.31971465301923,2.3270788192749023,103323266,7.816666908458153,0.0,0.61535513
2020-09-14,2.3270788192749023,2.3344429855305746,2.31971465301923,2.3270788192749023,92604120,7.816666908458153,0.0,0.61535513
2020-09-15,2.3270788192749023,2.3344429855305746,2.31971465301923,2.3270788192749023,86195014,7.816666908458153,0.0,0.61535513
2020-09-16,2.3270791634200325,2.3344433307647705,2.3197149960752945,2.3344433307647705,106070970,7.792007524997792,0.0,0.61730245
2020-09-17,2.3344433307647705,2.3418074981095085,2.3270791634200325,2.3344433307647705,107962823,7.792007524997792,0.0,0.61730245
2020-09-18,2.3344431726040527,2.3565356731414795,2.3270790057582436,2.3565356731414795,204192290,7.718958048172066,0.0,0.62314443
2020-09-21,2.3565360449149484,2.363900212922548,2.341807708899749,2.3491718769073486,147606024,7.74315416373317,0.0,0.62119711
2020-09-22,2.3418074981095085,2.349171665454247,2.3270791634200325,2.3344433307647705,133495158,7.792007524997792,0.0,0.61730245
2020-09-23,2.3344429855305746,2.3344429855305746,2.3270788192749023,2.3270788192749023,94759450,7.816666908458153,0.0,0.61535513
2020-09-24,2.327079429646577,2.327079429646577,2.3123510932721243,2.3197152614593506,135611697,7.8414796428750195,0.0,0.6134078
2020-09-25,2.3197152614593506,2.327079429646577,2.3123510932721243,2.3197152614593506,170132720,7.8414796428750195,0.0,0.6134078
2020-09-28,2.319715204876949,2.3491718769073486,2.3123510368693494,2.3491718769073486,234250419,7.74315416373317,0.0,0.62119711
2020-09-29,2.349171665454247,2.349171665454247,2.3344433307647705,2.3344433307647705,96549668,7.792007524997792,0.0,0.61730245
2020-09-30,2.3418074981095085,2.349171665454247,2.3197149960752945,2.3344433307647705,186881015,7.792007524997792,0.0,0.60510638
2020-10-09,2.3418074981095085,2.349171665454247,2.3270791634200325,2.3344433307647705,113031530,7.792007524997792,0.0,0.60510638
2020-10-12,2.3344435408921487,2.3565360449149484,2.327079372884549,2.3491718769073486,197601332,7.74315416373317,0.0,0.60892409
2020-10-13,2.3418074981095085,2.349171665454247,2.3270791634200325,2.3344433307647705,180409485,7.792007524997792,0.0,0.60510638
2020-10-14,2.3344433307647705,2.3344433307647705,2.3197149960752945,2.3344433307647705,206025071,7.792007524997792,0.0,0.60510638
2020-10-15,2.3270787946434517,2.3418071269989014,2.319714628465727,2.3418071269989014,139277502,7.76750561149374,0.0,0.60701524
2020-10-16,2.341807708899749,2.363900212922548,2.3344435408921487,2.3491718769073486,366034090,7.74315416373317,0.0,0.60892409
2020-10-19,2.3565357790360393,2.385992447742956,2.3565357790360393,2.3638999462127686,405585266,7.6949111273268604,0.0,0.6127418
2020-10-20,2.356535459354351,2.3638996255320754,2.3418071269989014,2.3418071269989014,210863092,7.76750561149374,0.0,0.60701524
2020-10-21,2.3491716118593104,2.3638999462127686,2.3344432775058523,2.3638999462127686,192068951,7.6949111273268604,0.0,0.6127418
2020-10-22,2.3638999462127686,2.3786282805662267,2.3565357790360393,2.3638999462127686,211567497,7.6949111273268604,0.0,0.6127418
2020-10-23,2.3638999197481976,2.3859924210310526,2.3638999197481976,2.3786282539367676,227266763,7.6472647501325595,0.0,0.6165595
2020-10-26,2.3786282539367676,2.3933565881253376,2.3638999197481976,2.3786282539367676,196192411,7.6472647501325595,0.0,0.6165595
2020-10-27,2.3712641133894974,2.3712641133894974,2.3565357790360393,2.3638999462127686,113615245,7.6949111273268604,0.0,0.6127418
2020-10-28,2.356535459354351,2.3638996255320754,2.3418071269989014,2.3418071269989014,123130771,7.76750561149374,0.0,0.60701524
2020-10-29,2.334443597833803,2.334443597833803,2.3197152614593506,2.3197152614593506,167850048,7.8414796428750195,0.0,0.60128868
2020-10-30,2.327079429646577,2.334443597833803,2.3197152614593506,2.3197152614593506,161391215,7.8414796428750195,0.0,0.60128868
2020-11-02,2.3270791634200325,2.3418074981095085,2.3197149960752945,2.3344433307647705,144823849,7.792007524997792,0.0,0.60510638
2020-11-03,2.349171293176626,2.356535459354351,2.3344429608211765,2.3418071269989014,160954920,7.76750561149374,0.0,0.60701524
2020-11-04,2.349171665454247,2.349171665454247,2.3344433307647705,2.3344433307647705,119375737,7.792007524997792,0.0,0.60510638
2020-11-05,2.349171293176626,2.349171293176626,2.3344429608211765,2.3418071269989014,134203551,7.76750561149374,0.0,0.60701524
2020-11-06,2.3491715062956704,2.3565356731414795,2.3344431726040527,2.3565356731414795,153600891,7.718958048172066,0.0,0.61083294
2020-11-09,2.3565357790360393,2.3712641133894974,2.3491716118593104,2.3638999462127686,187192263,7.6949111273268604,0.0,0.6127418
2020-11-10,2.3712641133894974,2.3786282805662267,2.3638999462127686,2.3638999462127686,157541147,7.6949111273268604,0.0,0.6127418
2020-11-11,2.3712640868424826,2.3859924210310526,2.3565357526539126,2.3786282539367676,244281435,7.6472647501325595,0.0,0.6165595
2020-11-12,2.3786282805662267,2.3786282805662267,2.3638999462127686,2.3638999462127686,127584149,7.6949111273268604,0.0,0.6127418
2020-11-13,2.3638996255320754,2.3638996255320754,2.3418071269989014,2.3418071269989014,154093460,7.76750561149374,0.0,0.60701524
2020-11-16,2.3491718769073486,2.3565360449149484,2.341807708899749,2.3491718769073486,108945517,7.74315416373317,0.0,0.60892409
2020-11-17,2.3491718769073486,2.3565360449149484,2.341807708899749,2.3491718769073486,123346530,7.74315416373317,0.0,0.60892409
2020-11-18,2.3565357790360393,2.3786282805662267,2.3491716118593104,2.3638999462127686,204092112,7.6949111273268604,0.0,0.6127418
2020-11-19,2.3638999197481976,2.3786282539367676,2.3565357526539126,2.3786282539367676,143500394,7.6472647501325595,0.0,0.6165595
2020-11-20,2.3712640068330972,2.378628173678906,2.3565356731414795,2.3565356731414795,127999308,7.718958048172066,0.0,0.61083294
2020-11-23,2.35653585732256,2.3859925270080566,2.35653585732256,2.3859925270080566,249323252,7.623661765114396,0.0,0.61846835
2020-11-24,2.3786282539367676,2.3933565881253376,2.3786282539367676,2.3786282539367676,128675905,7.6472647501325595,0.0,0.6165595
2020-11-25,2.3859927941946837,2.3933569624407074,2.363900289456613,2.3712644577026367,153247443,7.671012796954374,0.0,0.61465065
2020-11-26,2.3712640868424826,2.3859924210310526,2.3638999197481976,2.3786282539367676,136631201,7.6472647501325595,0.0,0.6165595
2020-11-27,2.38599265382047,2.444905996322632,2.3786284860077,2.444905996322632,578934062,7.439958848053655,0.0,0.63373918
2020-11-30,2.4596344954575162,2.5406405223586432,2.422813653945923,2.422813653945923,750705220,7.507799855087824,0.0,0.62801262
2020-12-01,2.4154490378551605,2.4890908828018623,2.4080848709180493,2.474362373352051,409982894,7.351388865228245,0.0,0.64137459
2020-12-02,2.4743625332140136,2.4743625332140136,2.437541696149561,2.452270030975342,244126446,7.417617052868068,0.0,0.63564803
2020-12-03,2.4449058907461114,2.4596342257356496,2.422813388261805,2.4375417232513428,231280748,7.462436366314609,0.0,0.63183033
2020-12-04,2.4375417784494666,2.4375417784494666,2.4007209401418144,2.4080851078033447,201699058,7.553719734014268,0.0,0.62419491
2020-12-07,2.4080850292721796,2.4154491966935536,2.3786283595866826,2.3859925270080566,264575580,7.623661765114396,0.0,0.61846835
2020-12-08,2.3859927941946837,2.4007211306867307,2.363900289456613,2.3712644577026367,195223444,7.671012796954374,0.0,0.61465065
2020-12-09,2.3786282539367676,2.3859924210310526,2.3712640868424826,2.3786282539367676,143305533,7.6472647501325595,0.0,0.6165595
2020-12-10,2.3786282539367676,2.3933565881253376,2.3712640868424826,2.3786282539367676,193437946,7.6472647501325595,0.0,0.6165595
2020-12-11,2.3859927941946837,2.3859927941946837,2.363900289456613,2.3712644577026367,208543599,7.671012796954374,0.0,0.61465065
2020-12-14,2.37862862594866,2.3859927941946837,2.3712644577026367,2.3712644577026367,139590321,7.671012796954374,0.0,0.61465065
2020-12-15,2.3712643809301484,2.378628548937748,2.341807708899749,2.3491718769073486,187867461,7.74315416373317,0.0,0.60892409
2020-12-16,2.349171293176626,2.349171293176626,2.3270787946434517,2.3418071269989014,209685906,7.76750561149374,0.0,0.60701524
2020-12-17,2.3344429608211765,2.349171293176626,2.3270787946434517,2.3418071269989014,176380111,7.76750561149374,0.0,0.60701524
2020-12-18,2.3418074981095085,2.349171665454247,2.3270791634200325,2.3344433307647705,163284776,7.792007524997792,0.0,0.60510638
2020-12-21,2.3344433307647705,2.3418074981095085,2.3270791634200325,2.3344433307647705,137205954,7.792007524997792,0.0,0.60510638
2020-12-22,2.327079429646577,2.334443597833803,2.3123510932721243,2.3197152614593506,266340713,7.8414796428750195,0.0,0.60128868
2020-12-23,2.319714677885516,2.319714677885516,2.3049863452162906,2.3123505115509033,234051821,7.866454462303767,0.0,0.59937983
2020-12-24,2.319714677885516,2.319714677885516,2.3049863452162906,2.3123505115509033,89172343,7.866454462303767,0.0,0.59937983
2020-12-25,2.3123510932721243,2.3197152614593506,2.304986925084898,2.3197152614593506,120116303,7.8414796428750195,0.0,0.60128868
2020-12-28,2.319714677885516,2.319714677885516,2.3049863452162906,2.3123505115509033,162816555,7.866454462303767,0.0,0.59937983
2020-12-29,2.3123505115509033,2.319714677885516,2.3049863452162906,2.3123505115509033,163133678,7.866454462303767,0.0,0.59937983
2020-12-30,2.312350882833814,2.312350882833814,2.297622372224128,2.3049867153167725,244114200,7.891585612674633,0.0,0.59747097
2020-12-31,2.3049863452162906,2.327078844220129,2.297622003306103,2.3123505115509033,259822373,7.866454462303767,0.0,0.58302221
2021-01-04,2.3049867153167725,2.312350882833814,2.297622372224128,2.3049867153167725,253791724,7.891585612674633,0.0,0.58116545
2021-01-05,2.3049867153167725,2.3049867153167725,2.290258204707087,2.3049867153167725,212200506,7.891585612674633,0.0,0.58116545
2021-01-06,2.3049867153167725,2.312350882833814,2.297622372224128,2.3049867153167725,223077047,7.891585612674633,0.0,0.58116545
2021-01-07,2.3049863452162906,2.319714677885516,2.297622003306103,2.3123505115509033,265171731,7.866454462303767,0.0,0.58302221
2021-01-08,2.3123505115509033,2.319714677885516,2.3049863452162906,2.3123505115509033,194969059,7.866454462303767,0.0,0.58302221
2021-01-11,2.3123510932721243,2.327079429646577,2.304986925084898,2.3197152614593506,287207519,7.8414796428750195,0.0,0.58487897
2021-01-12,2.3197152614593506,2.327079429646577,2.304986925084898,2.3197152614593506,235845629,7.8414796428750195,0.0,0.58487897
2021-01-13,2.31971465301923,2.3344429855305746,2.312350486763558,2.3270788192749023,235177366,7.816666908458153,0.0,0.58673573
2021-01-14,2.3270787946434517,2.356535459354351,2.3270787946434517,2.3418071269989014,241565920,7.76750561149374,0.0,0.59044924
2021-01-15,2.3418073394498613,2.385992340524715,2.3344431726040527,2.3565356731414795,445389509,7.718958048172066,0.0,0.59416276
2021-01-18,2.3491718769073486,2.363900212922548,2.327079372884549,2.3491718769073486,298821506,7.74315416373317,0.0,0.592306
2021-01-19,2.3418073394498613,2.3712640068330972,2.3344431726040527,2.3565356731414795,321825623,7.718958048172066,0.0,0.59416276
2021-01-20,2.349171293176626,2.3638996255320754,2.3344429608211765,2.3418071269989014,193065581,7.76750561149374,0.0,0.59044924
2021-01-21,2.341807151786247,2.349171318041919,2.3270788192749023,2.3270788192749023,175611002,7.816666908458153,0.0,0.58673573
2021-01-22,2.327078844220129,2.334443010554742,2.3123505115509033,2.3123505115509033,164904192,7.866454462303767,0.0,0.58302221
2021-01-25,2.3123505115509033,2.319714677885516,2.3049863452162906,2.3123505115509033,171858466,7.866454462303767,0.0,0.58302221
2021-01-26,2.312350882833814,2.319715050350855,2.3049867153167725,2.3049867153167725,159395974,7.891585612674633,0.0,0.58116545
2021-01-27,2.3123510932721243,2.334443597833803,2.304986925084898,2.3197152614593506,167316787,7.8414796428750195,0.0,0.58487897
2021-01-28,2.3123505115509033,2.319714677885516,2.3049863452162906,2.3123505115509033,137600722,7.866454462303767,0.0,0.58302221
2021-01-29,2.3123510932721243,2.334443597833803,2.304986925084898,2.3197152614593506,234836660,7.8414796428750195,0.0,0.58487897
2021-02-01,2.3197149960752945,2.3418074981095085,2.312350828730556,2.3344433307647705,212143605,7.792007524997792,0.0,0.58859249
2021-02-02,2.3418077660210295,2.3491719342082558,2.3197152614593506,2.3197152614593506,157196193,7.8414796428750195,0.0,0.58487897
2021-02-03,2.319714677885516,2.327078844220129,2.3123505115509033,2.3123505115509033,152066367,7.866454462303767,0.0,0.58302221
2021-02-04,2.3123510932721243,2.327079429646577,2.304986925084898,2.3197152614593506,188994996,7.8414796428750195,0.0,0.58487897
2021-02-05,2.319715204876949,2.363900212922548,2.3123510368693494,2.3491718769073486,437397816,7.74315416373317,0.0,0.592306
2021-02-08,2.349171293176626,2.356535459354351,2.3270787946434517,2.3418071269989014,282975356,7.76750561149374,0.0,0.59044924
2021-02-09,2.3344429855305746,2.341807151786247,2.312350486763558,2.3270788192749023,315499247,7.816666908458153,0.0,0.58673573
2021-02-10,2.3344432775058523,2.3786282805662267,2.3344432775058523,2.3638999462127686,389293614,7.6949111273268604,0.0,0.59601952
2021-02-18,2.3859927941946837,2.4007211306867307,2.363900289456613,2.3712644577026367,371403378,7.671012796954374,0.0,0.59787628
2021-02-19,2.3712640868424826,2.3859924210310526,2.3638999197481976,2.3786282539367676,235821273,7.6472647501325595,0.0,0.59973304
2021-02-22,2.38599250005568,2.4080850020702433,2.363899998041116,2.4007208347320557,403266343,7.576890964096701,0.0,0.60530331
2021-02-23,2.385992156962927,2.4228129883592304,2.385992156962927,2.3933563232421875,405909706,7.600205545390211,0.0,0.60344656
2021-02-24,2.3933569624407074,2.4007211306867307,2.3712644577026367,2.3712644577026367,317561432,7.671012796954374,0.0,0.59787628
2021-02-25,2.378628437157223,2.4080851078033447,2.378628437157223,2.4080851078033447,309709272,7.553719734014268,0.0,0.60716007
2021-02-26,2.3933566673938675,2.4154491694084315,2.38599250005568,2.4007208347320557,380885823,7.576890964096701,0.0,0.60530331
2021-03-01,2.4007204895214485,2.41544882207997,2.385992156962927,2.3933563232421875,215737184,7.600205545390211,0.0,0.60344656
2021-03-02,2.400720782096414,2.400720782096414,2.3638999462127686,2.3638999462127686,256137101,7.6949111273268604,0.0,0.59601952
2021-03-03,2.363899738333559,2.4228130705666064,2.363899738333559,2.4154489040374756,364578628,7.530691280446884,0.0,0.60901683
2021-03-04,2.408084712404393,2.452269711118556,2.408084712404393,2.4301772117614746,453185406,7.485050848129414,0.0,0.61273035
2021-03-05,2.4301770323192,2.474362027770779,2.4228128664106032,2.4669978618621826,437777386,7.37333431909402,0.0,0.62201414
2021-03-08,2.474362373352051,2.503819216676085,2.452269872540717,2.474362373352051,456822788,7.351388865228245,0.0,0.6238709
2021-03-09,2.4817267006269037,2.5111835458540663,2.452270030975342,2.452270030975342,387930235,7.417617052868068,0.0,0.61830062
2021-03-10,2.452269872540717,2.481726540289162,2.4375415386664945,2.474362373352051,206706777,7.351388865228245,0.0,0.6238709
2021-03-11,2.4964550865402986,2.5259117547229772,2.4596340757363584,2.489090919494629,398670980,7.307888939506153,0.0,0.62758442
2021-03-12,2.4817265768733674,2.5038192535859682,2.4596340757363584,2.489090919494629,222746942,7.307888939506153,0.0,0.62758442
2021-03-15,2.4890908673767274,2.5332758687255765,2.47436235801819,2.518547534942627,310914793,7.222416788895101,0.0,0.63501145
2021-03-16,2.5185476675691882,2.533276002127731,2.496455165731374,2.511183500289917,218045807,7.243596494601036,0.0,0.63315469
2021-03-17,2.503819227218628,2.5111833941867467,2.4669982168024447,2.503819227218628,224101293,7.264901476216553,0.0,0.63129793
2021-03-18,2.496455192565918,2.5185476946412058,2.4890910252074887,2.496455192565918,175002219,7.286331456766053,0.0,0.62944118
2021-03-19,2.4964553182684024,2.511183653726868,2.4449059685881656,2.459634304046631,269543900,7.395408321502718,0.0,0.62015738
2021-03-22,2.4596341801981723,2.496455192565918,2.452270012839743,2.496455192565918,209832595,7.286331456766053,0.0,0.62944118
2021-03-23,2.496455192565918,2.5185476946412058,2.474362514915031,2.496455192565918,176861044,7.286331456766053,0.0,0.62944118
2021-03-24,2.4964550602505096,2.503819227218628,2.474362383770563,2.503819227218628,223654717,7.264901476216553,0.0,0.63129793
2021-03-25,2.5038194859976355,2.511183653726868,2.459634304046631,2.459634304046631,232617936,7.395408321502718,0.0,0.62015738
2021-03-26,2.466998365801123,2.4743625332140136,2.437541696149561,2.452270030975342,213906069,7.417617052868068,0.0,0.61830062
2021-03-29,2.444905741645019,2.4964550865402986,2.4375415745993494,2.489090919494629,252092496,7.307888939506153,0.0,0.62758442
2021-03-30,2.489090919494629,2.4964550865402986,2.466998242782028,2.489090919494629,207678889,7.307888939506153,0.0,0.62758442
2021-03-31,2.481726550738682,2.503819227218628,2.474362383770563,2.503819227218628,215634028,7.264901476216553,0.0,0.61202587
2021-04-01,2.4964550865402986,2.5038192535859682,2.4817265768733674,2.489090919494629,131927119,7.307888939506153,0.0,0.60842572
2021-04-02,2.4890905351635366,2.496454701072133,2.4522695300449895,2.4669978618621826,222853120,7.37333431909402,0.0,0.60302549
2021-04-06,2.459634304046631,2.4669984717758635,2.452270136317398,2.459634304046631,98961506,7.395408321502718,0.0,0.60122541
2021-04-07,2.4522695300449895,2.4669978618621826,2.4375411982277964,2.4669978618621826,179495928,7.37333431909402,0.0,0.60302549
2021-04-08,2.459634304046631,2.4669984717758635,2.452270136317398,2.459634304046631,136878645,7.395408321502718,0.0,0.60122541
2021-04-09,2.459634039477828,2.474362373352051,2.452269872540717,2.474362373352051,168993883,7.351388865228245,0.0,0.60482557
2021-04-12,2.474362383770563,2.503819227218628,2.4669982168024447,2.503819227218628,192694200,7.264901476216553,0.0,0.61202587
2021-04-13,2.5038193599243472,2.5111835272827765,2.4817266822734605,2.496455192565918,174065200,7.286331456766053,0.0,0.61022579
2021-04-14,2.496454701072133,2.496454701072133,2.459633695953586,2.4669978618621826,169921172,7.37333431909402,0.0,0.60302549
2021-04-15,2.459633695953586,2.474362027770779,2.4522695300449895,2.4669978618621826,129151123,7.37333431909402,0.0,0.60302549
2021-04-16,2.4669978618621826,2.474362027770779,2.459633695953586,2.4669978618621826,86774400,7.37333431909402,0.0,0.60302549
2021-04-19,2.4669978618621826,2.4817261936793757,2.459633695953586,2.4669978618621826,157188622,7.37333431909402,0.0,0.60302549
2021-04-20,2.466998365801123,2.466998365801123,2.452270030975342,2.452270030975342,160963782,7.417617052868068,0.0,0.59942534
2021-04-21,2.452270030975342,2.4596341983882324,2.444905863562451,2.452270030975342,111339053,7.417617052868068,0.0,0.59942534
2021-04-22,2.4596338775709166,2.4596338775709166,2.422813045309114,2.4301772117614746,192221877,7.485050848129414,0.0,0.59402511
2021-04-23,2.4301775040848073,2.4375416714229954,2.4007208347320557,2.4007208347320557,200712826,7.576890964096701,0.0,0.58682481
2021-04-26,2.4080850292721796,2.4154491966935536,2.3859925270080566,2.3859925270080566,183402970,7.623661765114396,0.0,0.58322465
2021-04-27,2.3859924210310526,2.3933565881253376,2.3712640868424826,2.3786282539367676,135003064,7.6472647501325595,0.0,0.58142458
2021-04-28,2.3859927941946837,2.3859927941946837,2.363900289456613,2.3712644577026367,159644455,7.671012796954374,0.0,0.5796245
2021-04-29,2.3712640868424826,2.3859924210310526,2.3638999197481976,2.3786282539367676,285228224,7.6472647501325595,0.0,0.58142458
2021-04-30,2.378628173678906,2.385992340524715,2.3491715062956704,2.3565356731414795,260285200,7.718958048172066,0.0,0.57602435
2021-05-06,2.3565357790360393,2.3712641133894974,2.3565357790360393,2.3638999462127686,152610095,7.6949111273268604,0.0,0.57782442
2021-05-07,2.3638996581251446,2.4007204895214485,2.3638996581251446,2.3933563232421875,220665130,7.600205545390211,0.0,0.58502473
2021-05-10,2.393356694429431,2.393356694429431,2.371264192165308,2.3859925270080566,150554246,7.623661765114396,0.0,0.58322465
2021-05-11,2.38599250005568,2.4080850020702433,2.3786283327174917,2.4007208347320557,161816273,7.576890964096701,0.0,0.58682481
2021-05-12,2.393356772480284,2.415449275464875,2.385992604818753,2.4080851078033447,131970748,7.553719734014268,0.0,0.58862488
2021-05-13,2.4007209401418144,2.4080851078033447,2.393356772480284,2.4080851078033447,105838097,7.553719734014268,0.0,0.58862488
2021-05-14,2.4080853173412855,2.422813653945923,2.400721149038967,2.422813653945923,141880300,7.507799855087824,0.0,0.59222503
2021-05-17,2.415449275464875,2.422813443126406,2.4007209401418144,2.4080851078033447,151239919,7.553719734014268,0.0,0.58862488
2021-05-18,2.408084655800709,2.408084655800709,2.385992156962927,2.3933563232421875,170160941,7.600205545390211,0.0,0.58502473
2021-05-19,2.393356694429431,2.393356694429431,2.3786283595866826,2.3859925270080566,155371942,7.623661765114396,0.0,0.58322465
2021-05-20,2.385992156962927,2.4007204895214485,2.378627990683666,2.3933563232421875,159066900,7.600205545390211,0.0,0.58502473
2021-05-21,2.393356694429431,2.400720861850805,2.3786283595866826,2.3859925270080566,117533798,7.623661765114396,0.0,0.58322465
2021-05-24,2.3859925270080566,2.393356694429431,2.3786283595866826,2.3859925270080566,93092807,7.623661765114396,0.0,0.58322465
2021-05-25,2.393356772480284,2.415449275464875,2.385992604818753,2.4080851078033447,382064232,7.553719734014268,0.0,0.58862488
2021-05-26,2.4080847375083447,2.4228130705666064,2.400720570979214,2.4154489040374756,236646078,7.530691280446884,0.0,0.59042496
2021-05-27,2.415449275464875,2.422813443126406,2.4080851078033447,2.4080851078033447,172984660,7.553719734014268,0.0,0.58862488
2021-05-28,2.4154489040374756,2.4228130705666064,2.400720570979214,2.4154489040374756,209558119,7.530691280446884,0.0,0.59042496
2021-05-31,2.4154491694084315,2.4154491694084315,2.3933566673938675,2.4007208347320557,187245978,7.576890964096701,0.0,0.58682481
2021-06-01,2.4007204895214485,2.4007204895214485,2.385992156962927,2.3933563232421875,178310087,7.600205545390211,0.0,0.58502473
2021-06-02,2.393356980736648,2.422813653945923,2.378628644132011,2.422813653945923,361495367,7.507799855087824,0.0,0.59222503
2021-06-03,2.422813653945923,2.43754199055056,2.415449485643604,2.422813653945923,267426255,7.507799855087824,0.0,0.59222503
2021-06-04,2.422813492884321,2.4522701641354017,2.422813492884321,2.444905996322632,281208513,7.439958848053655,0.0,0.59762526
2021-06-07,2.444905996322632,2.4522701641354017,2.422813492884321,2.444905996322632,280517455,7.439958848053655,0.0,0.59762526
2021-06-08,2.444905364136393,2.4669978618621826,2.4228128664106032,2.4669978618621826,368124274,7.37333431909402,0.0,0.60302549
2021-06-09,2.459633695953586,2.4817261936793757,2.459633695953586,2.4669978618621826,278743063,7.37333431909402,0.0,0.60302549
2021-06-10,2.459634331948172,2.4817268353864828,2.4375418285098616,2.444905996322632,254124399,7.439958848053655,0.0,0.59762526
2021-06-11,2.444905996322632,2.459634331948172,2.4301776606970913,2.444905996322632,201129402,7.439958848053655,0.0,0.59762526
2021-06-15,2.444905570153999,2.4522697366831303,2.4080847375083447,2.4154489040374756,220972569,7.530691280446884,0.0,0.59042496
2021-06-16,2.415449275464875,2.422813443126406,2.4007209401418144,2.4080851078033447,224681186,7.553719734014268,0.0,0.58862488
2021-06-17,2.412065951570871,2.4432902634838682,2.3964538886696074,2.4042599201202393,309272058,15.26457255842979,0.1851,0.55442344
2021-06-18,2.404260066218656,2.404260066218656,2.3808419704437256,2.3808419704437256,260288949,15.41471481753159,0.0,0.54902321
2021-06-21,2.3886476994333976,2.3886476994333976,2.3574235756934248,2.365229606628418,253213497,15.516463981826709,0.0,0.54542306
2021-06-22,2.365229638287304,2.38084170036626,2.3574236072478265,2.3730356693267822,198914404,15.465422822915931,0.0,0.54722313
2021-06-23,2.365229638287304,2.38084170036626,2.365229638287304,2.3730356693267822,177425824,15.465422822915931,0.0,0.54722313
2021-06-24,2.3730357322307136,2.3886477947235107,2.3652297009843153,2.3886477947235107,207003086,15.36434131522855,0.0,0.55082328
2021-06-25,2.3808415578588145,2.4042596495755366,2.3808415578588145,2.396453619003296,132684697,15.314295970085922,0.0,0.55262336
2021-06-28,2.3964540342936793,2.404260066218656,2.3730359385187487,2.3808419704437256,142609236,15.41471481753159,0.0,0.54902321
2021-06-29,2.373035637563411,2.3808416684984044,2.365229606628418,2.365229606628418,132939514,15.516463981826709,0.0,0.54542306
2021-06-30,2.365229606628418,2.3808416684984044,2.365229606628418,2.365229606628418,164799333,15.516463981826709,0.0,0.54776086
2021-07-01,2.3730356693267822,2.38084170036626,2.365229638287304,2.3730356693267822,110927527,15.465422822915931,0.0,0.54956865
2021-07-02,2.373035637563411,2.3808416684984044,2.365229606628418,2.365229606628418,130582829,15.516463981826709,0.0,0.54776086
2021-07-05,2.365229638287304,2.3730356693267822,2.3574236072478265,2.3730356693267822,149388107,15.465422822915931,0.0,0.54956865
2021-07-06,2.3730359385187487,2.3808419704437256,2.365229906593772,2.3808419704437256,131020315,15.41471481753159,0.0,0.55137644
2021-07-07,2.373035637563411,2.3808416684984044,2.365229606628418,2.365229606628418,113428662,15.516463981826709,0.0,0.54776086
2021-07-08,2.3730356055896866,2.380841636419503,2.3574235439300537,2.3574235439300537,176351173,15.567843162717185,0.0,0.54595307
2021-07-09,2.365229606628418,2.373035637563411,2.3574235756934248,2.365229606628418,195685650,15.516463981826709,0.0,0.54776086
2021-07-12,2.3730356055896866,2.3730356055896866,2.3574235439300537,2.3574235439300537,204729217,15.567843162717185,0.0,0.54595307
2021-07-13,2.3574235439300537,2.36522957475987,2.3496175131002373,2.3574235439300537,185575962,15.567843162717185,0.0,0.54595307
2021-07-14,2.3652299610914675,2.3652299610914675,2.326199800567282,2.334005832672119,297413002,15.724039540202645,0.0,0.54052969
2021-07-15,2.3340056255398167,2.349617688363992,2.3340056255398167,2.3418116569519043,158234441,15.671627515839006,0.0,0.54233749
2021-07-16,2.341811864776956,2.349617896881793,2.334005832672119,2.334005832672119,135014220,15.724039540202645,0.0,0.54052969
2021-07-19,2.3340056255398167,2.349617688363992,2.3340056255398167,2.3418116569519043,133880534,15.671627515839006,0.0,0.54233749
2021-07-20,2.3418116569519043,2.3418116569519043,2.3340056255398167,2.3418116569519043,103930321,15.671627515839006,0.0,0.54233749
2021-07-21,2.334005832672119,2.341811864776956,2.326199800567282,2.334005832672119,187615757,15.724039540202645,0.0,0.54052969
2021-07-22,2.3340056255398167,2.3418116569519043,2.326199594127729,2.3418116569519043,129534451,7.90413692965068,0.0,0.54233749
2021-07-23,2.334005832672119,2.341811864776956,2.326199800567282,2.334005832672119,163241891,7.930571441121279,0.0,0.54052969
2021-07-26,2.334005801975929,2.3418118339781038,2.3183937379715807,2.326199769973755,219835199,7.957184176064482,0.0,0.5387219
2021-07-27,2.326199948196076,2.334005980796311,2.3105878829956055,2.3105878829956055,227911352,8.01094826828329,0.0,0.53510632
2021-07-28,2.31058767537657,2.326199739174211,2.30278164347775,2.3183937072753906,306646937,7.9839761218784595,0.0,0.53691411
2021-07-29,2.318393645258682,2.326199676948692,2.302781581878662,2.302781581878662,163406246,8.038104936074362,0.0,0.53329853
2021-07-30,2.3027812793926237,2.310587310057258,2.2793631873987197,2.2871692180633545,191968801,8.092973556050751,0.0,0.52968294
2021-08-02,2.2793636928079044,2.3027817899943632,2.263751628016932,2.294975757598877,236233754,8.065444673527237,0.0,0.53149074
2021-08-03,2.287169425155001,2.287169425155001,2.271557362412138,2.2793633937835693,159535785,8.120688456470651,0.0,0.52787515
2021-08-04,2.271557362412138,2.287169425155001,2.271557362412138,2.2793633937835693,132448861,8.120688456470651,0.0,0.52787515
2021-08-05,2.2715572995422244,2.2793633306976084,2.263751268386841,2.263751268386841,152128600,8.176693375500705,0.0,0.52425957
2021-08-06,2.271557569503784,2.271557569503784,2.2637515374206987,2.271557569503784,102400332,8.148593832047787,0.0,0.52606736
2021-08-09,2.263751331040707,2.287169425155001,2.263751331040707,2.2793633937835693,167823486,8.120688456470651,0.0,0.52787515
2021-08-10,2.2793633937835693,2.287169425155001,2.271557362412138,2.2793633937835693,142364007,8.120688456470651,0.0,0.52787515
2021-08-11,2.279363486808632,2.3105876135686723,2.279363486808632,2.302781581878662,308205959,8.038104936074362,0.0,0.53329853
2021-08-12,2.294975757598877,2.3027817899943632,2.2871697252033907,2.294975757598877,121160392,8.065444673527237,0.0,0.53149074
2021-08-13,2.2871692180633545,2.294975248727989,2.2793631873987197,2.2871692180633545,90128249,8.092973556050751,0.0,0.52968294
2021-08-16,2.2871692180633545,2.294975248727989,2.2793631873987197,2.2871692180633545,101268763,8.092973556050751,0.0,0.52968294
2021-08-17,2.2871692180633545,2.3027812793926237,2.2871692180633545,2.2871692180633545,178037724,8.092973556050751,0.0,0.52968294
2021-08-18,2.2793637525946644,2.318393915595841,2.2793637525946644,2.3105878829956055,236552293,8.01094826828329,0.0,0.53510632
2021-08-19,2.3105878223898495,2.3105878223898495,2.2871697252033907,2.294975757598877,151186552,8.065444673527237,0.0,0.53149074
2021-08-20,2.2949758177951347,2.318393915595841,2.2871697851948998,2.3105878829956055,211841377,8.01094826828329,0.0,0.53510632
2021-08-23,2.3105876135686723,2.3105876135686723,2.302781581878662,2.302781581878662,127369000,8.038104936074362,0.0,0.53329853
2021-08-24,2.3027817899943632,2.3105878223898495,2.294975757598877,2.294975757598877,117760376,8.065444673527237,0.0,0.53149074
2021-08-25,2.294975248727989,2.294975248727989,2.2871692180633545,2.2871692180633545,109946575,8.092973556050751,0.0,0.52968294
2021-08-26,2.287169425155001,2.294975456526432,2.2793633937835693,2.2793633937835693,122231834,8.120688456470651,0.0,0.52787515
2021-08-27,2.2793631873987197,2.2871692180633545,2.2793631873987197,2.2871692180633545,128252501,8.092973556050751,0.0,0.52968294
2021-08-30,2.2793633937835693,2.287169425155001,2.271557362412138,2.2793633937835693,197291201,8.120688456470651,0.0,0.52787515
2021-08-31,2.2793637525946644,2.3105878829956055,2.271557719994429,2.3105878829956055,266424336,8.01094826828329,0.0,0.53510632
2021-09-01,2.3027817042527707,2.334005832672119,2.3027817042527707,2.334005832672119,338156721,7.930571441121279,0.0,0.54052969
2021-09-02,2.326199769973755,2.334005801975929,2.3183937379715807,2.326199769973755,160218107,7.957184176064482,0.0,0.5387219
2021-09-03,2.3340058934526153,2.3496179580688477,2.318393828836383,2.3496179580688477,217275144,7.877876459206747,0.0,0.54414528
2021-09-06,2.3418119257607315,2.357423990376964,2.3340058934526153,2.3496179580688477,160102315,7.877876459206747,0.0,0.54414528
2021-09-07,2.3496175131002373,2.3730356055896866,2.3340054514406043,2.3574235439300537,245622390,7.851792287245097,0.0,0.54595307
2021-09-08,2.365229638287304,2.38084170036626,2.3496175762083484,2.3730356693267822,208800294,7.8001355981518765,0.0,0.54956865
2021-09-09,2.365229638287304,2.38084170036626,2.3574236072478265,2.3730356693267822,171636994,7.8001355981518765,0.0,0.54956865
2021-09-10,2.3730356693267822,2.404259793484693,2.365229638287304,2.3730356693267822,326372357,7.8001355981518765,0.0,0.54956865
2021-09-13,2.365229606628418,2.3808416684984044,2.3574235756934248,2.365229606628418,233139516,7.825878700370908,0.0,0.54776086
2021-09-14,2.3730359931963045,2.3808420253011415,2.334005832672119,2.334005832672119,283614513,7.930571441121279,0.0,0.54052969
2021-09-15,2.334005801975929,2.3418118339781038,2.3183937379715807,2.326199769973755,200771159,7.957184176064482,0.0,0.5387219
2021-09-16,2.326199739174211,2.3418118029718515,2.3183937072753906,2.3183937072753906,263277400,7.9839761218784595,0.0,0.53691411
2021-09-17,2.3183937379715807,2.334005801975929,2.3183937379715807,2.326199769973755,189527408,7.957184176064482,0.0,0.5387219
2021-09-22,2.302781581878662,2.3105876135686723,2.294975550188652,2.302781581878662,231919577,8.038104936074362,0.0,0.53329853
2021-09-23,2.3105878829956055,2.326199948196076,2.30278185039537,2.3105878829956055,198436817,8.01094826828329,0.0,0.53510632
2021-09-24,2.3105878223898495,2.3183938547853358,2.294975757598877,2.294975757598877,172857251,8.065444673527237,0.0,0.53149074
2021-09-27,2.294975248727989,2.3027812793926237,2.2793631873987197,2.2871692180633545,230452993,8.092973556050751,0.0,0.52968294
2021-09-28,2.2871695184986423,2.3105876135686723,2.2871695184986423,2.302781581878662,216021109,8.038104936074362,0.0,0.53329853
2021-09-29,2.2949758177951347,2.318393915595841,2.2871697851948998,2.3105878829956055,248050713,8.01094826828329,0.0,0.53510632
2021-09-30,2.3027817899943632,2.3105878223898495,2.2871697252033907,2.294975757598877,206052263,8.065444673527237,0.0,0.51433285
2021-10-08,2.30278185039537,2.318393915595841,2.2949758177951347,2.3105878829956055,260039610,8.01094826828329,0.0,0.51783171
2021-10-11,2.3105877363576077,2.341811864776956,2.3027817042527707,2.334005832672119,308489727,7.930571441121279,0.0,0.52308
2021-10-12,2.326199769973755,2.334005801975929,2.3183937379715807,2.326199769973755,240611496,7.957184176064482,0.0,0.52133057
2021-10-13,2.326199948196076,2.326199948196076,2.3105878829956055,2.3105878829956055,142343745,8.01094826828329,0.0,0.51783171
2021-10-14,2.318393645258682,2.318393645258682,2.302781581878662,2.302781581878662,133277879,8.038104936074362,0.0,0.51608228
2021-10-15,2.3105876135686723,2.3105876135686723,2.302781581878662,2.302781581878662,161284978,8.038104936074362,0.0,0.51608228
2021-10-18,2.30278185039537,2.3105878829956055,2.2949758177951347,2.3105878829956055,201259136,8.01094826828329,0.0,0.51783171
2021-10-19,2.302781581878662,2.3105876135686723,2.302781581878662,2.302781581878662,148527619,8.038104936074362,0.0,0.51608228
2021-10-20,2.302781581878662,2.3105876135686723,2.294975550188652,2.302781581878662,148281400,8.038104936074362,0.0,0.51608228
2021-10-21,2.30278164347775,2.3183937072753906,2.2949756115789297,2.3183937072753906,235727462,7.9839761218784595,0.0,0.51958114
2021-10-22,2.318393915595841,2.326199948196076,2.30278185039537,2.3105878829956055,167106255,8.01094826828329,0.0,0.51783171
2021-10-25,2.3105878829956055,2.318393915595841,2.30278185039537,2.3105878829956055,143950637,8.01094826828329,0.0,0.51783171
2021-10-26,2.3105878223898495,2.3105878223898495,2.294975757598877,2.294975757598877,217735467,8.065444673527237,0.0,0.51433285
2021-10-27,2.294975757598877,2.3027817899943632,2.2871697252033907,2.294975757598877,161775136,8.065444673527237,0.0,0.51433285
2021-10-28,2.294975248727989,2.294975248727989,2.2793631873987197,2.2871692180633545,158669249,8.092973556050751,0.0,0.51258342
2021-10-29,2.294975757598877,2.294975757598877,2.2871697252033907,2.294975757598877,148746268,8.065444673527237,0.0,0.51433285
2021-11-01,2.2949758177951347,2.3105878829956055,2.2871697851948998,2.3105878829956055,267299329,8.01094826828329,0.0,0.51783171
2021-11-02,2.310587310057258,2.310587310057258,2.2793631873987197,2.2871692180633545,304074436,8.092973556050751,0.0,0.51258342
2021-11-03,2.2871692180633545,2.294975248727989,2.2793631873987197,2.2871692180633545,175212782,8.092973556050751,0.0,0.51258342
2021-11-04,2.287169425155001,2.294975456526432,2.2793633937835693,2.2793633937835693,175747451,8.120688456470651,0.0,0.51083398
2021-11-05,2.2793633937835693,2.287169425155001,2.2793633937835693,2.2793633937835693,140045753,8.120688456470651,0.0,0.51083398
2021-11-08,2.2793633937835693,2.287169425155001,2.2793633937835693,2.2793633937835693,133476075,8.120688456470651,0.0,0.51083398
2021-11-09,2.287169425155001,2.287169425155001,2.2793633937835693,2.2793633937835693,122066587,8.120688456470651,0.0,0.51083398
2021-11-10,2.27936360158687,2.2871696336699556,2.271557569503784,2.271557569503784,184956370,8.148593832047787,0.0,0.50908455
2021-11-11,2.271557660412418,2.294975757598877,2.271557660412418,2.294975757598877,228879063,8.065444673527237,0.0,0.51433285
2021-11-12,2.2871692180633545,2.294975248727989,2.2793631873987197,2.2871692180633545,150743726,8.092973556050751,0.0,0.51258342
2021-11-15,2.2871692180633545,2.294975248727989,2.2793631873987197,2.2871692180633545,142080997,8.092973556050751,0.0,0.51258342
2021-11-16,2.2871692180633545,2.294975248727989,2.2793631873987197,2.2871692180633545,144486097,8.092973556050751,0.0,0.51258342
2021-11-17,2.2871692180633545,2.294975248727989,2.2793631873987197,2.2871692180633545,177832960,8.092973556050751,0.0,0.51258342
2021-11-18,2.2871692180633545,2.294975248727989,2.2793631873987197,2.2871692180633545,144809838,8.092973556050751,0.0,0.51258342
2021-11-19,2.2871695184986423,2.302781581878662,2.2871695184986423,2.302781581878662,231489241,8.038104936074362,0.0,0.51608228
2021-11-22,2.294975757598877,2.3027817899943632,2.2871697252033907,2.294975757598877,184232654,8.065444673527237,0.0,0.51433285
2021-11-23,2.294975757598877,2.294975757598877,2.2871697252033907,2.294975757598877,145440185,8.065444673527237,0.0,0.51433285
2021-11-24,2.2871697252033907,2.294975757598877,2.2871697252033907,2.294975757598877,127755183,8.065444673527237,0.0,0.51433285
2021-11-25,2.287169425155001,2.294975456526432,2.2793633937835693,2.2793633937835693,147321479,8.120688456470651,0.0,0.51083398
2021-11-26,2.287169425155001,2.287169425155001,2.271557362412138,2.2793633937835693,204104801,8.120688456470651,0.0,0.51083398
2021-11-29,2.271557362412138,2.2793633937835693,2.271557362412138,2.2793633937835693,242686842,8.120688456470651,0.0,0.51083398
2021-11-30,2.27936360158687,2.27936360158687,2.271557569503784,2.271557569503784,196939872,8.148593832047787,0.0,0.50908455
2021-12-01,2.2715571567340853,2.2871692180633545,2.2715571567340853,2.2871692180633545,181093243,8.092973556050751,0.0,0.51258342
2021-12-02,2.2871692180633545,2.2871692180633545,2.2793631873987197,2.2871692180633545,180201694,8.092973556050751,0.0,0.51258342
2021-12-03,2.2793631873987197,2.2871692180633545,2.2793631873987197,2.2871692180633545,157691575,8.092973556050751,0.0,0.51258342
2021-12-06,2.2871692180633545,2.294975248727989,2.2793631873987197,2.2871692180633545,216585245,8.092973556050751,0.0,0.51258342
2021-12-07,2.294975757598877,2.3027817899943632,2.2871697252033907,2.294975757598877,302280664,8.065444673527237,0.0,0.51433285
2021-12-08,2.3027812793926237,2.3027812793926237,2.2871692180633545,2.2871692180633545,256122314,8.092973556050751,0.0,0.51258342
2021-12-09,2.294975550188652,2.302781581878662,2.2871695184986423,2.302781581878662,328748346,8.038104936074362,0.0,0.51608228
2021-12-10,2.294975757598877,2.3027817899943632,2.294975757598877,2.294975757598877,342293485,8.065444673527237,0.0,0.51433285
2021-12-13,2.294975248727989,2.3027812793926237,2.2871692180633545,2.2871692180633545,257586782,8.092973556050751,0.0,0.51258342
2021-12-14,2.2871692180633545,2.294975248727989,2.2793631873987197,2.2871692180633545,242429570,8.092973556050751,0.0,0.51258342
2021-12-15,2.2793631873987197,2.294975248727989,2.2793631873987197,2.2871692180633545,240547258,8.092973556050751,0.0,0.51258342
2021-12-16,2.2871697252033907,2.294975757598877,2.2793636928079044,2.294975757598877,252412362,8.065444673527237,0.0,0.51433285
2021-12-17,2.294975248727989,2.294975248727989,2.2871692180633545,2.2871692180633545,210258146,8.092973556050751,0.0,0.51258342
2021-12-20,2.294975757598877,2.294975757598877,2.2871697252033907,2.294975757598877,175776174,8.065444673527237,0.0,0.51433285
2021-12-21,2.294975757598877,2.3027817899943632,2.2871697252033907,2.294975757598877,276515519,8.065444673527237,0.0,0.51433285
2021-12-22,2.3027817899943632,2.3105878223898495,2.294975757598877,2.294975757598877,235006861,8.065444673527237,0.0,0.51433285
2021-12-23,2.294975757598877,2.3027817899943632,2.2871697252033907,2.294975757598877,164013232,8.065444673527237,0.0,0.51433285
2021-12-24,2.294975757598877,2.3027817899943632,2.2871697252033907,2.294975757598877,133179200,8.065444673527237,0.0,0.51433285
2021-12-27,2.294975757598877,2.294975757598877,2.2871697252033907,2.294975757598877,131071501,8.065444673527237,0.0,0.51433285
2021-12-28,2.294975550188652,2.3105876135686723,2.2871695184986423,2.302781581878662,294658456,8.038104936074362,0.0,0.51608228
2021-12-29,2.294975757598877,2.3027817899943632,2.2871697252033907,2.294975757598877,161999103,8.065444673527237,0.0,0.51433285
2021-12-30,2.294975757598877,2.294975757598877,2.2871697252033907,2.294975757598877,183023418,8.065444673527237,0.0,0.51433285
2021-12-31,2.294975757598877,2.294975757598877,2.2871697252033907,2.294975757598877,107307436,8.065444673527237,0.0,0.50077072
2022-01-04,2.294975757598877,2.3027817899943632,2.2871697252033907,2.294975757598877,231024414,8.065444673527237,0.0,0.50077072
2022-01-05,2.2949756115789297,2.3183937072753906,2.2949756115789297,2.3183937072753906,472465072,7.9839761218784595,0.0,0.50588062
2022-01-06,2.3105878829956055,2.318393915595841,2.3105878829956055,2.3105878829956055,221426817,8.01094826828329,0.0,0.50417732
2022-01-07,2.3105877363576077,2.341811864776956,2.3105877363576077,2.334005832672119,419049015,7.930571441121279,0.0,0.50928723
2022-01-10,2.334005832672119,2.349617896881793,2.326199800567282,2.334005832672119,313520683,7.930571441121279,0.0,0.50928723
2022-01-11,2.3340056255398167,2.349617688363992,2.326199594127729,2.3418116569519043,242776320,7.90413692965068,0.0,0.51099053
2022-01-12,2.3418118339781038,2.349617865980278,2.3183937379715807,2.326199769973755,253262375,7.957184176064482,0.0,0.50758392
2022-01-13,2.326199861144499,2.3496179580688477,2.326199861144499,2.3496179580688477,336983734,7.877876459206747,0.0,0.51269383
2022-01-14,2.3496178348706716,2.3496178348706716,2.31058767537657,2.3183937072753906,313231500,7.9839761218784595,0.0,0.50588062
2022-01-17,2.318393645258682,2.326199676948692,2.302781581878662,2.302781581878662,201754618,8.038104936074362,0.0,0.50247402
2022-01-18,2.3105877363576077,2.334005832672119,2.3027817042527707,2.334005832672119,297302007,7.930571441121279,0.0,0.50928723
2022-01-19,2.326199769973755,2.334005801975929,2.3183937379715807,2.326199769973755,215592347,7.957184176064482,0.0,0.50758392
2022-01-20,2.3340056255398167,2.349617688363992,2.326199594127729,2.3418116569519043,361103013,7.90413692965068,0.0,0.51099053
2022-01-21,2.3418116569519043,2.349617688363992,2.326199594127729,2.3418116569519043,228763781,7.90413692965068,0.0,0.51099053
2022-01-24,2.334005832672119,2.341811864776956,2.3183937684624447,2.334005832672119,287347150,7.930571441121279,0.0,0.50928723
2022-01-25,2.326199676948692,2.3340057086387023,2.302781581878662,2.302781581878662,274827986,8.038104936074362,0.0,0.50247402
2022-01-26,2.30278185039537,2.318393915595841,2.30278185039537,2.3105878829956055,231947200,8.01094826828329,0.0,0.50417732
2022-01-27,2.302781581878662,2.318393645258682,2.294975550188652,2.302781581878662,311217350,8.038104936074362,0.0,0.50247402
2022-01-28,2.30278185039537,2.326199948196076,2.30278185039537,2.3105878829956055,366889077,8.01094826828329,0.0,0.50417732
2022-02-07,2.326199594127729,2.349617688363992,2.3183935627156416,2.3418116569519043,350365400,7.90413692965068,0.0,0.51099053
2022-02-08,2.34181160724512,2.4042598572163074,2.34181160724512,2.3886477947235107,573849689,7.749154161985842,0.0,0.52121034
2022-02-09,2.3886480023687024,2.404260066218656,2.3730359385187487,2.3808419704437256,415602903,7.774560525136503,0.0,0.51950704
2022-02-10,2.3808418257683437,2.4042599201202393,2.373035794317712,2.4042599201202393,332191333,7.698834824428756,0.0,0.52461694
2022-02-11,2.3964538886696074,2.412065951570871,2.3886478572189755,2.4042599201202393,338708795,7.698834824428756,0.0,0.52461694
2022-02-14,2.404259793484693,2.404259793484693,2.365229638287304,2.3730356693267822,339775500,7.8001355981518765,0.0,0.51780374
2022-02-15,2.3730356055896866,2.380841636419503,2.3574235439300537,2.3574235439300537,312390766,7.851792287245097,0.0,0.51439713
2022-02-16,2.365229638287304,2.38084170036626,2.365229638287304,2.3730356693267822,184504168,7.8001355981518765,0.0,0.51780374
2022-02-17,2.3730356693267822,2.388647731405738,2.365229638287304,2.3730356693267822,267894278,7.8001355981518765,0.0,0.51780374
2022-02-18,2.365229906593772,2.3808419704437256,2.365229906593772,2.3808419704437256,187930048,7.774560525136503,0.0,0.51950704
2022-02-21,2.3808416684984044,2.3808416684984044,2.365229606628418,2.365229606628418,185332109,7.825878700370908,0.0,0.51610043
2022-02-22,2.36523002268508,2.36523002268508,2.3496179580688477,2.3496179580688477,196674954,7.877876459206747,0.0,0.51269383
2022-02-23,2.357423990376964,2.357423990376964,2.3418119257607315,2.3496179580688477,242722355,7.877876459206747,0.0,0.51269383
2022-02-24,2.3418118029718515,2.3496178348706716,2.3183937072753906,2.3183937072753906,339357797,7.9839761218784595,0.0,0.50588062
2022-02-25,2.326199739174211,2.334005771073031,2.31058767537657,2.3183937072753906,315008207,7.9839761218784595,0.0,0.50588062
2022-02-28,2.3105877059694064,2.326199769973755,2.3105877059694064,2.326199769973755,250824665,7.957184176064482,0.0,0.50758392
2022-03-01,2.3183935627156416,2.3418116569519043,2.3183935627156416,2.3418116569519043,211719687,7.90413692965068,0.0,0.51099053
2022-03-02,2.3340056255398167,2.3418116569519043,2.326199594127729,2.3418116569519043,190007191,7.90413692965068,0.0,0.51099053
2022-03-03,2.3418119257607315,2.357423990376964,2.3340058934526153,2.3496179580688477,223999685,7.877876459206747,0.0,0.51269383
2022-03-04,2.3574237197760795,2.3574237197760795,2.3340056255398167,2.3418116569519043,251834004,7.90413692965068,0.0,0.51099053
2022-03-07,2.334005771073031,2.3418118029718515,2.3183937072753906,2.3183937072753906,325604013,7.9839761218784595,0.0,0.50588062
2022-03-08,2.3183937072753906,2.326199739174211,2.31058767537657,2.3183937072753906,337625505,7.9839761218784595,0.0,0.50588062
2022-03-09,2.3183938547853358,2.326199887180822,2.2871697252033907,2.294975757598877,436928509,8.065444673527237,0.0,0.50077072
2022-03-10,2.3105878223898495,2.3183938547853358,2.294975757598877,2.294975757598877,222231860,8.065444673527237,0.0,0.50077072
2022-03-11,2.2949756115789297,2.326199739174211,2.2871695796801097,2.3183937072753906,372625107,7.9839761218784595,0.0,0.50588062
2022-03-14,2.31058767537657,2.3418118029718515,2.30278164347775,2.3183937072753906,399317547,7.9839761218784595,0.0,0.50588062
2022-03-15,2.318393340721893,2.318393340721893,2.2793631873987197,2.2871692180633545,476669895,8.092973556050751,0.0,0.49906742
2022-03-16,2.2871697252033907,2.3027817899943632,2.263751628016932,2.294975757598877,419432863,8.065444673527237,0.0,0.50077072
2022-03-17,2.3027812793926237,2.3027812793926237,2.2793631873987197,2.2871692180633545,407034154,8.092973556050751,0.0,0.49906742
2022-03-18,2.2871697851948998,2.318393915595841,2.2793637525946644,2.3105878829956055,412635930,8.01094826828329,0.0,0.50417732
2022-03-21,2.3105878223898495,2.3183938547853358,2.294975757598877,2.294975757598877,211464898,8.065444673527237,0.0,0.50077072
2022-03-22,2.3027817042527707,2.334005832672119,2.2949756721479337,2.334005832672119,391138100,7.930571441121279,0.0,0.50928723
2022-03-23,2.334005832672119,2.341811864776956,2.3183937684624447,2.334005832672119,232445190,7.930571441121279,0.0,0.50928723
2022-03-24,2.326199800567282,2.341811864776956,2.3183937684624447,2.334005832672119,194144215,7.930571441121279,0.0,0.50928723
2022-03-25,2.334005801975929,2.3418118339781038,2.326199769973755,2.326199769973755,202145451,7.957184176064482,0.0,0.50758392
2022-03-28,2.3261994206107874,2.3574235439300537,2.3105873589511545,2.3574235439300537,358056734,7.851792287245097,0.0,0.51439713
2022-03-29,2.3496175447584315,2.365229606628418,2.3418115138234388,2.365229606628418,212065525,7.825878700370908,0.0,0.51610043
2022-03-30,2.3730359385187487,2.3808419704437256,2.357423874668795,2.3808419704437256,393457892,7.774560525136503,0.0,0.51950704
2022-03-31,2.3808418257683437,2.412065951570871,2.373035794317712,2.4042599201202393,537523806,7.698834824428756,0.0,0.50899796
2022-04-01,2.3964538886696074,2.412065951570871,2.3886478572189755,2.4042599201202393,326442141,7.698834824428756,0.0,0.50899796
2022-04-06,2.3964537144489735,2.427677837981527,2.3964537144489735,2.4198718070983887,473153317,7.649165524265893,0.0,0.51230315
2022-04-07,2.4198720143703607,2.427678045922118,2.3964539197150896,2.4120659828186035,379481184,7.673919425027612,0.0,0.51065055
2022-04-08,2.41206577621525,2.4198718070983887,2.3964537144489735,2.4198718070983887,287115350,7.649165524265893,0.0,0.51230315
2022-04-11,2.419871710720018,2.419871710720018,2.396453619003296,2.396453619003296,348035779,7.723913308073309,0.0,0.50734537
2022-04-12,2.3964538886696074,2.412065951570871,2.3886478572189755,2.4042599201202393,401061660,7.698834824428756,0.0,0.50899796
2022-04-13,2.4042596495755366,2.4120656801477773,2.388647588431055,2.396453619003296,346660989,7.723913308073309,0.0,0.50734537
2022-04-14,2.4120656801477773,2.419871710720018,2.396453619003296,2.396453619003296,330050226,7.723913308073309,0.0,0.50734537
2022-04-15,2.396453619003296,2.4042596495755366,2.388647588431055,2.396453619003296,349508652,7.723913308073309,0.0,0.50734537
2022-04-18,2.388647731405738,2.3964537624452156,2.3730356693267822,2.3730356693267822,274075853,7.8001355981518765,0.0,0.5023876
2022-04-19,2.3730357322307136,2.3886477947235107,2.3652297009843153,2.3886477947235107,248261290,7.749154161985842,0.0,0.50569278
2022-04-20,2.3808417634771124,2.4042598572163074,2.3808417634771124,2.3886477947235107,300254664,7.749154161985842,0.0,0.50569278
2022-04-21,2.388647588431055,2.4120656801477773,2.388647588431055,2.396453619003296,415564827,7.723913308073309,0.0,0.50734537
2022-04-22,2.3964539197150896,2.4198720143703607,2.3964539197150896,2.4120659828186035,332052994,7.673919425027612,0.0,0.51065055
2022-04-25,2.4042598572163074,2.4198719197091045,2.3886477947235107,2.3886477947235107,528144423,7.749154161985842,0.0,0.50569278
2022-04-26,2.388647588431055,2.4120656801477773,2.3808415578588145,2.396453619003296,462329568,7.723913308073309,0.0,0.50734537
2022-04-27,2.3964537303683904,2.3964537303683904,2.3496175447584315,2.365229606628418,462516555,7.825878700370908,0.0,0.50073501
2022-04-28,2.357423669737917,2.3886477947235107,2.357423669737917,2.3886477947235107,453661053,7.749154161985842,0.0,0.50569278
2022-04-29,2.3886477947235107,2.4042598572163074,2.3730357322307136,2.3886477947235107,399406129,7.749154161985842,0.0,0.50569278
2022-05-05,2.3964538886696074,2.412065951570871,2.3808418257683437,2.4042599201202393,376936200,7.698834824428756,0.0,0.50899796
2022-05-06,2.3964540342936793,2.3964540342936793,2.3808419704437256,2.3808419704437256,239738115,7.774560525136503,0.0,0.50404019
2022-05-09,2.3808415578588145,2.396453619003296,2.3808415578588145,2.396453619003296,218089813,7.723913308073309,0.0,0.50734537
2022-05-10,2.3886478881633324,2.4198720143703607,2.3886478881633324,2.4120659828186035,389746195,7.673919425027612,0.0,0.51065055
2022-05-11,2.412066098143633,2.412066098143633,2.3730359385187487,2.3808419704437256,431728741,7.774560525136503,0.0,0.50404019
2022-05-12,2.3808416684984044,2.3808416684984044,2.365229606628418,2.365229606628418,228867769,7.825878700370908,0.0,0.50073501
2022-05-13,2.3730359385187487,2.3808419704437256,2.365229906593772,2.3808419704437256,202560612,7.774560525136503,0.0,0.50404019
2022-05-16,2.38084170036626,2.38084170036626,2.365229638287304,2.3730356693267822,310214692,7.8001355981518765,0.0,0.5023876
2022-05-17,2.3730356055896866,2.380841636419503,2.3496175131002373,2.3574235439300537,459353260,7.851792287245097,0.0,0.49908242
2022-05-18,2.3574235439300537,2.36522957475987,2.3496175131002373,2.3574235439300537,196547407,7.851792287245097,0.0,0.49908242
2022-05-19,2.3496175131002373,2.3574235439300537,2.341811482270421,2.3574235439300537,284091400,7.851792287245097,0.0,0.49908242
2022-05-20,2.3574235439300537,2.36522957475987,2.3496175131002373,2.3574235439300537,362682300,7.851792287245097,0.0,0.49908242
2022-05-23,2.357423990376964,2.36523002268508,2.3496179580688477,2.3496179580688477,272528407,7.877876459206747,0.0,0.49742983
2022-05-24,2.3496175447584315,2.365229606628418,2.3496175447584315,2.365229606628418,396047839,7.825878700370908,0.0,0.50073501
2022-05-25,2.3574235756934248,2.365229606628418,2.3574235756934248,2.365229606628418,254075172,7.825878700370908,0.0,0.50073501
2022-05-26,2.365229638287304,2.3730356693267822,2.3574236072478265,2.3730356693267822,299335190,7.8001355981518765,0.0,0.5023876
2022-05-27,2.3730356693267822,2.3730356693267822,2.365229638287304,2.3730356693267822,223678800,7.8001355981518765,0.0,0.5023876
2022-05-30,2.3730356055896866,2.3730356055896866,2.3574235439300537,2.3574235439300537,360547459,7.851792287245097,0.0,0.49908242
2022-05-31,2.3574235756934248,2.365229606628418,2.3496175447584315,2.365229606628418,374277205,7.825878700370908,0.0,0.50073501
2022-06-01,2.36523002268508,2.36523002268508,2.3496179580688477,2.3496179580688477,255056486,7.877876459206747,0.0,0.49742983
2022-06-02,2.3496179580688477,2.357423990376964,2.3496179580688477,2.3496179580688477,248773937,7.877876459206747,0.0,0.49742983
2022-06-06,2.349617896881793,2.35742392898663,2.334005832672119,2.334005832672119,485609968,7.930571441121279,0.0,0.49412465
2022-06-07,2.341811864776956,2.341811864776956,2.334005832672119,2.334005832672119,287600299,7.930571441121279,0.0,0.49412465
2022-06-08,2.341811864776956,2.341811864776956,2.326199800567282,2.334005832672119,334912194,7.930571441121279,0.0,0.49412465
2022-06-09,2.3340056255398167,2.3418116569519043,2.326199594127729,2.3418116569519043,306906421,7.90413692965068,0.0,0.49577724
2022-06-10,2.341811482270421,2.36522957475987,2.3340054514406043,2.3574235439300537,574591777,7.851792287245097,0.0,0.49908242
2022-06-13,2.349617688363992,2.3574237197760795,2.3340056255398167,2.3418116569519043,344440962,7.90413692965068,0.0,0.49577724
2022-06-14,2.3340054514406043,2.3574235439300537,2.3340054514406043,2.3574235439300537,368205980,7.851792287245097,0.0,0.49908242
2022-06-15,2.3574235756934248,2.3808416684984044,2.3496175447584315,2.365229606628418,526833668,7.825878700370908,0.0,0.50073501
2022-06-16,2.3730357826002546,2.3730357826002546,2.3418116569519043,2.3418116569519043,373659181,7.90413692965068,0.0,0.49577724
2022-06-17,2.3418119257607315,2.357423990376964,2.3418119257607315,2.3496179580688477,304867389,7.877876459206747,0.0,0.49742983
2022-06-20,2.349617688363992,2.3574237197760795,2.3418116569519043,2.3418116569519043,284048633,7.90413692965068,0.0,0.49577724
2022-06-21,2.3418119257607315,2.357423990376964,2.3340058934526153,2.3496179580688477,343795371,7.877876459206747,0.0,0.49742983
2022-06-22,2.357423990376964,2.36523002268508,2.3496179580688477,2.3496179580688477,314131339,7.877876459206747,0.0,0.49742983
2022-06-23,2.3574235439300537,2.36522957475987,2.3496175131002373,2.3574235439300537,341626440,7.851792287245097,0.0,0.49908242
2022-06-24,2.36523002268508,2.36523002268508,2.3496179580688477,2.3496179580688477,343710070,7.877876459206747,0.0,0.49742983
2022-06-27,2.3496179580688477,2.357423990376964,2.3418119257607315,2.3496179580688477,471793516,7.877876459206747,0.0,0.49742983
2022-06-28,2.3496179580688477,2.357423990376964,2.3418119257607315,2.3496179580688477,275002862,7.877876459206747,0.0,0.49742983
2022-06-29,2.3574235439300537,2.36522957475987,2.3496175131002373,2.3574235439300537,361608457,7.851792287245097,0.0,0.49908242
2022-06-30,2.3574235439300537,2.36522957475987,2.3496175131002373,2.3574235439300537,334237332,7.851792287245097,0.0,0.50101215
2022-07-01,2.357423990376964,2.357423990376964,2.3496179580688477,2.3496179580688477,208297761,0.0,0.0,0.49935317
2022-07-04,2.3496175131002373,2.3574235439300537,2.3496175131002373,2.3574235439300537,274738402,0.0,0.0,0.50101215
2022-07-05,2.3574235756934248,2.365229606628418,2.3496175447584315,2.365229606628418,259947901,0.0,0.0,0.50267113
2022-07-06,2.36522957475987,2.36522957475987,2.3496175131002373,2.3574235439300537,447248700,0.0,0.0,0.50101215
2022-07-07,2.3574235439300537,2.36522957475987,2.3496175131002373,2.3574235439300537,257336251,0.0,0.0,0.50101215
2022-07-08,2.365229606628418,2.373035637563411,2.3574235756934248,2.365229606628418,301241900,0.0,0.0,0.50267113
2022-07-11,2.365229638287304,2.38084170036626,2.365229638287304,2.3730356693267822,505724381,0.0,0.0,0.50433011
2022-07-12,2.3730356693267822,2.388647731405738,2.3730356693267822,2.3730356693267822,536453445,0.0,0.0,0.50433011
2022-07-13,2.373036054993196,2.3808420873013123,2.3496179580688477,2.3496179580688477,630665655,0.0,0.0,0.49935317
2022-07-14,2.349617772018722,2.349617772018722,2.294975550188652,2.302781581878662,870201818,0.0,0.0,0.48939929
2022-07-15,2.333673279814169,2.3420677800957037,2.3168842792510986,2.3168842792510986,572563337,8.925780275346566,0.2068,0.45787866
2022-07-18,2.325278698292695,2.3504621982574463,2.316884198304445,2.3504621982574463,287459943,8.798269555379983,0.0,0.46451458
2022-07-19,2.350462353511459,2.384040355682373,2.3420678529687304,2.384040355682373,362597698,8.674349807338249,0.0,0.4711505
2022-07-20,2.392434597015381,2.4008290966486023,2.3840400973821594,2.392434597015381,266088035,8.643914456762495,0.0,0.47280948
2022-07-21,2.400829157139533,2.400829157139533,2.36725115776062,2.36725115776062,273296120,8.73587068790915,0.0,0.46783254
2022-07-22,2.375645597748938,2.4008290966486023,2.3672510981157164,2.392434597015381,302244988,8.643914456762495,0.0,0.47280948
2022-07-25,2.392434814788211,2.400829315185547,2.384040314390875,2.400829315185547,167733964,8.613690223289263,0.0,0.47446846
2022-07-26,2.400829315185547,2.417618516120896,2.400829315185547,2.400829315185547,252623806,8.613690223289263,0.0,0.47446846
2022-07-27,2.4092238573105584,2.4092238573105584,2.384040355682373,2.384040355682373,192560416,8.674349807338249,0.0,0.4711505
2022-07-28,2.3840400973821594,2.4008290966486023,2.375645597748938,2.392434597015381,237532044,8.643914456762495,0.0,0.47280948
2022-07-29,2.4008290966486023,2.4008290966486023,2.375645597748938,2.392434597015381,230825942,8.643914456762495,0.0,0.47280948
2022-08-01,2.384040355682373,2.3924348562251017,2.3756458551396444,2.384040355682373,204907346,8.674349807338249,0.0,0.4711505
2022-08-02,2.3756456778415007,2.384040177757735,2.3504621780927994,2.358856678009033,297661384,8.766959092001606,0.0,0.46617356
2022-08-03,2.367251198233947,2.3756456982221974,2.3504621982574463,2.3504621982574463,215980460,8.798269555379983,0.0,0.46451458
2022-08-04,2.3588568131988668,2.400829315185547,2.3504623128015307,2.400829315185547,411016647,8.613690223289263,0.0,0.47446846
2022-08-05,2.400829315185547,2.400829315185547,2.384040314390875,2.400829315185547,191457657,8.613690223289263,0.0,0.47446846
2022-08-08,2.3924348562251017,2.4008293567678303,2.3756458551396444,2.384040355682373,244449546,8.674349807338249,0.0,0.4711505
2022-08-09,2.3924348562251017,2.3924348562251017,2.3756458551396444,2.384040355682373,150098748,8.674349807338249,0.0,0.4711505
2022-08-10,2.384040355682373,2.384040355682373,2.3672513545969163,2.384040355682373,117808216,8.674349807338249,0.0,0.4711505
2022-08-11,2.3840400973821594,2.4008290966486023,2.375645597748938,2.392434597015381,202809796,8.643914456762495,0.0,0.47280948
2022-08-12,2.384040137285935,2.3924346370596625,2.3588566379647515,2.375645637512207,270504182,8.705001989125046,0.0,0.46949152
2022-08-15,2.375645637512207,2.384040137285935,2.3672511377384793,2.375645637512207,175760280,8.705001989125046,0.0,0.46949152
2022-08-16,2.3756456576053484,2.3840401574500762,2.36725115776062,2.36725115776062,117202888,8.73587068790915,0.0,0.46783254
2022-08-17,2.375645637512207,2.384040137285935,2.3588566379647515,2.375645637512207,255128952,8.705001989125046,0.0,0.46949152
2022-08-18,2.3756456576053484,2.3840401574500762,2.3588566579158923,2.36725115776062,155213571,8.73587068790915,0.0,0.46783254
2022-08-19,2.3588566379647515,2.375645637512207,2.3588566379647515,2.375645637512207,133513856,8.705001989125046,0.0,0.46949152
2022-08-22,2.36725115776062,2.3756456576053484,2.36725115776062,2.36725115776062,140175002,8.73587068790915,0.0,0.46783254
2022-08-23,2.3756456576053484,2.3756456576053484,2.36725115776062,2.36725115776062,122992256,8.73587068790915,0.0,0.46783254
2022-08-24,2.36725115776062,2.3756456576053484,2.3588566579158923,2.36725115776062,181391119,8.73587068790915,0.0,0.46783254
2022-08-25,2.3672511377384793,2.375645637512207,2.3588566379647515,2.375645637512207,172536939,8.705001989125046,0.0,0.46949152
2022-08-26,2.3756456576053484,2.3756456576053484,2.36725115776062,2.36725115776062,126774909,8.73587068790915,0.0,0.46783254
2022-08-29,2.36725115776062,2.3756456576053484,2.3588566579158923,2.36725115776062,182687130,8.73587068790915,0.0,0.46783254
2022-08-30,2.36725115776062,2.3756456576053484,2.36725115776062,2.36725115776062,152284514,8.73587068790915,0.0,0.46783254
2022-08-31,2.375645597748938,2.392434597015381,2.3672510981157164,2.392434597015381,434219545,8.643914456762495,0.0,0.47280948
2022-09-01,2.384040137285935,2.3924346370596625,2.375645637512207,2.375645637512207,150496236,8.705001989125046,0.0,0.46949152
2022-09-02,2.384040137285935,2.3924346370596625,2.375645637512207,2.375645637512207,190654783,8.705001989125046,0.0,0.46949152
2022-09-05,2.3756458551396444,2.384040355682373,2.3672513545969163,2.384040355682373,153969150,8.674349807338249,0.0,0.4711505
2022-09-06,2.384040355682373,2.3924348562251017,2.3756458551396444,2.384040355682373,168132505,8.674349807338249,0.0,0.4711505
2022-09-07,2.3924346370596625,2.3924346370596625,2.3672511377384793,2.375645637512207,203958577,8.705001989125046,0.0,0.46949152
2022-09-08,2.375645637512207,2.384040137285935,2.375645637512207,2.375645637512207,166476486,8.705001989125046,0.0,0.46949152
2022-09-09,2.384040355682373,2.3924348562251017,2.3756458551396444,2.384040355682373,308136293,8.674349807338249,0.0,0.4711505
2022-09-13,2.392434597015381,2.4008290966486023,2.3840400973821594,2.392434597015381,314404432,8.643914456762495,0.0,0.47280948
2022-09-14,2.3840400973821594,2.4008290966486023,2.3840400973821594,2.392434597015381,295085924,8.643914456762495,0.0,0.47280948
2022-09-15,2.400829294611734,2.409223794937134,2.3924347942863347,2.409223794937134,397121729,8.583677466351617,0.0,0.47612744
2022-09-16,2.409223596281824,2.417618296055704,2.392434597015381,2.392434597015381,419139016,8.643914456762495,0.0,0.47280948
2022-09-19,2.3924347942863347,2.409223794937134,2.3924347942863347,2.409223794937134,292135824,8.583677466351617,0.0,0.47612744
2022-09-20,2.4092238573105584,2.417618557993967,2.384040355682373,2.384040355682373,269382560,8.674349807338249,0.0,0.4711505
2022-09-21,2.392434814788211,2.409223815582883,2.375645813993539,2.400829315185547,253244180,8.613690223289263,0.0,0.47446846
2022-09-22,2.400829315185547,2.409223815582883,2.392434814788211,2.400829315185547,196000075,8.613690223289263,0.0,0.47446846
2022-09-23,2.4008295489557554,2.4260132527405927,2.4008295489557554,2.417618751525879,419116350,8.553871443521784,0.0,0.47778642
2022-09-26,2.417618296055704,2.4260127956889255,2.392434597015381,2.392434597015381,366754675,8.643914456762495,0.0,0.47280948
2022-09-27,2.3924346370596625,2.40082913683339,2.375645637512207,2.375645637512207,239162491,8.705001989125046,0.0,0.46949152
2022-09-28,2.375645597748938,2.4008290966486023,2.375645597748938,2.392434597015381,251207652,8.643914456762495,0.0,0.47280948
2022-09-29,2.400829157139533,2.400829157139533,2.36725115776062,2.36725115776062,251312431,8.73587068790915,0.0,0.46783254
2022-09-30,2.375645813993539,2.400829315185547,2.375645813993539,2.400829315185547,260210009,8.613690223289263,0.0,0.4579865
2022-10-10,2.3924347942863347,2.4176184954032083,2.3924347942863347,2.409223794937134,620957911,8.583677466351617,0.0,0.45958785
2022-10-11,2.409223794937134,2.426012995728608,2.3924347942863347,2.409223794937134,393074736,8.583677466351617,0.0,0.45958785
2022-10-12,2.409223815582883,2.417618516120896,2.392434814788211,2.400829315185547,298419758,8.613690223289263,0.0,0.4579865
2022-10-13,2.400829315185547,2.409223815582883,2.392434814788211,2.400829315185547,219388382,8.613690223289263,0.0,0.4579865
2022-10-14,2.4008290966486023,2.409223596281824,2.3840400973821594,2.392434597015381,442767746,8.643914456762495,0.0,0.45638515
2022-10-17,2.392434597015381,2.4008290966486023,2.3840400973821594,2.392434597015381,175809703,8.643914456762495,0.0,0.45638515
2022-10-18,2.392434597015381,2.4008290966486023,2.3840400973821594,2.392434597015381,212057088,8.643914456762495,0.0,0.45638515
2022-10-19,2.384040355682373,2.3924348562251017,2.384040355682373,2.384040355682373,176381773,8.674349807338249,0.0,0.4547838
2022-10-20,2.3840400973821594,2.392434597015381,2.3840400973821594,2.392434597015381,218325380,8.643914456762495,0.0,0.45638515
2022-10-21,2.392434814788211,2.409223815582883,2.384040314390875,2.400829315185547,333806176,8.613690223289263,0.0,0.4579865
2022-10-24,2.4008290966486023,2.409223596281824,2.392434597015381,2.392434597015381,442983981,8.643914456762495,0.0,0.45638515
2022-10-25,2.392434597015381,2.4008290966486023,2.3840400973821594,2.392434597015381,320270082,8.643914456762495,0.0,0.45638515
2022-10-26,2.40082913683339,2.40082913683339,2.3672511377384793,2.375645637512207,535902607,8.705001989125046,0.0,0.45318244
2022-10-27,2.3756456982221974,2.3756456982221974,2.3336731982809455,2.3504621982574463,581566465,8.798269555379983,0.0,0.44837839
2022-10-28,2.3504621982574463,2.3588566982456967,2.342067698269196,2.3504621982574463,306746672,8.798269555379983,0.0,0.44837839
2022-10-31,2.3420677800957037,2.350462280377239,2.3168842792510986,2.3168842792510986,423520849,8.925780275346566,0.0,0.44197299
2022-11-01,2.325278842024893,2.325278842024893,2.2749118389820606,2.291700839996338,853481093,9.023865436133036,0.0,0.43716893
2022-11-02,2.283306121826172,2.2917006215330797,2.266517122412356,2.283306121826172,536492219,9.057042243402863,0.0,0.43556758
2022-11-03,2.283306121826172,2.2917006215330797,2.274911622119264,2.283306121826172,187457306,9.057042243402863,0.0,0.43556758
2022-11-04,2.2917005621025055,2.316884060570146,2.283306062613292,2.3084895610809326,402034948,8.958238472742648,0.0,0.44037163
2022-11-07,2.300095061591719,2.3084895610809326,2.300095061591719,2.3084895610809326,286722263,8.958238472742648,0.0,0.44037163
2022-11-08,2.308489841010615,2.308489841010615,2.291700839996338,2.291700839996338,271550563,9.023865436133036,0.0,0.43716893
2022-11-09,2.2917005621025055,2.3084895610809326,2.2917005621025055,2.3084895610809326,160843824,8.958238472742648,0.0,0.44037163
2022-11-10,2.3000952786880284,2.3252787795326335,2.291700778406493,2.3168842792510986,334545512,8.925780275346566,0.0,0.44197299
2022-11-11,2.325278718384293,2.3420677185058594,2.31688421832351,2.3420677185058594,408408303,8.829804465770517,0.0,0.44677704
2022-11-14,2.342067698269196,2.367251198233947,2.342067698269196,2.3504621982574463,330314584,8.798269555379983,0.0,0.44837839
2022-11-15,2.3588566982456967,2.3588566982456967,2.342067698269196,2.3504621982574463,186899992,8.798269555379983,0.0,0.44837839
2022-11-16,2.3504622185666424,2.3588567186274254,2.3420677185058594,2.3420677185058594,180113318,8.829804465770517,0.0,0.44677704
2022-11-17,2.3420677185058594,2.3504622185666424,2.333673218445076,2.3420677185058594,196005171,8.829804465770517,0.0,0.44677704
2022-11-18,2.3504622185666424,2.3588567186274254,2.3420677185058594,2.3420677185058594,271923903,8.829804465770517,0.0,0.44677704
2022-11-21,2.3420677185058594,2.3504622185666424,2.333673218445076,2.3420677185058594,192328742,8.829804465770517,0.0,0.44677704
2022-11-22,2.3420676781765652,2.3756456778415007,2.3420676781765652,2.358856678009033,325820338,8.766959092001606,0.0,0.44997974
2022-11-23,2.3756458551396444,2.3924348562251017,2.3672513545969163,2.384040355682373,345723467,8.674349807338249,0.0,0.4547838
2022-11-24,2.3924346370596625,2.40082913683339,2.375645637512207,2.375645637512207,165855218,8.705001989125046,0.0,0.45318244
2022-11-25,2.384040293960935,2.4176184954032083,2.375645793635535,2.409223794937134,509765415,8.583677466351617,0.0,0.45958785
2022-11-28,2.400829315185547,2.400829315185547,2.375645813993539,2.400829315185547,346515544,8.613690223289263,0.0,0.4579865
2022-11-29,2.4008295489557554,2.4260132527405927,2.392435047741042,2.417618751525879,499383372,8.553871443521784,0.0,0.4611892
2022-11-30,2.409224050170469,2.4260132527405927,2.409224050170469,2.417618751525879,349978360,8.553871443521784,0.0,0.4611892
2022-12-01,2.426013016518232,2.426013016518232,2.400829315185547,2.400829315185547,294680890,8.613690223289263,0.0,0.4579865
2022-12-02,2.400829315185547,2.409223815582883,2.392434814788211,2.400829315185547,239654463,8.613690223289263,0.0,0.4579865
2022-12-05,2.4092237920872726,2.4260129928588867,2.3924347914563326,2.4260129928588867,411425796,8.524274214883766,0.0,0.46279055
2022-12-06,2.4260129928588867,2.4344074931743567,2.4092237920872726,2.4260129928588867,323856436,8.524274214883766,0.0,0.46279055
2022-12-07,2.4260132527405927,2.4344077539553064,2.417618751525879,2.417618751525879,295295652,8.553871443521784,0.0,0.4611892
2022-12-08,2.4176184721213536,2.4344074726104736,2.4092237717361207,2.4344074726104736,205380934,8.494880266623706,0.0,0.4643919
2022-12-09,2.4344074931743567,2.4344074931743567,2.4176184925434168,2.4260129928588867,228034581,8.524274214883766,0.0,0.46279055
2022-12-12,2.426013016518232,2.426013016518232,2.400829315185547,2.400829315185547,348297323,8.613690223289263,0.0,0.4579865
2022-12-13,2.4008295489557554,2.4260132527405927,2.4008295489557554,2.417618751525879,267212344,8.553871443521784,0.0,0.4611892
2022-12-14,2.4344074931743567,2.4344074931743567,2.4176184925434168,2.4260129928588867,183394978,8.524274214883766,0.0,0.46279055
2022-12-15,2.4260132527405927,2.4260132527405927,2.409224050170469,2.417618751525879,162774250,8.553871443521784,0.0,0.4611892
2022-12-16,2.4176184721213536,2.4344074726104736,2.4092237717361207,2.4344074726104736,269709819,8.494880266623706,0.0,0.4643919
2022-12-19,2.4344077539553064,2.4344077539553064,2.409224050170469,2.417618751525879,262815645,8.553871443521784,0.0,0.4611892
2022-12-20,2.409223596281824,2.4260127956889255,2.392434597015381,2.392434597015381,236562015,8.643914456762495,0.0,0.45638515
2022-12-21,2.4008290966486023,2.409223596281824,2.392434597015381,2.392434597015381,124825175,8.643914456762495,0.0,0.45638515
2022-12-22,2.409223815582883,2.409223815582883,2.392434814788211,2.400829315185547,138653557,8.613690223289263,0.0,0.4579865
2022-12-23,2.400829294611734,2.4176184954032083,2.3924347942863347,2.409223794937134,189585146,8.583677466351617,0.0,0.45958785
2022-12-26,2.409223596281824,2.417618296055704,2.392434597015381,2.392434597015381,210788898,8.643914456762495,0.0,0.45638515
2022-12-27,2.4008292917718026,2.4344074931743567,2.4008292917718026,2.4260129928588867,356658635,8.524274214883766,0.0,0.46279055
2022-12-28,2.4344074726104736,2.4428019728550336,2.4260129723659136,2.4344074726104736,351024368,8.494880266623706,0.0,0.4643919
2022-12-29,2.4344077539553064,2.4428022551700197,2.417618751525879,2.417618751525879,237440379,8.553871443521784,0.0,0.4611892
2022-12-30,2.4260129520137856,2.4511964525361982,2.417618451839648,2.4428019523620605,385463989,8.465688337936497,0.0,0.46599326
2023-01-03,2.4428019728550336,2.4428019728550336,2.4260129723659136,2.4344074726104736,298768191,8.494880266623706,0.0,0.45545922
2023-01-04,2.434407175783595,2.4679851726676754,2.426012676562575,2.4595906734466553,397245830,8.40790308048325,0.0,0.46017087
2023-01-05,2.4679851726676754,2.4763796718886955,2.451196174225635,2.4595906734466553,297218466,8.40790308048325,0.0,0.46017087
2023-01-06,2.4595909322178446,2.467985432322042,2.44280193200945,2.4511964321136475,362164227,8.43669635328565,0.0,0.45860032
2023-01-09,2.4595909322178446,2.4595909322178446,2.44280193200945,2.4511964321136475,225179832,8.43669635328565,0.0,0.45860032
2023-01-10,2.4511964525361982,2.4511964525361982,2.434407452187923,2.4428019523620605,263467091,8.465688337936497,0.0,0.45702977
2023-01-11,2.4428019523620605,2.4511964525361982,2.434407452187923,2.4428019523620605,198161792,8.465688337936497,0.0,0.45702977
2023-01-12,2.44280193200945,2.4511964321136475,2.4344074319052527,2.4511964321136475,286362436,8.43669635328565,0.0,0.45860032
2023-01-13,2.4511966284820184,2.4679856300354004,2.442802127705327,2.4679856300354004,308328340,8.379303245660862,0.0,0.46174142
2023-01-16,2.467985452884473,2.4763799530586104,2.4428019523620605,2.4428019523620605,561153913,8.465688337936497,0.0,0.45702977
2023-01-17,2.4428019523620605,2.4511964525361982,2.434407452187923,2.4428019523620605,223444959,8.465688337936497,0.0,0.45702977
2023-01-18,2.4511964321136475,2.4595909322178446,2.44280193200945,2.4511964321136475,222885525,8.43669635328565,0.0,0.45860032
2023-01-19,2.4511964321136475,2.4595909322178446,2.44280193200945,2.4511964321136475,194992239,8.43669635328565,0.0,0.45860032
2023-01-20,2.4511964321136475,2.4511964321136475,2.44280193200945,2.4511964321136475,306483201,8.43669635328565,0.0,0.45860032
2023-01-30,2.4595909322178446,2.467985432322042,2.44280193200945,2.4511964321136475,377949673,8.43669635328565,0.0,0.45860032
2023-01-31,2.4511964525361982,2.4595909527103355,2.4428019523620605,2.4428019523620605,231689564,8.465688337936497,0.0,0.45702977
2023-02-01,2.44280193200945,2.4511964321136475,2.4344074319052527,2.4511964321136475,260657052,8.43669635328565,0.0,0.45860032
2023-02-02,2.4511964321136475,2.4595909322178446,2.44280193200945,2.4511964321136475,273986639,8.43669635328565,0.0,0.45860032
2023-02-03,2.4511964525361982,2.4595909527103355,2.4428019523620605,2.4428019523620605,259866314,8.465688337936497,0.0,0.45702977
2023-02-06,2.44280193200945,2.4511964321136475,2.4344074319052527,2.4511964321136475,193454209,8.43669635328565,0.0,0.45860032
2023-02-07,2.4511964321136475,2.4511964321136475,2.44280193200945,2.4511964321136475,111893889,8.43669635328565,0.0,0.45860032
2023-02-08,2.4511964321136475,2.4595909322178446,2.44280193200945,2.4511964321136475,227574277,8.43669635328565,0.0,0.45860032
2023-02-09,2.4595906734466553,2.4595906734466553,2.451196174225635,2.4595906734466553,141700529,8.40790308048325,0.0,0.46017087
2023-02-10,2.4595906734466553,2.4595906734466553,2.451196174225635,2.4595906734466553,130485465,8.40790308048325,0.0,0.46017087
2023-02-13,2.4511964321136475,2.4595909322178446,2.44280193200945,2.4511964321136475,288264744,8.43669635328565,0.0,0.45860032
2023-02-14,2.4511964525361982,2.4511964525361982,2.4428019523620605,2.4428019523620605,117038776,8.465688337936497,0.0,0.45702977
2023-02-15,2.4511964525361982,2.4511964525361982,2.4428019523620605,2.4428019523620605,194154261,8.465688337936497,0.0,0.45702977
2023-02-16,2.4428019523620605,2.4511964525361982,2.4428019523620605,2.4428019523620605,180787064,8.465688337936497,0.0,0.45702977
2023-02-17,2.44280193200945,2.4595909322178446,2.44280193200945,2.4511964321136475,356391117,8.43669635328565,0.0,0.45860032
2023-02-20,2.4511966284820184,2.4679856300354004,2.4511966284820184,2.4679856300354004,339037609,8.379303245660862,0.0,0.46174142
2023-02-21,2.4679856300354004,2.4679856300354004,2.459591129258709,2.4679856300354004,238331801,8.379303245660862,0.0,0.46174142
2023-02-22,2.4679851726676754,2.4679851726676754,2.4595906734466553,2.4595906734466553,157112359,8.40790308048325,0.0,0.46017087
2023-02-23,2.4679851726676754,2.4763796718886955,2.4595906734466553,2.4595906734466553,284611600,8.40790308048325,0.0,0.46017087
2023-02-24,2.4595909322178446,2.467985432322042,2.4511964321136475,2.4511964321136475,263536600,8.43669635328565,0.0,0.45860032
2023-02-27,2.4595909322178446,2.4595909322178446,2.44280193200945,2.4511964321136475,236175780,8.43669635328565,0.0,0.45860032
2023-02-28,2.4595906734466553,2.4595906734466553,2.442801675004615,2.4595906734466553,185698166,8.40790308048325,0.0,0.46017087
2023-03-01,2.4595906734466553,2.4679851726676754,2.451196174225635,2.4595906734466553,338619090,8.40790308048325,0.0,0.46017087
2023-03-02,2.4595906734466553,2.4679851726676754,2.451196174225635,2.4595906734466553,222670046,8.40790308048325,0.0,0.46017087
2023-03-03,2.467985331586899,2.493168830871582,2.459590831825338,2.493168830871582,583747432,8.29466490352782,0.0,0.46645307
2023-03-06,2.5015635908078337,2.5099580914424635,2.484774589538574,2.484774589538574,459740136,8.322686527408631,0.0,0.46488252
2023-03-07,2.493169222395795,2.5603252310343803,2.484774721315972,2.526747226715088,855575115,8.184435617996167,0.0,0.47273526
2023-03-08,2.526746730199246,2.5351412296295166,2.5015632319084347,2.5351412296295166,337071855,8.157336466427221,0.0,0.47430581
2023-03-09,2.526747226715088,2.5603252310343803,2.526747226715088,2.526747226715088,409131809,8.184435617996167,0.0,0.47273526
2023-03-10,2.5183525500306985,2.5267470505251737,2.501563549041748,2.501563549041748,341730567,8.26682976249862,0.0,0.46802362
2023-03-13,2.501563723475618,2.526747226715088,2.493169222395795,2.526747226715088,278804114,8.184435617996167,0.0,0.47273526
2023-03-14,2.5183527256352645,2.5435362288747343,2.5099582245554415,2.526747226715088,283681718,8.184435617996167,0.0,0.47273526
2023-03-15,2.5351414273811166,2.560324927636346,2.52674692729604,2.5519304275512695,347694380,8.103669197535178,0.0,0.47744691
2023-03-16,2.543535631948367,2.610691624826535,2.543535631948367,2.577113628387451,676203415,8.024481253835853,0.0,0.48215856
2023-03-17,2.585508346557617,2.610691846020633,2.568719346915606,2.585508346557617,503806166,7.998427089795958,0.0,0.48372911
2023-03-20,2.58550830667774,2.6274810052760267,2.58550830667774,2.602297306060791,557506630,7.9468245045775365,0.0,0.4868702
2023-03-21,2.6106919074133126,2.6274811075907984,2.5603249073028564,2.5603249073028564,447498766,8.07709987939972,0.0,0.47901746
2023-03-22,2.568719563144874,2.593903064727783,2.560325062617238,2.593903064727783,293580979,7.972541565338048,0.0,0.48529965
2023-03-23,2.58550830667774,2.602297306060791,2.5771138069862145,2.602297306060791,259443039,7.9468245045775365,0.0,0.4868702
2023-03-24,2.593902907376494,2.593902907376494,2.5603249073028564,2.5603249073028564,293850984,8.07709987939972,0.0,0.47901746
2023-03-27,2.5603249073028564,2.5855084073580845,2.5351414072476284,2.5603249073028564,434528031,8.07709987939972,0.0,0.47901746
2023-03-28,2.560325062617238,2.593903064727783,2.560325062617238,2.593903064727783,278778801,7.972541565338048,0.0,0.48529965
2023-03-29,2.58550830667774,2.6190863054438416,2.58550830667774,2.602297306060791,359316211,7.9468245045775365,0.0,0.4868702
2023-03-30,2.6106920657830557,2.627481266979008,2.585508564200147,2.593903064727783,264246343,7.972541565338048,0.0,0.48529965
2023-03-31,2.610691785812378,2.627480985207856,2.6022972861849683,2.610691785812378,299611550,7.921272098217039,0.0,0.47602787
2023-04-03,2.610691805752316,2.6190863054438416,2.58550830667774,2.602297306060791,366963472,7.9468245045775365,0.0,0.47449723
2023-04-04,2.602297714882256,2.644270420074463,2.593903213871953,2.644270420074463,426679776,7.820682727078138,0.0,0.48215041
2023-04-06,2.6442698845612767,2.6778478818023284,2.6358753852510137,2.6694533824920654,418326090,7.746904342151953,0.0,0.48674232
2023-04-07,2.677847901484403,2.677847901484403,2.644269903996554,2.6610589027404785,249052400,7.771342445183308,0.0,0.48521168
2023-04-10,2.6610589027404785,2.677847901484403,2.635875404624592,2.6610589027404785,353460451,7.771342445183308,0.0,0.48521168
2023-04-11,2.661059060684573,2.6946370601654053,2.652664560814365,2.6946370601654053,356700706,7.674502924980405,0.0,0.49133423
2023-04-12,2.694637257119614,2.736609759538474,2.6862427566358424,2.711426258087158,411673090,7.626982271164259,0.0,0.4943955
2023-04-13,2.7114262374189613,2.736609738678313,2.7030317369991774,2.719820737838745,281756452,7.603442282903165,0.0,0.49592614
2023-04-14,2.7282152590547017,2.736609759538474,2.711426258087158,2.711426258087158,209895593,7.626982271164259,0.0,0.4943955
2023-04-17,2.703031615996277,2.7701876163482666,2.694637115952278,2.7701876163482666,424177620,7.465198341786292,0.0,0.50510995
2023-04-18,2.770187281540469,2.828948774746483,2.7617927825110384,2.812159776687622,517150521,7.353778462886093,0.0,0.51276314
2023-04-19,2.820554712697986,2.8541329141585328,2.80376571203805,2.828949213027954,463117054,7.310134768331612,0.0,0.51582441
2023-04-20,2.837343913498597,2.8541329141585328,2.7869767113781148,2.828949213027954,444196857,7.310134768331612,0.0,0.51582441
2023-04-21,2.828949296330228,2.8625274987795306,2.7953712940216064,2.7953712940216064,465976726,7.397943895405888,0.0,0.50970186
2023-04-24,2.803765732493941,2.8373439341994695,2.795371232102728,2.820554733276367,462033303,7.3318910482471065,0.0,0.51429377
2023-04-25,2.81216014907653,2.8877108504865445,2.81216014907653,2.8709218502044678,623594102,7.203261209819127,0.0,0.52347759
2023-04-26,2.870921911914134,2.870921911914134,2.795371208880178,2.845738410949707,670934792,7.267006665274786,0.0,0.51888568
2023-04-27,2.845738349781353,2.8877108504865445,2.8373438496403147,2.8709218502044678,455359201,7.203261209819127,0.0,0.52347759
2023-04-28,2.86252735006343,2.8877108504865445,2.845738349781353,2.8709218502044678,390995268,7.203261209819127,0.0,0.52347759
2023-05-04,2.862527266420657,3.022022764439941,2.8541327665249057,3.0052337646484375,748326071,6.881328249158421,0.0,0.54796777
2023-05-05,3.0136284210780278,3.114362625200048,3.005233920746249,3.0388119220733643,711930769,6.805291189554816,0.0,0.55409031
2023-05-08,3.055601120751412,3.299041830344278,3.0388119199588624,3.2654638290405273,1179848402,6.332944133720901,0.0,0.59541749
2023-05-09,3.290647173166771,3.3326196727958033,3.181518473990622,3.2150964736938477,1117140060,6.43215535496532,0.0,0.58623367
2023-05-10,3.189912898882488,3.198307398610837,3.005233704718152,3.0304172039031982,1170821354,6.824142884802799,0.0,0.55255968
2023-05-11,3.0220227442396643,3.0556009437388876,2.9800502450414648,3.0136282444000244,544042911,6.862160267587063,0.0,0.5494984
2023-05-12,2.996839305154185,3.0304173051898693,2.9632613051185004,2.9884448051452637,458137848,6.919987267087832,0.0,0.5449065
2023-05-15,2.980050264961182,3.013628264544189,2.862527266420657,3.0052337646484375,1002708171,6.881328249158421,0.0,0.54796777
2023-05-16,2.9968394612318514,3.0807846658336597,2.9884449607857384,3.0220229625701904,659366779,6.843098234571962,0.0,0.55102904
2023-05-17,3.013628264544189,3.0388117642314443,2.980050264961182,3.0052337646484375,365120591,6.881328249158421,0.0,0.54796777
2023-05-18,3.013628318161353,3.1227570188883607,3.013628318161353,3.0975735187530518,583925529,6.67619343812213,0.0,0.56480477
2023-05-19,3.0891791242047115,3.0891791242047115,3.0388119220733643,3.0388119220733643,429029818,6.805291189554816,0.0,0.55409031
2023-05-22,3.0304172039031982,3.0723899026856034,3.005233704718152,3.0304172039031982,390896203,6.824142884802799,0.0,0.55255968
2023-05-23,3.022022930197636,3.038811930910015,2.938077926635742,2.938077926635742,597172740,7.038615215927822,0.0,0.53572268
2023-05-24,2.9212888718587,2.9212888718587,2.8457383700512184,2.862527370452881,685244783,7.224385070850245,0.0,0.52194695
2023-05-25,2.8457383095951663,2.8961053097301366,2.8289491094095087,2.8877108097076416,434507964,7.161381925946279,0.0,0.52653886
2023-05-26,2.8793164241424165,2.954866927348121,2.870921923786227,2.938077926635742,306748255,7.038615215927822,0.0,0.53572268
2023-05-29,2.946472305100658,2.996839305154185,2.946472305100658,2.9884448051452637,342975287,6.919987267087832,0.0,0.5449065
2023-05-30,2.980050428416689,2.9884449287728785,2.912894425567174,2.938077926635742,397539821,7.038615215927822,0.0,0.53572268
2023-05-31,2.93807788566068,2.954866886138916,2.9044998847042085,2.954866886138916,382594170,6.998623219546202,0.0,0.53878395
2023-06-01,2.938078010006965,2.9464725106013576,2.8793165058462162,2.9045000076293945,506522761,7.119986209564062,0.0,0.52960013
2023-06-02,2.9045000076293945,2.9296835094125724,2.887711006440609,2.9045000076293945,343754345,7.119986209564062,0.0,0.52960013
2023-06-05,2.9044998050560524,2.9884448051452637,2.8961053050471315,2.9884448051452637,435377213,6.919987267087832,0.0,0.5449065
2023-06-06,2.9800503051363427,3.0472065053483792,2.9800503051363427,2.9884448051452637,374261925,6.919987267087832,0.0,0.5449065
2023-06-07,2.9884449200826917,3.0639956232093755,2.9800504197509126,3.0388119220733643,346899745,6.805291189554816,0.0,0.55409031
2023-06-08,3.0556009787062965,3.1227569781919295,3.022022778822814,3.1143624782562256,503610593,6.6402032982297605,0.0,0.56786604
2023-06-09,3.1227570394024586,3.1227570394024586,3.0807845389012165,3.089179039001465,342519522,6.694335206509924,0.0,0.56327413
2023-06-12,3.080784340639739,3.0891788401997657,3.0388116426989478,3.072389841079712,440983239,6.730916670630753,0.0,0.56021286
2023-06-13,3.063995796057786,3.105968300084464,3.047206794447115,3.080784797668457,346555050,6.712575320304963,0.0,0.56174349
2023-06-14,3.0807845053840635,3.097573505401906,2.9800503051363427,2.9884448051452637,549349972,6.919987267087832,0.0,0.5449065
2023-06-15,2.9884449607857384,3.0472066640492077,2.9884449607857384,3.0220229625701904,362613781,6.843098234571962,0.0,0.55102904
2023-06-16,3.0388117642314443,3.0388117642314443,2.9968392647526856,3.0052337646484375,285337886,6.881328249158421,0.0,0.54796777
2023-06-19,3.005233887573623,3.0136283878127412,2.93807788566068,2.954866886138916,439920944,6.998623219546202,0.0,0.53878395
2023-06-20,2.9632614277043103,2.9716559280604997,2.9212889259233634,2.938077926635742,305483909,7.038615215927822,0.0,0.53572268
2023-06-21,2.938077865347264,3.005233866795901,2.921288864985105,2.963261365890503,299818969,6.978797158442809,0.0,0.54031459
2023-06-26,2.9548669900526163,2.9632614905869437,2.9044999868466546,2.9128944873809814,402903699,7.099467587854045,0.0,0.53113077
2023-06-27,2.9044998646229456,2.9716558660715826,2.8877108642607863,2.963261365890503,411394152,6.978797158442809,0.0,0.54031459
2023-06-28,2.954866886138916,2.971655886617152,2.9296833854215625,2.954866886138916,325250945,6.998623219546202,0.0,0.53878395
2023-06-29,2.9464722079297387,2.95486670766182,2.921288708733495,2.929683208465576,286425940,7.05878367334848,0.0,0.53419204
2023-06-30,2.929683365166184,2.9716558660715826,2.921288864985105,2.963261365890503,280310298,6.978797158442809,0.0,0.54318287
2023-07-03,2.971655919419134,3.047206622545818,2.963261419087355,3.0388119220733643,358692671,6.805291189554816,0.0,0.55703173
2023-07-04,3.0388118051987907,3.0388118051987907,2.971655805127422,2.9884448051452637,372932670,6.919987267087832,0.0,0.54779916
2023-07-05,2.9968393255256447,2.9968393255256447,2.9548668251957246,2.9800503253936768,211622606,6.939480123466738,0.0,0.54626039
2023-07-06,2.9716559072797897,2.9800504075772762,2.929683405792355,2.946472406387329,343989671,7.018562249274805,0.0,0.54010535
2023-07-07,2.93807788566068,2.971655886617152,2.93807788566068,2.954866886138916,180537910,6.998623219546202,0.0,0.54164411
2023-07-10,2.9548669066848157,2.9716559072797897,2.938077906089842,2.946472406387329,179716530,7.018562249274805,0.0,0.54010535
2023-07-11,2.9548668657094233,2.9716558660715826,2.9464723655283436,2.963261365890503,184501600,6.978797158442809,0.0,0.54318287
2023-07-12,2.963261325261709,2.9884448254596605,2.9548668251957246,2.9800503253936768,220946288,6.939480123466738,0.0,0.54626039
2023-07-13,2.980050205533105,3.0304172039031982,2.980050205533105,3.0304172039031982,317188740,6.824142884802799,0.0,0.55549297
2023-07-14,3.0304172039031982,3.0472064035005566,3.013628204446501,3.0304172039031982,295427855,6.824142884802799,0.0,0.55549297
2023-07-17,3.0388119220733643,3.047206622545818,3.005233920746249,3.0388119220733643,432382887,6.805291189554816,0.0,0.55703173
2023-07-18,3.0586665118149354,3.0765534330231814,3.0407795906066895,3.0407795906066895,400172056,14.108224131904507,0.2222,0.52317897
2023-07-19,3.0407795906066895,3.0497230512108127,3.0139489955654004,3.0407795906066895,272850265,14.108224131904507,0.0,0.52317897
2023-07-20,3.0407797837408768,3.067610167257369,3.031836322568713,3.058666706085205,208740244,14.025719086898429,0.0,0.52625649
2023-07-21,3.049722909927368,3.067609830306973,3.049722909927368,3.049722909927368,149440001,14.066851732776506,0.0,0.52471773
2023-07-24,3.049723103888677,3.067610025405884,3.03183618237147,3.067610025405884,156123292,13.984828464082161,0.0,0.52779525
2023-07-25,3.0765535897062892,3.1212708950042725,3.0676101286466926,3.1212708950042725,319508954,13.744401381073104,0.0,0.53702782
2023-07-26,3.1123275756835938,3.130214498617378,3.09444065274981,3.1123275756835938,178460145,13.783896121724082,0.0,0.53548906
2023-07-27,3.1212709014727484,3.201762051175927,3.1123274403946173,3.1659882068634033,300481230,13.550271573027034,0.0,0.54472163
2023-07-28,3.157044708013441,3.2375358567535995,3.1481012470423124,3.2285923957824707,327432693,6.882256189733371,0.0,0.55549297
2023-07-31,3.2375354766845703,3.3180268292044115,3.2017616369997097,3.2375354766845703,441307391,6.8632452555406775,0.0,0.55703173
2023-08-01,3.2285921390933368,3.2643661933625654,3.2107052185731786,3.2464792728424072,214856950,6.844337552337307,0.0,0.55857049
2023-08-02,3.2285923813764374,3.2285923813764374,3.130214311132986,3.139157772064209,501006450,7.07833170977859,0.0,0.54010535
2023-08-03,3.1391576834688237,3.192818447541711,3.1033838407535654,3.174931526184082,322527600,6.9985761320358275,0.0,0.54626039
2023-08-04,3.192818447541711,3.219648829578155,3.174931526184082,3.174931526184082,280590470,6.9985761320358275,0.0,0.54626039
2023-08-07,3.1749315707327526,3.1749315707327526,3.1212708059069305,3.1570446491241455,267323724,7.038227985202701,0.0,0.54318287
2023-08-08,3.148101232995432,3.1749316157891,3.130214311132986,3.139157772064209,197353095,7.07833170977859,0.0,0.54010535
2023-08-09,3.139157630855967,3.1659880124427286,3.1302141703270463,3.1481010913848877,206402403,7.058223149443131,0.0,0.54164411
2023-08-10,3.157044551913808,3.157044551913808,3.1302141703270463,3.1481010913848877,183122565,7.058223149443131,0.0,0.54164411
2023-08-11,3.148100983114506,3.1570444433358404,3.094440221786499,3.094440221786499,302292001,7.1806202115521325,0.0,0.53241154
2023-08-14,3.067610167257369,3.0765536284295334,3.0407797837408768,3.058666706085205,279416003,7.264603219367903,0.0,0.52625649
2023-08-15,3.058666667587096,3.130214356063869,3.0497232065274993,3.1212708950042725,319544012,7.1188950742994015,0.0,0.53702782
2023-08-16,3.112327433944676,3.130214356063869,3.085497050765886,3.1212708950042725,213216540,7.1188950742994015,0.0,0.53702782
2023-08-17,3.1123270009224586,3.1302139205530213,3.076553161661334,3.1033835411071777,245525423,7.159927126529997,0.0,0.5339503
2023-08-18,3.0944405118254825,3.1481012781830624,3.0944405118254825,3.1212708950042725,285772160,7.1188950742994015,0.0,0.53702782
2023-08-21,3.1391577114747107,3.1391577114747107,3.0586665646472806,3.067610025405884,317558713,7.243423973704092,0.0,0.52779525
2023-08-22,3.0676102683491338,3.121271037150486,3.0676102683491338,3.1123275756835938,316327001,7.139351324585294,0.0,0.53548906
2023-08-23,3.1123275756835938,3.13915796008427,3.103384114216702,3.1123275756835938,251081448,7.139351324585294,0.0,0.53548906
2023-08-24,3.12127046073774,3.1302139205530213,3.0854966214766155,3.1033835411071777,276357832,7.159927126529997,0.0,0.5339503
2023-08-25,3.09444065274981,3.130214498617378,3.0854971912829177,3.1123275756835938,260660614,7.139351324585294,0.0,0.53548906
2023-08-28,3.210705512254058,3.22859243441032,3.1391578236290103,3.1659882068634033,452672599,7.018345789106309,0.0,0.54472163
2023-08-29,3.1570448830180537,3.165988344484946,3.09444065274981,3.1123275756835938,397523753,7.139351324585294,0.0,0.53548906
2023-08-30,3.1123275756835938,3.1123275756835938,3.0854971912829177,3.1123275756835938,219117370,7.139351324585294,0.0,0.53548906
2023-08-31,3.112327142229168,3.130214062671837,3.094440221786499,3.094440221786499,206704566,7.1806202115521325,0.0,0.53241154
2023-09-01,3.0944402654214564,3.103383725768903,3.0765533447265625,3.0765533447265625,213338839,7.222367861128333,0.0,0.52933402
2023-09-04,3.0854971912829177,3.1123275756835938,3.0854971912829177,3.1123275756835938,232213314,7.139351324585294,0.0,0.53548906
2023-09-05,3.1033840635260184,3.1033840635260184,3.0854971408843994,3.0854971408843994,134652188,7.201432698016067,0.0,0.53087278
2023-09-06,3.0854967615651643,3.1033836820078333,3.0854967615651643,3.094440221786499,129955192,7.1806202115521325,0.0,0.53241154
2023-09-07,3.094440221786499,3.1033836820078333,3.07655330134383,3.094440221786499,200640294,7.1806202115521325,0.0,0.53241154
2023-09-08,3.0854971408843994,3.094440602205209,3.07655367956359,3.0854971408843994,132714509,7.201432698016067,0.0,0.53087278
2023-09-11,3.0854968050740093,3.0854968050740093,3.0676098843791153,3.0765533447265625,220049148,7.222367861128333,0.0,0.52933402
2023-09-12,3.0765533447265625,3.0854968050740093,3.0676098843791153,3.0765533447265625,116045524,7.222367861128333,0.0,0.52933402
2023-09-13,3.07655367956359,3.094440602205209,3.0676102182427805,3.0854971408843994,205895783,7.201432698016067,0.0,0.53087278
2023-09-14,3.085496676039205,3.1391574358798056,3.0765532160657716,3.130213975906372,455291387,7.098556255588267,0.0,0.53856659
2023-09-15,3.139157380368302,3.1570442999988644,3.1033835411071777,3.1033835411071777,355535076,7.159927126529997,0.0,0.5339503
2023-09-18,3.1123270009224586,3.1123270009224586,3.0854966214766155,3.1033835411071777,263499145,7.159927126529997,0.0,0.5339503
2023-09-19,3.1033838842983235,3.1570446491241455,3.0944404234940195,3.1570446491241455,363573330,7.038227985202701,0.0,0.54318287
2023-09-20,3.1570446568522943,3.2196488826356693,3.1481011960260976,3.2017619609832764,417744050,6.93992878632868,0.0,0.55087668
2023-09-21,3.2107052263499853,3.2285921469134684,3.174931385223019,3.1838748455047607,280587564,6.978917538599831,0.0,0.54779916
2023-09-22,3.1838748990078622,3.219648740735986,3.157044517711769,3.210705280303955,371428185,6.920597831357616,0.0,0.55241544
2023-09-25,3.210705096920925,3.24647914983469,3.2017616369997097,3.2375354766845703,329133391,6.8632452555406775,0.0,0.55703173
2023-09-26,3.2375354766845703,3.255422609755905,3.2196485568421402,3.2375354766845703,258603641,6.8632452555406775,0.0,0.55703173
2023-09-27,3.23753560719521,3.23753560719521,3.1838748455047607,3.1838748455047607,315458964,6.978917538599831,0.0,0.54779916
2023-09-28,3.201761916638556,3.23753575944787,3.1928184559362274,3.219648838043213,263110406,6.901373757737046,0.0,0.5539542
2023-10-09,3.201761916638556,3.25542289408145,3.17493153453157,3.219648838043213,302263792,6.901373757737046,0.0,0.53944494
2023-10-10,3.219648934811342,3.2643664528959144,3.210705473840213,3.2285923957824707,267048570,6.882256189733371,0.0,0.54094339
2023-10-11,3.237535792709365,3.273309849115134,3.219648871120943,3.264366388320923,370703803,6.80683396309236,0.0,0.54693723
2023-10-12,3.3090836473995,3.371687872109661,3.264366344035099,3.2822532653808594,595478698,6.76973962806666,0.0,0.54993414
2023-10-13,3.273309578492576,3.353800718985829,3.2643661184377697,3.326970338821411,507283316,6.6787490530713605,0.0,0.55742643
2023-10-16,3.326970479934875,3.3359139403690183,3.282253177764161,3.3180270195007324,329202504,6.696750770686452,0.0,0.55592798
2023-10-17,3.3090834187117992,3.3359137988762173,3.3090834187117992,3.326970338821411,202920100,6.6787490530713605,0.0,0.55742643
2023-10-18,3.31802707256838,3.353800914877109,3.309083611991198,3.3448574542999268,313793102,6.643033463633986,0.0,0.56042335
2023-10-19,3.33591402941814,3.3448574900910204,3.273309804707979,3.2822532653808594,471854191,6.76973962806666,0.0,0.54993414
2023-10-20,3.264366009466767,3.2911963887355333,3.2375354169691004,3.2733094692230225,420766864,6.788236862087564,0.0,0.54843569
2023-10-23,3.255422927526712,3.3001402314977675,3.246479466732501,3.264366388320923,291995071,6.80683396309236,0.0,0.54693723
2023-10-24,3.2733098154861073,3.282253276188436,3.201761916638556,3.219648838043213,402914728,6.901373757737046,0.0,0.53944494
2023-10-25,3.23753560719521,3.23753560719521,3.1659879249412777,3.1838748455047607,540132729,6.978917538599831,0.0,0.5334511
2023-10-26,3.174931257236064,3.24647914983469,3.1659877973148487,3.2375354766845703,423721924,6.8632452555406775,0.0,0.54244185
2023-10-27,3.2464792728424072,3.2822531138827236,3.2196486788332574,3.2464792728424072,419813535,6.844337552337307,0.0,0.54394031
2023-10-30,3.2464792807058642,3.2464792807058642,3.157044464659536,3.1838748455047607,603878656,6.978917538599831,0.0,0.5334511
2023-10-31,3.174931438575831,3.219648740735986,3.1659879781438,3.210705280303955,321090252,6.920597831357616,0.0,0.53794648
2023-11-01,3.210705096920925,3.24647914983469,3.1928181770784945,3.2375354766845703,309276021,6.8632452555406775,0.0,0.54244185
2023-11-02,3.246479089954256,3.2911963887355333,3.2375354169691004,3.2733094692230225,297169100,6.788236862087564,0.0,0.54843569
2023-11-03,3.2733095295983357,3.2733095295983357,3.2285920167633555,3.2375354766845703,293657387,6.8632452555406775,0.0,0.54244185
2023-11-06,3.237535804288062,3.237535804288062,3.1838750393308834,3.2017619609832764,374210309,6.93992878632868,0.0,0.53644802
2023-11-07,3.1928185518979557,3.2375358567535995,3.183875090926827,3.2285923957824707,261554862,6.882256189733371,0.0,0.54094339
2023-11-08,3.219648838043213,3.23753575944787,3.2107053773408842,3.219648838043213,162671061,6.901373757737046,0.0,0.53944494
2023-11-09,3.2107052185731786,3.255422733102486,3.2017617583130993,3.2464792728424072,254762976,6.844337552337307,0.0,0.54394031
2023-11-10,3.2464792728424072,3.291196574142803,3.237535599353416,3.2464792728424072,307448677,6.844337552337307,0.0,0.54394031
2023-11-13,3.24647914983469,3.24647914983469,3.2017616369997097,3.2375354766845703,195194414,6.8632452555406775,0.0,0.54244185
2023-11-14,3.237535599353416,3.2643661933625654,3.2196486788332574,3.2464792728424072,249893769,6.844337552337307,0.0,0.54394031
2023-11-15,3.255422609755905,3.2643660696771204,3.2285920167633555,3.2375354766845703,224659419,6.8632452555406775,0.0,0.54244185
2023-11-16,3.237535792709365,3.273309849115134,3.219648871120943,3.264366388320923,311545298,6.80683396309236,0.0,0.54693723
2023-11-17,3.255422733102486,3.2643661933625654,3.237535599353416,3.2464792728424072,192791475,6.844337552337307,0.0,0.54394031
2023-11-20,3.246479466732501,3.273309849115134,3.246479466732501,3.264366388320923,227433502,6.80683396309236,0.0,0.54693723
2023-11-21,3.273309804707979,3.2911967260537396,3.264366344035099,3.2822532653808594,274810201,6.76973962806666,0.0,0.54993414
2023-11-22,3.2733094692230225,3.2911963887355333,3.264366009466767,3.2733094692230225,163343293,6.788236862087564,0.0,0.54843569
2023-11-23,3.2733094692230225,3.2822529289792777,3.264366009466767,3.2733094692230225,175517401,6.788236862087564,0.0,0.54843569
2023-11-24,3.2733094692230225,3.2911963887355333,3.255422549710511,3.2733094692230225,222233000,6.788236862087564,0.0,0.54843569
2023-11-27,3.2733096536226447,3.2733096536226447,3.2285921390933368,3.2464792728424072,309868793,6.844337552337307,0.0,0.54394031
2023-11-28,3.255423069000244,3.2643665301831186,3.2375359334055616,3.255423069000244,185998487,6.8255337414021175,0.0,0.54543877
2023-11-29,3.255422733102486,3.2643661933625654,3.237535599353416,3.2464792728424072,215374800,6.844337552337307,0.0,0.54394031
2023-11-30,3.246479089954256,3.2733094692230225,3.2375354169691004,3.2733094692230225,278503935,6.788236862087564,0.0,0.54843569
2023-12-01,3.273309849115134,3.2911967707035563,3.264366388320923,3.264366388320923,319075564,6.80683396309236,0.0,0.54693723
2023-12-04,3.2733099913659927,3.282253452548867,3.255423069000244,3.255423069000244,187612717,6.8255337414021175,0.0,0.54543877
2023-12-05,3.2643664528959144,3.2643664528959144,3.2285923957824707,3.2285923957824707,271783205,6.882256189733371,0.0,0.54094339
2023-12-06,3.2285923355585746,3.2285923355585746,3.1570446491241455,3.1570446491241455,516995691,7.038227985202701,0.0,0.52895573
2023-12-07,3.157044464659536,3.1928183057865023,3.139157544096053,3.1838748455047607,353005656,6.978917538599831,0.0,0.5334511
2023-12-08,3.183874942689287,3.2107053243534818,3.165988021579824,3.1928184032440186,315602573,6.959368555826313,0.0,0.53494956
2023-12-11,3.192818447541711,3.192818447541711,3.130214222790009,3.174931526184082,396480957,6.9985761320358275,0.0,0.53195265
2023-12-12,3.174931257236064,3.24647914983469,3.1659877973148487,3.2375354766845703,411889614,6.8632452555406775,0.0,0.54244185
2023-12-13,3.2375354766845703,3.255422609755905,3.2196485568421402,3.2375354766845703,306981098,6.8632452555406775,0.0,0.54244185
2023-12-14,3.24647914983469,3.2643660696771204,3.2285920167633555,3.2375354766845703,216057045,6.8632452555406775,0.0,0.54244185
2023-12-15,3.246479478343184,3.2554229391693803,3.2017619609832764,3.2017619609832764,266197966,6.93992878632868,0.0,0.53644802
2023-12-18,3.2017616369997097,3.255422609755905,3.174931257236064,3.2375354766845703,308682749,6.8632452555406775,0.0,0.54244185
2023-12-19,3.24647960781737,3.255423069000244,3.219649011039813,3.255423069000244,262120577,6.8255337414021175,0.0,0.54543877
2023-12-20,3.255422733102486,3.2822531138827236,3.2464792728424072,3.2464792728424072,303765282,6.844337552337307,0.0,0.54394031
2023-12-21,3.246479530953657,3.246479530953657,3.219648934811342,3.2285923957824707,322125122,6.882256189733371,0.0,0.54094339
2023-12-22,3.237535599353416,3.255422733102486,3.2285921390933368,3.2464792728424072,285183570,6.844337552337307,0.0,0.54394031
2023-12-25,3.246479089954256,3.2733094692230225,3.246479089954256,3.2733094692230225,209268966,6.788236862087564,0.0,0.54843569
2023-12-26,3.273309804707979,3.2911967260537396,3.2554228833622187,3.2822532653808594,230749363,6.76973962806666,0.0,0.54993414
2023-12-27,3.282253221335067,3.3090836029936606,3.255422839676473,3.300140142440796,341089772,6.733047398273823,0.0,0.55293106
2023-12-28,3.3001400344028817,3.3180269549230403,3.237535599353416,3.2464792728424072,565540560,6.844337552337307,0.0,0.54394031
2023-12-29,3.24647960781737,3.2733099913659927,3.2375359334055616,3.255423069000244,323725330,6.8255337414021175,0.0,0.54543877
2024-01-02,3.255422549710511,3.2911963887355333,3.246479089954256,3.2733094692230225,347908816,6.788236862087564,0.0,0.5316754
2024-01-03,3.2822530385473816,3.326970338821411,3.273309578492576,3.326970338821411,478476267,6.6787490530713605,0.0,0.54039139
2024-01-04,3.326970585509396,3.380631349817066,3.3090836640735057,3.371687889099121,388624371,6.590171074801631,0.0,0.54765472
2024-01-05,3.3716879788027905,3.380631439758676,3.326970674023362,3.335914134979248,492790067,6.660842905699738,0.0,0.54184406
2024-01-08,3.3359137988762173,3.344857258931023,3.3090834187117992,3.326970338821411,393248434,6.6787490530713605,0.0,0.54039139
2024-01-09,3.326970338821411,3.3359137988762173,3.2822530385473816,3.326970338821411,383728571,6.6787490530713605,0.0,0.54039139
2024-01-10,3.326970479934875,3.3359139403690183,3.3090835590665897,3.3180270195007324,259581257,6.696750770686452,0.0,0.53893873
2024-01-11,3.31802715308619,3.3269706138804005,3.255422927526712,3.264366388320923,375408554,6.80683396309236,0.0,0.53022274
2024-01-12,3.2554229352868727,3.318027160995584,3.2554229352868727,3.3090837001800537,329581703,6.714849793249704,0.0,0.53748606
2024-01-15,3.3090835590665897,3.326970479934875,3.300140098632447,3.3180270195007324,223625502,6.696750770686452,0.0,0.53893873
2024-01-16,3.309083611991198,3.353800914877109,3.309083611991198,3.3448574542999268,344926503,6.643033463633986,0.0,0.54329672
2024-01-17,3.3448575434421746,3.3538010042577047,3.3090837001800537,3.3090837001800537,333368559,6.714849793249704,0.0,0.53748606
2024-01-18,3.300140142440796,3.3269705240993894,3.201761863130367,3.300140142440796,745692871,6.733047398273823,0.0,0.5360334
2024-01-19,3.291196823120117,3.300140284056764,3.246479518436881,3.291196823120117,405931444,6.751343415230639,0.0,0.53458073
2024-01-22,3.2822533621834697,3.326970666866706,3.2733099012468228,3.291196823120117,544068685,6.751343415230639,0.0,0.53458073
2024-01-23,3.291196823120117,3.3090837449934116,3.246479518436881,3.291196823120117,401466794,6.751343415230639,0.0,0.53458073
2024-01-24,3.3001400124176143,3.3538007736206055,3.291196552217116,3.3538007736206055,490304742,6.625319003672462,0.0,0.54474939
2024-01-25,3.362744480472374,3.4074617847548003,3.3538010196158887,3.3985183238983154,449132170,6.538143356105921,0.0,0.55201271
2024-01-26,3.398518192021477,3.470066089325926,3.3806312710025943,3.452178955078125,476095886,6.436514528690518,0.0,0.5607287
2024-01-29,3.4611224497361928,3.514783426551196,3.452178989138512,3.496896505355835,450684032,6.354205783890922,0.0,0.56799203
2024-01-30,3.4968966922018616,3.514783614352956,3.452179173595194,3.4700663089752197,354295063,6.403335850536532,0.0,0.56363403
2024-01-31,3.461122493644697,3.514783471140455,3.443235572222419,3.4790096282958984,380667926,6.386875109306289,0.0,0.5650867
2024-02-01,3.4790096282958984,3.4968965497181768,3.470066167584759,3.4790096282958984,328050261,6.386875109306289,0.0,0.5650867
2024-02-02,3.4790096364939602,3.550557322351671,3.470066175761746,3.5237269401550293,557629443,6.305823458335967,0.0,0.57235003
2024-02-05,3.5147835388622233,3.6042183609257403,3.5058400779787644,3.5952746868133545,661851274,6.180334448852512,0.0,0.58397135
2024-02-06,3.5952746749445326,3.6847092834838784,3.586331427319524,3.657879114151001,687823749,6.074558318244832,0.0,0.59414
2024-02-07,3.6399922044595763,3.6399922044595763,3.5147835388622233,3.5952746868133545,748710334,6.180334448852512,0.0,0.58397135
2024-02-08,3.56844419907521,3.56844419907521,3.4879530534944774,3.541613817214966,495683919,6.273975974453713,0.0,0.57525536
2024-02-19,3.5505574838817506,3.648935556411743,3.5058401781862996,3.648935556411743,572990818,6.089447088468315,0.0,0.59268734
2024-02-20,3.6489353083836407,3.7383699136954287,3.6310483873212833,3.7115397453308105,397118593,5.986733680530619,0.0,0.60285599
2024-02-21,3.7025958631815516,3.783087216660872,3.6936526163826344,3.7383697032928467,432909990,5.943767407602326,0.0,0.60721399
2024-02-22,3.738369660501877,3.7652002535071407,3.720482740650971,3.756256580352783,290876084,5.91546384669844,0.0,0.61011932
2024-02-23,3.7562569735788274,3.845692008653728,3.7562569735788274,3.809918165206909,369425619,5.832146265743552,0.0,0.61883531
2024-02-26,3.8099181437864686,3.8278050654093128,3.693652940009056,3.7025961875915527,427076834,6.001194533302202,0.0,0.60140333
2024-02-27,3.6936531324667423,3.7562571481797518,3.6757662099119,3.7204833030700684,310696508,5.972342351775777,0.0,0.60430866
2024-02-28,3.7204833030700684,3.7473139001312674,3.6757662099119,3.7204833030700684,390336077,5.972342351775777,0.0,0.60430866
2024-02-29,3.711539894308618,3.7473137378692627,3.70259622018953,3.7473137378692627,295696680,5.929580908972511,0.0,0.60866665
2024-03-01,3.7383700462204703,3.800974485386965,3.7294267986011724,3.7920308113098145,367474144,5.859657029612831,0.0,0.61592998
2024-03-04,3.7920308113098145,3.800974485386965,3.7652006419940687,3.7920308113098145,359837139,5.859657029612831,0.0,0.61592998
2024-03-05,3.7830876276427805,3.899352833864057,3.7741439534144394,3.8814659118652344,432530191,5.7246412836129235,0.0,0.63045663
2024-03-06,3.8814658521005474,3.9351266172707757,3.7920308170256467,3.809918165206909,425783690,5.832146265743552,0.0,0.61883531
2024-03-07,3.809918120752144,3.8367482897952727,3.800974446765869,3.8278050422668457,327328697,5.804893340869106,0.0,0.62174064
2024-03-08,3.8188614845275874,3.845692080845294,3.809918236726926,3.818861484527588,335741384,5.818488072957359,0.0,0.62028797
2024-03-11,3.818861407083413,3.827805081160563,3.7652006419940687,3.7920308113098145,374205910,5.859657029612831,0.0,0.61592998
2024-03-12,3.783087548123277,3.7920307957057737,3.7025961875915527,3.7025961875915527,472814058,6.001194533302202,0.0,0.60140333
2024-03-13,3.6936529846801287,3.720483154209954,3.67576606284096,3.684709310531616,283314318,6.0303264456957075,0.0,0.598498
2024-03-14,3.684709457960385,3.7294269775764257,3.684709457960385,3.7204833030700684,241845428,5.972342351775777,0.0,0.60430866
2024-03-15,3.7204833030700684,3.7562571481797518,3.7204833030700684,3.7204833030700684,303804340,5.972342351775777,0.0,0.60430866
2024-03-18,3.720483036955119,3.729426710821762,3.6847091944042307,3.693652868270874,296072984,6.015725026808474,0.0,0.59995066
2024-03-19,3.6936529575667394,3.6936529575667394,3.631048518360271,3.657879114151001,382805956,6.074558318244832,0.0,0.59414
2024-03-20,3.6489353518533423,3.702596115679675,3.6399921044445414,3.693652868270874,304603699,6.015725026808474,0.0,0.59995066
2024-03-21,3.693652940009056,3.7294267832547443,3.6847092659687086,3.7025961875915527,289826682,6.001194533302202,0.0,0.60140333
2024-03-22,3.7025958631815516,3.7383697032928467,3.684708943125904,3.7383697032928467,331088177,5.943767407602326,0.0,0.60721399
2024-03-25,3.7294265356401297,3.7741436234993317,3.7204828621935957,3.76520037651062,370160929,5.901412349425151,0.0,0.61157198
2024-03-26,3.7830874919891357,3.792030739438931,3.7383699753666266,3.7830874919891357,366546270,5.873509414480075,0.0,0.61447731
2024-03-27,3.783087525251167,3.854635211309975,3.774143851264892,3.8278050422668457,389933579,5.804893340869106,0.0,0.62174064
2024-03-28,3.8188612266473223,3.8278049003018957,3.711539701539432,3.729426622390747,506524869,5.958020427750334,0.0,0.60576132
2024-03-29,3.7294267279168314,3.8188613347040055,3.720483054009192,3.7830874919891357,254268099,5.873509414480075,0.0,0.61447731
2024-04-01,3.7830874919891357,3.800974413346571,3.765200570631701,3.7830874919891357,253839301,5.873509414480075,0.0,0.5989049
2024-04-02,3.78308764040922,3.8546353286459554,3.78308764040922,3.818861484527588,372701218,5.818488072957359,0.0,0.6045683
2024-04-03,3.8188609651239838,3.845691557792459,3.8009740454976013,3.836747884750366,242020947,5.79136306774708,0.0,0.60740001
2024-04-08,3.8278051458687665,3.899352833864057,3.8188614716404254,3.8814659118652344,349929180,5.7246412836129235,0.0,0.61447926
2024-04-09,3.890409054339379,3.9082959758540805,3.809918120752144,3.8278050422668457,390822351,5.804893340869106,0.0,0.60598416
2024-04-10,3.8278046381660764,3.8635784774188413,3.8278046381660764,3.836747884750366,285638906,5.79136306774708,0.0,0.60740001
2024-04-11,3.8367484065867714,3.845692080845294,3.800974562468404,3.818861484527588,258490466,5.818488072957359,0.0,0.6045683
2024-04-12,3.818861368280571,3.8367482897952727,3.809918120752144,3.8278050422668457,296029874,5.804893340869106,0.0,0.60598416
2024-04-15,3.827804704915272,3.9172393046067437,3.827804704915272,3.9082956314086914,404908248,5.685342690412369,0.0,0.61872681
2024-04-16,3.9082959748947252,3.98878733492005,3.8814658058581823,3.961956739425659,500280119,5.608339883898152,0.0,0.62722192
2024-04-17,3.944069894767389,3.9977306603439278,3.89040912919085,3.9887874126434326,429792204,5.570615252537225,0.0,0.63146947
2024-04-18,3.970900281543585,4.0961087279578265,3.961956607856508,4.015617370605469,498903823,5.533395727055963,0.0,0.63571702
2024-04-19,4.0066743929425375,4.069278833590559,3.9977307186537367,4.060335159301758,303085396,5.4724546443158895,0.0,0.64279628
2024-04-22,4.06927796044076,4.131881961197905,4.006673533225845,4.024560451507568,399069328,5.521099823876808,0.0,0.63713287
2024-04-23,4.024560451507568,4.078221206352737,3.9708996966624,4.024560451507568,339834801,5.521099823876808,0.0,0.63713287
2024-04-24,4.024561044292546,4.051391638895943,3.988787202459905,4.015617370605469,279718551,5.533395727055963,0.0,0.63571702
2024-04-25,4.015617525760861,4.069278717041016,3.9977306041534257,4.069278717041016,305928148,5.460427153084594,0.0,0.64421213
2024-04-26,4.069278649496111,4.096108818232992,3.9798436164855957,3.9798436164855957,535165949,5.583133947263333,0.0,0.63005362
2024-04-29,3.979843946370627,3.9887876209961473,3.926183177991139,3.9440701007843018,421875192,5.633774104466709,0.0,0.62439022
2024-04-30,3.935126543045044,3.9709003858170844,3.9261828691231115,3.935126543045044,319000625,5.646578262971417,0.0,0.62297436
2024-05-06,3.944069998169279,3.9619569204970677,3.8814659832509526,3.890409231185913,452435189,5.7114814096887905,0.0,0.61589511
2024-05-07,3.8814655865670202,3.9261826745874933,3.8546349925884775,3.9172394275665283,418324720,5.672361981152511,0.0,0.62014266
2024-05-08,3.917239648878805,3.9709004134097388,3.9082959748947252,3.961956739425659,388237247,5.608339883898152,0.0,0.62722192
2024-05-09,3.9619565155870013,3.9619565155870013,3.8993525070667743,3.9172394275665283,390411529,5.672361981152511,0.0,0.62014266
2024-05-10,3.9082956314086914,3.935126224545038,3.8993523846684495,3.9082956314086914,291749476,5.685342690412369,0.0,0.61872681
2024-05-13,3.9082957540877397,3.9261826745874933,3.8814655865670202,3.9172394275665283,302894385,5.672361981152511,0.0,0.62014266
2024-05-14,3.9172397558628793,3.9172397558628793,3.8814659118652344,3.8814659118652344,262960886,5.7246412836129235,0.0,0.61447926
2024-05-15,3.8814659118652344,3.8904091596357158,3.8725222376368933,3.8814659118652344,171006580,5.7246412836129235,0.0,0.61447926
2024-05-16,3.8814659832509526,3.9082961535137017,3.8725223088581244,3.890409231185913,273656413,5.7114814096887905,0.0,0.61589511
2024-05-17,3.8993525070667743,3.9172394275665283,3.8904088335879856,3.9172394275665283,293995274,5.672361981152511,0.0,0.62014266
2024-05-20,3.9261825513469857,3.9619563912235742,3.8993523846684495,3.9082956314086914,379047719,5.685342690412369,0.0,0.61872681
2024-05-21,3.9082962551979765,3.953013775409822,3.8993530070303346,3.9440701007843018,305281277,5.633774104466709,0.0,0.62439022
2024-05-22,3.9440697462833354,3.9709003412904305,3.9351264989195305,3.9530134201049805,268460900,5.6210282229221225,0.0,0.62580607
2024-05-23,3.953013464431064,3.961956711895152,3.9261828691231115,3.935126543045044,269649468,5.646578262971417,0.0,0.62297436
2024-05-24,3.9351264205306915,3.9619565885454815,3.926182746887207,3.926182746887207,269536495,5.6594410990208415,0.0,0.62155851
2024-05-27,3.935126526438181,3.9887872903697845,3.926182852553992,3.9798436164855957,391169135,5.583133947263333,0.0,0.63005362
2024-05-28,3.9887874126434326,4.0066743345022795,3.9709004907845866,3.9887874126434326,252308393,5.570615252537225,0.0,0.63146947
2024-05-29,3.9798436609359706,4.006674256430362,3.9530134918994277,3.961956739425659,330722000,5.608339883898152,0.0,0.62722192
2024-05-30,3.9619565885454815,3.9887871830181036,3.9172394997015543,3.926182746887207,326976086,5.6594410990208415,0.0,0.62155851
2024-05-31,3.926182746887207,3.9440696677163443,3.9172394997015543,3.926182746887207,216688761,5.6594410990208415,0.0,0.62155851
2024-06-03,3.926183177991139,3.9440701007843018,3.8993530070303346,3.9440701007843018,320118345,5.633774104466709,0.0,0.62439022
2024-06-04,3.9440701007843018,3.9619570235774644,3.93512685261666,3.9440701007843018,245781843,5.633774104466709,0.0,0.62439022
2024-06-05,3.9440697024559697,3.9798435444293427,3.9261827814692833,3.970900297164917,331084396,5.595708362626052,0.0,0.62863777
2024-06-06,3.961956739425659,3.9798436609359706,3.9530134918994277,3.961956739425659,399856265,5.608339883898152,0.0,0.62722192
2024-06-07,4.00054682593021,4.02885278126152,3.9816763390119694,4.019417762756348,498968556,11.272776972784314,0.2309,0.60315245
2024-06-11,4.019417630734579,4.038288117033,3.925064749334593,3.934500217437744,532843438,11.516075103817666,0.0,0.5904098
2024-06-12,3.9345005093916754,3.943935528287057,3.8495830897936663,3.925065040588379,410313193,11.543757754701536,0.0,0.58899395
2024-06-13,3.9250651143616575,3.991112047502369,3.915630095288941,3.9816765785217285,367846299,11.379628432006445,0.0,0.59748905
2024-06-14,3.9722411369770914,4.019417577046946,3.9722411369770914,4.009982109069824,363099258,11.299302283049421,0.0,0.6017366
2024-06-17,4.000546694528277,4.009982162631427,3.9156297311393233,3.934500217437744,423514900,11.516075103817666,0.0,0.5904098
2024-06-18,3.9344999000158665,3.9533703847918815,3.86845297834589,3.943934917449951,308588929,11.48852629375951,0.0,0.59182565
2024-06-19,3.9439356024150145,3.9816765785217285,3.934500583342298,3.9816765785217285,295415352,11.379628432006445,0.0,0.59748905
2024-06-20,3.9816764448008493,4.000546932220459,3.972241426044999,4.000546932220459,253004000,11.325951368067363,0.0,0.60032075
2024-06-21,4.000546801609913,4.009982269965621,3.9533708095550537,3.9533708095550537,340734829,11.461105517976842,0.0,0.5932415
2024-06-24,3.953370650930725,4.019417577046946,3.9439351829536036,4.009982109069824,368522357,11.299302283049421,0.0,0.6017366
2024-06-25,4.0099822943432795,4.02885278126152,3.9911118074250385,4.019417762756348,331246679,11.272776972784314,0.0,0.60315245
2024-06-26,4.019417630159358,4.057158602750799,4.009982162057557,4.038288116455078,291574363,11.220100867833665,0.0,0.60598416
2024-06-27,4.038288326138599,4.094899787965246,4.038288326138599,4.076029300689697,390084508,11.116210570992015,0.0,0.61164756
2024-06-28,4.085464054058108,4.132640494137233,4.0571585499369345,4.113770008087158,372775669,11.014227803432423,0.0,0.61731096
2024-07-01,4.113769956466114,4.198686917671943,4.104334488605538,4.189251899719238,347487492,10.815773575954374,0.0,0.62917585
2024-07-02,4.1892523174094105,4.283604755883243,4.179816848608069,4.264734268188477,409826334,10.624343077592558,0.0,0.64051235
2024-07-03,4.274169204562113,4.283604222280231,4.198686813277875,4.2364277839660645,346364946,10.695331612045473,0.0,0.63626116
2024-07-04,4.226993004069408,4.302474949692595,4.226993004069408,4.274169445037842,294532089,10.600889970004182,0.0,0.64192941
2024-07-05,4.274169445037842,4.274169445037842,4.274169445037842,4.274169445037842,0,10.600889970004182,0.0,0.63200997
2024-07-08,4.198686525732127,4.274168911846977,4.189251508660163,4.24586296081543,319523738,10.671564395309192,0.0,0.63767823
2024-07-09,4.236428022318364,4.274169445037842,4.189252031257815,4.274169445037842,375290516,10.600889970004182,0.0,0.64192941
2024-07-10,4.264733845048933,4.302474816693872,4.255298827091633,4.293039798736572,274987027,10.554293024102545,0.0,0.64476354
2024-07-11,4.283604596876608,4.293040065327706,4.226993135893716,4.255299091339111,300371797,10.647900189253507,0.0,0.63909529
2024-07-12,4.255298723797516,4.34965115061953,4.2458632561613845,4.340215682983398,375589323,10.43957335522427,0.0,0.65184885
2024-07-15,4.340216307216512,4.481745192758904,4.340216307216512,4.453439235687256,405399317,10.174159251329215,0.0,0.66885361
2024-07-16,4.462874067384495,4.510050505797831,4.396827143587396,4.444003582000732,358260037,10.19576135886034,0.0,0.66743654
2024-07-17,4.444004216601989,4.481745192758904,4.406263240445075,4.453439235687256,277364758,10.174159251329215,0.0,0.66885361
2024-07-18,4.462874704680447,4.481745192758904,4.406263240445075,4.453439235687256,294750775,10.174159251329215,0.0,0.66885361
2024-07-19,4.444003582000732,4.453438599738684,4.368521640465683,4.444003582000732,408771452,10.19576135886034,0.0,0.66743654
2024-07-22,4.425133789859182,4.434568809075225,4.330781348159101,4.377957344055176,457134710,10.349575484449709,0.0,0.6575171
2024-07-23,4.36852166725559,4.519485551251473,4.359086199551915,4.472309112548828,488912990,10.131231732812232,0.0,0.67168773
2024-07-24,4.462874148480754,4.53835609138741,4.4345681949368245,4.500615119934082,447234096,10.067512727163312,0.0,0.67593892
2024-07-25,4.500615680837361,4.510051149830552,4.396827771451884,4.453439235687256,424939788,10.174159251329215,0.0,0.66885361
2024-07-26,4.444003929337161,4.453438947812539,4.302475052943336,4.359086513519287,487745702,10.394379615884061,0.0,0.65468298
2024-07-29,4.349651440309944,4.444003873415909,4.302474998803016,4.434568405151367,387861452,10.217454295522005,0.0,0.66601948
2024-07-30,4.434568405151367,4.462874360037102,4.3968274319089815,4.434568405151367,290689611,10.217454295522005,0.0,0.66601948
2024-07-31,4.444003903463903,4.453438921884349,4.321345514642853,4.330780982971191,515491417,5.331601872916416,0.0,0.65043179
2024-08-01,4.311910704228524,4.396827673740496,4.255299241251237,4.3685221672058105,432391153,5.285540307734961,0.0,0.65610004
2024-08-02,4.359086565326207,4.406263007987464,4.330781059655774,4.387392520904541,320365703,5.262806983871043,0.0,0.65893417
2024-08-05,4.387392654864906,4.415698161399592,4.33078119188762,4.3685221672058105,411757396,5.285540307734961,0.0,0.65610004
2024-08-06,4.368522091265643,4.387392578596703,4.283604673321917,4.311910629272461,356759089,5.354934734325865,0.0,0.64759766
2024-08-07,4.311910284559041,4.34965125620398,4.283604330871402,4.293039798736572,257200532,5.378473315526986,0.0,0.64476354
2024-08-08,4.302475160652977,4.321345647984038,4.283604673321917,4.311910629272461,193205630,5.354934734325865,0.0,0.64759766
2024-08-09,4.311910364326797,4.3590863548017635,4.293039878155235,4.349651336669922,238618616,5.308471464215709,0.0,0.65326592
2024-08-12,4.349651836499117,4.406263301519166,4.330781348159101,4.377957344055176,261855600,5.274149148884214,0.0,0.6575171
2024-08-13,4.3779567352011,4.434568192348044,4.359086249485452,4.396827220916748,293070061,5.251514066815135,0.0,0.66035123
2024-08-14,4.387392203012858,4.425133174444154,4.3779567352011,4.396827220916748,220046871,5.251514066815135,0.0,0.66035123
2024-08-15,4.396827089464005,4.425133042145143,4.377956604312532,4.4156975746154785,279748151,5.2290718759222745,0.0,0.66318535
2024-08-16,4.425133490249647,4.491180419921875,4.4156980217645145,4.491180419921875,373228603,5.141187358579029,0.0,0.67452186
2024-08-19,4.491180259237778,4.623273663948335,4.472309322942671,4.613838195800781,416477384,5.004510132369842,0.0,0.69294367
2024-08-20,4.613838248328998,4.661014689788097,4.585532743379851,4.642144203186035,415826992,4.973994557117092,0.0,0.69719486
2024-08-21,4.623273317679641,4.632708335212657,4.5289208928102305,4.594967365264893,391082286,5.025062892621632,0.0,0.69010955
2024-08-22,4.585532559836597,4.661014503223558,4.576097091959292,4.632708549499512,402336003,4.984125323941325,0.0,0.6957778
2024-08-23,4.632708734931059,4.651579221533121,4.557226788522813,4.642144203186035,345371159,4.973994557117092,0.0,0.69719486
2024-08-26,4.632708734931059,4.651579221533121,4.585532743379851,4.642144203186035,273402350,4.973994557117092,0.0,0.69719486
2024-08-27,4.642143809279772,4.7176257492830445,4.632708341825437,4.698755264282227,381702624,4.9140673862117366,0.0,0.70569724
2024-08-28,4.698756009710934,4.727061966656652,4.632709076776205,4.661015033721924,357092958,4.953856581226712,0.0,0.70002899
2024-08-29,4.65157892122212,4.670449406605882,4.434568114354921,4.444003582000732,646856979,5.195765389010929,0.0,0.66743654
2024-08-30,4.406263150853183,4.453439145136142,4.24586378049371,4.264734268188477,888808394,5.414170859889917,0.0,0.64051235
2024-09-02,4.274169340739453,4.44400371424732,4.255298854794135,4.425133228302002,683283521,5.217921994375754,0.0,0.66460242
2024-09-03,4.415697951578091,4.415697951578091,4.189252110429011,4.226993083953857,700503025,5.462511894720681,0.0,0.6348441
2024-09-04,4.198687336302836,4.321345731272776,4.1892523174094105,4.264734268188477,492974830,5.414170859889917,0.0,0.64051235
2024-09-05,4.264733444867185,4.302474412970696,4.217557009783882,4.24586296081543,345648125,5.438234868410709,0.0,0.63767823
2024-09-06,4.255299091339111,4.311910552322003,4.245863622888013,4.255299091339111,282334697,5.426175576470172,0.0,0.63909529
2024-09-09,4.24586378049371,4.283604755883243,4.1892523174094105,4.264734268188477,352387584,5.414170859889917,0.0,0.64051235
2024-09-10,4.264733741525787,4.387392121348336,4.255298723797516,4.340215682983398,391287451,5.320012111501399,0.0,0.65184885
2024-09-11,4.340216141768973,4.349651610402487,4.189252242896006,4.208122730255127,458307211,5.4870072666821,0.0,0.63200997
2024-09-12,4.198687128856276,4.245863570716281,4.132640650141741,4.226993083953857,366433223,5.462511894720681,0.0,0.6348441
2024-09-13,4.2269928713458,4.255298825019658,4.151510928092676,4.189251899719238,332610579,5.511723943252847,0.0,0.62917585
2024-09-18,4.198686525732127,4.24586296081543,4.189251508660163,4.24586296081543,283111784,5.438234868410709,0.0,0.63767823
2024-09-19,4.24586296081543,4.28360392891894,4.189251508660163,4.24586296081543,385250181,5.438234868410709,0.0,0.63767823
2024-09-20,4.245863647678255,4.293040090393395,4.236428179172066,4.283604621887207,432598866,5.390320078099867,0.0,0.64334648
2024-09-23,4.274169547609309,4.3685219819025605,4.264734079226035,4.359086513519287,314067992,5.29698135799521,0.0,0.65468298
2024-09-24,4.3873922577328806,4.528921127319336,4.368521771781878,4.528921127319336,596147576,5.0983444734147865,0.0,0.68019011
2024-09-25,4.594967816842622,4.689320250984667,4.491180364240319,4.566662311553955,610847482,5.0562092015388975,0.0,0.68585836
2024-09-26,4.566662204786668,4.623273663948335,4.528921232012222,4.613838195800781,547069487,5.004510132369842,0.0,0.69294367
2024-09-27,4.642144207892381,4.651579226249032,4.406262900173523,4.434568405151367,825882040,5.2068201210241245,0.0,0.66601948
2024-09-30,4.425133229634885,4.623273557074349,4.302474845999432,4.528921127319336,1767690237,5.0983444734147865,0.0,0.66041752
2024-10-08,4.73649675173262,4.878025629654307,4.444003977312012,4.491180419921875,1654129811,5.141187358579029,0.0,0.65491404
2024-10-09,4.45343886592854,4.5289212618831645,4.387392388091587,4.4062628746032715,1039787124,5.2402683764252185,0.0,0.64253121
2024-10-10,4.42513356492598,4.62327390737848,4.415698096281619,4.547791957855225,1079928263,5.077189153324733,0.0,0.66316925
2024-10-11,4.547792115640789,4.66101504385394,4.510051139569739,4.55722713470459,726585464,5.066677459230205,0.0,0.66454512
2024-10-14,4.623273714394123,4.77423760713911,4.604403227800999,4.745932102203369,956934793,4.865219203047621,0.0,0.69206252
2024-10-15,4.727061617849257,4.76480259105338,4.642144203186035,4.642144203186035,597249678,4.973994557117092,0.0,0.67692795
2024-10-16,4.642144486583589,4.755367413108087,4.623273998829506,4.736496925354004,558952197,4.874910796711699,0.0,0.69068665
2024-10-17,4.736496234283863,4.764802186739016,4.698755264282227,4.698755264282227,423090837,4.9140673862117366,0.0,0.68518317
2024-10-18,4.708190893646185,4.727061831007084,4.585532950155703,4.679885387420654,699459832,4.933881513864635,0.0,0.68243143
2024-10-21,4.651579277327849,4.651579277327849,4.538356356357394,4.566662311553955,718684413,5.0562092015388975,0.0,0.66592099
2024-10-22,4.566662178972135,4.613838169719571,4.538356224597368,4.5855326652526855,495719764,5.035401922870748,0.0,0.66867273
2024-10-23,4.576097011566162,4.5949674970813845,4.55722652605094,4.576097011566162,379048777,5.0457846373535435,0.0,0.66729686
2024-10-24,4.5760968802910105,4.623273317679641,4.557226395317128,4.594967365264893,328284083,5.025062892621632,0.0,0.6700486
2024-10-25,4.594967951353305,4.6044034199976664,4.528921470474411,4.547791957855225,382415051,5.077189153324733,0.0,0.66316925
2024-10-28,4.528921394046605,4.538356412623838,4.453438995889244,4.491180419921875,546379124,5.141187358579029,0.0,0.65491404
2024-10-29,4.481744503282013,4.52892094117444,4.472309035740386,4.5194854736328125,428848378,5.108988652515792,0.0,0.65904165
2024-10-30,4.510050505797831,4.528920991181594,4.444003582000732,4.444003582000732,386774559,5.195765389010929,0.0,0.64803469
2024-10-31,4.462874412536621,4.500615386222977,4.434568457317907,4.462874412536621,379583735,5.173795600238735,0.0,0.65078643
2024-11-01,4.453438864199642,4.519485791918841,4.444003845901406,4.5100507736206055,455425800,5.119676287250237,0.0,0.65766578
2024-11-04,4.500615305414483,4.519485791918841,4.444003845901406,4.5100507736206055,378411629,5.119676287250237,0.0,0.65766578
2024-11-05,4.4911801554173305,4.528921127319336,4.481744687487892,4.528921127319336,364239869,5.0983444734147865,0.0,0.66041752
2024-11-06,4.519485605660746,4.53835609138741,4.481744634207418,4.500615119934082,323639300,5.130409818366824,0.0,0.65628991
2024-11-07,4.4911801554173305,4.528921127319336,4.4628742015368905,4.528921127319336,441466465,5.0983444734147865,0.0,0.66041752
2024-11-08,4.519485925561472,4.538356412623838,4.4723094829516095,4.491180419921875,464151867,5.141187358579029,0.0,0.65491404
2024-11-11,4.462874200192639,4.472309218211361,4.415697760375406,4.425133228302002,496011583,5.217921994375754,0.0,0.64528295
2024-11-12,4.415698026574974,4.453439000740819,4.37795705240913,4.387392520904541,452765323,5.262806983871043,0.0,0.63977947
2024-11-13,4.387392203012858,4.425133174444154,4.36852171729721,4.396827220916748,336614896,5.251514066815135,0.0,0.64115534
2024-11-14,4.387392256411364,4.453438732266043,4.377956788484768,4.425133228302002,451701588,5.217921994375754,0.0,0.64528295
2024-11-15,4.425133386794716,4.4817448466582945,4.3873924135523295,4.434568405151367,513685557,5.2068201210241245,0.0,0.64665882
2024-11-18,4.453438733607452,4.557226631291902,4.453438733607452,4.528921127319336,705066789,5.0983444734147865,0.0,0.66041752
2024-11-19,4.528921688752234,4.547792177042538,4.434568797392785,4.48174524307251,568459472,5.152010823393075,0.0,0.65353817
2024-11-20,4.4723091663901515,4.519485605660746,4.462874148480754,4.500615119934082,361954630,5.130409818366824,0.0,0.65628991
2024-11-21,4.491180102024684,4.510050587751348,4.481744634207418,4.500615119934082,218603300,5.130409818366824,0.0,0.65628991
2024-11-22,4.500615333279488,4.519485819900681,4.434568405151367,4.434568405151367,319265800,5.2068201210241245,0.0,0.64665882
2024-11-25,4.453438944161085,4.481744899379799,4.434568457317907,4.462874412536621,331071600,5.173795600238735,0.0,0.65078643
2024-11-26,4.462874357723067,4.55722679078011,4.444003871111659,4.538356304168701,505542900,5.087745089293829,0.0,0.66179339
2024-11-27,4.528921627605264,4.585533091711839,4.51948615863354,4.55722713470459,427256585,5.066677459230205,0.0,0.66454512
2024-11-28,4.54779150824726,4.5949674970813845,4.519485555020495,4.576097011566162,401482270,5.0457846373535435,0.0,0.66729686
2024-11-29,4.594967764002927,4.604403232262576,4.528921285816942,4.538356304168701,428412159,5.087745089293829,0.0,0.66179339
2024-12-02,4.547791957855225,4.547791957855225,4.500615514449236,4.547791957855225,354507693,5.077189153324733,0.0,0.66316925
2024-12-03,4.5383562502518915,4.613838195800781,4.5383562502518915,4.613838195800781,467673140,5.004510132369842,0.0,0.67280034
2024-12-04,4.613838063652771,4.651579035346252,4.585532559836597,4.632708549499512,380647781,4.984125323941325,0.0,0.67555208
2024-12-05,4.623273716583974,4.670449708135183,4.623273716583974,4.642144203186035,277911802,4.973994557117092,0.0,0.67692795
2024-12-06,4.6421442286298396,4.717626175451805,4.632708760323148,4.670449733734131,510451849,4.943849375622981,0.0,0.68105556
2024-12-09,4.670449366099325,4.76480224210768,4.642143863223104,4.7270612716674805,505562236,4.884641571793072,0.0,0.68931078
2024-12-10,4.755366987914757,4.793107960048376,4.689320061726986,4.7648024559021,622946558,4.84595116244509,0.0,0.69481426
2024-12-11,4.7553670139826885,4.7836729681920085,4.689320087432861,4.689320087432861,469504266,4.923954767319045,0.0,0.6838073
2024-12-12,4.698755660766617,4.745932102203369,4.661014687580369,4.745932102203369,419912500,4.865219203047621,0.0,0.69206252
2024-12-13,4.727061562963536,4.75536706758403,4.6987556084351585,4.717626094818115,487565968,4.894410776929157,0.0,0.68793491
2024-12-16,4.708190160014929,4.849719018813252,4.708190160014929,4.821413516998291,566716083,4.789051990374669,0.0,0.70306948
2024-12-17,4.821413807928487,4.906330768405205,4.802543322277231,4.811978340148926,428242394,4.798442213953396,0.0,0.70169361
2024-12-18,4.830848825800182,4.896895750533511,4.79310785449767,4.811978340148926,544508325,4.798442213953396,0.0,0.70169361
2024-12-19,4.811978740719088,4.821414209284099,4.7459322603956275,4.755367279052734,482170021,4.85556606778005,0.0,0.69343839
2024-12-20,4.755367279052734,4.811978740719088,4.7459322603956275,4.755367279052734,504798615,4.85556606778005,0.0,0.69343839
2024-12-23,4.764802482268903,4.906330903599206,4.755367014229347,4.896895885467529,695987733,4.715231963277792,0.0,0.71407644
2024-12-24,4.887460966268009,4.962943369337154,4.859155458786518,4.953507900238037,432904076,4.6613431259270675,0.0,0.72233166
2024-12-25,4.962942969364433,5.113906863520406,4.953507501025738,5.0101189613342285,566560001,4.608673003215672,0.0,0.73058688
2024-12-26,5.01011880261677,5.028989288788461,4.915766371758313,5.000683784484863,430140127,4.617368543005879,0.0,0.72921101
2024-12-27,4.9818134561339305,5.028989448103725,4.868590085609057,5.0101189613342285,513680713,4.608673003215672,0.0,0.73058688
2024-12-30,4.991248551033171,5.08560098632618,4.98181353245782,5.066730499267578,420717713,4.557179428299527,0.0,0.7388421
2024-12-31,5.066730474213469,5.132777403545936,5.038424968719482,5.038424968719482,463019101,4.5827813539651325,0.0,0.7213616
2025-01-02,5.038424919696579,5.095036380041632,4.878025557098314,4.9063310623168945,640437445,4.706164281767059,0.0,0.7024495
2025-01-03,4.896896152470356,4.934637126870644,4.811978735115757,4.859155178070068,533097569,4.751854829458391,0.0,0.69569517
2025-01-06,4.868589931256741,4.915766371638761,4.764802482268903,4.896895885467529,494520558,4.715231963277792,0.0,0.70109863
2025-01-07,4.878025659827549,4.962943077087402,4.830849216925874,4.962943077087402,526716170,4.6524813283876725,0.0,0.71055468
2025-01-08,4.978766514341385,5.055956621526627,4.959468987545074,4.998064041137695,533196411,6.948690475781601,0.1164,0.69974777
2025-01-09,4.998063894009229,5.017361420237476,4.911225256026775,4.959468841552734,404790000,7.002766044019861,0.0,0.69434431
2025-01-10,4.959469173847374,4.98841569517388,4.882279063762489,4.920874118804932,354495999,7.057689175035109,0.0,0.68894085
2025-01-13,4.901576585065586,4.920874112562327,4.785791420085142,4.853332996368408,428715940,7.155907090238261,0.0,0.6794848
2025-01-14,4.843684074441621,4.920874185573862,4.834035540594768,4.872630596160889,456482340,7.127566786483573,0.0,0.68218653
2025-01-15,4.8726306678862485,4.978766842210732,4.862981673808008,4.891928195953369,474262127,7.099450075479205,0.0,0.68488826
2025-01-16,4.911225585088995,4.940171646326153,4.862981536241267,4.920874118804932,351748261,7.057689175035109,0.0,0.68894085
2025-01-17,4.901576657790802,4.930523179510069,4.862981602224681,4.872630596160889,339698192,7.127566786483573,0.0,0.68218653
2025-01-20,4.882278984551595,4.891927978200333,4.82438640292719,4.834035396575928,348904694,7.1844736645081575,0.0,0.67678307
2025-01-21,4.843683930135325,4.872630450992198,4.795439882070317,4.834035396575928,307439396,7.1844736645081575,0.0,0.67678307
2025-01-22,4.834035084507576,4.843683617444098,4.727898461669971,4.756844520568848,474527102,7.301058474756878,0.0,0.66597616
2025-01-23,4.766493757520525,4.901576446169878,4.766493757520525,4.882278919219971,656489943,7.1134813423459065,0.0,0.6835374
2025-01-24,4.872630790585864,4.901576853370766,4.795440216284255,4.862981796264648,427648938,7.141708822903016,0.0,0.68083567
2025-01-27,4.862981282264936,5.017361494371975,4.862981282264936,4.978766441345215,564788552,6.975623461986759,0.0,0.69704604
2025-02-05,4.9884157628592485,5.007713290642309,4.862981602224681,4.872630596160889,499457595,7.127566786483573,0.0,0.68218653
2025-02-06,4.872630790585864,4.901576853370766,4.8340357334797455,4.862981796264648,348691239,7.141708822903016,0.0,0.68083567
2025-02-07,4.853333190651469,4.862981724741405,4.805089139933694,4.843684196472168,476028741,7.1701619245315635,0.0,0.67813394
2025-02-10,4.843684196472168,4.872630718920706,4.814737674023629,4.843684196472168,328317651,7.1701619245315635,0.0,0.67813394
2025-02-11,4.843683818226235,4.930522918701172,4.834035284889759,4.930522918701172,482172342,7.04387761149456,0.0,0.69029172
2025-02-12,4.9305227822550215,4.969117834711517,4.891927729798527,4.959468841552734,380808837,7.002766044019861,0.0,0.69434431
2025-02-13,4.940171388318455,5.007712961159946,4.930522855106427,4.978766441345215,377767628,6.975623461986759,0.0,0.69704604
2025-02-14,4.988415388159325,5.027010440826416,4.959468868614347,5.027010440826416,359921296,6.908678708511008,0.0,0.70380036
2025-02-17,5.017361785250849,5.065605834375884,4.969118196215166,5.055956840515137,393042238,6.8691250925436025,0.0,0.70785295
2025-02-18,5.046308257662974,5.142795894885247,5.036659263896074,5.104200839996338,459200967,6.804199342599716,0.0,0.71460728
2025-02-19,5.094552640357852,5.123498703377793,5.065606117248535,5.065606117248535,350572483,6.856040362424419,0.0,0.70920382
2025-02-20,5.0656057130339684,5.113849761003361,5.055956719404354,5.084903240203857,257506127,6.830021803641567,0.0,0.71190555
2025-02-21,5.084903141765757,5.094552135208578,4.988415507784206,4.998064041137695,494717033,6.948690475781601,0.0,0.69974777
2025-02-24,4.978766367780982,5.007712887168011,4.9305227822550215,4.959468841552734,438225855,7.002766044019861,0.0,0.69434431
2025-02-25,4.959468978799931,4.98841549898802,4.920873925275365,4.930522918701172,413169171,7.04387761149456,0.0,0.69029172
2025-02-26,4.930523184740324,5.0077132959544475,4.930523184740324,4.940171718597412,449048190,7.03011999952511,0.0,0.69164258
2025-02-27,4.940171388318455,4.998063967858594,4.901576335291696,4.978766441345215,429727954,6.975623461986759,0.0,0.69704604
2025-02-28,4.969118045540653,5.017361633113486,4.949820518493652,4.949820518493652,526431366,7.0164160236196125,0.0,0.69299345
2025-03-03,4.959468978799931,4.978766505562214,4.9015763985130825,4.930522918701172,455197311,7.04387761149456,0.0,0.69029172
2025-03-04,4.930523039912155,4.949820567148844,4.891927985438778,4.901576519012451,414261193,7.08547543127966,0.0,0.68623912
2025-03-05,4.901576335291696,5.017361494371975,4.882278808778316,4.978766441345215,632038292,6.975623461986759,0.0,0.69704604
2025-03-06,4.969117972225737,4.978766505562214,4.920873925275365,4.930522918701172,606352532,7.04387761149456,0.0,0.69029172
2025-03-07,4.930523112610216,4.9498206401314375,4.911225585088995,4.920874118804932,363698681,7.057689175035109,0.0,0.68894085
2025-03-10,4.920873973119786,4.930522966639407,4.862981392270063,4.882278919219971,471574624,7.1134813423459065,0.0,0.6835374
2025-03-11,4.872630739047952,4.91122579574585,4.862981744828793,4.91122579574585,433933060,7.071554321547067,0.0,0.68758999
2025-03-12,4.8919281239439485,4.901576657790802,4.853333068377828,4.872630596160889,413644672,7.127566786483573,0.0,0.68218653
2025-03-13,4.872630458202088,4.92087404624914,4.8629814645390725,4.901576519012451,383534700,7.08547543127966,0.0,0.68623912
2025-03-14,4.91122579574585,4.940171858224589,4.901576801526691,4.91122579574585,517636031,7.071554321547067,0.0,0.68758999
2025-03-17,4.920873997878483,4.959469051972484,4.911225464399652,4.949820518493652,380446373,7.0164160236196125,0.0,0.69299345
2025-03-18,4.959469246400943,4.959469246400943,4.930523184740324,4.940171718597412,273808270,7.03011999952511,0.0,0.69164258
2025-03-19,4.949820662858958,4.998064251838852,4.940171669009369,4.988415718078613,423575341,6.962130255931625,0.0,0.6983969
2025-03-20,4.988415360939764,5.007712887168011,4.949820308483269,4.959468841552734,289062972,7.002766044019861,0.0,0.69434431
2025-03-21,4.959469386573538,4.969118380792696,4.901576801526691,4.91122579574585,333636660,7.071554321547067,0.0,0.68758999
2025-03-24,4.911225256026775,4.969117834711517,4.901576262867993,4.959468841552734,389400752,7.002766044019861,0.0,0.69434431
2025-03-25,4.969118190468786,4.988415718078613,4.959469196619197,4.988415718078613,256160980,6.962130255931625,0.0,0.6983969
2025-03-26,4.98841564561564,4.98841564561564,4.949820590956626,4.969118118286133,252538632,6.9891677302246356,0.0,0.69569517
2025-03-27,4.969118118286133,5.017361706565228,4.9594691245767075,4.969118118286133,351414202,6.9891677302246356,0.0,0.69569517
2025-03-28,4.959469173847374,4.969118167652659,4.920874118804932,4.920874118804932,315648172,7.057689175035109,0.0,0.68894085
2025-03-31,4.949820454191585,5.007713034580516,4.920873933952453,4.998064041137695,560112297,6.948690475781601,0.0,0.68742234
2025-04-01,4.988415572587654,4.998064106066486,4.920873997878483,4.949820518493652,479432838,7.0164160236196125,0.0,0.68078698
2025-04-02,4.940171669009369,4.998064251838852,4.940171669009369,4.988415718078613,386085415,6.962130255931625,0.0,0.68609527
2025-04-03,4.978766658655654,5.036659240722656,4.969118125022492,5.036659240722656,500442189,6.895443654237956,0.0,0.69273062
2025-04-07,4.978766695052548,4.988415688845593,4.7471963650916615,4.853332996368408,1099362749,7.155907090238261,0.0,0.66751628
2025-04-08,4.843683818226235,4.9498204454634545,4.843683818226235,4.930522918701172,740559077,7.04387761149456,0.0,0.67813284
2025-04-09,4.9112255126754665,4.94017157348583,4.853332930965399,4.901576519012451,579354616,7.08547543127966,0.0,0.67415163
2025-04-10,4.901576519012451,4.9112255126754665,4.872630458202088,4.901576519012451,470964082,7.08547543127966,0.0,0.67415163
2025-04-11,4.911225464399652,4.949820518493652,4.882278943784483,4.949820518493652,486043471,7.0164160236196125,0.0,0.68078698
2025-04-14,4.940171460748764,5.017361567934006,4.930522927395274,4.998064041137695,457336353,6.948690475781601,0.0,0.68742234
2025-04-15,4.998064019526042,5.113849639892578,4.988415486214273,5.113849639892578,603848637,6.791361194720137,0.0,0.70334718
2025-04-16,5.113849648761591,5.191039755746934,5.094552122015256,5.181390762329102,502554790,6.7028335813816176,0.0,0.71263667
2025-04-17,5.171742229000598,5.191039755746934,5.113849648761591,5.181390762329102,346221134,6.7028335813816176,0.0,0.71263667
2025-04-18,5.1717421820963425,5.2489322883816225,5.1717421820963425,5.229634761810303,355933274,6.640999148471657,0.0,0.71927202
2025-04-21,5.219985815821773,5.326122442971284,5.171742229000598,5.181390762329102,443958377,6.7028335813816176,0.0,0.71263667
2025-04-22,5.1813910012992475,5.335771682479431,5.171742467525746,5.306825160980225,488773117,6.544402528155839,0.0,0.72988858
2025-04-23,5.316474082291933,5.335771609664944,5.2585810400835555,5.287527561187744,311756974,6.568287275688177,0.0,0.72723444
2025-04-24,5.287527258685137,5.422609942568051,5.277878265505984,5.3936638832092285,396038873,6.439036757206246,0.0,0.74183221
2025-04-25,5.4033127490603015,5.451556797748524,5.316474105546587,5.355069160461426,402521523,6.485443784073827,0.0,0.73652393
2025-04-28,5.345419910098185,5.432259009532812,5.345419910098185,5.412961483001709,315202274,6.416081124734106,0.0,0.74448635
2025-04-29,5.403312416299063,5.432258935747204,5.355068830671253,5.3936638832092285,298269012,6.439036757206246,0.0,0.74183221
2025-04-30,5.374366441139865,5.384014974380863,5.18139071533734,5.229634761810303,655943330,6.640999148471657,0.0,0.71927202
2025-05-06,5.229634614279193,5.248932140306118,5.152444510171491,5.191039562225342,483562362,6.690374747425663,0.0,0.71396374
2025-05-07,5.2103373800720485,5.268229961395264,5.171742325856572,5.268229961395264,498874191,6.592347003546887,0.0,0.7245803
2025-05-08,5.268230367033532,5.316474418562198,5.239283844098459,5.248932838439941,359551185,6.6165830405866375,0.0,0.72192616
2025-05-09,5.258580919990226,5.335771487808766,5.248932386568741,5.316473960876465,397102737,6.532525176569185,0.0,0.73121565
2025-05-12,5.306825232874916,5.355069282664067,5.268230177079338,5.326122760772705,362902508,6.520690858984525,0.0,0.73254272
2025-05-13,5.326122455397063,5.441907616145203,5.306824928605707,5.4322590827941895,404077358,6.393288587799819,0.0,0.74714049
2025-05-14,5.4226103549538776,5.490151932076485,5.393664293393727,5.44190788269043,403280989,6.381952937951938,0.0,0.74846756
2025-05-15,5.441907954491745,5.509449532505505,5.422610426500579,5.46120548248291,414514905,6.359401804491373,0.0,0.7511217
2025-05-16,5.451556462016192,5.461204995106026,5.355068830671253,5.3936638832092285,410681078,6.439036757206246,0.0,0.74183221
2025-05-19,5.384015010220284,5.43225905701439,5.3550689502152835,5.364717483520508,304683003,6.473779860110921,0.0,0.737851
2025-05-20,5.374366760253906,5.412961815688207,5.335771704819606,5.374366760253906,298151512,6.4621566687345355,0.0,0.73917807
2025-05-21,5.374366549876777,5.422610137236503,5.3550690229150195,5.384015083312988,267112694,6.4505762823066455,0.0,0.74050514
2025-05-22,5.384014963160392,5.432259009532812,5.355068903408399,5.412961483001709,312516336,6.416081124734106,0.0,0.74448635
2025-05-23,5.422609989471645,5.432258982734258,5.345419883728027,5.345419883728027,408539815,6.497150973251224,0.0,0.73519686
2025-05-26,5.345420216252933,5.364717743889287,5.2875276333438705,5.306825160980225,328404738,6.544402528155839,0.0,0.72988858
2025-05-27,5.30682503983056,5.364717621417991,5.297176046187984,5.335771560668945,244988260,6.508899341943699,0.0,0.73386979
2025-05-28,5.335771754766278,5.355069282664067,5.297176238881343,5.326122760772705,246485949,6.520690858984525,0.0,0.73254272
2025-05-29,5.335771487808766,5.34542002123025,5.297175973854829,5.316473960876465,245439721,6.532525176569185,0.0,0.73121565
2025-05-30,5.316474033473135,5.364717621417991,5.297176046187984,5.335771560668945,407222638,6.508899341943699,0.0,0.73386979
2025-06-03,5.326122710916354,5.384015294067805,5.306825183199204,5.374366760253906,361998654,6.4621566687345355,0.0,0.73917807
2025-06-04,5.384015294067805,5.403312821784955,5.355069232536756,5.374366760253906,254910639,6.4621566687345355,0.0,0.73917807
2025-06-05,5.374366760253906,5.432259343405357,5.355069232536756,5.374366760253906,356117416,6.4621566687345355,0.0,0.73917807
2025-06-06,5.384014963160392,5.422610016222598,5.374366429939502,5.412961483001709,280110616,6.416081124734106,0.0,0.74448635
2025-06-09,5.422609942568051,5.441907468837039,5.335771304402265,5.3936638832092285,403543131,6.439036757206246,0.0,0.74183221
2025-06-10,5.384014754494396,5.470853850563437,5.374366221647451,5.422609806060791,419223261,6.404665141346269,0.0,0.74581342
2025-06-11,5.4129612732138455,5.441907331843988,5.393663747430648,5.422609806060791,237239493,6.404665141346269,0.0,0.74581342
2025-06-12,5.422610089353846,5.4515566095855466,5.40331256256249,5.4322590827941895,236750711,6.393288587799819,0.0,0.74714049
2025-06-13,5.432259203982939,5.451556731204806,5.403312683105469,5.403312683105469,305518916,6.427538444811874,0.0,0.74315928
2025-06-16,5.40331256256249,5.441907616145203,5.335771448837407,5.4322590827941895,421998921,6.393288587799819,0.0,0.74714049
2025-06-17,5.43225934886683,5.470854404339933,5.4226103549538776,5.44190788269043,244868740,6.381952937951938,0.0,0.74846756
2025-06-18,5.451556969495106,5.528747081756592,5.441907975417739,5.528747081756592,380723980,6.281712562797427,0.0,0.76041119
2025-06-19,5.538395404815674,5.5576933922354455,5.490151816534275,5.538395404815674,303338373,6.2707693224290235,0.0,0.76173826
2025-06-20,5.538395284095029,5.586639331414194,5.509449223774997,5.5673418045043945,327799909,6.2381655769546684,0.0,0.76571947
2025-06-23,5.55769369873858,5.721722460048626,5.538395710254537,5.683127403259277,443980699,6.111071868647942,0.0,0.78164432
2025-06-24,5.683126951637097,5.7699660525569545,5.663829424775943,5.750668525695801,450823117,2.024112491963119,0.0,0.79093381
2025-06-25,5.750668742309112,5.856805374088025,5.712073687133025,5.808561325073242,458850073,2.0039385569977135,0.0,0.79889623
2025-06-26,5.798913005443314,5.87610311864566,5.769966482947751,5.866454124450684,345406418,1.9841627929017402,0.0,0.80685865
2025-06-27,5.856805344570171,5.876102872060956,5.644532082082185,5.673478603363037,732883819,2.0516513436924253,0.0,0.78031725
2025-06-30,5.644532082082185,5.692776130853822,5.596288493399896,5.673478603363037,392937008,2.0516513436924253,0.0,0.768418
2025-07-01,5.683126951637097,5.779614585942865,5.673478418251186,5.750668525695801,314547507,2.024112491963119,0.0,0.77887266
2025-07-02,5.760317131891076,5.808561179698423,5.75066859838321,5.769966125488281,275379690,2.01734286594533,0.0,0.78148633
2025-07-03,5.7796147808232385,5.789263774623832,5.702424670775883,5.7410197257995605,309911830,2.027514371304286,0.0,0.77756583
2025-07-04,5.741019557101007,5.856805178859053,5.731371023673281,5.818210124969482,374680422,2.000615266548328,0.0,0.7880205
2025-07-07,5.818210533743901,5.87610311864566,5.808561539548924,5.866454124450684,267920682,1.9841627929017402,0.0,0.79455466
2025-07-08,5.866453792779359,5.905048847198486,5.8278587383602325,5.905048847198486,289730860,1.9711945322048146,0.0,0.799782
2025-07-09,5.895400129840214,6.04978034270368,5.885751136491583,5.98223876953125,383411839,1.9457598481834044,0.0,0.81023666
2025-07-10,5.991887932616942,6.126970622699073,5.9822389389949775,6.088375568389893,560600459,1.9118400087592278,0.0,0.82461183
2025-07-11,6.107673379103867,6.28135159164783,6.049780794952333,6.098024845123291,989961654,1.9088147876781338,0.0,0.82591866
2025-07-14,6.098024585972332,6.242755810155768,6.088375592312454,6.155917167663574,523567635,1.8908636492290334,0.0,0.83375966
2025-07-15,6.175214744071372,6.194512271455466,6.059429579766812,6.107673168182373,415786764,1.9057994230336384,0.0,0.8272255
2025-07-16,6.0883759738743715,6.107673502314173,6.020834394290383,6.06907844543457,447861965,1.9179188578055246,0.0,0.82199816
2025-07-17,6.084338137385381,6.113873966792609,6.035112380981445,6.035112380981445,404638243,4.0082103651011325,0.1255,0.80108883
2025-07-18,6.054802587856962,6.143409134392188,6.035112192020682,6.123718738555908,403551549,3.9502140827755374,0.0,0.81285033
2025-07-21,6.123718804320382,6.13356423707229,6.044957220129418,6.094183444976807,374360016,3.969358687411823,0.0,0.80892983
2025-07-22,6.084338197150001,6.094183630201146,5.985886213918982,6.0055766105651855,560928328,4.027922973698187,0.0,0.79716833
2025-07-23,5.995731343768421,6.202480732826371,5.976040948117952,6.153254508972168,627822114,3.931252959670064,0.0,0.81677083
2025-07-24,6.163099880770214,6.1827902762265765,6.0941832619449166,6.104028224945068,438895992,3.962956773552221,0.0,0.81023666
2025-07-25,6.094183621208003,6.143409378022827,6.06464779155424,6.084338188171387,345934008,3.975781630125029,0.0,0.807623
2025-07-28,6.074493048929066,6.113873841024548,6.054802652881325,6.094183444976807,317334503,3.969358687411823,0.0,0.80892983
2025-07-29,6.104028348514628,6.192635364590043,6.035112197750254,6.044957160949707,417931454,4.001682618409089,0.0,0.80239566
2025-07-30,6.054802414274192,6.172944785904895,6.015421623730625,6.133563995361328,512578522,3.9438734181781316,0.0,0.81415716
2025-07-31,6.1532545686675,6.241861584682254,6.074492985301527,6.202480792999268,528806016,3.9000523834436094,0.0,0.823305
2025-08-01,6.212325690943685,6.291087273482423,6.153254504039632,6.232016086578369,537025200,3.881568927926388,0.0,0.8272255
2025-08-04,6.2418613971767725,6.37969416392673,6.2320159648237485,6.2910871505737305,542749286,3.845122380444839,0.0,0.8350665
2025-08-05,6.300932755297311,6.4584559216065225,6.28124235950866,6.438765525817871,491067264,3.756931340798796,0.0,0.854669
2025-08-06,6.458455916108406,6.517527103424072,6.448610952950494,6.517527103424072,437604532,3.7115304035009613,0.0,0.86512366
2025-08-07,6.5175269245657725,6.635669295954965,6.4584557388711765,6.606133937835693,431012867,3.6617483429234174,0.0,0.87688516
2025-08-08,6.615978900723433,6.645514728298757,6.556907715028837,6.606133937835693,389260296,3.6617483429234174,0.0,0.87688516
2025-08-11,6.586443951842584,6.6750509706179635,6.517527329522169,6.635669708251953,498159991,3.6454496778099004,0.0,0.88080566
2025-08-12,6.6356696421233226,6.773502885390558,6.625824678721993,6.743967056274414,472222542,3.5869095738678385,0.0,0.89518083
2025-08-13,6.753812437408291,6.842418985165982,6.5962887990887005,6.694741249084473,716059337,3.6132837849869195,0.0,0.88864666
2025-08-14,6.675050609350245,6.832573772464474,6.645514781538298,6.812883377075195,575128657,3.550625874706355,0.0,0.90432866
2025-08-15,6.822728641309362,6.842419037568098,6.596288849605849,6.743967056274414,744214245,3.5869095738678385,0.0,0.89518083
2025-08-18,6.684895860219533,6.832574066727302,6.62582467150764,6.822728633880615,589478113,3.545502290663621,0.0,0.9056355
2025-08-19,6.8128834897180575,6.980252088022193,6.803038057132608,6.911335468292236,544434491,3.5000471487715608,0.0,0.917397
2025-08-20,6.911335346186726,7.029477718388469,6.871954555452811,6.970406532287598,475157765,3.470385821537034,0.0,0.925238
2025-08-21,6.960561740717492,7.127929870729595,6.92118094901393,7.118084907531738,477400854,3.3983859864335484,0.0,0.9448405
2025-08-22,7.118085083259036,7.196846668610581,7.068858857686281,7.187001705169678,518361195,3.365798561394511,0.0,0.95398833
2025-08-25,7.177156036757599,7.177156036757599,6.990097042957895,7.147620677947998,748795450,3.3843429988711544,0.0,0.948761
2025-08-26,7.098394570775823,7.226382379605962,7.049168346008517,7.167311191558838,534420033,3.375045306877327,0.0,0.95137466
2025-08-27,7.108239725820998,7.127930122367912,6.990097346539517,6.999942779541016,621796292,3.455742534167705,0.0,0.9291585
2025-08-28,6.970406655436744,6.970406655436744,6.763657265702936,6.911335468292236,575732614,3.5000471487715608,0.0,0.917397
2025-08-29,6.88179963999195,6.990097051151579,6.862109244277115,6.911335468292236,446247266,3.5000471487715608,0.0,0.917397
2025-09-01,6.891645015103901,6.970406597306405,6.822728395948681,6.940871238708496,459122027,3.485153256423337,0.0,0.9213175
2025-09-02,6.921181184962872,7.088549320680697,6.911335751973309,7.078704357147217,570618934,3.41729203248556,0.0,0.93961316
2025-09-03,7.078704121661551,7.088549084867521,6.999942538189523,7.039323329925537,454533431,3.436409845981018,0.0,0.93438583
2025-09-04,7.00978753563752,7.433131753051765,6.940871384490881,7.403595924377441,961631006,3.267331205955045,0.0,0.98273866
2025-09-05,7.3346794429757844,7.374060235651557,7.127930046699939,7.187001705169678,624118223,3.365798561394511,0.0,0.95398833
2025-09-08,7.118084849682334,7.236227223832863,7.059013662607069,7.147620677947998,469395031,3.3843429988711544,0.0,0.948761
2025-09-09,7.137775297630211,7.2854535011275665,7.137775297630211,7.1968464851379395,393328542,3.3611943856179614,0.0,0.95529516
2025-09-10,7.1771559715271,7.22638219503712,7.1377751805015075,7.1771559715271,314814910,3.370415815953494,0.0,0.9526815
2025-09-11,7.167311191558838,7.23622734288578,7.088549138039934,7.167311191558838,443981510,3.375045306877327,0.0,0.95137466
2025-09-12,7.147620552301678,7.1771559105920835,7.108239292154378,7.1279296875,264975949,3.3936922866146046,0.0,0.94614733
2025-09-15,7.10823929596231,7.118084728368423,6.990096923825288,7.049168109893799,370893761,3.4316105989937076,0.0,0.93569266
2025-09-16,7.019632998855065,7.059013790954599,6.921181018606228,6.931025981903076,411999513,3.4901037830705217,0.0,0.92001066
2025-09-17,6.8916451964342995,6.931025988571724,6.793193216090739,6.852264404296875,430570131,3.5302198766339323,0.0,0.909556
2025-09-18,6.842419045194359,6.891645270624105,6.645515082387529,6.665205478668213,563447268,3.6292954624458855,0.0,0.88472616
2025-09-19,6.615979023703707,6.645514851828054,6.527372478242788,6.547062873840332,500934662,3.6947865731753375,0.0,0.86904416
2025-09-22,6.497836652342362,6.5372174435509285,6.360003883112378,6.3895392417907715,500673726,3.7858754887653467,0.0,0.84813483
2025-09-23,6.340313485338085,6.615979023703707,6.291087261616194,6.547062873840332,744907881,3.6947865731753375,0.0,0.86904416
2025-09-24,6.517527050536368,6.596288632984798,6.428920505009916,6.468301296234131,474622656,3.7397763171736464,0.0,0.8585895
2025-09-25,6.4486111344773045,6.5372176832170235,6.340313719955337,6.5076823234558105,466805969,3.7171451828266644,0.0,0.86381683
2025-09-26,6.4879917444942725,6.576598290739739,6.478146311880295,6.517527103424072,398271364,3.7115304035009613,0.0,0.86512366
2025-09-29,6.4879917444942725,6.5864437233537165,6.419075124564628,6.517527103424072,443382828,3.7115304035009613,0.0,0.86512366
2025-09-30,6.5076821995969505,6.57659835069884,6.497836766893212,6.566753387451172,308745951,3.683707697357147,0.0,0.85243204
2025-10-09,6.537217493763693,6.635669472541326,6.43876551498606,6.596288681030273,396175668,3.6672136666131734,0.0,0.85626606
2025-10-10,6.5962887344873895,6.724276542663574,6.57659833857229,6.724276542663574,472481157,3.597413022281505,0.0,0.87288018
2025-10-13,6.694741177561136,6.852264344741752,6.625824557191582,6.803038120269775,572781698,3.555764288300172,0.0,0.88310425
2025-10-14,6.773502637365004,7.019632816314697,6.724276413792642,7.019632816314697,601388760,3.446049192741072,0.0,0.91122045
2025-10-15,6.9999427627558335,7.187001764231006,6.9704069332782455,7.157465934753418,524169034,3.379687758281084,0.0,0.92911258
2025-10-16,7.137775400524126,7.383905586749096,7.118085004404372,7.374060153961182,532254311,3.280418045817767,0.0,0.95722878
2025-10-17,7.374060205198736,7.570964637220517,7.354369808942166,7.502048015594482,603133088,3.224452836041082,0.0,0.9738429
2025-10-20,7.423286480417383,7.639881310150222,7.305144102084606,7.630035877227783,561704810,3.1703651711777976,0.0,0.99045701
2025-10-21,7.630035457804209,7.767868224949106,7.561118839503733,7.758023262023926,506067448,3.1180623185820755,0.0,1.00707113
2025-10-22,7.7481778819739375,7.974618133711158,7.69895212810346,7.964772701263428,494518482,3.0371237080202946,0.0,1.03390932
2025-10-23,7.964773061147987,8.141987097566005,7.777714061293457,7.866320610046387,713519968,3.075135275964471,0.0,1.02112923
2025-10-24,7.728487835742657,7.9450821953628035,7.728487835742657,7.866320610046387,505912014,3.075135275964471,0.0,1.02112923
2025-10-27,7.797404392902425,8.073069939221801,7.777713996736755,8.053380012512207,522010198,3.003707755304852,0.0,1.0454114
2025-10-28,8.053380063529822,8.21090323385308,8.04353463065658,8.181367874145508,446537481,2.9567182862470283,0.0,1.06202552
2025-10-29,8.171522441627378,8.171522441627378,7.984462972676264,8.023843765258789,406451779,3.0147645826226794,0.0,1.04157738
2025-10-30,7.974618198884977,8.112450498631196,7.905701110099745,7.935237407684326,370225530,3.048428012572741,0.0,1.03007529
2025-10-31,7.925391853196093,7.945081779037357,7.738332863143528,7.836784839630127,382862670,3.0867250403089663,0.0,1.0172952
2025-11-03,7.8170945048550085,7.935237347009677,7.758023318505703,7.886011123657227,271839281,3.0674569970403005,0.0,1.02368525
2025-11-04,7.886011460676028,8.092760856462325,7.876166027802357,8.023843765258789,374084190,3.0147645826226794,0.0,1.04157738
2025-11-05,8.053380012512207,8.102605298742269,7.94508212941691,8.053380012512207,345436362,3.003707755304852,0.0,1.0454114
2025-11-06,8.004154138086754,8.053380365385904,7.935237983215259,8.033689498901367,260082040,3.0110698208224327,0.0,1.04285538
2025-11-07,8.053379893284879,8.151831403199614,7.954927444458008,7.954927444458008,294205277,3.040882543416854,0.0,1.03263131
2025-11-10,7.935237751773339,8.0041539046348,7.876166092954825,7.9943084716796875,209000578,3.0259027514005132,0.0,1.03774335
2025-11-11,7.994308110955907,8.17152214050293,7.984462678445046,8.17152214050293,340653165,2.9602807878473407,0.0,1.06074751
2025-11-12,8.191212111569167,8.516103874913762,8.191212111569167,8.457033157348633,512586238,2.860341156281314,0.0,1.09780977
2025-11-13,8.427497863769531,8.476723149150619,8.289664623530935,8.427497863769531,356221882,2.8703656044808614,0.0,1.09397575
2025-11-14,8.427497980690854,8.54564035728639,8.338890963516166,8.368426322937012,355089639,2.890627110344229,0.0,1.08630769
2025-11-17,8.319200469198321,8.368426696371177,8.17152272659194,8.19121265411377,320831553,2.9531646926357555,0.0,1.06330353
2025-11-18,8.151831813097647,8.171522679417992,8.013999504503978,8.063224792480469,280929512,3.000040383663729,0.0,1.04668941
2025-11-19,8.07307017354062,8.161677193585966,8.053380246259529,8.092761039733887,231527161,2.9890911002106444,0.0,1.05052344
2025-11-20,8.06322485971598,8.151831881072011,7.97461877727214,8.033689498901367,308917066,3.0110698208224327,0.0,1.04285538
2025-11-21,8.023843661607353,8.092760751920624,7.9057012853859305,7.925392150878906,333446276,3.052214898579799,0.0,1.02879729
2025-11-24,7.915546784044593,7.964773009274791,7.817094803040272,7.895856857299805,296834384,3.0636320335057854,0.0,1.02496326
2025-11-25,7.866320602412604,7.945082187652588,7.826939809792612,7.945082187652588,231308435,3.0446506944375678,0.0,1.0313533
2025-11-26,7.945082143431015,7.994308368660056,7.787558973827806,7.817094802856445,310154900,3.0945000169578,0.0,1.01473919
2025-11-27,7.8269397593486945,7.994308361633024,7.738333211252813,7.974618434906006,333658851,3.033373972366757,0.0,1.03518733
2025-11-28,7.9549276870226215,8.004153912937081,7.895856967055002,7.915546894073486,247427098,3.056011204748404,0.0,1.02751928
2025-12-01,7.88601147583157,7.895856908724162,7.826939817388178,7.866320610046387,244576250,3.075135275964471,0.0,1.02112923
2025-12-02,7.84663016261353,7.9057013512161225,7.797404406839408,7.895856857299805,226671918,3.0636320335057854,0.0,1.02496326
2025-12-03,7.876165748834811,7.95492733121019,7.836784957647122,7.856475353240967,203761790,3.078988848354383,0.0,1.01985122
2025-12-04,7.836784962452521,7.866320321133368,7.748177947497857,7.777713775634766,213368513,3.11016845024305,0.0,1.00962715
2025-12-05,7.76786834796437,7.807249139200849,7.689106765491413,7.6989521980285645,214508497,3.1419859972885953,0.0,0.99940308
2025-12-08,7.698952315720164,7.7383331075586455,7.630035695274787,7.718642711639404,188338190,3.1339706867792243,0.0,1.00195909
2025-12-09,7.738333325802378,7.935237760004137,7.71864292932781,7.915546894073486,331045043,3.056011204748404,0.0,1.02751928
2025-12-10,7.925391982366347,7.964772773602826,7.689106765491413,7.6989521980285645,350427125,3.1419859972885953,0.0,0.99940308
2025-12-11,7.718642524454122,7.807249069213867,7.6300355102383195,7.807249069213867,278861109,3.0984024956226683,0.0,1.01346118
2025-12-12,7.748177829497734,7.748177829497734,7.541428444056229,7.600499629974365,577880373,3.1826855045951215,0.0,0.98662299
2025-12-15,7.579999923706055,7.590000152587891,7.46999979019165,7.489999771118164,280339223,4.82510028095832,0.1195,0.95722878
2025-12-16,7.449999809265137,7.46999979019165,7.360000133514404,7.369999885559082,285011753,4.903663576822219,0.0,0.94189267
2025-12-17,7.349999904632568,7.519999980926514,7.320000171661377,7.449999809265137,285450114,4.851006835604849,0.0,0.95211674
2025-12-18,7.460000038146973,7.610000133514404,7.420000076293945,7.599999904632568,272848759,4.755263217565426,0.0,0.97128688
2025-12-19,7.590000152587891,7.599999904632568,7.510000228881836,7.550000190734863,222358699,4.786754845960129,0.0,0.96489683
2025-12-22,7.510000228881836,7.619999885559082,7.46999979019165,7.590000152587891,191606269,4.761528231020876,0.0,0.97000887
2025-12-23,7.579999923706055,7.670000076293945,7.570000171661377,7.659999847412109,231702374,4.718015759779644,0.0,0.97895493
2025-12-24,7.670000076293945,7.690000057220459,7.599999904632568,7.639999866485596,203049941,4.7303665748130985,0.0,0.97639891
2025-12-25,7.630000114440918,7.670000076293945,7.559999942779541,7.579999923706055,177737619,4.767810074374016,0.0,0.96873086
2025-12-26,7.550000190734863,7.599999904632568,7.5,7.510000228881836,189086683,4.8122501862268106,0.0,0.9597848
2025-12-29,7.489999771118164,7.639999866485596,7.46999979019165,7.639999866485596,286453032,4.7303665748130985,0.0,0.97639891
2025-12-30,7.630000114440918,7.650000095367432,7.53000020980835,7.610000133514404,225916301,4.749014371345358,0.0,0.97256489
2025-12-31,7.599999904632568,7.699999809265137,7.570000171661377,7.679999828338623,286895070,4.705729271847912,0.0,0.97133824
2026-01-05,7.650000095367432,7.679999828338623,7.539999961853027,7.570000171661377,318401559,4.77410821406473,0.0,0.95742585
2026-01-06,7.570000171661377,7.579999923706055,7.5,7.559999942779541,234385442,4.780423316605558,0.0,0.95616108
2026-01-07,7.539999961853027,7.539999961853027,7.460000038146973,7.489999771118164,234923430,4.82510028095832,0.0,0.94730774
2026-01-08,7.46999979019165,7.480000019073486,7.360000133514404,7.440000057220459,282723810,4.857526844361571,0.0,0.94098392
2026-01-09,7.420000076293945,7.449999809265137,7.380000114440918,7.409999847412109,223087394,4.877193082888071,0.0,0.93718963
2026-01-12,7.380000114440918,7.53000020980835,7.329999923706055,7.519999980926514,343998148,4.805851076019193,0.0,0.95110203
2026-01-13,7.5,7.699999809265137,7.5,7.610000133514404,488319584,4.749014371345358,0.0,0.9624849
2026-01-14,7.579999923706055,7.590000152587891,7.449999809265137,7.480000019073486,389549191,4.831550789818915,0.0,0.94604298
2026-01-15,7.440000057220459,7.449999809265137,7.329999923706055,7.329999923706055,363799500,4.930422970826933,0.0,0.92707153
2026-01-16,7.329999923706055,7.360000133514404,7.199999809265137,7.210000038146973,372323797,5.012482636447845,0.0,0.91189437
2026-01-19,7.170000076293945,7.230000019073486,7.090000152587891,7.099999904632568,319990158,5.0901409134413615,0.0,0.89798197
2026-01-20,7.090000152587891,7.190000057220459,7.059999942779541,7.170000076293945,378482159,5.040446250410665,0.0,0.90683531
2026-01-21,7.179999828338623,7.21999979019165,6.929999828338623,6.960000038146973,553761621,5.192528707172522,0.0,0.88027528
2026-01-22,6.900000095367432,6.929999828338623,6.789999961853027,6.809999942779541,476506613,3.597650544179033,0.0,0.86130383
2026-01-23,6.800000190734863,6.860000133514404,6.730000019073486,6.75,395974110,3.6296296296296298,0.0,0.85371525
2026-01-26,6.75,6.909999847412109,6.71999979019165,6.840000152587891,633430452,3.581871265124242,0.0,0.86509812
2026-01-27,6.880000114440918,7.090000152587891,6.829999923706055,6.889999866485596,685079166,3.5558781530857697,0.0,0.87142194
2026-01-28,6.849999904632568,6.909999847412109,6.75,6.800000190734863,524590550,3.6029410754108127,0.0,0.86003907
2026-01-29,6.760000228881836,6.820000171661377,6.670000076293945,6.78000020980835,529744140,3.6135692097113576,0.0,0.85750954
2026-01-30,6.78000020980835,6.869999885559082,6.710000038146973,6.71999979019165,411169061,3.6458334471616514,0.0,0.84992096
2026-02-02,6.730000019073486,6.860000133514404,6.730000019073486,6.78000020980835,491724254,3.6135692097113576,0.0,0.85750954
2026-02-03,6.75,6.760000228881836,6.639999866485596,6.659999847412109,447228401,3.6786787629612365,0.0,0.84233238
2026-02-04,6.639999866485596,6.71999979019165,6.619999885559082,6.670000076293945,306558928,3.673163376275843,0.0,0.84359715
2026-02-05,6.670000076293945,6.71999979019165,6.650000095367432,6.699999809265137,334127511,3.656716522009452,0.0,0.84739144
2026-02-06,6.699999809265137,6.75,6.619999885559082,6.670000076293945,336079896,3.673163376275843,0.0,0.84359715
2026-02-09,6.630000114440918,6.710000038146973,6.599999904632568,6.710000038146973,293167513,3.6512667452630736,0.0,0.8486562
2026-02-10,6.710000038146973,6.809999942779541,6.690000057220459,6.730000019073486,358041118,3.6404160372309917,0.0,0.85118573
2026-02-11,6.730000019073486,6.809999942779541,6.670000076293945,6.789999961853027,307749100,3.6082474429519467,0.0,0.85877431
2026-02-12,6.789999961853027,6.789999961853027,6.610000133514404,6.610000133514404,444916079,3.706505220140418,0.0,0.83600857
2026-02-13,6.630000114440918,6.659999847412109,6.510000228881836,6.510000228881836,332351405,3.7634407278981223,0.0,0.82336093
2026-02-24,6.519999980926514,6.539999961853027,6.449999809265137,6.480000019073486,228812326,3.7808641864021197,0.0,0.81956664
2026-02-25,6.489999771118164,6.53000020980835,6.46999979019165,6.510000228881836,242251386,3.7634407278981223,0.0,0.82336093
2026-02-26,6.5,6.53000020980835,6.400000095367432,6.420000076293945,288104553,3.8161993315961205,0.0,0.81197806
2026-02-27,6.420000076293945,6.440000057220459,6.380000114440918,6.400000095367432,212974270,3.8281249429564927,0.0,0.80944854
2026-03-02,6.389999866485596,6.539999961853027,6.329999923706055,6.480000019073486,423298349,3.7808641864021197,0.0,0.81956664
2026-03-03,6.460000038146973,6.739999771118164,6.420000076293945,6.730000019073486,848419446,3.6404160372309917,0.0,0.85118573
2026-03-04,6.71999979019165,6.730000019073486,6.53000020980835,6.679999828338623,588819034,3.667664764909638,0.0,0.84486191
2026-03-05,6.559999942779541,6.75,6.550000190734863,6.739999771118164,439542813,3.635014960235741,0.0,0.85245049
2026-03-06,6.71999979019165,6.829999923706055,6.679999828338623,6.699999809265137,312048125,3.656716522009452,0.0,0.84739144
2026-03-09,6.679999828338623,6.820000171661377,6.639999866485596,6.659999847412109,411341870,3.6786787629612365,0.0,0.84233238
2026-03-10,6.599999904632568,6.619999885559082,6.53000020980835,6.579999923706055,326239443,3.723404298491368,0.0,0.83221428
2026-03-11,6.559999942779541,6.639999866485596,6.539999961853027,6.630000114440918,250213317,3.6953242197743146,0.0,0.83853809
2026-03-12,6.630000114440918,6.659999847412109,6.579999923706055,6.639999866485596,210855333,3.6897591103367455,0.0,0.83980286
2026-03-13,6.639999866485596,6.690000057220459,6.579999923706055,6.619999885559082,284611417,3.7009064083889918,0.0,0.83727333
2026-03-16,6.599999904632568,6.670000076293945,6.579999923706055,6.650000095367432,241626255,3.684210473480648,0.0,0.84106762
2026-03-17,6.639999866485596,6.78000020980835,6.630000114440918,6.760000228881836,415376330,3.6242602323184414,0.0,0.85498002
2026-03-18,6.769999980926514,6.880000114440918,6.699999809265137,6.739999771118164,536104118,3.635014960235741,0.0,0.85245049
2026-03-19,6.71999979019165,6.840000152587891,6.710000038146973,6.829999923706055,484644350,3.5871157062482006,0.0,0.86383336
2026-03-20,6.800000190734863,6.860000133514404,6.739999771118164,6.760000228881836,368929128,3.6242602323184414,0.0,0.85498002
2026-03-23,6.739999771118164,6.75,6.420000076293945,6.46999979019165,548757558,3.7867080053296682,0.0,0.81830188
2026-03-24,6.46999979019165,6.550000190734863,6.429999828338623,6.5,273559266,3.769230769230769,0.0,0.82209617
2026-03-25,6.5,6.550000190734863,6.400000095367432,6.550000190734863,338161973,3.7404579063456906,0.0,0.82841999
2026-03-26,6.53000020980835,6.590000152587891,6.510000228881836,6.510000228881836,224826856,3.7634407278981223,0.0,0.82336093
2026-03-27,6.489999771118164,6.510000228881836,6.449999809265137,6.480000019073486,206181879,3.7808641864021197,0.0,0.81956664
2026-03-30,6.449999809265137,6.510000228881836,6.420000076293945,6.489999771118164,197547262,3.775038653934942,0.0,0.82083141
2026-03-31,6.510000228881836,6.75,6.510000228881836,6.699999809265137,583642537,3.656716522009452,0.0,0.84739144
2026-04-01,6.690000057220459,6.78000020980835,6.659999847412109,6.690000057220459,331688263,3.662182330410799,0.0,0.84612667
2026-04-02,6.71999979019165,6.929999828338623,6.699999809265137,6.920000076293945,562631309,3.5404623887115836,0.0,0.87521623
2026-04-03,6.929999828338623,6.929999828338623,6.78000020980835,6.840000152587891,365328653,3.581871265124242,0.0,0.86509812
2026-04-07,6.829999923706055,6.849999904632568,6.659999847412109,6.690000057220459,304110486,3.662182330410799,0.0,0.84612667
2026-04-08,6.619999885559082,6.650000095367432,6.53000020980835,6.630000114440918,370881041,3.6953242197743146,0.0,0.83853809
2026-04-09,6.630000114440918,6.670000076293945,6.559999942779541,6.599999904632568,247977896,3.7121212657599196,0.0,0.8347438
2026-04-10,6.570000171661377,6.590000152587891,6.53000020980835,6.590000152587891,220781140,3.7177540869067895,0.0,0.83347904
2026-04-13,6.599999904632568,6.670000076293945,6.550000190734863,6.639999866485596,283075185,3.6897591103367455,0.0,0.83980286
2026-04-14,6.599999904632568,6.789999961853027,6.599999904632568,6.760000228881836,362773440,3.6242602323184414,0.0,0.85498002
2026-04-15,6.739999771118164,6.96999979019165,6.730000019073486,6.949999809265137,529255330,3.5251799528596717,0.0,0.87901052
