Date,Open,Close,High,Low,Volume,PB,DivCash
2015-01-05,1.834,1.964,2.054,1.804,13658516,,0.0
2015-01-06,1.904,2.004,2.264,1.854,14975615,,0.0
2015-01-07,1.904,1.944,2.004,1.854,8105967,,0.0
2015-01-08,1.954,1.734,1.974,1.704,6920490,,0.0
2015-01-09,1.724,1.784,2.054,1.644,9915903,,0.0
2015-01-12,1.754,1.724,1.824,1.624,5470374,,0.0
2015-01-13,1.694,1.724,1.764,1.684,2685262,,0.0
2015-01-14,1.744,1.794,1.874,1.734,5396964,,0.0
2015-01-15,1.794,1.994,2.024,1.754,6232084,,0.0
2015-01-16,2.024,2.054,2.174,2.004,7868540,,0.0
2015-01-19,1.704,1.544,1.834,1.544,9924686,,0.0
2015-01-20,1.564,1.544,1.644,1.434,6479209,,0.0
2015-01-21,1.584,1.824,1.884,1.544,7928433,,0.0
2015-01-22,1.824,1.784,1.834,1.704,5696592,,0.0
2015-01-23,1.814,1.884,2.034,1.814,9319396,,0.0
2015-01-26,1.874,1.834,1.894,1.744,5326524,,0.0
2015-01-27,1.834,1.684,1.834,1.594,7041010,,0.0
2015-01-28,1.634,1.594,1.674,1.554,5512967,,0.0
2015-01-29,1.514,1.464,1.544,1.434,5775368,,0.0
2015-01-30,1.494,1.444,1.524,1.414,4194273,,0.0
2015-02-02,1.384,1.314,1.384,1.284,5080241,,0.0
2015-02-03,1.354,1.404,1.414,1.274,5615865,,0.0
2015-02-04,1.404,1.314,1.434,1.304,4643943,,0.0
2015-02-05,1.494,1.304,1.514,1.294,7609649,,0.0
2015-02-06,1.274,1.204,1.284,1.174,5037135,,0.0
2015-02-09,1.174,1.204,1.244,1.144,4755478,,0.0
2015-02-10,1.194,1.264,1.264,1.174,4510464,,0.0
2015-02-11,1.214,1.234,1.264,1.204,2963369,,0.0
2015-02-12,1.224,1.244,1.254,1.184,2973674,,0.0
2015-02-13,1.264,1.344,1.364,1.254,4825030,,0.0
2015-02-16,1.334,1.324,1.344,1.294,2371065,,0.0
2015-02-17,1.334,1.394,1.424,1.334,3255810,,0.0
2015-02-25,1.394,1.394,1.434,1.364,3161083,,0.0
2015-02-26,1.374,1.494,1.514,1.364,5011623,,0.0
2015-02-27,1.504,1.484,1.524,1.444,3811562,,0.0
2015-03-02,1.494,1.474,1.514,1.444,3072297,,0.0
2015-03-03,1.444,1.304,1.454,1.304,4399417,,0.0
2015-03-04,1.304,1.284,1.334,1.264,2484733,,0.0
2015-03-05,1.254,1.214,1.274,1.184,2953411,,0.0
2015-03-06,1.224,1.244,1.264,1.204,2195382,,0.0
2015-03-09,1.264,1.424,1.464,1.214,5269588,,0.0
2015-03-10,1.374,1.324,1.384,1.314,3422440,,0.0
2015-03-11,1.334,1.364,1.424,1.334,3189575,,0.0
2015-03-12,1.424,1.474,1.554,1.394,6654063,,0.0
2015-03-13,1.514,1.474,1.564,1.434,5058807,,0.0
2015-03-16,1.494,1.504,1.524,1.454,3917081,,0.0
2015-03-17,1.524,1.534,1.544,1.504,4545495,,0.0
2015-03-18,1.534,1.634,1.644,1.524,6208597,,0.0
2015-03-19,1.634,1.594,1.644,1.574,5179455,,0.0
2015-03-20,1.584,1.624,1.684,1.554,5964981,,0.0
2015-03-23,1.684,1.684,1.714,1.644,5349612,,0.0
2015-03-24,1.714,1.704,1.774,1.654,7775514,,0.0
2015-03-25,1.684,1.594,1.714,1.584,6507088,,0.0
2015-03-26,1.554,1.624,1.664,1.524,4674255,,0.0
2015-03-27,1.634,1.614,1.654,1.574,4540518,,0.0
2015-03-30,1.654,1.824,1.844,1.644,11375062,,0.0
2015-03-31,1.894,1.764,1.914,1.724,10047476,,0.0
2015-04-01,1.734,1.794,1.824,1.724,6824757,,0.0
2015-04-02,1.814,1.754,1.824,1.714,5559222,,0.0
2015-04-03,1.714,1.774,1.794,1.694,5141818,,0.0
2015-04-07,1.834,1.904,1.904,1.804,8617608,,0.0
2015-04-08,1.914,1.944,1.954,1.824,8803451,,0.0
2015-04-09,1.954,1.934,2.044,1.904,8768798,,0.0
2015-04-10,1.914,2.004,2.024,1.904,6893611,,0.0
2015-04-13,2.084,2.224,2.234,2.084,12595379,,0.0
2015-04-14,2.204,2.164,2.254,2.124,7637214,,0.0
2015-04-15,2.164,2.334,2.504,2.154,11358019,,0.0
2015-04-16,2.314,2.524,2.534,2.274,9440080,,0.0
2015-04-17,2.624,2.544,2.664,2.524,11548089,,0.0
2015-04-20,2.594,2.324,2.594,2.304,14141692,,0.0
2015-04-21,2.304,2.344,2.354,2.224,12279836,,0.0
2015-04-22,2.374,2.424,2.424,2.324,9390308,,0.0
2015-04-23,2.434,2.384,2.434,2.334,7720454,,0.0
2015-04-24,2.274,2.234,2.304,2.154,7966623,,0.0
2015-04-27,2.234,2.404,2.404,2.234,8948649,,0.0
2015-04-28,2.434,2.544,2.754,2.394,15395490,,0.0
2015-04-29,2.474,2.434,2.484,2.344,7374464,,0.0
2015-04-30,2.404,2.314,2.424,2.304,6181688,,0.0
2015-05-04,2.294,2.294,2.324,2.264,4358449,,0.0
2015-05-05,2.294,2.044,2.294,2.014,7923255,,0.0
2015-05-06,2.044,2.034,2.184,2.004,5899041,,0.0
2015-05-07,2.034,1.984,2.084,1.974,4401961,,0.0
2015-05-08,2.034,2.054,2.074,1.974,3524749,,0.0
2015-05-11,2.054,2.104,2.114,1.964,5454729,,0.0
2015-05-12,2.124,2.094,2.124,2.034,4470725,,0.0
2015-05-13,2.114,2.064,2.144,2.044,4477733,,0.0
2015-05-14,2.084,2.034,2.094,2.004,4277949,,0.0
2015-05-15,2.024,1.984,2.034,1.934,4599145,,0.0
2015-05-18,1.934,1.904,1.974,1.894,3388706,,0.0
2015-05-19,1.894,2.044,2.054,1.884,4852376,,0.0
2015-05-20,2.044,2.054,2.134,2.014,5022615,,0.0
2015-05-21,2.054,2.104,2.144,2.044,4049382,,0.0
2015-05-22,2.154,2.234,2.254,2.124,5711107,,0.0
2015-05-25,2.254,2.344,2.344,2.254,5078210,,0.0
2015-05-26,2.354,2.344,2.374,2.304,4910490,,0.0
2015-05-27,2.354,2.274,2.364,2.224,5919549,,0.0
2015-05-28,2.264,2.004,2.274,1.974,6858903,,0.0
2015-05-29,1.974,1.974,2.044,1.904,5387032,,0.0
2015-06-01,1.974,2.134,2.154,1.934,7671787,,0.0
2015-06-02,2.114,2.104,2.154,2.044,5191379,,0.0
2015-06-03,2.104,2.104,2.144,2.024,4448077,,0.0
2015-06-04,2.104,2.244,2.284,2.034,8768897,,0.0
2015-06-05,2.314,2.224,2.354,2.134,8747890,,0.0
2015-06-08,2.224,2.534,2.544,2.204,17261580,,0.0
2015-06-09,2.554,2.424,2.594,2.354,13129097,,0.0
2015-06-10,2.344,2.334,2.384,2.314,7455057,,0.0
2015-06-11,2.324,2.324,2.364,2.254,4976746,,0.0
2015-06-12,2.334,2.344,2.344,2.274,4852188,,0.0
2015-06-15,2.354,2.224,2.414,2.214,7002854,,0.0
2015-06-16,2.194,2.134,2.274,2.104,5338684,,0.0
2015-06-17,2.194,2.194,2.224,2.114,4848570,,0.0
2015-06-18,2.164,2.014,2.164,1.974,5059354,,0.0
2015-06-19,1.984,1.874,2.044,1.854,5697821,,0.0
2015-06-23,1.904,2.084,2.104,1.884,6877079,,0.0
2015-06-24,2.084,2.124,2.144,2.034,4850953,,0.0
2015-06-25,2.214,2.054,2.244,2.024,5370492,,0.0
2015-06-26,2.014,1.884,2.074,1.754,7757870,,0.0
2015-06-29,1.944,1.974,2.004,1.604,9188541,,0.0
2015-06-30,1.964,2.184,2.194,1.904,9650412,,0.0
2015-07-01,2.104,2.044,2.144,2.014,6062180,,0.0
2015-07-02,2.054,2.344,2.384,1.934,14326338,,0.0
2015-07-03,2.204,2.214,2.344,2.064,11772612,,0.0
2015-07-06,2.634,2.694,2.704,2.334,29495823,,0.0
2015-07-07,2.64,2.9,3.1,2.52,22484043,,0.25539999999999996
2015-07-08,2.58,2.63,2.98,2.33,29707970,,0.0
2015-07-09,2.63,2.74,3.04,2.26,20082182,,0.0
2015-07-10,2.56,2.7,3.06,2.47,21162590,,0.0
2015-07-13,2.55,2.43,2.57,2.38,14032232,,0.0
2015-07-14,2.36,2.31,2.42,2.2,10965126,,0.0
2015-07-15,2.27,2.43,2.46,2.26,10602489,,0.0
2015-07-16,2.43,2.38,2.53,2.31,7413634,,0.0
2015-07-17,2.38,2.37,2.4,2.31,5517754,,0.0
2015-07-20,2.34,2.33,2.37,2.3,4959048,,0.0
2015-07-21,2.31,2.31,2.35,2.27,4100623,,0.0
2015-07-22,2.29,2.28,2.33,2.27,3318398,,0.0
2015-07-23,2.27,2.31,2.32,2.26,3781268,,0.0
2015-07-24,2.31,2.26,2.32,2.25,4378188,,0.0
2015-07-27,2.22,1.98,2.26,1.92,6316108,,0.0
2015-07-28,1.92,1.99,2.14,1.88,5980842,,0.0
2015-07-29,1.96,2.02,2.05,1.96,3772762,,0.0
2015-07-30,2.01,1.95,2.02,1.95,3121664,,0.0
2015-07-31,1.93,1.99,2.02,1.9,3067751,,0.0
2015-08-03,1.95,2.03,2.05,1.91,4809865,,0.0
2015-08-04,1.99,2.03,2.04,1.98,2551716,,0.0
2015-08-05,2.01,1.98,2.03,1.98,2251293,,0.0
2015-08-06,1.95,1.97,2.01,1.94,1648197,,0.0
2015-08-07,1.99,2.0,2.01,1.96,1849984,,0.0
2015-08-10,1.99,2.08,2.08,1.96,4349533,,0.0
2015-08-11,2.05,2.03,2.06,2.0,3123987,,0.0
2015-08-12,1.99,1.96,2.0,1.95,1968379,,0.0
2015-08-13,1.95,1.95,1.99,1.9,2033103,,0.0
2015-08-14,1.95,1.93,1.96,1.92,1675838,,0.0
2015-08-17,1.91,1.87,1.92,1.85,2227514,,0.0
2015-08-18,1.87,1.79,1.9,1.79,3236202,,0.0
2015-08-19,1.77,1.73,1.81,1.68,3403434,,0.0
2015-08-20,1.75,1.71,1.77,1.7,2265574,,0.0
2015-08-21,1.68,1.7,1.78,1.68,3916046,,0.0
2015-08-24,1.64,1.26,1.64,1.25,5275063,,0.0
2015-08-25,1.14,1.05,1.37,0.97,5336077,,0.0
2015-08-26,1.13,1.21,1.27,0.97,5961083,,0.0
2015-08-27,1.22,1.4,1.41,1.11,5637205,,0.0
2015-08-28,1.38,1.39,1.43,1.32,3682563,,0.0
2015-08-31,1.34,1.35,1.37,1.27,3002306,,0.0
2015-09-01,1.35,1.66,1.69,1.33,10185412,,0.0
2015-09-02,1.53,2.11,2.11,1.5,13946057,,0.0
2015-09-07,1.89,1.68,1.91,1.65,6485427,,0.0
2015-09-08,1.6,1.66,1.7,1.51,4041994,,0.0
2015-09-09,1.61,1.66,1.69,1.58,3662166,,0.0
2015-09-10,1.62,1.63,1.65,1.59,1844336,,0.0
2015-09-11,1.61,1.59,1.63,1.58,1286084,,0.0
2015-09-14,1.58,1.68,1.76,1.53,4261499,,0.0
2015-09-15,1.63,1.7,1.74,1.6,3828414,,0.0
2015-09-16,1.64,1.69,1.75,1.6,2388099,,0.0
2015-09-17,1.67,1.68,1.74,1.66,2143631,,0.0
2015-09-18,1.67,1.61,1.69,1.58,1622829,,0.0
2015-09-21,1.58,1.58,1.6,1.52,1645946,,0.0
2015-09-22,1.58,1.6,1.62,1.56,1359496,,0.0
2015-09-23,1.57,1.53,1.59,1.52,1107863,,0.0
2015-09-24,1.54,1.53,1.56,1.51,775560,,0.0
2015-09-25,1.52,1.61,1.63,1.51,1798789,,0.0
2015-09-28,1.57,1.54,1.6,1.52,937731,,0.0
2015-09-29,1.52,1.48,1.52,1.47,935858,,0.0
2015-09-30,1.49,1.48,1.53,1.48,717159,,0.0
2015-10-08,1.56,1.54,1.58,1.53,1207007,,0.0
2015-10-09,1.56,1.6,1.61,1.55,1184188,,0.0
2015-10-12,1.61,1.67,1.7,1.59,1864165,,0.0
2015-10-13,1.65,1.61,1.66,1.59,1230033,,0.0
2015-10-14,1.59,1.59,1.61,1.57,884566,,0.0
2015-10-15,1.59,1.65,1.65,1.57,1137609,,0.0
2015-10-16,1.66,1.66,1.67,1.64,1379631,,0.0
2015-10-19,1.66,1.65,1.69,1.64,1269783,,0.0
2015-10-20,1.64,1.66,1.67,1.63,882301,,0.0
2015-10-21,1.66,1.93,2.11,1.64,3956092,,0.0
2015-10-22,1.75,1.81,1.88,1.72,2602769,,0.0
2015-10-23,1.77,1.77,1.81,1.73,2054495,,0.0
2015-10-26,1.79,1.78,1.8,1.75,1406144,,0.0
2015-10-27,1.77,1.79,1.84,1.74,1718548,,0.0
2015-10-28,1.76,1.77,1.83,1.74,1773828,,0.0
2015-10-29,1.76,1.74,1.78,1.73,1321768,,0.0
2015-10-30,1.74,1.73,1.76,1.72,1159875,,0.0
2015-11-02,1.71,1.68,1.76,1.68,1157456,,0.0
2015-11-03,1.68,1.61,1.69,1.6,1378801,,0.0
2015-11-04,1.6,1.72,1.73,1.59,2156931,,0.0
2015-11-05,1.69,1.8,1.88,1.68,4509535,,0.0
2015-11-06,1.78,1.81,1.81,1.74,2436452,,0.0
2015-11-09,1.85,1.96,2.08,1.82,5248615,,0.0
2015-11-10,1.92,1.89,1.95,1.86,2619280,,0.0
2015-11-11,1.87,1.86,1.88,1.82,1945743,,0.0
2015-11-12,1.84,1.81,1.86,1.78,1514351,,0.0
2015-11-13,1.79,1.76,1.81,1.76,1322840,,0.0
2015-11-16,1.73,1.81,1.81,1.72,1609221,,0.0
2015-11-17,1.81,1.83,1.87,1.79,1829210,,0.0
2015-11-18,1.82,1.84,1.87,1.79,1670329,,0.0
2015-11-19,1.82,1.84,1.85,1.81,1167166,,0.0
2015-11-20,1.83,1.82,1.84,1.8,1400728,,0.0
2015-11-23,1.82,1.81,1.82,1.77,1694883,,0.0
2015-11-24,1.8,1.8,1.81,1.75,1908586,,0.0
2015-11-25,1.78,1.82,1.83,1.77,1930521,,0.0
2015-11-26,1.81,1.84,1.85,1.81,1840041,,0.0
2015-11-27,1.82,1.74,1.84,1.7,1567708,,0.0
2015-11-30,1.73,1.78,1.79,1.72,2081528,,0.0
2015-12-01,1.75,1.71,1.75,1.68,1890935,,0.0
2015-12-02,1.7,1.88,1.89,1.69,4011602,,0.0
2015-12-03,1.84,2.02,2.07,1.81,7021188,,0.0
2015-12-04,1.96,1.85,1.97,1.84,2057772,,0.0
2015-12-07,1.86,1.82,1.87,1.79,1259715,,0.0
2015-12-08,1.79,1.78,1.84,1.73,1724150,,0.0
2015-12-09,1.77,1.82,1.83,1.76,906899,,0.0
2015-12-10,1.81,1.77,1.86,1.76,1265449,,0.0
2015-12-11,1.76,1.75,1.77,1.72,1119425,,0.0
2015-12-14,1.73,1.81,1.81,1.72,1491839,,0.0
2015-12-15,1.8,1.76,1.81,1.75,900214,,0.0
2015-12-16,1.77,1.75,1.78,1.73,838050,,0.0
2015-12-17,1.76,1.78,1.8,1.75,925199,,0.0
2015-12-18,1.77,1.78,1.87,1.76,1978368,,0.0
2015-12-21,1.76,1.85,1.87,1.75,2500209,,0.0
2015-12-22,1.85,1.83,1.88,1.81,1460028,,0.0
2015-12-23,1.82,1.83,1.87,1.8,2369113,,0.0
2015-12-24,1.84,1.81,1.84,1.78,1623466,,0.0
2015-12-25,1.81,1.81,1.82,1.8,867766,,0.0
2015-12-28,1.81,1.75,1.82,1.75,1466975,,0.0
2015-12-29,1.75,1.77,1.77,1.74,1245650,,0.0
2015-12-30,1.76,1.77,1.78,1.74,824085,,0.0
2015-12-31,1.76,1.74,1.77,1.74,979252,,0.0
2016-01-04,1.74,1.61,1.75,1.6,1475086,,0.0
2016-01-05,1.58,1.63,1.67,1.54,1606292,,0.0
2016-01-06,1.61,1.67,1.68,1.61,1131772,,0.0
2016-01-07,1.65,1.59,1.66,1.58,344915,,0.0
2016-01-08,1.6,1.62,1.65,1.56,1861344,,0.0
2016-01-11,1.59,1.48,1.59,1.47,1647020,,0.0
2016-01-12,1.52,1.48,1.54,1.47,1157543,,0.0
2016-01-13,1.51,1.46,1.51,1.45,1015443,,0.0
2016-01-14,1.42,1.47,1.47,1.37,1310475,,0.0
2016-01-15,1.45,1.39,1.46,1.37,1011907,,0.0
2016-01-18,1.35,1.35,1.41,1.33,1194841,,0.0
2016-01-19,1.35,1.41,1.43,1.34,981357,,0.0
2016-01-20,1.41,1.38,1.41,1.33,1065847,,0.0
2016-01-21,1.36,1.34,1.42,1.34,846015,,0.0
2016-01-22,1.37,1.38,1.38,1.34,846964,,0.0
2016-01-25,1.38,1.39,1.41,1.36,627689,,0.0
2016-01-26,1.37,1.24,1.38,1.21,1123814,,0.0
2016-01-27,1.25,1.27,1.31,1.22,1524786,,0.0
2016-01-28,1.26,1.21,1.26,1.18,901993,,0.0
2016-01-29,1.2,1.26,1.28,1.19,1375856,,0.0
2016-02-01,1.25,1.19,1.25,1.16,1040283,,0.0
2016-02-02,1.18,1.21,1.23,1.16,926455,,0.0
2016-02-03,1.18,1.17,1.19,1.13,779351,,0.0
2016-02-04,1.18,1.18,1.2,1.16,735629,,0.0
2016-02-05,1.18,1.17,1.19,1.16,712044,,0.0
2016-02-15,1.1,1.13,1.15,1.09,582265,,0.0
2016-02-16,1.14,1.21,1.22,1.14,853279,,0.0
2016-02-17,1.2,1.2,1.22,1.18,840846,,0.0
2016-02-18,1.21,1.22,1.23,1.2,884365,,0.0
2016-02-19,1.2,1.18,1.21,1.17,940799,,0.0
2016-02-22,1.2,1.24,1.27,1.18,1317208,,0.0
2016-02-23,1.24,1.21,1.24,1.19,691483,,0.0
2016-02-24,1.2,1.21,1.22,1.18,745897,,0.0
2016-02-25,1.21,1.17,1.24,1.16,2212644,,0.0
2016-02-26,1.17,1.18,1.21,1.16,1158265,,0.0
2016-02-29,1.17,1.19,1.2,1.05,1832341,,0.0
2016-03-01,1.18,1.19,1.19,1.14,854620,,0.0
2016-03-02,1.19,1.27,1.28,1.17,2080788,,0.0
2016-03-03,1.26,1.29,1.3,1.24,1497689,,0.0
2016-03-04,1.28,1.47,1.49,1.25,4093032,,0.0
2016-03-07,1.43,1.45,1.47,1.4,1353112,,0.0
2016-03-08,1.42,1.49,1.5,1.37,1694171,,0.0
2016-03-09,1.44,1.57,1.58,1.42,1884682,,0.0
2016-03-10,1.52,1.48,1.54,1.48,1050441,,0.0
2016-03-11,1.46,1.5,1.5,1.42,1003134,,0.0
2016-03-14,1.5,1.46,1.5,1.45,1999207,,0.0
2016-03-15,1.45,1.42,1.45,1.38,1552033,,0.0
2016-03-16,1.4,1.48,1.51,1.39,2904651,,0.0
2016-03-17,1.46,1.45,1.47,1.42,1560983,,0.0
2016-03-18,1.46,1.46,1.46,1.4,1652224,,0.0
2016-03-21,1.46,1.47,1.5,1.44,1353079,,0.0
2016-03-22,1.47,1.45,1.49,1.44,962656,,0.0
2016-03-23,1.46,1.46,1.49,1.44,984467,,0.0
2016-03-24,1.46,1.42,1.47,1.41,737964,,0.0
2016-03-25,1.42,1.44,1.44,1.41,373514,,0.0
2016-03-28,1.43,1.46,1.46,1.41,767821,,0.0
2016-03-29,1.44,1.41,1.46,1.41,858684,,0.0
2016-03-30,1.4,1.48,1.49,1.4,1426748,,0.0
2016-03-31,1.47,1.45,1.49,1.44,918631,,0.0
2016-04-01,1.45,1.46,1.47,1.42,921204,,0.0
2016-04-05,1.46,1.48,1.49,1.44,1000995,,0.0
2016-04-06,1.46,1.45,1.47,1.44,705707,,0.0
2016-04-07,1.46,1.42,1.46,1.42,746379,,0.0
2016-04-08,1.41,1.42,1.45,1.41,466834,,0.0
2016-04-11,1.42,1.45,1.47,1.42,673744,,0.0
2016-04-12,1.45,1.44,1.46,1.44,481950,,0.0
2016-04-13,1.45,1.48,1.5,1.45,1534129,,0.0
2016-04-14,1.49,1.47,1.49,1.47,440858,,0.0
2016-04-15,1.49,1.46,1.49,1.45,681583,,0.0
2016-04-18,1.45,1.45,1.46,1.42,932358,,0.0
2016-04-19,1.45,1.45,1.46,1.43,417914,,0.0
2016-04-20,1.45,1.45,1.45,1.38,1449117,,0.0
2016-04-21,1.42,1.46,1.47,1.41,809911,,0.0
2016-04-22,1.44,1.44,1.46,1.43,573752,,0.0
2016-04-25,1.43,1.43,1.44,1.41,445591,,0.0
2016-04-26,1.43,1.44,1.45,1.42,494553,,0.0
2016-04-27,1.44,1.44,1.44,1.42,317015,,0.0
2016-04-28,1.44,1.44,1.44,1.41,509012,,0.0
2016-04-29,1.43,1.42,1.43,1.41,460490,,0.0
2016-05-03,1.42,1.44,1.45,1.4,759714,,0.0
2016-05-04,1.43,1.43,1.44,1.42,403691,,0.0
2016-05-05,1.43,1.44,1.44,1.42,450220,,0.0
2016-05-06,1.44,1.4,1.44,1.39,716572,,0.0
2016-05-09,1.39,1.33,1.4,1.32,714398,,0.0
2016-05-10,1.32,1.32,1.34,1.3,599314,,0.0
2016-05-11,1.33,1.35,1.37,1.31,650896,,0.0
2016-05-12,1.33,1.34,1.36,1.31,530216,,0.0
2016-05-13,1.34,1.38,1.39,1.33,778678,,0.0
2016-05-16,1.36,1.41,1.42,1.36,580129,,0.0
2016-05-17,1.4,1.41,1.42,1.39,409294,,0.0
2016-05-18,1.41,1.4,1.41,1.34,585260,,0.0
2016-05-19,1.39,1.4,1.42,1.38,527500,,0.0
2016-05-20,1.4,1.41,1.42,1.4,434077,,0.0
2016-05-23,1.42,1.42,1.44,1.41,431135,,0.0
2016-05-24,1.43,1.42,1.43,1.4,484888,,0.0
2016-05-25,1.43,1.42,1.44,1.42,245237,,0.0
2016-05-26,1.42,1.44,1.44,1.42,442473,,0.0
2016-05-27,1.43,1.45,1.45,1.42,322248,,0.0
2016-05-30,1.45,1.46,1.47,1.43,845166,,0.0
2016-05-31,1.45,1.52,1.53,1.45,1047404,,0.0
2016-06-01,1.52,1.5,1.52,1.48,634417,,0.0
2016-06-02,1.5,1.5,1.51,1.49,296487,,0.0
2016-06-03,1.51,1.53,1.53,1.48,482063,,0.0
2016-06-06,1.52,1.54,1.55,1.51,592764,,0.0
2016-06-07,1.54,1.56,1.58,1.53,588534,,0.0
2016-06-08,1.57,1.55,1.57,1.52,578897,,0.0
2016-06-13,1.53,1.53,1.56,1.52,665505,,0.0
2016-06-14,1.51,1.56,1.58,1.51,695830,,0.0
2016-06-15,1.55,1.55,1.57,1.53,640108,,0.0
2016-06-16,1.53,1.53,1.54,1.51,398897,,0.0
2016-06-17,1.53,1.53,1.56,1.52,374943,,0.0
2016-06-20,1.55,1.55,1.56,1.53,364319,,0.0
2016-06-21,1.56,1.57,1.57,1.54,353589,,0.0
2016-06-22,1.56,1.6,1.62,1.55,564116,,0.0
2016-06-23,1.6,1.6,1.62,1.59,254778,,0.0
2016-06-24,1.6,1.56,1.62,1.52,444526,,0.0
2016-06-27,1.55,1.58,1.58,1.55,319339,,0.0
2016-06-28,1.57,1.58,1.59,1.52,643951,,0.0
2016-06-29,1.57,1.58,1.59,1.55,537922,,0.0
2016-06-30,1.58,1.6,1.61,1.56,441206,,0.0
2016-07-01,1.61,1.63,1.65,1.6,534527,,0.0
2016-07-04,1.63,1.7,1.71,1.63,648720,,0.0
2016-07-05,1.7,1.71,1.73,1.67,674749,,0.0
2016-07-06,1.7,1.72,1.72,1.65,677269,,0.0
2016-07-07,1.71,1.75,1.76,1.69,1119897,,0.0
2016-07-08,1.743,1.683,1.743,1.663,1154007,,0.2333
2016-07-11,1.673,1.663,1.703,1.653,751037,,0.0
2016-07-12,1.663,1.733,1.743,1.653,1412736,,0.0
2016-07-13,1.723,1.743,1.763,1.693,1361688,,0.0
2016-07-14,1.743,1.703,1.743,1.693,570440,,0.0
2016-07-15,1.703,1.713,1.723,1.693,553052,,0.0
2016-07-18,1.703,1.733,1.743,1.703,584481,,0.0
2016-07-19,1.733,1.693,1.743,1.683,836538,,0.0
2016-07-20,1.693,1.673,1.703,1.663,527723,,0.0
2016-07-21,1.673,1.673,1.693,1.653,746672,,0.0
2016-07-22,1.673,1.673,1.683,1.633,704453,,0.0
2016-07-25,1.653,1.683,1.693,1.653,660197,,0.0
2016-07-26,1.683,1.703,1.713,1.663,598758,,0.0
2016-07-27,1.703,1.703,1.713,1.633,1045700,,0.0
2016-07-28,1.693,1.683,1.703,1.673,579117,,0.0
2016-07-29,1.683,1.693,1.693,1.673,350045,,0.0
2016-08-01,1.693,1.723,1.723,1.683,735728,,0.0
2016-08-02,1.713,1.733,1.733,1.703,452286,,0.0
2016-08-03,1.723,1.723,1.733,1.713,679413,,0.0
2016-08-04,1.713,1.723,1.723,1.703,528861,,0.0
2016-08-05,1.703,1.723,1.723,1.693,584639,,0.0
2016-08-08,1.713,1.733,1.743,1.713,479882,,0.0
2016-08-09,1.723,1.763,1.763,1.723,908517,,0.0
2016-08-10,1.763,1.773,1.783,1.743,668932,,0.0
2016-08-11,1.773,1.813,1.863,1.773,1275449,,0.0
2016-08-12,1.813,1.893,1.903,1.793,1395505,,0.0
2016-08-15,1.903,1.973,2.003,1.873,1907961,,0.0
2016-08-16,1.983,1.833,1.983,1.783,3792026,,0.0
2016-08-17,1.823,1.833,1.843,1.803,1119537,,0.0
2016-08-18,1.823,1.823,1.853,1.803,1208028,,0.0
2016-08-19,1.833,1.833,1.833,1.803,772868,,0.0
2016-08-22,1.823,1.863,1.883,1.823,1205349,,0.0
2016-08-23,1.863,1.913,1.923,1.853,1405755,,0.0
2016-08-24,1.913,1.913,1.923,1.893,972807,,0.0
2016-08-25,1.903,1.913,1.923,1.873,1271725,,0.0
2016-08-26,1.913,1.893,1.913,1.883,663759,,0.0
2016-08-29,1.883,1.883,1.893,1.823,853975,,0.0
2016-08-30,1.873,1.903,1.903,1.863,734625,,0.0
2016-08-31,1.893,1.923,1.923,1.883,622219,,0.0
2016-09-01,1.913,1.913,1.933,1.893,554517,,0.0
2016-09-02,1.903,1.923,1.933,1.903,744719,,0.0
2016-09-05,1.913,1.923,1.943,1.893,859037,,0.0
2016-09-06,1.913,1.853,1.943,1.833,2027474,,0.0
2016-09-07,1.863,1.873,1.883,1.853,947564,,0.0
2016-09-08,1.853,1.883,1.883,1.853,666516,,0.0
2016-09-09,1.873,1.873,1.883,1.863,513636,,0.0
2016-09-12,1.843,1.843,1.853,1.813,1124969,,0.0
2016-09-13,1.843,1.823,1.843,1.813,591405,,0.0
2016-09-14,1.813,1.763,1.823,1.743,775428,,0.0
2016-09-19,1.763,1.793,1.803,1.753,505692,,0.0
2016-09-20,1.793,1.793,1.793,1.773,448937,,0.0
2016-09-21,1.783,1.803,1.813,1.763,645208,,0.0
2016-09-22,1.813,1.833,1.843,1.803,757873,,0.0
2016-09-23,1.833,1.833,1.853,1.823,525771,,0.0
2016-09-26,1.833,1.803,1.843,1.803,692877,,0.0
2016-09-27,1.803,1.833,1.843,1.783,457160,,0.0
2016-09-28,1.833,1.823,1.833,1.813,294607,,0.0
2016-09-29,1.823,1.833,1.833,1.813,427133,,0.0
2016-09-30,1.823,1.823,1.833,1.813,260570,,0.0
2016-10-10,1.823,1.853,1.853,1.823,784849,,0.0
2016-10-11,1.853,1.843,1.853,1.833,553426,,0.0
2016-10-12,1.833,1.823,1.843,1.813,592443,,0.0
2016-10-13,1.823,1.813,1.833,1.803,478884,,0.0
2016-10-14,1.803,1.813,1.823,1.783,676621,,0.0
2016-10-17,1.803,1.773,1.813,1.753,603222,,0.0
2016-10-18,1.763,1.803,1.803,1.763,605213,,0.0
2016-10-19,1.803,1.803,1.823,1.783,538801,,0.0
2016-10-20,1.803,1.783,1.803,1.773,503659,,0.0
2016-10-21,1.783,1.803,1.803,1.773,335837,,0.0
2016-10-24,1.793,1.823,1.843,1.783,1479653,,0.0
2016-10-25,1.823,1.843,1.843,1.813,825033,,0.0
2016-10-26,1.833,1.813,1.833,1.803,814859,,0.0
2016-10-27,1.803,1.813,1.813,1.783,620373,,0.0
2016-10-28,1.803,1.833,1.843,1.793,810031,,0.0
2016-10-31,1.813,1.823,1.833,1.793,676200,,0.0
2016-11-01,1.813,1.833,1.833,1.803,600444,,0.0
2016-11-02,1.813,1.813,1.823,1.793,565766,,0.0
2016-11-03,1.813,1.813,1.823,1.793,593173,,0.0
2016-11-04,1.813,1.803,1.813,1.783,928340,,0.0
2016-11-07,1.793,1.803,1.803,1.783,577698,,0.0
2016-11-08,1.793,1.833,1.843,1.793,1692727,,0.0
2016-11-09,1.813,1.793,1.823,1.773,1271931,,0.0
2016-11-10,1.813,1.823,1.823,1.803,730812,,0.0
2016-11-11,1.813,1.803,1.823,1.753,1923675,,0.0
2016-11-14,1.793,1.793,1.803,1.783,1908750,,0.0
2016-11-15,1.793,1.793,1.793,1.783,749713,,0.0
2016-11-16,1.793,1.793,1.793,1.783,693309,,0.0
2016-11-17,1.783,1.783,1.793,1.773,534526,,0.0
2016-11-18,1.783,1.783,1.793,1.773,567929,,0.0
2016-11-21,1.783,1.813,1.813,1.783,1253203,,0.0
2016-11-22,1.803,1.823,1.833,1.803,2402788,,0.0
2016-11-23,1.813,1.843,1.863,1.803,2309052,,0.0
2016-11-24,1.833,1.833,1.843,1.823,998598,,0.0
2016-11-25,1.823,1.893,1.893,1.823,2054613,,0.0
2016-11-28,1.893,1.943,1.953,1.893,2422786,,0.0
2016-11-29,1.943,1.963,1.963,1.923,1468178,,0.0
2016-11-30,1.953,1.913,1.953,1.893,1213844,,0.0
2016-12-01,1.913,1.913,1.943,1.893,1090410,,0.0
2016-12-02,1.903,1.913,1.933,1.863,1759550,,0.0
2016-12-05,1.893,1.953,1.963,1.883,1826370,,0.0
2016-12-06,1.943,1.933,1.973,1.933,1082827,,0.0
2016-12-07,1.933,1.923,1.953,1.913,680711,,0.0
2016-12-08,1.933,1.933,1.943,1.903,855392,,0.0
2016-12-09,1.933,1.983,2.013,1.923,2430205,,0.0
2016-12-12,1.983,2.023,2.063,1.963,2679414,,0.0
2016-12-13,1.993,1.953,2.003,1.943,1173619,,0.0
2016-12-14,1.953,1.963,1.993,1.953,740067,,0.0
2016-12-15,1.953,1.853,1.963,1.833,1253545,,0.0
2016-12-16,1.843,1.823,1.853,1.803,1063819,,0.0
2016-12-19,1.823,1.833,1.843,1.803,497662,,0.0
2016-12-20,1.833,1.803,1.843,1.763,1029281,,0.0
2016-12-21,1.783,1.813,1.823,1.783,735738,,0.0
2016-12-22,1.813,1.793,1.823,1.783,608265,,0.0
2016-12-23,1.793,1.793,1.803,1.773,600634,,0.0
2016-12-26,1.773,1.803,1.803,1.743,890138,,0.0
2016-12-27,1.783,1.783,1.803,1.773,486886,,0.0
2016-12-28,1.783,1.763,1.783,1.743,928053,,0.0
2016-12-29,1.753,1.773,1.783,1.753,790004,,0.0
2016-12-30,1.773,1.803,1.803,1.763,876107,,0.0
2017-01-03,1.793,1.823,1.823,1.783,1041616,,0.0
2017-01-04,1.813,1.823,1.833,1.803,1189234,,0.0
2017-01-05,1.823,1.833,1.843,1.813,873561,,0.0
2017-01-06,1.833,1.833,1.843,1.823,870081,,0.0
2017-01-09,1.843,1.853,1.873,1.823,1174540,,0.0
2017-01-10,1.843,1.853,1.863,1.833,636632,,0.0
2017-01-11,1.853,1.863,1.873,1.843,523954,,0.0
2017-01-12,1.853,1.863,1.863,1.833,621662,,0.0
2017-01-13,1.843,1.883,1.883,1.833,938512,,0.0
2017-01-16,1.863,1.943,1.973,1.833,3023113,,0.0
2017-01-17,1.913,1.923,1.933,1.903,900222,,0.0
2017-01-18,1.913,1.923,1.933,1.903,682904,,0.0
2017-01-19,1.923,1.923,1.953,1.893,1105988,,0.0
2017-01-20,1.913,1.913,1.923,1.893,678701,,0.0
2017-01-23,1.913,1.923,1.923,1.903,770110,,0.0
2017-01-24,1.913,1.943,1.963,1.913,1172834,,0.0
2017-01-25,1.943,1.953,1.963,1.923,682557,,0.0
2017-01-26,1.953,1.993,1.993,1.953,845022,,0.0
2017-02-03,1.983,1.953,1.993,1.943,531377,,0.0
2017-02-06,1.963,1.953,1.963,1.933,551282,,0.0
2017-02-07,1.943,1.943,1.953,1.933,684144,,0.0
2017-02-08,1.943,1.953,1.953,1.903,555113,,0.0
2017-02-09,1.943,1.963,1.963,1.933,655012,,0.0
2017-02-10,1.963,1.983,1.983,1.953,597201,,0.0
2017-02-13,1.983,2.013,2.023,1.973,939989,,0.0
2017-02-14,2.013,2.013,2.033,2.003,806458,,0.0
2017-02-15,2.013,2.073,2.083,2.013,1566788,,0.0
2017-02-16,2.073,2.073,2.113,2.053,1031725,,0.0
2017-02-17,2.093,2.033,2.093,2.013,953769,,0.0
2017-02-20,2.023,2.063,2.103,2.023,1557025,,0.0
2017-02-21,2.073,2.073,2.103,2.053,907398,,0.0
2017-02-22,2.073,2.093,2.093,2.063,609735,,0.0
2017-02-23,2.093,2.103,2.113,2.083,613090,,0.0
2017-02-24,2.093,2.093,2.093,2.073,542872,,0.0
2017-02-27,2.073,2.083,2.093,2.063,585053,,0.0
2017-02-28,2.073,2.083,2.093,2.063,498149,,0.0
2017-03-01,2.073,2.073,2.103,2.043,932991,,0.0
2017-03-02,2.073,2.063,2.083,2.063,506363,,0.0
2017-03-03,2.053,2.043,2.073,2.043,429397,,0.0
2017-03-06,2.033,2.033,2.073,2.023,954696,,0.0
2017-03-07,2.033,2.073,2.073,2.023,855523,,0.0
2017-03-08,2.053,2.083,2.093,2.053,636302,,0.0
2017-03-09,2.073,2.093,2.113,2.063,1285470,,0.0
2017-03-10,2.093,2.103,2.103,2.073,523314,,0.0
2017-03-13,2.093,2.123,2.123,2.073,674208,,0.0
2017-03-14,2.113,2.153,2.163,2.113,697015,,0.0
2017-03-15,2.153,2.143,2.153,2.103,583525,,0.0
2017-03-16,2.133,2.093,2.143,2.083,1182576,,0.0
2017-03-17,2.103,2.083,2.113,2.063,812249,,0.0
2017-03-20,2.093,2.103,2.123,2.083,835807,,0.0
2017-03-21,2.093,2.103,2.113,2.083,571113,,0.0
2017-03-22,2.103,2.053,2.103,2.043,1129561,,0.0
2017-03-23,2.063,2.063,2.083,2.043,891503,,0.0
2017-03-24,2.063,2.083,2.083,2.023,969805,,0.0
2017-03-27,2.063,2.143,2.153,2.053,1575337,,0.0
2017-03-28,2.143,2.143,2.153,2.113,764140,,0.0
2017-03-29,2.133,2.173,2.173,2.123,982220,,0.0
2017-03-30,2.163,2.203,2.223,2.123,1276714,,0.0
2017-03-31,2.173,2.233,2.273,2.163,1303543,,0.0
2017-04-05,2.233,2.243,2.253,2.203,1094869,,0.0
2017-04-06,2.243,2.223,2.253,2.193,629795,,0.0
2017-04-07,2.213,2.253,2.263,2.203,893351,,0.0
2017-04-10,2.253,2.223,2.263,2.203,588556,,0.0
2017-04-11,2.203,2.193,2.223,2.173,810136,,0.0
2017-04-12,2.183,2.243,2.273,2.173,1138102,,0.0
2017-04-13,2.233,2.203,2.233,2.183,799770,,0.0
2017-04-14,2.193,2.203,2.213,2.173,450116,,0.0
2017-04-17,2.183,2.223,2.223,2.143,1129898,,0.0
2017-04-18,2.193,2.183,2.203,2.163,610917,,0.0
2017-04-19,2.163,2.133,2.183,2.123,897155,,0.0
2017-04-20,2.123,2.123,2.163,2.113,641973,,0.0
2017-04-21,2.123,2.203,2.223,2.113,1250026,,0.0
2017-04-24,2.183,2.213,2.233,2.173,927292,,0.0
2017-04-25,2.213,2.203,2.223,2.193,637458,,0.0
2017-04-26,2.213,2.263,2.263,2.203,855232,,0.0
2017-04-27,2.253,2.273,2.273,2.223,1030455,,0.0
2017-04-28,2.263,2.273,2.273,2.223,660622,,0.0
2017-05-02,2.253,2.213,2.263,2.213,423866,,0.0
2017-05-03,2.213,2.203,2.223,2.183,768178,,0.0
2017-05-04,2.193,2.203,2.213,2.173,717896,,0.0
2017-05-05,2.183,2.253,2.263,2.173,1255875,,0.0
2017-05-08,2.223,2.293,2.293,2.213,1414584,,0.0
2017-05-09,2.263,2.263,2.303,2.253,772373,,0.0
2017-05-10,2.253,2.293,2.303,2.253,920431,,0.0
2017-05-11,2.293,2.323,2.353,2.293,1062644,,0.0
2017-05-12,2.313,2.453,2.453,2.303,1651511,,0.0
2017-05-15,2.443,2.493,2.513,2.403,1554190,,0.0
2017-05-16,2.473,2.393,2.473,2.363,1498697,,0.0
2017-05-17,2.383,2.353,2.393,2.333,1182552,,0.0
2017-05-18,2.333,2.393,2.413,2.323,707722,,0.0
2017-05-19,2.393,2.373,2.403,2.363,449948,,0.0
2017-05-22,2.353,2.423,2.443,2.353,1001145,,0.0
2017-05-23,2.423,2.493,2.513,2.413,1373902,,0.0
2017-05-24,2.493,2.503,2.523,2.443,958078,,0.0
2017-05-25,2.503,2.553,2.693,2.483,2512756,,0.0
2017-05-26,2.523,2.623,2.643,2.523,1120496,,0.0
2017-05-31,2.603,2.643,2.683,2.573,1177073,,0.0
2017-06-01,2.633,2.703,2.713,2.613,1144883,,0.0
2017-06-02,2.703,2.693,2.793,2.663,1209501,,0.0
2017-06-05,2.673,2.533,2.673,2.493,3129404,,0.0
2017-06-06,2.513,2.533,2.543,2.493,1104253,,0.0
2017-06-07,2.523,2.553,2.603,2.513,1625087,,0.0
2017-06-08,2.543,2.553,2.573,2.513,1424654,,0.0
2017-06-09,2.553,2.553,2.623,2.533,2317802,,0.0
2017-06-12,2.553,2.543,2.583,2.523,1606855,,0.0
2017-06-13,2.543,2.543,2.563,2.513,932434,,0.0
2017-06-14,2.533,2.543,2.553,2.513,734489,,0.0
2017-06-15,2.533,2.443,2.543,2.423,1976012,,0.0
2017-06-16,2.433,2.433,2.453,2.393,1387724,,0.0
2017-06-19,2.433,2.393,2.453,2.383,2050782,,0.0
2017-06-20,2.393,2.433,2.453,2.373,1969281,,0.0
2017-06-21,2.443,2.443,2.453,2.403,1149634,,0.0
2017-06-22,2.443,2.493,2.573,2.433,3121538,,0.0
2017-06-23,2.493,2.533,2.543,2.453,1635916,,0.0
2017-06-26,2.523,2.503,2.633,2.463,3020392,,0.0
2017-06-27,2.493,2.483,2.513,2.453,2101331,,0.0
2017-06-28,2.483,2.463,2.543,2.453,2450792,,0.0
2017-06-29,2.483,2.573,2.583,2.473,1814934,,0.0
2017-06-30,2.553,2.643,2.643,2.533,2041933,,0.0
2017-07-03,2.633,2.633,2.663,2.613,996615,,0.0
2017-07-04,2.633,2.643,2.673,2.573,1357320,,0.0
2017-07-05,2.633,2.623,2.643,2.593,1042581,,0.0
2017-07-06,2.603,2.623,2.653,2.603,1074568,,0.0
2017-07-07,2.623,2.603,2.623,2.583,1621100,,0.0
2017-07-10,2.603,2.623,2.633,2.573,1398790,,0.0
2017-07-11,2.627,2.687,2.707,2.597,2489282,,0.2343
2017-07-12,2.687,2.707,2.777,2.677,2198352,,0.0
2017-07-13,2.727,2.787,2.817,2.717,2103647,,0.0
2017-07-14,2.797,2.797,2.817,2.767,919067,,0.0
2017-07-17,2.817,2.967,2.997,2.797,3178882,,0.0
2017-07-18,2.917,2.907,3.007,2.877,1847372,,0.0
2017-07-19,2.897,2.897,2.977,2.857,2407278,,0.0
2017-07-20,2.897,2.917,2.927,2.847,1754804,,0.0
2017-07-21,2.907,2.957,2.987,2.897,1263381,,0.0
2017-07-24,2.947,3.017,3.067,2.947,1711227,,0.0
2017-07-25,3.027,3.107,3.207,3.027,2444556,,0.0
2017-07-26,3.107,3.227,3.287,3.087,2244494,,0.0
2017-07-27,3.197,3.157,3.217,3.107,1826523,,0.0
2017-07-28,3.137,3.177,3.227,3.047,1472872,,0.0
2017-07-31,3.157,3.137,3.217,3.127,1226221,,0.0
2017-08-01,3.137,3.187,3.187,3.137,1391795,,0.0
2017-08-02,3.187,3.327,3.327,3.177,2209630,,0.0
2017-08-03,3.327,3.287,3.407,3.237,1605672,,0.0
2017-08-04,3.257,3.297,3.307,3.237,1136753,,0.0
2017-08-07,3.267,3.287,3.307,3.187,1105536,,0.0
2017-08-08,3.257,3.307,3.337,3.187,1182998,,0.0
2017-08-09,3.277,3.167,3.297,3.147,1385637,,0.0
2017-08-10,3.167,3.147,3.197,3.057,1556404,,0.0
2017-08-11,3.087,3.177,3.197,3.017,2225301,,0.0
2017-08-14,3.127,3.117,3.177,3.067,1462663,,0.0
2017-08-15,3.117,3.237,3.327,3.117,2601863,,0.0
2017-08-16,3.237,3.257,3.327,3.177,1451720,,0.0
2017-08-17,3.257,3.247,3.287,3.207,605671,,0.0
2017-08-18,3.217,3.247,3.287,3.177,915047,,0.0
2017-08-21,3.217,3.257,3.277,3.187,744644,,0.0
2017-08-22,3.247,3.317,3.327,3.227,863190,,0.0
2017-08-23,3.307,3.477,3.487,3.297,2021402,,0.0
2017-08-24,3.507,3.547,3.577,3.457,1482163,,0.0
2017-08-25,3.527,3.787,3.807,3.527,2713533,,0.0
2017-08-28,3.767,3.677,3.807,3.627,3507362,,0.0
2017-08-29,3.657,3.707,3.707,3.607,1712718,,0.0
2017-08-30,3.707,3.597,3.737,3.517,2629250,,0.0
2017-08-31,3.577,3.527,3.607,3.467,2531552,,0.0
2017-09-01,3.487,3.417,3.547,3.387,3399657,,0.0
2017-09-04,3.397,3.507,3.517,3.387,2116663,,0.0
2017-09-05,3.497,3.577,3.627,3.487,2339241,,0.0
2017-09-06,3.557,3.527,3.597,3.507,1233432,,0.0
2017-09-07,3.527,3.507,3.537,3.467,1158944,,0.0
2017-09-08,3.497,3.527,3.567,3.477,1087328,,0.0
2017-09-11,3.547,3.517,3.607,3.507,1756428,,0.0
2017-09-12,3.507,3.557,3.567,3.457,1446317,,0.0
2017-09-13,3.537,3.557,3.587,3.527,1218444,,0.0
2017-09-14,3.547,3.507,3.597,3.487,1762811,,0.0
2017-09-15,3.487,3.397,3.487,3.377,2024035,,0.0
2017-09-18,3.427,3.387,3.437,3.357,1276890,,0.0
2017-09-19,3.377,3.407,3.417,3.297,2126809,,0.0
2017-09-20,3.377,3.417,3.437,3.347,1200302,,0.0
2017-09-21,3.407,3.577,3.587,3.397,2390301,,0.0
2017-09-22,3.567,3.607,3.677,3.557,1751785,,0.0
2017-09-25,3.577,3.737,3.767,3.577,2088885,,0.0
2017-09-26,3.717,3.697,3.757,3.697,1295644,,0.0
2017-09-27,3.677,3.647,3.687,3.607,1702517,,0.0
2017-09-28,3.627,3.677,3.687,3.577,1408868,,0.0
2017-09-29,3.667,3.627,3.687,3.587,1375295,,0.0
2017-10-09,3.897,3.727,3.957,3.647,4143991,,0.0
2017-10-10,3.717,3.767,3.817,3.617,3160798,,0.0
2017-10-11,3.737,3.827,3.867,3.737,1961269,,0.0
2017-10-12,3.807,3.837,3.867,3.797,1295405,,0.0
2017-10-13,3.827,3.767,3.847,3.757,1538436,,0.0
2017-10-16,3.747,3.837,3.847,3.727,1799521,,0.0
2017-10-17,3.817,3.777,3.847,3.767,1455143,,0.0
2017-10-18,3.797,3.907,3.917,3.757,2598969,,0.0
2017-10-19,3.877,3.967,4.027,3.867,2255113,,0.0
2017-10-20,3.947,3.867,3.957,3.857,1441587,,0.0
2017-10-23,3.867,3.817,3.917,3.797,1546878,,0.0
2017-10-24,3.817,3.857,3.877,3.807,1563806,,0.0
2017-10-25,3.837,3.787,3.857,3.757,1658666,,0.0
2017-10-26,3.767,3.677,3.777,3.667,3648832,,0.0
2017-10-27,3.677,3.817,3.887,3.647,4563964,,0.0
2017-10-30,3.807,3.877,3.907,3.777,2632339,,0.0
2017-10-31,3.867,3.727,3.877,3.717,2028074,,0.0
2017-11-01,3.737,3.717,3.757,3.687,2090968,,0.0
2017-11-02,3.717,3.717,3.727,3.617,2049580,,0.0
2017-11-03,3.697,3.727,3.737,3.637,2102661,,0.0
2017-11-06,3.687,3.677,3.707,3.627,1596512,,0.0
2017-11-07,3.657,3.697,3.727,3.627,3421529,,0.0
2017-11-08,3.687,3.667,3.717,3.627,3107053,,0.0
2017-11-09,3.647,3.567,3.657,3.567,2714198,,0.0
2017-11-10,3.577,3.447,3.577,3.437,4184662,,0.0
2017-11-13,3.467,3.587,3.607,3.457,4065795,,0.0
2017-11-14,3.587,3.537,3.607,3.507,1911099,,0.0
2017-11-15,3.507,3.537,3.577,3.487,1693957,,0.0
2017-11-16,3.517,3.477,3.537,3.447,2146232,,0.0
2017-11-17,3.487,3.657,3.667,3.487,4095053,,0.0
2017-11-20,3.637,3.737,3.767,3.607,3799938,,0.0
2017-11-21,3.707,3.747,3.797,3.667,4172912,,0.0
2017-11-22,3.767,3.857,3.917,3.767,4318695,,0.0
2017-11-23,3.857,3.747,3.937,3.687,3725663,,0.0
2017-11-24,3.737,3.697,3.757,3.607,3064491,,0.0
2017-11-27,3.667,3.607,3.667,3.547,3322823,,0.0
2017-11-28,3.577,3.547,3.597,3.517,1991047,,0.0
2017-11-29,3.567,3.547,3.617,3.507,1851999,,0.0
2017-11-30,3.547,3.547,3.557,3.497,1648187,,0.0
2017-12-01,3.537,3.517,3.537,3.487,1634476,,0.0
2017-12-04,3.497,3.517,3.547,3.467,1486331,,0.0
2017-12-05,3.517,3.627,3.667,3.497,3648603,,0.0
2017-12-06,3.607,3.597,3.627,3.537,2051953,,0.0
2017-12-07,3.567,3.527,3.587,3.477,1646659,,0.0
2017-12-08,3.507,3.507,3.527,3.487,1554173,,0.0
2017-12-11,3.507,3.517,3.517,3.447,1753620,,0.0
2017-12-12,3.507,3.467,3.517,3.457,1227704,,0.0
2017-12-13,3.477,3.527,3.537,3.437,1669401,,0.0
2017-12-14,3.527,3.517,3.597,3.507,1469378,,0.0
2017-12-15,3.507,3.477,3.517,3.457,1168481,,0.0
2017-12-18,3.487,3.547,3.547,3.477,1670006,,0.0
2017-12-19,3.527,3.607,3.627,3.517,2728215,,0.0
2017-12-20,3.617,3.597,3.657,3.567,1900410,,0.0
2017-12-21,3.597,3.587,3.617,3.567,1465818,,0.0
2017-12-22,3.597,3.547,3.607,3.547,1186604,,0.0
2017-12-25,3.557,3.627,3.657,3.557,2396364,,0.0
2017-12-26,3.627,3.707,3.727,3.607,2165329,,0.0
2017-12-27,3.717,3.677,3.777,3.647,2151400,,0.0
2017-12-28,3.657,3.767,3.767,3.647,2100886,,0.0
2017-12-29,3.757,3.827,3.847,3.747,2168997,,0.0
2018-01-02,3.817,3.807,4.017,3.737,5374662,3.27662124,0.0
2018-01-03,3.807,3.787,3.947,3.747,3493611,3.26601729,0.0
2018-01-04,3.807,3.697,3.807,3.687,4351365,3.2182995,0.0
2018-01-05,3.717,3.707,3.737,3.687,2817842,3.22360148,0.0
2018-01-08,3.717,3.697,3.727,3.667,2184876,3.2182995,0.0
2018-01-09,3.697,3.717,3.737,3.667,1671857,3.22890345,0.0
2018-01-10,3.707,3.787,3.817,3.687,2487389,3.26601729,0.0
2018-01-11,3.807,3.837,3.867,3.767,1970473,3.29252717,0.0
2018-01-12,3.827,3.877,3.927,3.827,2188517,3.31373507,0.0
2018-01-15,3.867,4.057,4.107,3.867,5302095,3.40917064,0.0
2018-01-16,4.057,4.217,4.217,4.007,3820653,3.49400226,0.0
2018-01-17,4.267,4.347,4.617,4.267,5885365,3.56292795,0.0
2018-01-18,4.377,4.757,4.777,4.377,5869909,3.78030897,0.0
2018-01-19,4.767,4.747,4.827,4.607,4366550,3.77500699,0.0
2018-01-22,4.667,4.797,4.977,4.637,4691221,3.80151687,0.0
2018-01-23,4.777,5.117,5.157,4.737,6030551,3.97118011,0.0
2018-01-24,5.117,5.027,5.287,4.927,5003507,3.92346232,0.0
2018-01-25,4.957,4.977,5.047,4.757,3875393,3.89695244,0.0
2018-01-26,4.917,4.997,5.177,4.897,4221498,3.9075564,0.0
2018-01-29,4.997,5.057,5.317,4.987,3695341,3.93936825,0.0
2018-01-30,5.027,4.907,5.047,4.837,2465403,3.85983861,0.0
2018-01-31,4.907,5.107,5.127,4.837,3767759,3.96587813,0.0
2018-02-01,5.067,5.307,5.327,5.047,4568140,4.07191765,0.0
2018-02-02,5.227,5.227,5.297,5.067,3322599,4.02950185,0.0
2018-02-05,5.107,5.377,5.397,5.087,4080189,4.10903149,0.0
2018-02-06,5.217,5.197,5.277,5.027,6795771,4.01359592,0.0
2018-02-07,5.197,4.757,5.297,4.627,6369817,3.78030897,0.0
2018-02-08,4.677,4.447,4.707,4.317,5409203,3.61594771,0.0
2018-02-09,4.207,4.307,4.347,4.057,6043811,3.54172004,0.0
2018-02-12,4.267,4.237,4.337,4.147,3544422,3.50460621,0.0
2018-02-13,4.287,4.427,4.507,4.267,4239094,3.60534376,0.0
2018-02-14,4.417,4.507,4.527,4.357,1805734,3.64775957,0.0
2018-02-22,4.657,4.627,4.707,4.587,2546631,3.71138328,0.0
2018-02-23,4.657,4.637,4.667,4.557,1895043,3.71668526,0.0
2018-02-26,4.687,4.647,4.797,4.567,2804496,3.72198723,0.0
2018-02-27,4.627,4.417,4.657,4.337,3437453,3.60004178,0.0
2018-02-28,4.337,4.297,4.397,4.257,2413871,3.53641807,0.0
2018-03-01,4.257,4.317,4.387,4.217,1904846,3.54702202,0.0
2018-03-02,4.237,4.307,4.347,4.207,1636773,3.54172004,0.0
2018-03-05,4.297,4.247,4.347,4.157,2052887,3.50990819,0.0
2018-03-06,4.277,4.177,4.307,4.107,4386066,3.47279435,0.0
2018-03-07,4.217,4.257,4.357,4.207,3933426,3.51521016,0.0
2018-03-08,4.277,4.177,4.297,4.147,2306817,3.47279435,0.0
2018-03-09,4.207,4.177,4.237,4.157,1842561,3.47279435,0.0
2018-03-12,4.227,4.107,4.247,4.077,4415456,3.43568052,0.0
2018-03-13,4.117,4.127,4.207,4.107,2937149,3.44628447,0.0
2018-03-14,4.087,4.067,4.127,4.027,1934814,3.41447262,0.0
2018-03-15,4.037,4.087,4.097,4.027,1519619,3.42507657,0.0
2018-03-16,4.087,3.987,4.087,3.977,1642283,3.37205681,0.0
2018-03-19,3.967,4.027,4.037,3.927,1504199,3.39326471,0.0
2018-03-20,3.977,4.157,4.167,3.967,2514772,3.4621904,0.0
2018-03-21,4.177,4.117,4.207,4.057,2333607,3.4409825,0.0
2018-03-22,4.117,4.097,4.117,3.987,1961055,3.43037855,0.0
2018-03-23,3.967,3.927,3.977,3.777,3544713,3.34024495,0.0
2018-03-26,3.857,3.647,3.907,3.577,4007328,3.19178962,0.0
2018-03-27,3.717,3.607,3.757,3.547,3701265,3.17058172,0.0
2018-03-28,3.547,3.607,3.727,3.527,3762391,2.76483195,0.0
2018-03-29,3.627,3.717,3.867,3.547,4704740,2.81569006,0.0
2018-03-30,3.727,3.717,3.777,3.687,2365589,2.81569006,0.0
2018-04-02,3.707,3.587,3.747,3.557,3005908,2.75558502,0.0
2018-04-03,3.527,3.507,3.567,3.467,2340767,2.7185973,0.0
2018-04-04,3.527,3.497,3.567,3.467,1945170,2.71397384,0.0
2018-04-09,3.507,3.487,3.537,3.477,1584898,2.70935037,0.0
2018-04-10,3.487,3.747,3.757,3.477,3274888,2.82956046,0.0
2018-04-11,3.747,3.867,3.927,3.737,3386003,2.88504204,0.0
2018-04-12,3.847,3.707,3.857,3.677,2074726,2.8110666,0.0
2018-04-13,3.757,3.657,3.777,3.627,1716561,2.78794928,0.0
2018-04-16,3.627,3.447,3.627,3.407,3926059,2.69085651,0.0
2018-04-17,3.447,3.417,3.487,3.377,1976059,2.67698612,0.0
2018-04-18,3.497,3.507,3.547,3.437,3131491,2.7185973,0.0
2018-04-19,3.507,3.547,3.607,3.507,2143684,2.73709116,0.0
2018-04-20,3.527,3.547,3.567,3.447,1919463,2.73709116,0.0
2018-04-23,3.497,3.647,3.677,3.487,2379811,2.78332581,0.0
2018-04-24,3.667,3.707,3.857,3.627,5343017,2.8110666,0.0
2018-04-25,3.657,3.617,3.677,3.577,2085181,2.76945542,0.0
2018-04-26,3.617,3.577,3.627,3.517,2054017,2.75096156,0.0
2018-04-27,3.577,3.627,3.657,3.517,2197416,2.77407888,0.0
2018-05-02,3.687,3.607,3.717,3.587,1718285,2.9449446,0.0
2018-05-03,3.607,3.577,3.637,3.537,1497655,2.93017063,0.0
2018-05-04,3.557,3.537,3.587,3.517,1315969,2.91047201,0.0
2018-05-07,3.537,3.577,3.587,3.477,1916851,2.93017063,0.0
2018-05-08,3.577,3.607,3.707,3.537,3228419,2.9449446,0.0
2018-05-09,3.617,3.617,3.627,3.567,1461171,2.94986926,0.0
2018-05-10,3.637,3.627,3.667,3.577,1525428,2.95479391,0.0
2018-05-11,3.637,3.697,3.727,3.617,2787789,2.98926651,0.0
2018-05-14,3.717,3.697,3.777,3.657,2498770,2.98926651,0.0
2018-05-15,3.707,3.717,3.767,3.677,2043866,2.99911582,0.0
2018-05-16,3.697,3.627,3.697,3.607,1602063,2.95479391,0.0
2018-05-17,3.637,3.597,3.637,3.567,1400923,2.94001995,0.0
2018-05-18,3.577,3.677,3.687,3.557,1442387,2.9794172,0.0
2018-05-21,3.707,3.657,3.707,3.617,2134080,2.96956788,0.0
2018-05-22,3.637,3.597,3.647,3.567,1851435,2.94001995,0.0
2018-05-23,3.577,3.477,3.587,3.477,2531641,2.88092407,0.0
2018-05-24,3.487,3.397,3.507,3.387,2375144,2.84152681,0.0
2018-05-25,3.387,3.407,3.427,3.367,1798287,2.84645147,0.0
2018-05-28,3.387,3.387,3.417,3.357,1376079,2.83660216,0.0
2018-05-29,3.377,3.367,3.387,3.247,3014850,2.82675285,0.0
2018-05-30,3.277,3.257,3.327,3.247,1461400,2.77258162,0.0
2018-05-31,3.287,3.287,3.307,3.237,1891983,2.78735559,0.0
2018-06-01,3.267,3.267,3.327,3.237,1750361,2.77750628,0.0
2018-06-04,3.287,3.327,3.347,3.267,2041340,2.80705422,0.0
2018-06-05,3.337,3.327,3.357,3.287,1468722,2.80705422,0.0
2018-06-06,3.317,3.277,3.317,3.277,1280016,2.78243094,0.0
2018-06-07,3.297,3.317,3.347,3.277,1634735,2.80212956,0.0
2018-06-08,3.297,3.207,3.307,3.197,2019455,2.74795834,0.0
2018-06-11,3.197,3.207,3.227,3.147,1228751,2.74795834,0.0
2018-06-12,3.207,3.227,3.237,3.177,1166799,2.75780765,0.0
2018-06-13,3.207,3.207,3.217,3.157,1363998,2.74795834,0.0
2018-06-14,3.167,3.247,3.277,3.167,1403449,2.76765697,0.0
2018-06-15,3.237,3.327,3.357,3.227,2793783,2.80705422,0.0
2018-06-19,3.287,3.367,3.387,3.237,4736599,2.82675285,0.0
2018-06-20,3.327,3.317,3.347,3.277,1365347,2.80212956,0.0
2018-06-21,3.317,3.307,3.357,3.287,1394836,2.79720491,0.0
2018-06-22,3.277,3.297,3.307,3.257,1249003,2.79228025,0.0
2018-06-25,3.317,3.167,3.337,3.147,1716884,2.72825971,0.0
2018-06-26,3.137,3.047,3.137,2.987,2013273,2.66916384,0.0
2018-06-27,3.027,2.937,3.037,2.907,1936487,2.61499261,0.0
2018-06-28,2.907,2.827,2.917,2.807,1587600,2.56082139,0.0
2018-06-29,2.847,2.947,2.957,2.847,1303485,2.61991727,0.0
2018-07-02,2.927,2.707,2.927,2.677,1815530,2.50172551,0.0
2018-07-03,2.717,2.767,2.767,2.677,2210339,2.53127345,0.0
2018-07-04,2.757,2.787,2.827,2.737,1236145,2.54112277,0.0
2018-07-05,2.797,2.857,2.917,2.787,1865183,2.57559536,0.0
2018-07-06,2.857,2.917,2.967,2.807,1925443,2.6051433,0.0
2018-07-09,2.937,3.157,3.167,2.937,2155458,2.72333506,0.0
2018-07-10,3.187,3.147,3.197,3.087,1289900,2.7184104,0.0
2018-07-11,3.037,3.107,3.147,3.017,1520448,2.69871178,0.0
2018-07-12,3.097,3.287,3.297,3.087,2134622,2.78735559,0.0
2018-07-13,3.318,3.228,3.328,3.208,1458769,2.6396159,0.2408
2018-07-16,3.198,3.098,3.218,3.078,1736925,2.57559536,0.0
2018-07-17,3.098,3.098,3.108,3.038,1018467,2.57559536,0.0
2018-07-18,3.108,3.098,3.188,3.098,963695,2.57559536,0.0
2018-07-19,3.108,3.038,3.118,3.008,1086481,2.54604742,0.0
2018-07-20,3.028,3.338,3.378,2.998,3585294,2.69378712,0.0
2018-07-23,3.348,3.468,3.578,3.298,3924490,2.75780765,0.0
2018-07-24,3.488,3.478,3.598,3.448,2633342,2.76273231,0.0
2018-07-25,3.478,3.488,3.508,3.418,1904414,2.76765697,0.0
2018-07-26,3.488,3.418,3.548,3.368,1997142,2.73318437,0.0
2018-07-27,3.398,3.408,3.438,3.368,1142407,2.72825971,0.0
2018-07-30,3.398,3.458,3.518,3.388,1711754,2.752883,0.0
2018-07-31,3.458,3.518,3.548,3.398,1311608,2.78243094,0.0
2018-08-01,3.518,3.418,3.578,3.408,1648041,2.73318437,0.0
2018-08-02,3.388,3.308,3.408,3.278,1498228,2.67901315,0.0
2018-08-03,3.308,3.348,3.408,3.298,1617001,2.69871178,0.0
2018-08-06,3.378,3.378,3.468,3.328,1377022,2.71348575,0.0
2018-08-07,3.378,3.468,3.468,3.308,2207547,2.75780765,0.0
2018-08-08,3.428,3.378,3.448,3.368,1213143,2.71348575,0.0
2018-08-09,3.338,3.438,3.448,3.328,1517006,2.74303368,0.0
2018-08-10,3.418,3.368,3.438,3.338,1559059,2.70856109,0.0
2018-08-13,3.338,3.268,3.338,3.178,2190260,2.65931452,0.0
2018-08-14,3.238,3.248,3.258,3.178,1520363,2.64946521,0.0
2018-08-15,3.228,3.158,3.228,3.148,1560965,2.6051433,0.0
2018-08-16,3.088,3.138,3.198,3.068,1973864,2.59529399,0.0
2018-08-17,3.168,3.128,3.178,3.108,1401296,2.59036933,0.0
2018-08-20,3.158,3.228,3.258,3.128,1520699,2.6396159,0.0
2018-08-21,3.248,3.268,3.298,3.218,1487702,2.65931452,0.0
2018-08-22,3.268,3.258,3.318,3.208,776009,2.65438987,0.0
2018-08-23,3.248,3.268,3.318,3.238,911500,2.65931452,0.0
2018-08-24,3.258,3.358,3.398,3.218,1711983,2.70363643,0.0
2018-08-27,3.358,3.398,3.408,3.298,1977216,2.72333506,0.0
2018-08-28,3.398,3.378,3.438,3.358,1207773,2.71348575,0.0
2018-08-29,3.368,3.358,3.378,3.318,709947,2.70363643,0.0
2018-08-30,3.348,3.268,3.368,3.248,1191030,2.65931452,0.0
2018-08-31,3.228,3.308,3.348,3.228,2154535,3.17399909,0.0
2018-09-03,3.288,3.298,3.338,3.258,1089986,3.16816453,0.0
2018-09-04,3.298,3.308,3.338,3.228,1279523,3.17399909,0.0
2018-09-05,3.278,3.218,3.298,3.218,1176416,3.12148807,0.0
2018-09-06,3.198,3.198,3.238,3.168,859739,3.10981896,0.0
2018-09-07,3.208,3.218,3.248,3.188,862333,3.12148807,0.0
2018-09-10,3.208,3.208,3.268,3.178,1064815,3.11565352,0.0
2018-09-11,3.208,3.208,3.258,3.178,931025,3.11565352,0.0
2018-09-12,3.178,3.158,3.198,3.148,1008677,3.08648073,0.0
2018-09-13,3.208,3.238,3.248,3.168,1148164,3.13315719,0.0
2018-09-14,3.258,3.238,3.258,3.218,681130,3.13315719,0.0
2018-09-17,3.228,3.188,3.238,3.178,835209,3.1039844,0.0
2018-09-18,3.198,3.258,3.258,3.168,1126595,3.1448263,0.0
2018-09-19,3.238,3.308,3.328,3.228,1767880,3.17399909,0.0
2018-09-20,3.308,3.358,3.388,3.308,1477091,3.20317187,0.0
2018-09-21,3.378,3.618,3.618,3.318,3285182,3.35487036,0.0
2018-09-25,3.538,3.538,3.588,3.508,2118049,3.3081939,0.0
2018-09-26,3.558,3.568,3.638,3.528,2327120,3.32569757,0.0
2018-09-27,3.558,3.558,3.578,3.468,1298206,3.31986302,0.0
2018-09-28,3.558,3.638,3.668,3.548,2000095,3.36653947,0.0
2018-10-08,3.498,3.428,3.508,3.388,2195532,3.24401377,0.0
2018-10-09,3.388,3.398,3.448,3.368,1478667,3.2265101,0.0
2018-10-10,3.408,3.418,3.448,3.378,1448229,3.23817922,0.0
2018-10-11,3.288,3.268,3.358,3.228,2371310,3.15066086,0.0
2018-10-12,3.268,3.398,3.418,3.268,1651175,3.2265101,0.0
2018-10-15,3.388,3.298,3.388,3.298,1055919,3.16816453,0.0
2018-10-16,3.298,3.318,3.388,3.288,1016670,3.17983364,0.0
2018-10-17,3.368,3.298,3.388,3.248,1869574,3.16816453,0.0
2018-10-18,3.288,3.218,3.298,3.218,1497852,3.12148807,0.0
2018-10-19,3.218,3.348,3.388,3.148,2483320,3.19733732,0.0
2018-10-22,3.368,3.498,3.548,3.368,2772704,3.28485567,0.0
2018-10-23,3.498,3.338,3.528,3.318,2045772,3.19150276,0.0
2018-10-24,3.328,3.488,3.538,3.318,2634179,3.27902112,0.0
2018-10-25,3.388,3.518,3.538,3.338,2202105,3.29652479,0.0
2018-10-26,3.528,3.558,3.628,3.438,1992535,3.31986302,0.0
2018-10-29,3.538,3.448,3.608,3.398,1862819,3.25568289,0.0
2018-10-30,3.478,3.498,3.548,3.428,1517325,3.28485567,0.0
2018-10-31,3.478,3.498,3.518,3.448,1516160,2.14154906,0.0
2018-11-01,3.518,3.438,3.538,3.418,1946329,2.11872616,0.0
2018-11-02,3.498,3.508,3.528,3.408,3405294,2.14535288,0.0
2018-11-05,3.478,3.428,3.488,3.408,1898292,2.11492234,0.0
2018-11-06,3.438,3.398,3.448,3.368,1581505,2.10351089,0.0
2018-11-07,3.398,3.388,3.438,3.368,1527558,2.09970708,0.0
2018-11-08,3.398,3.398,3.428,3.378,1222918,2.10351089,0.0
2018-11-09,3.338,3.218,3.338,3.168,4099081,2.03504218,0.0
2018-11-12,3.178,3.228,3.238,3.168,1912826,2.038846,0.0
2018-11-13,3.178,3.248,3.278,3.168,1966675,2.04645364,0.0
2018-11-14,3.238,3.178,3.238,3.168,1771988,2.01982692,0.0
2018-11-15,3.178,3.218,3.218,3.168,1208254,2.03504218,0.0
2018-11-16,3.218,3.208,3.248,3.198,1395429,2.03123837,0.0
2018-11-19,3.228,3.278,3.278,3.218,1768291,2.05786509,0.0
2018-11-20,3.258,3.218,3.268,3.178,1431497,2.03504218,0.0
2018-11-21,3.178,3.228,3.238,3.178,983231,2.038846,0.0
2018-11-22,3.238,3.228,3.248,3.198,793685,2.038846,0.0
2018-11-23,3.228,3.198,3.228,3.188,897813,2.02743455,0.0
2018-11-26,3.218,3.218,3.248,3.198,872378,2.03504218,0.0
2018-11-27,3.218,3.198,3.218,3.188,661139,2.02743455,0.0
2018-11-28,3.198,3.218,3.228,3.188,779603,2.03504218,0.0
2018-11-29,3.238,3.198,3.248,3.188,814643,2.02743455,0.0
2018-11-30,3.188,3.198,3.218,3.178,611827,2.02743455,0.0
2018-12-03,3.278,3.278,3.308,3.248,2223474,2.05786509,0.0
2018-12-04,3.278,3.288,3.298,3.268,963392,2.0616689,0.0
2018-12-05,3.248,3.268,3.278,3.238,948942,2.05406127,0.0
2018-12-06,3.218,3.218,3.258,3.198,1126755,2.03504218,0.0
2018-12-07,3.218,3.218,3.238,3.198,595983,2.03504218,0.0
2018-12-10,3.178,3.198,3.208,3.178,808751,2.02743455,0.0
2018-12-11,3.198,3.198,3.208,3.178,607028,2.02743455,0.0
2018-12-12,3.208,3.208,3.218,3.188,622103,2.03123837,0.0
2018-12-13,3.218,3.258,3.268,3.208,976390,2.05025745,0.0
2018-12-14,3.228,3.218,3.248,3.208,751594,2.03504218,0.0
2018-12-17,3.198,3.238,3.238,3.188,818948,2.04264982,0.0
2018-12-18,3.218,3.218,3.228,3.198,976967,2.03504218,0.0
2018-12-19,3.228,3.198,3.238,3.188,983026,2.02743455,0.0
2018-12-20,3.198,3.098,3.218,3.068,1853115,1.98939638,0.0
2018-12-21,3.068,3.058,3.078,2.968,2021416,1.97418111,0.0
2018-12-24,3.008,3.088,3.098,2.988,1082039,1.98559256,0.0
2018-12-25,3.028,3.098,3.128,3.028,1662552,1.98939638,0.0
2018-12-26,3.088,3.138,3.148,3.078,898617,2.00461165,0.0
2018-12-27,3.168,3.148,3.188,3.138,1016874,2.00841546,0.0
2018-12-28,3.168,3.158,3.208,3.158,1115319,2.01221928,0.0
2019-01-02,3.168,3.068,3.178,3.038,1131849,1.97798493,0.0
2019-01-03,3.048,3.068,3.098,3.038,943284,1.97798493,0.0
2019-01-04,3.048,3.138,3.148,3.018,1224420,2.00461165,0.0
2019-01-07,3.168,3.108,3.168,3.098,999757,1.9932002,0.0
2019-01-08,3.118,3.068,3.118,3.048,1129184,1.97798493,0.0
2019-01-09,3.078,3.128,3.158,3.068,1761937,2.00080783,0.0
2019-01-10,3.108,3.088,3.128,3.068,839222,1.98559256,0.0
2019-01-11,3.098,3.108,3.118,3.078,838921,1.9932002,0.0
2019-01-14,3.128,3.068,3.128,3.048,951456,1.97798493,0.0
2019-01-15,3.078,3.098,3.118,3.058,1189012,1.98939638,0.0
2019-01-16,3.098,3.108,3.108,3.078,873639,1.9932002,0.0
2019-01-17,3.118,3.118,3.178,3.088,1673145,1.99700401,0.0
2019-01-18,3.138,3.258,3.268,3.118,2517758,2.05025745,0.0
2019-01-21,3.278,3.318,3.348,3.268,2126181,2.07308036,0.0
2019-01-22,3.328,3.258,3.328,3.238,1395486,2.05025745,0.0
2019-01-23,3.268,3.308,3.318,3.258,1253884,2.06927654,0.0
2019-01-24,3.328,3.328,3.338,3.288,888219,2.07688417,0.0
2019-01-25,3.348,3.388,3.448,3.348,1666269,2.09970708,0.0
2019-01-28,3.468,3.368,3.508,3.348,1639485,2.09209944,0.0
2019-01-29,3.378,3.408,3.428,3.348,1300705,2.10731471,0.0
2019-01-30,3.408,3.418,3.438,3.378,1373696,2.11111853,0.0
2019-01-31,3.438,3.528,3.568,3.418,2251050,2.15296052,0.0
2019-02-01,3.548,3.518,3.568,3.478,1436724,2.1491567,0.0
2019-02-11,3.488,3.508,3.518,3.428,1195632,2.14535288,0.0
2019-02-12,3.508,3.518,3.528,3.458,845872,2.1491567,0.0
2019-02-13,3.518,3.578,3.608,3.478,1757538,2.1719796,0.0
2019-02-14,3.558,3.518,3.568,3.498,1554184,2.1491567,0.0
2019-02-15,3.498,3.378,3.498,3.348,2130583,2.09590326,0.0
2019-02-18,3.408,3.468,3.468,3.398,1874015,2.13013761,0.0
2019-02-19,3.458,3.438,3.508,3.418,2126730,2.11872616,0.0
2019-02-20,3.448,3.438,3.468,3.418,1068611,2.11872616,0.0
2019-02-21,3.438,3.428,3.478,3.408,1583102,2.11492234,0.0
2019-02-22,3.418,3.418,3.418,3.338,2983245,2.11111853,0.0
2019-02-25,3.438,3.768,3.768,3.438,6769225,2.24425213,0.0
2019-02-26,3.758,3.638,3.768,3.608,4585219,2.19480251,0.0
2019-02-27,3.648,3.678,3.798,3.598,4815141,2.21001777,0.0
2019-02-28,3.658,3.618,3.698,3.578,2787211,2.18719487,0.0
2019-03-01,3.638,3.718,3.728,3.578,3372006,2.22523304,0.0
2019-03-04,3.768,3.728,3.858,3.698,6018263,2.22903686,0.0
2019-03-05,3.698,3.688,3.708,3.638,3327884,2.21382159,0.0
2019-03-06,3.668,3.718,3.718,3.658,3261569,2.22523304,0.0
2019-03-07,3.708,3.628,3.708,3.608,4004888,2.19099869,0.0
2019-03-08,3.568,3.458,3.568,3.448,3578249,2.1263338,0.0
2019-03-11,3.448,3.478,3.498,3.418,2320634,2.13394143,0.0
2019-03-12,3.498,3.488,3.548,3.468,2743039,2.13774525,0.0
2019-03-13,3.478,3.448,3.478,3.408,3065094,2.12252998,0.0
2019-03-14,3.438,3.438,3.478,3.408,2263955,2.11872616,0.0
2019-03-15,3.428,3.448,3.488,3.428,2500673,2.12252998,0.0
2019-03-18,3.438,3.518,3.518,3.428,3633998,2.1491567,0.0
2019-03-19,3.538,3.518,3.538,3.488,2457470,2.1491567,0.0
2019-03-20,3.498,3.478,3.518,3.458,2362450,2.13394143,0.0
2019-03-21,3.478,3.458,3.488,3.448,2315734,2.1263338,0.0
2019-03-22,3.458,3.448,3.468,3.418,1912400,2.12252998,0.0
2019-03-25,3.398,3.338,3.418,3.328,3218764,2.08068799,0.0
2019-03-26,3.358,3.318,3.358,3.298,2079400,2.07308036,0.0
2019-03-27,3.328,3.378,3.408,3.318,2633869,2.09590326,0.0
2019-03-28,3.358,3.318,3.368,3.308,1922437,2.07308036,0.0
2019-03-29,3.338,3.438,3.448,3.328,3916036,2.74146165,0.0
2019-04-01,3.458,3.508,3.528,3.458,4879282,2.77591449,0.0
2019-04-02,3.528,3.528,3.568,3.508,3924760,2.78575816,0.0
2019-04-03,3.468,3.568,3.578,3.468,3262867,2.8054455,0.0
2019-04-04,3.568,3.678,3.698,3.558,4524539,2.85958568,0.0
2019-04-08,3.718,3.688,3.848,3.648,4293673,2.86450751,0.0
2019-04-09,3.678,3.648,3.688,3.628,2408015,2.84482017,0.0
2019-04-10,3.618,3.618,3.658,3.568,2412362,2.83005467,0.0
2019-04-11,3.618,3.598,3.658,3.578,2171263,2.820211,0.0
2019-04-12,3.588,3.598,3.608,3.568,1536137,2.820211,0.0
2019-04-15,3.678,3.678,3.798,3.668,4734974,2.85958568,0.0
2019-04-16,3.648,3.868,3.898,3.618,5512072,2.95310053,0.0
2019-04-17,3.858,3.878,3.948,3.828,3642938,2.95802236,0.0
2019-04-18,3.878,3.808,3.898,3.798,2164783,2.92356952,0.0
2019-04-19,3.808,3.848,3.878,3.808,1845142,2.94325686,0.0
2019-04-22,3.858,3.698,3.868,3.678,2731242,2.86942934,0.0
2019-04-23,3.708,3.678,3.718,3.658,1831041,2.85958568,0.0
2019-04-24,3.688,3.678,3.708,3.608,2091668,2.85958568,0.0
2019-04-25,3.658,3.598,3.668,3.578,2259720,2.820211,0.0
2019-04-26,3.578,3.578,3.628,3.568,1840006,2.81036733,0.0
2019-04-29,3.598,3.668,3.708,3.578,2119529,2.85466384,0.0
2019-04-30,3.668,3.678,3.698,3.608,1850456,1.2132556,0.0
2019-05-06,3.558,3.588,3.668,3.428,3942109,1.19446162,0.0
2019-05-07,3.568,3.528,3.578,3.498,1680326,1.1819323,0.0
2019-05-08,3.468,3.458,3.508,3.438,1355874,1.16731477,0.0
2019-05-09,3.438,3.388,3.448,3.368,1676489,1.15269723,0.0
2019-05-10,3.408,3.478,3.528,3.368,2165359,1.17149121,0.0
2019-05-13,3.418,3.408,3.438,3.398,1164306,1.15687367,0.0
2019-05-14,3.378,3.388,3.428,3.368,1248745,1.15269723,0.0
2019-05-15,3.408,3.438,3.458,3.378,1615658,1.16313833,0.0
2019-05-16,3.408,3.458,3.478,3.398,1546208,1.16731477,0.0
2019-05-17,3.468,3.438,3.478,3.408,1594083,1.16313833,0.0
2019-05-20,3.428,3.478,3.518,3.418,2414575,1.17149121,0.0
2019-05-21,3.478,3.508,3.528,3.468,1557976,1.17775587,0.0
2019-05-22,3.508,3.518,3.528,3.458,1208877,1.17984409,0.0
2019-05-23,3.518,3.518,3.528,3.488,1865486,1.17984409,0.0
2019-05-24,3.518,3.568,3.588,3.508,1400200,1.19028518,0.0
2019-05-27,3.548,3.518,3.558,3.488,1781055,1.17984409,0.0
2019-05-28,3.528,3.538,3.548,3.488,1893082,1.18402052,0.0
2019-05-29,3.508,3.518,3.538,3.488,1165485,1.17984409,0.0
2019-05-30,3.518,3.538,3.538,3.488,1205652,1.18402052,0.0
2019-05-31,3.518,3.478,3.528,3.468,1488230,1.17149121,0.0
2019-06-03,3.488,3.568,3.568,3.488,1869902,1.19028518,0.0
2019-06-04,3.568,3.598,3.608,3.548,1643915,1.19654984,0.0
2019-06-05,3.608,3.628,3.688,3.608,1707521,1.2028145,0.0
2019-06-06,3.648,3.598,3.658,3.598,1543094,1.19654984,0.0
2019-06-10,3.608,3.648,3.688,3.608,1852676,1.20699094,0.0
2019-06-11,3.648,3.658,3.668,3.628,2598938,1.20907916,0.0
2019-06-12,3.648,3.628,3.658,3.608,1902212,1.2028145,0.0
2019-06-13,3.618,3.598,3.628,3.578,1640528,1.19654984,0.0
2019-06-14,3.608,3.608,3.648,3.588,1482278,1.19863806,0.0
2019-06-17,3.598,3.608,3.638,3.588,1582082,1.19863806,0.0
2019-06-18,3.608,3.608,3.628,3.588,2611020,1.19863806,0.0
2019-06-19,3.678,3.648,3.708,3.628,4025858,1.20699094,0.0
2019-06-20,3.648,3.708,3.768,3.638,5875141,1.21952026,0.0
2019-06-21,3.708,3.718,3.758,3.688,3183815,1.22160848,0.0
2019-06-24,3.718,3.748,3.748,3.698,1785277,1.22787314,0.0
2019-06-25,3.738,3.698,3.748,3.638,2684932,1.21743204,0.0
2019-06-26,3.678,3.718,3.728,3.668,1375845,1.22160848,0.0
2019-06-27,3.728,3.778,3.788,3.718,2244569,1.2341378,0.0
2019-06-28,3.758,3.758,3.778,3.708,1561974,1.22996136,0.0
2019-07-01,3.808,3.788,3.838,3.768,2927829,1.23622601,0.0
2019-07-02,3.778,3.798,3.818,3.768,2713569,1.23831423,0.0
2019-07-03,3.799,3.789,3.809,3.759,2096733,1.18402052,0.2506
2019-07-04,3.789,3.799,3.799,3.769,1516906,1.18610874,0.0
2019-07-05,3.779,3.789,3.799,3.769,1289392,1.18402052,0.0
2019-07-08,3.769,3.709,3.779,3.659,1962590,1.16731477,0.0
2019-07-09,3.689,3.699,3.709,3.679,1193934,1.16522655,0.0
2019-07-10,3.699,3.669,3.709,3.659,1056818,1.15896189,0.0
2019-07-11,3.679,3.689,3.699,3.669,1062933,1.16313833,0.0
2019-07-12,3.699,3.739,3.759,3.679,1411107,1.17357943,0.0
2019-07-15,3.719,3.719,3.729,3.659,1261611,1.16940299,0.0
2019-07-16,3.719,3.729,3.739,3.689,808805,1.17149121,0.0
2019-07-17,3.709,3.679,3.719,3.669,1449433,1.16105011,0.0
2019-07-18,3.659,3.689,3.699,3.659,1208150,1.16313833,0.0
2019-07-19,3.679,3.719,3.729,3.679,1189488,1.16940299,0.0
2019-07-22,3.709,3.759,3.769,3.709,1604548,1.17775587,0.0
2019-07-23,3.749,3.779,3.779,3.729,1210511,1.1819323,0.0
2019-07-24,3.779,3.809,3.819,3.769,1701762,1.18819696,0.0
2019-07-25,3.809,3.809,3.809,3.779,1164247,1.18819696,0.0
2019-07-26,3.789,3.809,3.819,3.779,1130750,1.18819696,0.0
2019-07-29,3.809,3.769,3.809,3.759,1532497,1.17984409,0.0
2019-07-30,3.789,3.779,3.799,3.759,1340973,1.1819323,0.0
2019-07-31,3.769,3.759,3.779,3.739,1093150,1.17775587,0.0
2019-08-01,3.739,3.729,3.759,3.719,1041691,1.17149121,0.0
2019-08-02,3.679,3.679,3.709,3.619,1636155,1.16105011,0.0
2019-08-05,3.659,3.599,3.669,3.599,1473191,1.14434435,0.0
2019-08-06,3.549,3.529,3.559,3.519,1741383,1.12972681,0.0
2019-08-07,3.549,3.509,3.559,3.499,1121974,1.12555037,0.0
2019-08-08,3.529,3.549,3.569,3.509,1308395,1.13390325,0.0
2019-08-09,3.559,3.579,3.609,3.549,1509768,1.14016791,0.0
2019-08-12,3.579,3.629,3.649,3.569,1138926,1.15060901,0.0
2019-08-13,3.609,3.629,3.649,3.599,1008889,1.15060901,0.0
2019-08-14,3.659,3.649,3.679,3.649,1075702,1.15478545,0.0
2019-08-15,3.599,3.679,3.679,3.579,1024084,1.16105011,0.0
2019-08-16,3.679,3.619,3.679,3.619,1152927,1.14852079,0.0
2019-08-19,3.589,3.589,3.619,3.499,3309679,1.14225613,0.0
2019-08-20,3.579,3.539,3.579,3.529,2349322,1.13181503,0.0
2019-08-21,3.529,3.549,3.559,3.519,1058217,1.13390325,0.0
2019-08-22,3.559,3.509,3.559,3.499,1643501,1.12555037,0.0
2019-08-23,3.519,3.539,3.549,3.499,1263582,1.13181503,0.0
2019-08-26,3.479,3.499,3.519,3.479,1390794,1.12346216,0.0
2019-08-27,3.519,3.539,3.559,3.499,2189476,1.13181503,0.0
2019-08-28,3.529,3.519,3.539,3.499,1125786,1.12763859,0.0
2019-08-29,3.509,3.539,3.539,3.499,1285365,1.13181503,0.0
2019-08-30,3.559,3.509,3.559,3.499,1528963,1.2454817,0.0
2019-09-02,3.519,3.509,3.539,3.499,1892707,1.2454817,0.0
2019-09-03,3.499,3.519,3.519,3.489,1232397,1.24779242,0.0
2019-09-04,3.519,3.589,3.589,3.499,2198547,1.26396751,0.0
2019-09-05,3.599,3.619,3.659,3.589,2959461,1.27089969,0.0
2019-09-06,3.629,3.639,3.649,3.609,1398795,1.27552115,0.0
2019-09-09,3.659,3.629,3.679,3.609,1979916,1.27321042,0.0
2019-09-10,3.629,3.619,3.639,3.599,1621300,1.27089969,0.0
2019-09-11,3.639,3.669,3.679,3.619,2026820,1.28245333,0.0
2019-09-12,3.669,3.689,3.689,3.649,1327617,1.28707478,0.0
2019-09-16,3.689,3.689,3.699,3.669,1414432,1.28707478,0.0
2019-09-17,3.679,3.629,3.689,3.609,1372554,1.27321042,0.0
2019-09-18,3.639,3.619,3.649,3.609,932774,1.27089969,0.0
2019-09-19,3.629,3.619,3.629,3.589,865239,1.27089969,0.0
2019-09-20,3.629,3.649,3.649,3.599,1422582,1.27783187,0.0
2019-09-23,3.629,3.599,3.639,3.569,1520159,1.26627824,0.0
2019-09-24,3.599,3.619,3.639,3.589,1013885,1.27089969,0.0
2019-09-25,3.609,3.609,3.639,3.589,999090,1.26858897,0.0
2019-09-26,3.629,3.669,3.679,3.619,2119003,1.28245333,0.0
2019-09-27,3.669,3.659,3.699,3.599,1910227,1.2801426,0.0
2019-09-30,3.649,3.649,3.719,3.639,1499032,1.27783187,0.0
2019-10-08,3.629,3.679,3.699,3.599,1253175,1.28476405,0.0
2019-10-09,3.649,3.699,3.719,3.649,1231203,1.28938551,0.0
2019-10-10,3.699,3.689,3.699,3.669,760767,1.28707478,0.0
2019-10-11,3.679,3.759,3.769,3.679,1643201,1.30324987,0.0
2019-10-14,3.769,3.839,3.889,3.759,2195180,1.32173568,0.0
2019-10-15,3.829,3.839,3.859,3.809,1143438,1.32173568,0.0
2019-10-16,3.869,3.839,3.909,3.789,1414081,1.32173568,0.0
2019-10-17,3.829,3.829,3.839,3.809,706609,1.31942495,0.0
2019-10-18,3.839,3.789,3.879,3.779,1264915,1.31018205,0.0
2019-10-21,3.799,3.909,3.909,3.789,1941045,1.33791077,0.0
2019-10-22,3.919,3.929,3.929,3.869,1107654,1.34253222,0.0
2019-10-23,3.909,3.989,4.009,3.899,1638487,1.35639658,0.0
2019-10-24,3.989,4.039,4.129,3.979,2230287,1.36795021,0.0
2019-10-25,4.029,4.099,4.109,3.959,1766530,1.38181457,0.0
2019-10-28,4.119,4.049,4.139,4.029,1707052,1.73744088,0.0
2019-10-29,4.049,4.029,4.089,3.999,1198014,1.73158104,0.0
2019-10-30,4.039,4.069,4.099,4.019,1233569,1.74330071,0.0
2019-10-31,4.089,4.029,4.089,3.989,969326,1.73158104,0.0
2019-11-01,4.019,4.059,4.089,3.939,1331794,1.74037079,0.0
2019-11-04,4.059,4.019,4.089,4.019,1121642,1.72865112,0.0
2019-11-05,4.029,4.039,4.119,4.009,2021852,1.73451096,0.0
2019-11-06,4.029,4.099,4.119,4.019,1566204,1.75209046,0.0
2019-11-07,4.099,4.069,4.109,4.049,1102570,1.74330071,0.0
2019-11-08,4.099,3.989,4.109,3.979,1704203,1.71986137,0.0
2019-11-11,3.959,3.889,3.969,3.869,1356370,1.6905622,0.0
2019-11-12,3.889,3.919,3.939,3.869,875125,1.69935195,0.0
2019-11-13,3.909,3.899,3.939,3.859,1066182,1.69349212,0.0
2019-11-14,3.889,3.869,3.919,3.859,780185,1.68470237,0.0
2019-11-15,3.879,3.909,3.929,3.869,930179,1.69642204,0.0
2019-11-18,3.899,3.939,3.939,3.879,838837,1.70521179,0.0
2019-11-19,3.929,3.969,3.969,3.919,1010758,1.71400154,0.0
2019-11-20,3.949,3.919,3.969,3.909,707739,1.69935195,0.0
2019-11-21,3.889,3.849,3.899,3.829,1420982,1.67884253,0.0
2019-11-22,3.849,3.829,3.869,3.829,1115087,1.6729827,0.0
2019-11-25,3.839,3.949,3.969,3.829,1916305,1.7081417,0.0
2019-11-26,3.969,3.969,4.009,3.949,1536792,1.71400154,0.0
2019-11-27,3.979,3.999,4.009,3.949,863818,1.72279129,0.0
2019-11-28,3.989,3.959,3.999,3.939,754976,1.71107162,0.0
2019-11-29,3.939,3.909,3.999,3.909,1032189,1.69642204,0.0
2019-12-02,3.919,3.929,3.949,3.919,850038,1.70228187,0.0
2019-12-03,3.919,3.909,3.939,3.879,747954,1.69642204,0.0
2019-12-04,3.909,3.879,3.909,3.859,929448,1.68763228,0.0
2019-12-05,3.899,3.889,3.919,3.869,790213,1.6905622,0.0
2019-12-06,3.889,3.869,3.909,3.839,1096040,1.68470237,0.0
2019-12-09,3.859,3.859,3.879,3.819,1104982,1.68177245,0.0
2019-12-10,3.849,3.819,3.849,3.809,977657,1.67005278,0.0
2019-12-11,3.829,3.869,3.869,3.809,1128807,1.68470237,0.0
2019-12-12,3.869,3.859,3.879,3.839,909605,1.68177245,0.0
2019-12-13,3.899,3.939,3.939,3.869,1494336,1.70521179,0.0
2019-12-16,3.929,3.899,3.929,3.879,1411578,1.69349212,0.0
2019-12-17,3.909,3.959,3.999,3.869,2384927,1.71107162,0.0
2019-12-18,3.949,3.989,4.039,3.939,1844467,1.71986137,0.0
2019-12-19,3.989,4.049,4.069,3.989,1668417,1.73744088,0.0
2019-12-20,4.039,4.059,4.069,4.009,1201617,1.74037079,0.0
2019-12-23,4.049,3.999,4.049,3.979,1191389,1.72279129,0.0
2019-12-24,3.979,3.979,3.999,3.959,682187,1.71693146,0.0
2019-12-25,3.979,3.949,3.989,3.949,781478,1.7081417,0.0
2019-12-26,3.969,3.979,3.989,3.939,895144,1.71693146,0.0
2019-12-27,3.969,4.019,4.059,3.969,1303194,1.72865112,0.0
2019-12-30,3.999,4.009,4.009,3.929,2106664,1.72572121,0.0
2019-12-31,3.989,3.999,4.029,3.959,1400559,1.72279129,0.0
2020-01-02,4.039,4.089,4.149,4.029,2349493,1.74916054,0.0
2020-01-03,4.089,4.109,4.139,4.079,1522130,1.75502038,0.0
2020-01-06,4.079,4.089,4.169,4.069,2265097,1.74916054,0.0
2020-01-07,4.099,4.129,4.159,4.099,1168043,1.76088021,0.0
2020-01-08,4.079,4.029,4.089,4.019,1585590,1.73158104,0.0
2020-01-09,4.069,4.029,4.079,3.999,1377134,1.73158104,0.0
2020-01-10,4.029,4.029,4.049,3.979,978377,1.73158104,0.0
2020-01-13,4.019,4.049,4.049,3.989,1089910,1.73744088,0.0
2020-01-14,4.039,4.059,4.079,4.029,1367700,1.74037079,0.0
2020-01-15,4.049,3.999,4.059,3.989,1288907,1.72279129,0.0
2020-01-16,3.989,3.919,4.009,3.909,2690313,1.69935195,0.0
2020-01-17,3.929,3.939,3.959,3.919,1039490,1.70521179,0.0
2020-01-20,3.929,3.959,3.979,3.919,1033399,1.71107162,0.0
2020-01-21,3.939,3.889,3.949,3.879,1432236,1.6905622,0.0
2020-01-22,3.879,3.909,3.909,3.829,1283707,1.69642204,0.0
2020-01-23,3.879,3.839,3.899,3.819,2000376,1.67591262,0.0
2020-02-03,3.419,3.539,3.699,3.419,4680399,1.5880151,0.0
2020-02-04,3.509,3.619,3.649,3.479,4013852,1.61145444,0.0
2020-02-05,3.609,3.609,3.639,3.539,2508538,1.60852452,0.0
2020-02-06,3.619,3.619,3.649,3.559,2809954,1.61145444,0.0
2020-02-07,3.589,3.559,3.589,3.519,2373189,1.59387494,0.0
2020-02-10,3.529,3.539,3.549,3.499,1902386,1.5880151,0.0
2020-02-11,3.549,3.579,3.589,3.529,1984984,1.59973477,0.0
2020-02-12,3.579,3.579,3.589,3.539,2039144,1.59973477,0.0
2020-02-13,3.569,3.529,3.569,3.519,1995657,1.58508518,0.0
2020-02-14,3.519,3.549,3.559,3.509,1415764,1.59094502,0.0
2020-02-17,3.539,3.609,3.609,3.529,2141949,1.60852452,0.0
2020-02-18,3.589,3.579,3.599,3.559,1845424,1.59973477,0.0
2020-02-19,3.569,3.599,3.619,3.569,2040523,1.6055946,0.0
2020-02-20,3.599,3.629,3.639,3.559,2836680,1.61438436,0.0
2020-02-21,3.609,3.609,3.639,3.589,2237102,1.60852452,0.0
2020-02-24,3.599,3.559,3.609,3.549,1933291,1.59387494,0.0
2020-02-25,3.519,3.529,3.539,3.509,2301332,1.58508518,0.0
2020-02-26,3.499,3.529,3.559,3.479,2579688,1.58508518,0.0
2020-02-27,3.519,3.519,3.539,3.509,2225556,1.58215527,0.0
2020-02-28,3.489,3.419,3.499,3.399,4229371,1.5528561,0.0
2020-03-02,3.419,3.479,3.479,3.409,2399023,1.5704356,0.0
2020-03-03,3.489,3.499,3.519,3.469,2554031,1.57629543,0.0
2020-03-04,3.489,3.509,3.509,3.479,1342815,1.57922535,0.0
2020-03-05,3.519,3.579,3.579,3.499,3305397,1.59973477,0.0
2020-03-06,3.539,3.529,3.549,3.509,1959498,1.58508518,0.0
2020-03-09,3.459,3.429,3.469,3.419,2880620,1.55578601,0.0
2020-03-10,3.409,3.479,3.489,3.409,2508207,1.5704356,0.0
2020-03-11,3.469,3.439,3.489,3.439,1694070,1.55871593,0.0
2020-03-12,3.419,3.409,3.439,3.389,2462965,1.54992618,0.0
2020-03-13,3.279,3.339,3.389,3.249,2997241,1.52941676,0.0
2020-03-16,3.339,3.289,3.409,3.259,3044663,1.51476717,0.0
2020-03-17,3.279,3.289,3.349,3.239,2577129,1.51476717,0.0
2020-03-18,3.299,3.229,3.319,3.229,2025068,1.49718767,0.0
2020-03-19,3.229,3.109,3.239,3.049,2898850,1.46202866,0.0
2020-03-20,3.139,3.199,3.229,3.119,2125136,1.48839792,0.0
2020-03-23,3.119,3.109,3.149,3.099,1399893,1.46202866,0.0
2020-03-24,3.139,3.239,3.239,3.139,2303316,1.50011759,0.0
2020-03-25,3.289,3.299,3.299,3.219,2321786,1.51769709,0.0
2020-03-26,3.249,3.299,3.339,3.229,1556128,1.51769709,0.0
2020-03-27,3.329,3.329,3.369,3.299,1727365,1.52648684,0.0
2020-03-30,3.299,3.339,3.359,3.269,1953885,2.67873925,0.0
2020-03-31,3.339,3.269,3.359,3.239,1761032,2.64281746,0.0
2020-04-01,3.269,3.279,3.309,3.249,1018584,2.64794914,0.0
2020-04-02,3.259,3.309,3.309,3.229,1228856,2.6633442,0.0
2020-04-03,3.279,3.259,3.299,3.239,1096046,2.63768577,0.0
2020-04-07,3.299,3.279,3.309,3.249,1703016,2.64794914,0.0
2020-04-08,3.259,3.259,3.269,3.239,1034743,2.63768577,0.0
2020-04-09,3.259,3.249,3.269,3.239,735821,2.63255409,0.0
2020-04-10,3.249,3.229,3.259,3.219,978069,2.62229072,0.0
2020-04-13,3.219,3.219,3.249,3.209,855087,2.61715904,0.0
2020-04-14,3.229,3.239,3.249,3.219,883218,2.62742241,0.0
2020-04-15,3.229,3.249,3.249,3.219,946035,2.63255409,0.0
2020-04-16,3.229,3.239,3.249,3.219,700632,2.62742241,0.0
2020-04-17,3.249,3.269,3.289,3.229,1382449,2.64281746,0.0
2020-04-20,3.259,3.239,3.269,3.239,1038087,2.62742241,0.0
2020-04-21,3.229,3.199,3.239,3.189,1176049,2.60689567,0.0
2020-04-22,3.189,3.209,3.219,3.169,876584,2.61202735,0.0
2020-04-23,3.209,3.189,3.209,3.169,1033422,2.60176398,0.0
2020-04-24,3.179,3.169,3.189,3.159,687952,2.59150061,0.0
2020-04-27,3.169,3.209,3.229,3.169,1172997,2.61202735,0.0
2020-04-28,3.209,3.229,3.239,3.159,1505136,2.62229072,0.0
2020-04-29,3.219,3.269,3.269,3.199,1210796,1.14812697,0.0
2020-04-30,3.269,3.289,3.299,3.259,1040639,1.15258572,0.0
2020-05-06,3.239,3.229,3.239,3.199,1620612,1.13920948,0.0
2020-05-07,3.219,3.219,3.229,3.209,788982,1.13698011,0.0
2020-05-08,3.219,3.219,3.239,3.209,1148278,1.13698011,0.0
2020-05-11,3.229,3.259,3.259,3.219,1130519,1.1458976,0.0
2020-05-12,3.249,3.249,3.269,3.229,1016321,1.14366823,0.0
2020-05-13,3.239,3.249,3.249,3.229,556280,1.14366823,0.0
2020-05-14,3.239,3.219,3.249,3.209,811525,1.13698011,0.0
2020-05-15,3.219,3.209,3.239,3.199,959061,1.13475074,0.0
2020-05-18,3.209,3.219,3.219,3.189,936179,1.13698011,0.0
2020-05-19,3.239,3.239,3.249,3.219,1361801,1.14143886,0.0
2020-05-20,3.229,3.239,3.239,3.219,867649,1.14143886,0.0
2020-05-21,3.239,3.219,3.249,3.219,810031,1.13698011,0.0
2020-05-22,3.219,3.169,3.229,3.169,1433771,1.12583325,0.0
2020-05-25,3.179,3.209,3.219,3.159,1055065,1.13475074,0.0
2020-05-26,3.219,3.199,3.229,3.199,925221,1.13252137,0.0
2020-05-27,3.199,3.239,3.249,3.199,1195940,1.14143886,0.0
2020-05-28,3.239,3.289,3.299,3.239,1457287,1.15258572,0.0
2020-05-29,3.259,3.239,3.269,3.219,1257614,1.14143886,0.0
2020-06-01,3.249,3.279,3.279,3.239,1050079,1.15035635,0.0
2020-06-02,3.269,3.309,3.309,3.249,1528292,1.15704447,0.0
2020-06-03,3.319,3.309,3.359,3.299,1345468,1.15704447,0.0
2020-06-04,3.319,3.299,3.329,3.289,763941,1.15481509,0.0
2020-06-05,3.309,3.329,3.339,3.279,1098658,1.16150321,0.0
2020-06-08,3.339,3.359,3.379,3.319,1709294,1.16819133,0.0
2020-06-09,3.359,3.379,3.399,3.349,1186765,1.17265007,0.0
2020-06-10,3.389,3.389,3.399,3.369,1301162,1.17487945,0.0
2020-06-11,3.389,3.389,3.419,3.359,2019545,1.17487945,0.0
2020-06-12,3.349,3.339,3.439,3.319,3797260,1.16373258,0.0
2020-06-15,3.359,3.359,3.429,3.349,2160776,1.16819133,0.0
2020-06-16,3.389,3.419,3.429,3.379,1230380,1.18156757,0.0
2020-06-17,3.399,3.379,3.419,3.369,879845,1.17265007,0.0
2020-06-18,3.319,3.309,3.339,3.279,2109655,1.15704447,0.0
2020-06-19,3.299,3.319,3.329,3.269,1986051,1.15927384,0.0
2020-06-22,3.319,3.279,3.339,3.279,1569840,1.15035635,0.0
2020-06-23,3.279,3.259,3.279,3.239,1798935,1.1458976,0.0
2020-06-24,3.269,3.339,3.359,3.259,1941728,1.16373258,0.0
2020-06-29,3.399,3.369,3.429,3.319,3000963,1.1704207,0.0
2020-06-30,3.381,3.361,3.411,3.341,2135599,1.11022764,0.26280000000000003
2020-07-01,3.361,3.371,3.371,3.301,1953424,1.11245701,0.0
2020-07-02,3.361,3.441,3.451,3.341,3336395,1.12806262,0.0
2020-07-03,3.441,3.541,3.561,3.441,3494608,1.15035635,0.0
2020-07-06,3.581,3.981,3.991,3.571,7463596,1.24844875,0.0
2020-07-07,4.051,3.941,4.231,3.941,6224565,1.23953126,0.0
2020-07-08,3.901,3.851,3.971,3.761,6130511,1.2194669,0.0
2020-07-09,3.811,3.761,3.831,3.731,5693420,1.19940255,0.0
2020-07-10,3.741,3.601,3.751,3.581,6260793,1.16373258,0.0
2020-07-13,3.581,3.591,3.631,3.541,6089284,1.16150321,0.0
2020-07-14,3.571,3.521,3.581,3.511,4639221,1.1458976,0.0
2020-07-15,3.541,3.461,3.561,3.451,4611494,1.13252137,0.0
2020-07-16,3.461,3.441,3.511,3.431,4922858,1.12806262,0.0
2020-07-17,3.441,3.441,3.461,3.411,2975298,1.12806262,0.0
2020-07-20,3.451,3.511,3.521,3.431,3865924,1.14366823,0.0
2020-07-21,3.511,3.481,3.521,3.471,2262538,1.13698011,0.0
2020-07-22,3.481,3.471,3.521,3.451,2926611,1.13475074,0.0
2020-07-23,3.451,3.411,3.461,3.401,3751366,1.1213745,0.0
2020-07-24,3.411,3.361,3.411,3.341,3637610,1.11022764,0.0
2020-07-27,3.361,3.351,3.381,3.331,2176345,1.10799826,0.0
2020-07-28,3.371,3.361,3.381,3.341,1748446,1.11022764,0.0
2020-07-29,3.351,3.401,3.401,3.311,2758567,1.11914513,0.0
2020-07-30,3.401,3.361,3.401,3.361,1537829,1.11022764,0.0
2020-07-31,3.361,3.341,3.391,3.331,2549673,1.10576889,0.0
2020-08-03,3.361,3.361,3.381,3.341,2446868,1.11022764,0.0
2020-08-04,3.371,3.431,3.451,3.351,4012205,1.12583325,0.0
2020-08-05,3.401,3.381,3.411,3.371,2052320,1.11468638,0.0
2020-08-06,3.391,3.401,3.411,3.361,2099271,1.11914513,0.0
2020-08-07,3.391,3.361,3.391,3.351,1921433,1.11022764,0.0
2020-08-10,3.351,3.371,3.381,3.341,2009869,1.11245701,0.0
2020-08-11,3.361,3.361,3.401,3.351,2767246,1.11022764,0.0
2020-08-12,3.351,3.371,3.371,3.341,2256124,1.11245701,0.0
2020-08-13,3.361,3.361,3.381,3.351,1163829,1.11022764,0.0
2020-08-14,3.361,3.401,3.401,3.351,2085845,1.11914513,0.0
2020-08-17,3.401,3.471,3.491,3.401,5486933,1.13475074,0.0
2020-08-18,3.471,3.431,3.471,3.421,2371955,1.12583325,0.0
2020-08-19,3.441,3.411,3.451,3.411,1630051,1.1213745,0.0
2020-08-20,3.401,3.381,3.411,3.371,1642453,1.11468638,0.0
2020-08-21,3.391,3.391,3.401,3.371,1301845,1.11691576,0.0
2020-08-24,3.391,3.371,3.401,3.371,1200786,1.11245701,0.0
2020-08-25,3.381,3.381,3.391,3.361,1548987,1.11468638,0.0
2020-08-26,3.381,3.361,3.381,3.351,1514622,1.11022764,0.0
2020-08-27,3.361,3.351,3.361,3.341,1416657,1.10799826,0.0
2020-08-28,3.351,3.381,3.391,3.341,2103678,1.11468638,0.0
2020-08-31,3.371,3.341,3.391,3.341,2631484,1.06430858,0.0
2020-09-01,3.341,3.341,3.351,3.321,1566484,1.06430858,0.0
2020-09-02,3.341,3.301,3.341,3.301,2729009,1.05572544,0.0
2020-09-03,3.301,3.291,3.321,3.271,1839672,1.05357966,0.0
2020-09-04,3.271,3.281,3.291,3.261,1409394,1.05143387,0.0
2020-09-07,3.271,3.281,3.301,3.261,1525627,1.05143387,0.0
2020-09-08,3.281,3.331,3.341,3.271,1995481,1.06216279,0.0
2020-09-09,3.311,3.321,3.331,3.301,1613341,1.06001701,0.0
2020-09-10,3.321,3.291,3.331,3.281,1444378,1.05357966,0.0
2020-09-11,3.281,3.311,3.331,3.281,1494302,1.05787122,0.0
2020-09-14,3.311,3.311,3.321,3.291,1027571,1.05787122,0.0
2020-09-15,3.301,3.301,3.311,3.291,828081,1.05572544,0.0
2020-09-16,3.301,3.321,3.321,3.281,1076156,1.06001701,0.0
2020-09-17,3.321,3.321,3.331,3.301,1208864,1.06001701,0.0
2020-09-18,3.331,3.361,3.361,3.311,2607344,1.06860014,0.0
2020-09-21,3.351,3.341,3.371,3.321,1217665,1.06430858,0.0
2020-09-22,3.331,3.311,3.341,3.301,1097050,1.05787122,0.0
2020-09-23,3.311,3.301,3.321,3.291,1005836,1.05572544,0.0
2020-09-24,3.291,3.281,3.301,3.261,1265965,1.05143387,0.0
2020-09-25,3.281,3.271,3.291,3.261,1080018,1.04928809,0.0
2020-09-28,3.281,3.321,3.321,3.261,1634647,1.06001701,0.0
2020-09-29,3.321,3.291,3.331,3.291,1156134,1.05357966,0.0
2020-09-30,3.301,3.301,3.331,3.291,1512343,1.05572544,0.0
2020-10-09,3.321,3.291,3.321,3.291,1289984,1.05357966,0.0
2020-10-12,3.301,3.341,3.351,3.291,2525438,1.06430858,0.0
2020-10-13,3.331,3.301,3.341,3.291,1674337,1.05572544,0.0
2020-10-14,3.301,3.301,3.311,3.291,1408489,1.05572544,0.0
2020-10-15,3.301,3.311,3.331,3.281,2011509,1.05787122,0.0
2020-10-16,3.301,3.371,3.401,3.301,5009558,1.07074593,0.0
2020-10-19,3.371,3.401,3.461,3.361,3458163,1.07718328,0.0
2020-10-20,3.391,3.361,3.391,3.331,2406896,1.06860014,0.0
2020-10-21,3.361,3.431,3.451,3.331,3258762,1.08362063,0.0
2020-10-22,3.431,3.441,3.451,3.401,1910635,1.08576641,0.0
2020-10-23,3.431,3.441,3.461,3.411,2356156,1.08576641,0.0
2020-10-26,3.441,3.401,3.451,3.391,1797836,1.07718328,0.0
2020-10-27,3.391,3.411,3.421,3.381,1597959,1.07932906,0.0
2020-10-28,3.401,3.381,3.411,3.361,1820639,1.07289171,0.0
2020-10-29,3.361,3.341,3.371,3.331,1674462,1.06430858,0.0
2020-10-30,3.341,3.301,3.361,3.291,2107643,1.05572544,0.0
2020-11-02,3.301,3.321,3.331,3.291,1572267,1.16851253,0.0
2020-11-03,3.331,3.331,3.361,3.321,1353574,1.17087794,0.0
2020-11-04,3.351,3.331,3.361,3.311,1464985,1.17087794,0.0
2020-11-05,3.351,3.331,3.371,3.321,1637350,1.17087794,0.0
2020-11-06,3.331,3.341,3.361,3.311,1659587,1.17324335,0.0
2020-11-09,3.351,3.361,3.371,3.341,2256021,1.17797417,0.0
2020-11-10,3.391,3.401,3.431,3.381,2591684,1.18743581,0.0
2020-11-11,3.391,3.451,3.461,3.381,3096115,1.19926286,0.0
2020-11-12,3.441,3.391,3.441,3.391,1398752,1.1850704,0.0
2020-11-13,3.391,3.341,3.391,3.331,1922654,1.17324335,0.0
2020-11-16,3.351,3.361,3.371,3.341,1282416,1.17797417,0.0
2020-11-17,3.361,3.381,3.381,3.351,1220333,1.18270499,0.0
2020-11-18,3.381,3.411,3.431,3.361,1935618,1.18980122,0.0
2020-11-19,3.401,3.421,3.431,3.401,1545694,1.19216663,0.0
2020-11-20,3.431,3.411,3.441,3.391,1265721,1.18980122,0.0
2020-11-23,3.391,3.451,3.461,3.391,2825800,1.19926286,0.0
2020-11-24,3.451,3.431,3.471,3.431,1893180,1.19453204,0.0
2020-11-25,3.461,3.421,3.491,3.421,2002930,1.19216663,0.0
2020-11-26,3.421,3.471,3.481,3.411,1973923,1.20399368,0.0
2020-11-27,3.491,3.771,3.771,3.491,9297495,1.27495598,0.0
2020-11-30,3.841,3.701,4.021,3.691,12456637,1.25839811,0.0
2020-12-01,3.691,3.851,3.881,3.661,5303736,1.29387926,0.0
2020-12-02,3.821,3.831,3.911,3.731,3518096,1.28914844,0.0
2020-12-03,3.831,3.761,3.861,3.721,2788019,1.27259057,0.0
2020-12-04,3.761,3.691,3.761,3.601,3302805,1.2560327,0.0
2020-12-07,3.671,3.571,3.711,3.551,2754023,1.22764778,0.0
2020-12-08,3.571,3.501,3.601,3.491,2661064,1.21108991,0.0
2020-12-09,3.521,3.481,3.541,3.471,2437226,1.20635909,0.0
2020-12-10,3.481,3.441,3.491,3.421,2594727,1.19689745,0.0
2020-12-11,3.441,3.461,3.461,3.401,2792733,1.20162827,0.0
2020-12-14,3.451,3.431,3.471,3.411,2721060,1.19453204,0.0
2020-12-15,3.431,3.391,3.431,3.361,3407518,1.1850704,0.0
2020-12-16,3.391,3.381,3.431,3.371,2660675,1.18270499,0.0
2020-12-17,3.381,3.411,3.421,3.341,3311279,1.18980122,0.0
2020-12-18,3.391,3.381,3.411,3.361,2197722,1.18270499,0.0
2020-12-21,3.391,3.381,3.401,3.361,2058288,1.18270499,0.0
2020-12-22,3.371,3.321,3.381,3.301,3657494,1.16851253,0.0
2020-12-23,3.321,3.341,3.351,3.311,2191464,1.17324335,0.0
2020-12-24,3.341,3.341,3.361,3.321,1222628,1.17324335,0.0
2020-12-25,3.341,3.351,3.351,3.331,1532839,1.17560876,0.0
2020-12-28,3.341,3.351,3.351,3.311,2319268,1.17560876,0.0
2020-12-29,3.351,3.361,3.361,3.331,2542023,1.17797417,0.0
2020-12-30,3.351,3.341,3.361,3.321,2540785,1.17324335,0.0
2020-12-31,3.331,3.371,3.391,3.331,3100040,1.18033958,0.0
2021-01-04,3.351,3.391,3.391,3.331,3539512,1.1850704,0.0
2021-01-05,3.371,3.351,3.371,3.321,3710104,1.17560876,0.0
2021-01-06,3.341,3.351,3.361,3.331,3463184,1.17560876,0.0
2021-01-07,3.351,3.381,3.381,3.331,3190474,1.18270499,0.0
2021-01-08,3.381,3.381,3.411,3.361,3422030,1.18270499,0.0
2021-01-11,3.381,3.371,3.421,3.361,4956515,1.18033958,0.0
2021-01-12,3.371,3.401,3.401,3.341,3504957,1.18743581,0.0
2021-01-13,3.411,3.441,3.441,3.381,4046442,1.19689745,0.0
2021-01-14,3.431,3.461,3.531,3.421,3884095,1.20162827,0.0
2021-01-15,3.481,3.531,3.641,3.481,7006634,1.21818614,0.0
2021-01-18,3.511,3.521,3.561,3.461,3981898,1.21582073,0.0
2021-01-19,3.521,3.581,3.601,3.481,4330690,1.23001319,0.0
2021-01-20,3.561,3.531,3.631,3.511,3145665,1.21818614,0.0
2021-01-21,3.541,3.511,3.551,3.481,2456775,1.21345532,0.0
2021-01-22,3.501,3.421,3.501,3.411,2774286,1.19216663,0.0
2021-01-25,3.411,3.431,3.431,3.371,2190552,1.19453204,0.0
2021-01-26,3.411,3.411,3.451,3.391,2103794,1.18980122,0.0
2021-01-27,3.421,3.451,3.531,3.411,3709866,1.19926286,0.0
2021-01-28,3.431,3.411,3.451,3.391,2850795,1.18980122,0.0
2021-01-29,3.411,3.471,3.501,3.401,4111437,1.20399368,0.0
2021-02-01,3.461,3.521,3.531,3.431,3813222,1.21582073,0.0
2021-02-02,3.521,3.471,3.561,3.461,2599986,1.20399368,0.0
2021-02-03,3.471,3.421,3.501,3.411,3375579,1.19216663,0.0
2021-02-04,3.421,3.451,3.501,3.411,2524440,1.19926286,0.0
2021-02-05,3.451,3.561,3.591,3.441,5937442,1.22528237,0.0
2021-02-08,3.561,3.541,3.581,3.501,3671269,1.22055155,0.0
2021-02-09,3.521,3.531,3.531,3.491,2782988,1.21818614,0.0
2021-02-10,3.621,3.631,3.751,3.591,6647042,1.24184024,0.0
2021-02-18,3.711,3.621,3.711,3.601,3284009,1.23947483,0.0
2021-02-19,3.601,3.621,3.681,3.591,2424131,1.23947483,0.0
2021-02-22,3.631,3.751,3.791,3.621,6020820,1.27022516,0.0
2021-02-23,3.731,3.761,3.831,3.701,4671505,1.27259057,0.0
2021-02-24,3.751,3.681,3.801,3.621,3850657,1.25366729,0.0
2021-02-25,3.671,3.821,3.861,3.661,5097002,1.28678303,0.0
2021-02-26,3.771,3.751,3.871,3.731,4351701,1.27022516,0.0
2021-03-01,3.741,3.721,3.801,3.701,2406633,1.26312893,0.0
2021-03-02,3.731,3.671,3.731,3.621,2500313,1.25130188,0.0
2021-03-03,3.661,3.831,3.861,3.641,4469111,1.28914844,0.0
2021-03-04,3.811,3.831,3.891,3.791,3734193,1.28914844,0.0
2021-03-05,3.811,3.951,3.971,3.751,4787744,1.31753336,0.0
2021-03-08,3.961,3.911,3.991,3.891,4291683,1.30807172,0.0
2021-03-09,3.951,3.841,4.011,3.811,4663950,1.29151385,0.0
2021-03-10,3.821,3.781,3.841,3.731,3067843,1.27732139,0.0
2021-03-11,3.831,3.861,3.921,3.811,2824228,1.29624467,0.0
2021-03-12,3.851,3.821,3.881,3.811,1848416,1.28678303,0.0
2021-03-15,3.831,3.931,3.961,3.801,3037976,1.31280254,0.0
2021-03-16,3.941,3.981,4.011,3.921,2730800,1.32462959,0.0
2021-03-17,3.961,3.911,3.981,3.861,2037134,1.30807172,0.0
2021-03-18,3.901,3.861,3.921,3.841,2245442,1.29624467,0.0
2021-03-19,3.871,3.741,3.881,3.701,3325305,1.26785975,0.0
2021-03-22,3.701,3.801,3.831,3.701,2325313,1.28205221,0.0
2021-03-23,3.781,3.781,3.881,3.731,3259731,1.27732139,0.0
2021-03-24,3.751,3.791,3.811,3.711,1899837,1.2796868,0.0
2021-03-25,3.791,3.741,3.841,3.731,2073948,1.26785975,0.0
2021-03-26,3.751,3.731,3.761,3.681,2471984,1.26549434,0.0
2021-03-29,3.751,3.841,3.851,3.711,3479500,1.24933113,0.0
2021-03-30,3.841,3.861,3.861,3.811,1932974,1.25390744,0.0
2021-03-31,3.851,3.921,3.931,3.821,2424349,1.26763635,0.0
2021-04-01,3.891,3.881,3.921,3.851,1324762,1.25848374,0.0
2021-04-02,3.881,3.801,3.891,3.781,1847807,1.24017853,0.0
2021-04-06,3.801,3.801,3.811,3.751,1228942,1.24017853,0.0
2021-04-07,3.801,3.831,3.841,3.781,1756962,1.24704298,0.0
2021-04-08,3.841,3.821,3.851,3.791,1239714,1.24475483,0.0
2021-04-09,3.821,3.801,3.821,3.781,1311276,1.24017853,0.0
2021-04-12,3.801,3.861,3.881,3.771,2196348,1.25390744,0.0
2021-04-13,3.861,3.891,3.911,3.831,1739371,1.2607719,0.0
2021-04-14,3.891,3.831,3.901,3.811,1533739,1.24704298,0.0
2021-04-15,3.811,3.831,3.831,3.771,1572158,1.24704298,0.0
2021-04-16,3.811,3.811,3.841,3.791,1108743,1.24246668,0.0
2021-04-19,3.821,3.821,3.841,3.791,1757543,1.24475483,0.0
2021-04-20,3.811,3.771,3.821,3.761,1770717,1.23331407,0.0
2021-04-21,3.761,3.751,3.791,3.751,1353648,1.22873776,0.0
2021-04-22,3.761,3.711,3.771,3.691,2114983,1.21958515,0.0
2021-04-23,3.691,3.671,3.721,3.651,1648981,1.21043255,0.0
2021-04-26,3.691,3.651,3.701,3.641,1706931,1.20585624,0.0
2021-04-27,3.641,3.621,3.651,3.601,1491238,1.19899178,0.0
2021-04-28,3.621,3.581,3.631,3.561,1829764,1.18983918,0.0
2021-04-29,3.581,3.601,3.621,3.561,1889873,1.19441548,0.0
2021-04-30,3.591,3.511,3.601,3.461,3957487,6.96798376,0.0
2021-05-06,3.491,3.501,3.561,3.481,2160397,6.95440095,0.0
2021-05-07,3.501,3.601,3.611,3.491,2819970,7.09022909,0.0
2021-05-10,3.591,3.631,3.631,3.561,2074711,7.13097753,0.0
2021-05-11,3.621,3.611,3.631,3.591,1392521,7.1038119,0.0
2021-05-12,3.601,3.641,3.661,3.591,1500463,7.14456035,0.0
2021-05-13,3.631,3.621,3.661,3.591,1460696,7.11739472,0.0
2021-05-14,3.621,3.661,3.661,3.591,1550005,7.17172598,0.0
2021-05-17,3.641,3.651,3.671,3.621,1708820,7.15814316,0.0
2021-05-18,3.651,3.641,3.651,3.611,1016400,7.14456035,0.0
2021-05-19,3.631,3.591,3.641,3.581,1481872,7.07664628,0.0
2021-05-20,3.581,3.611,3.611,3.561,1282339,7.1038119,0.0
2021-05-21,3.591,3.551,3.601,3.541,1519668,7.02231502,0.0
2021-05-24,3.551,3.571,3.581,3.541,1065409,7.04948065,0.0
2021-05-25,3.571,3.641,3.641,3.541,2666746,7.14456035,0.0
2021-05-26,3.631,3.641,3.671,3.611,2056034,7.14456035,0.0
2021-05-27,3.641,3.641,3.661,3.611,1831176,7.14456035,0.0
2021-05-28,3.641,3.651,3.651,3.611,1700005,7.15814316,0.0
2021-05-31,3.631,3.591,3.641,3.571,2919608,7.07664628,0.0
2021-06-01,3.591,3.561,3.591,3.551,2245141,7.03589783,0.0
2021-06-02,3.561,3.571,3.591,3.521,2577452,7.04948065,0.0
2021-06-03,3.571,3.531,3.581,3.531,1937089,6.99514939,0.0
2021-06-04,3.541,3.551,3.581,3.531,2397084,7.02231502,0.0
2021-06-07,3.561,3.551,3.561,3.541,1476962,7.02231502,0.0
2021-06-08,3.551,3.581,3.581,3.541,1963000,7.06306346,0.0
2021-06-09,3.571,3.571,3.601,3.561,2061471,7.04948065,0.0
2021-06-10,3.571,3.581,3.601,3.561,2052732,7.06306346,0.0
2021-06-11,3.581,3.571,3.581,3.551,1735733,7.04948065,0.0
2021-06-15,3.561,3.541,3.571,3.531,1812074,7.0087322,0.0
2021-06-16,3.541,3.551,3.571,3.531,1486551,7.02231502,0.0
2021-06-17,3.551,3.561,3.581,3.531,1958783,7.03589783,0.0
2021-06-18,3.551,3.561,3.561,3.541,1532489,7.03589783,0.0
2021-06-21,3.551,3.531,3.561,3.531,1996643,6.99514939,0.0
2021-06-22,3.541,3.541,3.561,3.531,1789341,7.0087322,0.0
2021-06-23,3.541,3.521,3.551,3.521,2522194,6.98156657,0.0
2021-06-24,3.521,3.581,3.581,3.521,2465297,7.06306346,0.0
2021-06-25,3.571,3.611,3.631,3.561,2460595,7.1038119,0.0
2021-06-28,3.611,3.561,3.611,3.541,2576345,7.03589783,0.0
2021-06-29,3.561,3.551,3.581,3.541,2226935,7.02231502,0.0
2021-06-30,3.561,3.551,3.561,3.541,1549343,7.02231502,0.0
2021-07-01,3.551,3.641,3.641,3.541,2770137,7.14456035,0.0
2021-07-02,3.591,3.631,3.651,3.571,3551893,7.13097753,0.0
2021-07-05,3.611,3.581,3.621,3.561,2761719,7.06306346,0.0
2021-07-06,3.607,3.597,3.607,3.577,2657630,6.7234931,0.266
2021-07-07,3.597,3.587,3.607,3.567,1776708,6.70991029,0.0
2021-07-08,3.587,3.537,3.597,3.527,2883648,6.64199622,0.0
2021-07-09,3.537,3.497,3.557,3.477,2737420,6.58766496,0.0
2021-07-12,3.517,3.417,3.527,3.397,5056774,6.47900244,0.0
2021-07-13,3.417,3.397,3.427,3.387,2932780,6.45183682,0.0
2021-07-14,3.397,3.357,3.397,3.327,3020829,6.39750556,0.0
2021-07-15,3.357,3.397,3.417,3.337,2775909,6.45183682,0.0
2021-07-16,3.397,3.387,3.397,3.357,1704074,6.438254,0.0
2021-07-19,3.377,3.377,3.387,3.347,1683758,6.42467119,0.0
2021-07-20,3.357,3.357,3.367,3.347,1025529,6.39750556,0.0
2021-07-21,3.367,3.337,3.377,3.337,1646259,6.37033993,0.0
2021-07-22,3.347,3.357,3.367,3.337,1476370,6.39750556,0.0
2021-07-23,3.357,3.347,3.367,3.337,1390746,6.38392274,0.0
2021-07-26,3.337,3.317,3.347,3.297,2245916,6.3431743,0.0
2021-07-27,3.307,3.267,3.317,3.257,2088992,6.27526023,0.0
2021-07-28,3.257,3.317,3.327,3.247,2479934,6.3431743,0.0
2021-07-29,3.317,3.267,3.317,3.257,1716806,6.27526023,0.0
2021-07-30,3.267,3.237,3.267,3.217,1847472,6.23451179,0.0
2021-08-02,3.227,3.247,3.257,3.177,2143223,6.2480946,0.0
2021-08-03,3.237,3.227,3.237,3.197,1352458,6.22092897,0.0
2021-08-04,3.227,3.197,3.227,3.187,1483019,6.18018053,0.0
2021-08-05,3.197,3.187,3.217,3.177,1097472,6.16659771,0.0
2021-08-06,3.197,3.177,3.197,3.157,1587328,6.1530149,0.0
2021-08-09,3.167,3.197,3.217,3.157,1925601,6.18018053,0.0
2021-08-10,3.197,3.207,3.217,3.167,1773891,6.19376334,0.0
2021-08-11,3.217,3.297,3.307,3.217,3307272,6.31600867,0.0
2021-08-12,3.277,3.277,3.317,3.267,1182781,6.28884304,0.0
2021-08-13,3.277,3.257,3.287,3.247,935428,6.26167741,0.0
2021-08-16,3.257,3.267,3.287,3.247,1161093,6.27526023,0.0
2021-08-17,3.257,3.267,3.287,3.247,1951383,6.27526023,0.0
2021-08-18,3.257,3.317,3.327,3.247,2598466,6.3431743,0.0
2021-08-19,3.307,3.287,3.317,3.267,1482787,6.30242586,0.0
2021-08-20,3.287,3.307,3.317,3.267,1903426,6.32959149,0.0
2021-08-23,3.287,3.277,3.317,3.277,1177077,6.28884304,0.0
2021-08-24,3.277,3.277,3.297,3.277,954531,6.28884304,0.0
2021-08-25,3.287,3.277,3.287,3.267,1003848,6.28884304,0.0
2021-08-26,3.267,3.267,3.277,3.247,1176893,6.27526023,0.0
2021-08-27,3.257,3.287,3.287,3.247,1161297,6.30242586,0.0
2021-08-30,3.277,3.227,3.287,3.207,2034266,26.57280206,0.0
2021-08-31,3.237,3.267,3.267,3.217,1917115,26.80487893,0.0
2021-09-01,3.257,3.327,3.337,3.247,2681034,27.15299424,0.0
2021-09-02,3.327,3.337,3.337,3.307,1467904,27.21101346,0.0
2021-09-03,3.337,3.377,3.397,3.307,2025437,27.44309033,0.0
2021-09-06,3.347,3.377,3.397,3.347,1605365,27.44309033,0.0
2021-09-07,3.377,3.397,3.417,3.347,1948513,27.55912877,0.0
2021-09-08,3.387,3.417,3.427,3.377,1747800,27.67516721,0.0
2021-09-09,3.407,3.397,3.417,3.367,1553117,27.55912877,0.0
2021-09-10,3.397,3.437,3.477,3.387,2503593,27.79120564,0.0
2021-09-13,3.427,3.417,3.427,3.397,1688549,27.67516721,0.0
2021-09-14,3.407,3.357,3.427,3.347,1854203,27.3270519,0.0
2021-09-15,3.347,3.327,3.367,3.307,1751216,27.15299424,0.0
2021-09-16,3.327,3.327,3.357,3.317,1678220,27.15299424,0.0
2021-09-17,3.327,3.347,3.357,3.327,1102572,27.26903268,0.0
2021-09-22,3.297,3.277,3.307,3.267,2176460,26.86289815,0.0
2021-09-23,3.297,3.307,3.327,3.277,1325157,27.0369558,0.0
2021-09-24,3.287,3.287,3.317,3.277,1098914,26.92091737,0.0
2021-09-27,3.277,3.277,3.297,3.247,1644684,26.86289815,0.0
2021-09-28,3.267,3.307,3.327,3.257,1633795,27.0369558,0.0
2021-09-29,3.297,3.327,3.347,3.267,2438137,27.15299424,0.0
2021-09-30,3.327,3.307,3.327,3.277,1504132,27.0369558,0.0
2021-10-08,3.307,3.357,3.377,3.297,1859946,27.3270519,0.0
2021-10-11,3.367,3.387,3.417,3.357,1818625,27.50110955,0.0
2021-10-12,3.387,3.397,3.407,3.357,1449306,27.55912877,0.0
2021-10-13,3.387,3.367,3.397,3.357,1123057,27.38507111,0.0
2021-10-14,3.367,3.357,3.377,3.357,719637,27.3270519,0.0
2021-10-15,3.367,3.397,3.397,3.357,1255589,27.55912877,0.0
2021-10-18,3.397,3.377,3.417,3.357,1173696,27.44309033,0.0
2021-10-19,3.367,3.367,3.387,3.357,1058826,27.38507111,0.0
2021-10-20,3.377,3.347,3.377,3.327,1074596,27.26903268,0.0
2021-10-21,3.347,3.387,3.387,3.337,1351316,27.50110955,0.0
2021-10-22,3.387,3.377,3.407,3.357,931086,27.44309033,0.0
2021-10-25,3.357,3.367,3.377,3.337,1033424,27.38507111,0.0
2021-10-26,3.367,3.347,3.387,3.337,1187350,27.26903268,0.0
2021-10-27,3.347,3.347,3.357,3.297,1257712,27.26903268,0.0
2021-10-28,3.327,3.317,3.347,3.317,783008,27.09497502,0.0
2021-10-29,3.317,3.317,3.337,3.307,1149808,27.09497502,0.0
2021-11-01,3.327,3.377,3.377,3.317,1876235,3.34734166,0.0
2021-11-02,3.377,3.297,3.377,3.287,2115693,3.290727,0.0
2021-11-03,3.317,3.287,3.317,3.277,1460298,3.28365017,0.0
2021-11-04,3.287,3.297,3.297,3.277,1001581,3.290727,0.0
2021-11-05,3.287,3.307,3.317,3.277,1113017,3.29780383,0.0
2021-11-08,3.297,3.277,3.307,3.277,1473507,3.27657334,0.0
2021-11-09,3.287,3.287,3.297,3.277,866896,3.28365017,0.0
2021-11-10,3.287,3.267,3.287,3.257,1250475,3.2694965,0.0
2021-11-11,3.267,3.307,3.307,3.257,1131059,3.29780383,0.0
2021-11-12,3.307,3.297,3.307,3.277,1016838,3.290727,0.0
2021-11-15,3.297,3.317,3.327,3.287,900470,3.30488067,0.0
2021-11-16,3.307,3.297,3.327,3.287,962815,3.290727,0.0
2021-11-17,3.287,3.297,3.307,3.287,912333,3.290727,0.0
2021-11-18,3.287,3.287,3.297,3.277,764674,3.28365017,0.0
2021-11-19,3.287,3.307,3.317,3.277,1005573,3.29780383,0.0
2021-11-22,3.297,3.277,3.307,3.277,1205829,3.27657334,0.0
2021-11-23,3.277,3.277,3.297,3.267,878260,3.27657334,0.0
2021-11-24,3.277,3.287,3.287,3.267,699612,3.28365017,0.0
2021-11-25,3.287,3.277,3.287,3.277,596924,3.27657334,0.0
2021-11-26,3.277,3.257,3.287,3.257,978877,3.26241967,0.0
2021-11-29,3.247,3.227,3.257,3.207,1822576,3.24118918,0.0
2021-11-30,3.227,3.227,3.237,3.217,1076842,3.24118918,0.0
2021-12-01,3.227,3.247,3.247,3.217,1113051,3.25534284,0.0
2021-12-02,3.247,3.257,3.267,3.227,1784682,3.26241967,0.0
2021-12-03,3.247,3.257,3.257,3.227,1127866,3.26241967,0.0
2021-12-06,3.257,3.277,3.287,3.247,1795707,3.27657334,0.0
2021-12-07,3.287,3.307,3.317,3.267,2057105,3.29780383,0.0
2021-12-08,3.307,3.287,3.307,3.277,1377157,3.28365017,0.0
2021-12-09,3.297,3.307,3.327,3.277,1956555,3.29780383,0.0
2021-12-10,3.297,3.307,3.307,3.267,2154203,3.29780383,0.0
2021-12-13,3.287,3.277,3.307,3.277,1346737,3.27657334,0.0
2021-12-14,3.277,3.267,3.287,3.257,1276969,3.2694965,0.0
2021-12-15,3.257,3.257,3.267,3.247,1041597,3.26241967,0.0
2021-12-16,3.257,3.267,3.277,3.237,1457255,3.2694965,0.0
2021-12-17,3.257,3.257,3.267,3.247,1247899,3.26241967,0.0
2021-12-20,3.247,3.257,3.277,3.247,1486146,3.26241967,0.0
2021-12-21,3.257,3.297,3.307,3.247,2029724,3.290727,0.0
2021-12-22,3.297,3.287,3.307,3.277,1411400,3.28365017,0.0
2021-12-23,3.287,3.297,3.297,3.277,980910,3.290727,0.0
2021-12-24,3.297,3.297,3.317,3.287,1279088,3.290727,0.0
2021-12-27,3.287,3.307,3.307,3.287,905033,3.29780383,0.0
2021-12-28,3.307,3.327,3.327,3.297,2005505,3.3119575,0.0
2021-12-29,3.307,3.307,3.317,3.287,976647,3.29780383,0.0
2021-12-30,3.297,3.287,3.307,3.277,1412751,3.28365017,0.0
2021-12-31,3.277,3.277,3.297,3.277,959022,3.27657334,0.0
2022-01-04,3.287,3.317,3.317,3.277,1688756,3.30488067,0.0
2022-01-05,3.307,3.357,3.367,3.297,2839546,3.333188,0.0
2022-01-06,3.347,3.347,3.377,3.327,1903144,3.32611116,0.0
2022-01-07,3.337,3.387,3.397,3.327,1939650,3.35441849,0.0
2022-01-10,3.387,3.397,3.407,3.367,1583293,3.36149532,0.0
2022-01-11,3.377,3.397,3.417,3.377,1670263,3.36149532,0.0
2022-01-12,3.397,3.367,3.397,3.347,1857315,3.34026483,0.0
2022-01-13,3.357,3.377,3.427,3.357,1793135,3.34734166,0.0
2022-01-14,3.387,3.327,3.387,3.317,2251970,3.3119575,0.0
2022-01-17,3.317,3.297,3.347,3.287,1787227,3.290727,0.0
2022-01-18,3.297,3.337,3.347,3.277,2169500,3.31903433,0.0
2022-01-19,3.317,3.347,3.357,3.307,1729132,3.32611116,0.0
2022-01-20,3.347,3.397,3.407,3.337,3131274,3.36149532,0.0
2022-01-21,3.377,3.347,3.387,3.337,1735281,3.32611116,0.0
2022-01-24,3.347,3.347,3.367,3.327,1418871,3.32611116,0.0
2022-01-25,3.337,3.317,3.347,3.317,1703837,3.30488067,0.0
2022-01-26,3.307,3.337,3.347,3.307,1189948,3.31903433,0.0
2022-01-27,3.327,3.327,3.357,3.307,1436955,3.3119575,0.0
2022-01-28,3.327,3.307,3.377,3.307,2210439,3.29780383,0.0
2022-02-07,3.337,3.387,3.397,3.317,2575289,3.35441849,0.0
2022-02-08,3.387,3.497,3.517,3.377,4919720,3.43226365,0.0
2022-02-09,3.497,3.487,3.547,3.457,3522095,3.42518681,0.0
2022-02-10,3.497,3.507,3.517,3.447,2527510,3.43934048,0.0
2022-02-11,3.487,3.517,3.537,3.477,2168130,3.44641731,0.0
2022-02-14,3.497,3.447,3.507,3.417,2639674,3.39687949,0.0
2022-02-15,3.437,3.407,3.467,3.397,1957491,3.36857216,0.0
2022-02-16,3.417,3.427,3.457,3.397,1554567,3.38272582,0.0
2022-02-17,3.427,3.427,3.457,3.417,1275751,3.38272582,0.0
2022-02-18,3.417,3.457,3.467,3.407,1598895,3.40395632,0.0
2022-02-21,3.447,3.467,3.467,3.417,1594034,3.41103315,0.0
2022-02-22,3.447,3.427,3.457,3.407,1708438,3.38272582,0.0
2022-02-23,3.427,3.417,3.427,3.387,2358016,3.37564899,0.0
2022-02-24,3.397,3.347,3.417,3.337,2566266,3.32611116,0.0
2022-02-25,3.347,3.317,3.367,3.307,2506018,3.30488067,0.0
2022-02-28,3.317,3.307,3.327,3.287,1949270,3.29780383,0.0
2022-03-01,3.317,3.327,3.347,3.297,1942546,3.3119575,0.0
2022-03-02,3.317,3.347,3.357,3.307,1520514,3.32611116,0.0
2022-03-03,3.337,3.387,3.407,3.337,2273312,3.35441849,0.0
2022-03-04,3.377,3.367,3.377,3.317,1624988,3.34026483,0.0
2022-03-07,3.347,3.297,3.377,3.277,3529410,3.290727,0.0
2022-03-08,3.297,3.267,3.307,3.247,2811336,3.2694965,0.0
2022-03-09,3.257,3.207,3.287,3.147,4620585,3.22703551,0.0
2022-03-10,3.237,3.207,3.257,3.197,2306744,3.22703551,0.0
2022-03-11,3.197,3.257,3.257,3.167,2707875,3.26241967,0.0
2022-03-14,3.227,3.237,3.287,3.207,2290873,3.24826601,0.0
2022-03-15,3.217,3.187,3.247,3.157,5130133,3.21288185,0.0
2022-03-16,3.187,3.197,3.217,3.117,4212432,3.21995868,0.0
2022-03-17,3.217,3.167,3.217,3.157,3098210,3.19872818,0.0
2022-03-18,3.167,3.197,3.247,3.157,3627797,3.21995868,0.0
2022-03-21,3.207,3.187,3.217,3.177,2069418,3.21288185,0.0
2022-03-22,3.187,3.237,3.247,3.177,2193055,3.24826601,0.0
2022-03-23,3.227,3.217,3.237,3.197,2068590,3.23411234,0.0
2022-03-24,3.197,3.227,3.247,3.187,1505591,3.24118918,0.0
2022-03-25,3.227,3.267,3.287,3.227,2277815,3.2694965,0.0
2022-03-28,3.267,3.337,3.347,3.247,2870476,3.31903433,0.0
2022-03-29,3.337,3.367,3.377,3.317,1939581,3.34026483,0.0
2022-03-30,3.367,3.357,3.377,3.307,2330530,3.333188,0.0
2022-03-31,3.347,3.417,3.427,3.327,2876909,4.71084135,0.0
2022-04-01,3.397,3.437,3.457,3.387,2648250,4.7305933,0.0
2022-04-06,3.427,3.477,3.497,3.417,3493007,4.77009721,0.0
2022-04-07,3.467,3.467,3.497,3.427,3045433,4.76022123,0.0
2022-04-08,3.467,3.457,3.477,3.417,2501733,4.75034526,0.0
2022-04-11,3.447,3.427,3.467,3.407,2726415,4.72071732,0.0
2022-04-12,3.427,3.427,3.457,3.377,2761168,4.72071732,0.0
2022-04-13,3.427,3.437,3.467,3.417,1971224,4.7305933,0.0
2022-04-14,3.447,3.417,3.457,3.407,1484145,4.71084135,0.0
2022-04-15,3.407,3.407,3.447,3.407,1934878,4.70096537,0.0
2022-04-18,3.397,3.367,3.427,3.357,1829658,4.66146146,0.0
2022-04-19,3.367,3.377,3.387,3.337,1582094,4.67133743,0.0
2022-04-20,3.367,3.387,3.407,3.357,1453319,4.68121341,0.0
2022-04-21,3.387,3.427,3.457,3.377,3297911,4.72071732,0.0
2022-04-22,3.407,3.487,3.497,3.407,3904378,4.77997319,0.0
2022-04-25,3.467,3.397,3.507,3.397,4717826,4.69108939,0.0
2022-04-26,3.397,3.457,3.477,3.377,3636709,4.75034526,0.0
2022-04-27,3.447,3.357,3.477,3.327,3835452,4.65158548,0.0
2022-04-28,3.357,3.417,3.417,3.347,2959971,4.71084135,0.0
2022-04-29,3.407,3.427,3.447,3.367,2639417,4.72071732,0.0
2022-05-05,3.427,3.397,3.447,3.367,2402048,1.77189975,0.0
2022-05-06,3.387,3.387,3.417,3.357,1690447,1.76816943,0.0
2022-05-09,3.377,3.407,3.417,3.357,1613516,1.77563006,0.0
2022-05-10,3.397,3.377,3.417,3.367,1942057,1.76443912,0.0
2022-05-11,3.377,3.307,3.387,3.307,3534061,1.73832691,0.0
2022-05-12,3.307,3.297,3.317,3.287,1446944,1.7345966,0.0
2022-05-13,3.307,3.347,3.347,3.297,1754112,1.75324817,0.0
2022-05-16,3.347,3.327,3.347,3.297,1668263,1.74578754,0.0
2022-05-17,3.337,3.307,3.337,3.297,2168890,1.73832691,0.0
2022-05-18,3.307,3.267,3.317,3.257,2260084,1.72340565,0.0
2022-05-19,3.257,3.257,3.267,3.237,1691556,1.71967534,0.0
2022-05-20,3.267,3.277,3.277,3.237,2406916,1.72713597,0.0
2022-05-23,3.267,3.267,3.287,3.267,1732244,1.72340565,0.0
2022-05-24,3.277,3.317,3.327,3.267,2437749,1.74205723,0.0
2022-05-25,3.317,3.307,3.327,3.297,1523157,1.73832691,0.0
2022-05-26,3.307,3.297,3.317,3.277,1917671,1.7345966,0.0
2022-05-27,3.307,3.317,3.317,3.287,1249998,1.74205723,0.0
2022-05-30,3.317,3.297,3.337,3.287,1588274,1.7345966,0.0
2022-05-31,3.287,3.307,3.327,3.277,2513657,1.73832691,0.0
2022-06-01,3.297,3.297,3.317,3.277,1400677,1.7345966,0.0
2022-06-02,3.287,3.277,3.297,3.267,1521638,1.72713597,0.0
2022-06-06,3.277,3.247,3.287,3.227,2954334,1.71594502,0.0
2022-06-07,3.247,3.257,3.277,3.237,1873120,1.71967534,0.0
2022-06-08,3.267,3.287,3.287,3.257,1736302,1.73086628,0.0
2022-06-09,3.277,3.307,3.317,3.267,2193620,1.73832691,0.0
2022-06-10,3.307,3.337,3.337,3.297,2647090,1.74951786,0.0
2022-06-13,3.327,3.317,3.337,3.277,2282411,1.74205723,0.0
2022-06-14,3.307,3.367,3.377,3.297,2271489,1.7607088,0.0
2022-06-15,3.367,3.377,3.417,3.347,2981359,1.76443912,0.0
2022-06-16,3.377,3.347,3.387,3.337,2101488,1.75324817,0.0
2022-06-17,3.347,3.397,3.397,3.337,1810638,1.77189975,0.0
2022-06-20,3.397,3.347,3.397,3.347,1864115,1.75324817,0.0
2022-06-21,3.357,3.407,3.417,3.347,2094054,1.77563006,0.0
2022-06-22,3.397,3.397,3.437,3.387,1567201,1.77189975,0.0
2022-06-23,3.407,3.417,3.427,3.397,1754362,1.77936038,0.0
2022-06-24,3.407,3.387,3.427,3.367,1838539,1.76816943,0.0
2022-06-27,3.387,3.357,3.397,3.347,2315191,1.75697849,0.0
2022-06-28,3.357,3.377,3.387,3.337,1707371,1.76443912,0.0
2022-06-29,3.377,3.417,3.417,3.367,2155491,1.77936038,0.0
2022-06-30,3.407,3.417,3.427,3.387,1783255,1.77936038,0.0
2022-07-01,3.417,3.417,3.427,3.387,1349358,1.77936038,0.0
2022-07-04,3.417,3.417,3.437,3.397,1306121,1.77936038,0.0
2022-07-05,3.427,3.447,3.457,3.417,2036720,1.79055133,0.0
2022-07-06,3.447,3.427,3.457,3.407,1768551,1.78309069,0.0
2022-07-07,3.427,3.407,3.437,3.407,1616039,1.77563006,0.0
2022-07-08,3.417,3.417,3.427,3.387,1620289,1.77936038,0.0
2022-07-11,3.417,3.437,3.447,3.397,3319089,1.78682101,0.0
2022-07-12,3.461,3.451,3.471,3.441,3134478,1.68237218,0.2933
2022-07-13,3.451,3.361,3.451,3.351,3393612,1.64879935,0.0
2022-07-14,3.361,3.311,3.361,3.261,3430233,1.63014777,0.0
2022-07-15,3.301,3.271,3.321,3.271,2188863,1.61522651,0.0
2022-07-18,3.281,3.311,3.311,3.281,1770540,1.63014777,0.0
2022-07-19,3.301,3.331,3.351,3.291,1747359,1.6376084,0.0
2022-07-20,3.341,3.381,3.391,3.331,1629580,1.65625998,0.0
2022-07-21,3.391,3.331,3.391,3.331,1486550,1.6376084,0.0
2022-07-22,3.331,3.351,3.371,3.331,1438737,1.64506903,0.0
2022-07-25,3.351,3.381,3.381,3.341,1315204,1.65625998,0.0
2022-07-26,3.381,3.361,3.391,3.361,1382246,1.64879935,0.0
2022-07-27,3.361,3.331,3.371,3.331,1259741,1.6376084,0.0
2022-07-28,3.331,3.331,3.361,3.331,1198584,1.6376084,0.0
2022-07-29,3.341,3.321,3.361,3.311,1433018,1.63387808,0.0
2022-08-01,3.311,3.311,3.341,3.301,1336474,1.63014777,0.0
2022-08-02,3.301,3.291,3.311,3.271,1803067,1.62268714,0.0
2022-08-03,3.281,3.261,3.301,3.261,1415815,1.61149619,0.0
2022-08-04,3.281,3.311,3.321,3.261,1858632,1.63014777,0.0
2022-08-05,3.321,3.331,3.341,3.301,1226915,1.6376084,0.0
2022-08-08,3.331,3.291,3.331,3.281,1294709,1.62268714,0.0
2022-08-09,3.291,3.281,3.311,3.281,820212,1.61895682,0.0
2022-08-10,3.281,3.271,3.291,3.261,907585,1.61522651,0.0
2022-08-11,3.281,3.301,3.311,3.271,1526533,1.62641745,0.0
2022-08-12,3.301,3.301,3.311,3.281,1126271,1.62641745,0.0
2022-08-15,3.291,3.281,3.301,3.271,1193889,1.61895682,0.0
2022-08-16,3.281,3.271,3.291,3.271,1292595,1.61522651,0.0
2022-08-17,3.281,3.281,3.291,3.261,1737078,1.61895682,0.0
2022-08-18,3.281,3.261,3.281,3.261,1079771,1.61149619,0.0
2022-08-19,3.271,3.271,3.291,3.261,1065557,1.61522651,0.0
2022-08-22,3.271,3.271,3.291,3.261,1022983,1.61522651,0.0
2022-08-23,3.271,3.261,3.281,3.261,1062128,1.61149619,0.0
2022-08-24,3.271,3.261,3.281,3.261,1102185,1.61149619,0.0
2022-08-25,3.271,3.281,3.281,3.261,1164669,1.61895682,0.0
2022-08-26,3.281,3.291,3.291,3.271,981046,1.62268714,0.0
2022-08-29,3.281,3.271,3.291,3.261,1029064,1.61522651,0.0
2022-08-30,3.281,3.301,3.301,3.271,1340225,1.62641745,0.0
2022-08-31,3.291,3.321,3.321,3.281,2592392,1.12004986,0.0
2022-09-01,3.301,3.301,3.311,3.291,1056918,1.11493547,0.0
2022-09-02,3.291,3.291,3.311,3.281,1297847,1.11237828,0.0
2022-09-05,3.291,3.301,3.301,3.271,1259091,1.11493547,0.0
2022-09-06,3.301,3.301,3.321,3.281,1845802,1.11493547,0.0
2022-09-07,3.301,3.291,3.301,3.281,1189129,1.11237828,0.0
2022-09-08,3.301,3.291,3.301,3.281,1086742,1.11237828,0.0
2022-09-09,3.301,3.301,3.321,3.291,1627950,1.11493547,0.0
2022-09-13,3.311,3.321,3.331,3.301,2076229,1.12004986,0.0
2022-09-14,3.301,3.301,3.321,3.301,1195215,1.11493547,0.0
2022-09-15,3.311,3.331,3.341,3.301,2994070,1.12260705,0.0
2022-09-16,3.331,3.301,3.341,3.301,2427171,1.11493547,0.0
2022-09-19,3.311,3.321,3.331,3.301,2167207,1.12004986,0.0
2022-09-20,3.331,3.311,3.331,3.301,1485249,1.11749266,0.0
2022-09-21,3.311,3.311,3.331,3.291,1578483,1.11749266,0.0
2022-09-22,3.301,3.331,3.341,3.291,2857305,1.12260705,0.0
2022-09-23,3.321,3.341,3.351,3.311,2812242,1.12516424,0.0
2022-09-26,3.331,3.291,3.341,3.291,2626983,1.11237828,0.0
2022-09-27,3.291,3.281,3.301,3.271,1900358,1.10982109,0.0
2022-09-28,3.281,3.291,3.301,3.271,1805773,1.11237828,0.0
2022-09-29,3.301,3.271,3.301,3.271,1758825,1.1072639,0.0
2022-09-30,3.281,3.291,3.301,3.271,1578628,1.11237828,0.0
2022-10-10,3.291,3.301,3.321,3.271,3177782,1.11493547,0.0
2022-10-11,3.301,3.311,3.321,3.281,2071206,1.11749266,0.0
2022-10-12,3.311,3.341,3.341,3.301,2592392,1.12516424,0.0
2022-10-13,3.331,3.291,3.331,3.281,2700348,1.11237828,0.0
2022-10-14,3.291,3.281,3.301,3.271,2629693,1.10982109,0.0
2022-10-17,3.281,3.291,3.321,3.271,2562545,1.11237828,0.0
2022-10-18,3.301,3.291,3.301,3.281,1533382,1.11237828,0.0
2022-10-19,3.281,3.281,3.301,3.281,1679226,1.10982109,0.0
2022-10-20,3.291,3.291,3.301,3.281,1712898,1.11237828,0.0
2022-10-21,3.291,3.291,3.301,3.281,1846240,1.11237828,0.0
2022-10-24,3.291,3.301,3.301,3.271,3982764,1.11493547,0.0
2022-10-25,3.291,3.281,3.301,3.281,2059834,1.10982109,0.0
2022-10-26,3.281,3.221,3.291,3.221,4305151,1.09447794,0.0
2022-10-27,3.221,3.191,3.231,3.181,2614570,1.08680637,0.0
2022-10-28,3.201,3.191,3.211,3.181,2322386,1.08680637,0.0
2022-10-31,3.191,3.091,3.201,3.081,3136809,1.19572053,0.0
2022-11-01,3.091,3.021,3.101,2.951,6428448,1.17555175,0.0
2022-11-02,2.991,3.011,3.011,2.951,3450627,1.17267049,0.0
2022-11-03,2.991,3.001,3.001,2.981,1564672,1.16978924,0.0
2022-11-04,2.991,3.031,3.061,2.991,3380993,1.178433,0.0
2022-11-07,3.031,3.021,3.031,3.001,2420763,1.17555175,0.0
2022-11-08,3.021,3.031,3.031,3.011,1266710,1.178433,0.0
2022-11-09,3.031,3.041,3.051,3.021,1368753,1.18131426,0.0
2022-11-10,3.031,3.051,3.051,3.021,1423975,1.18419551,0.0
2022-11-11,3.061,3.091,3.101,3.051,2768353,1.19572053,0.0
2022-11-14,3.101,3.091,3.131,3.091,2708151,1.19572053,0.0
2022-11-15,3.101,3.111,3.121,3.091,1564140,1.20148304,0.0
2022-11-16,3.111,3.101,3.121,3.101,1132770,1.19860178,0.0
2022-11-17,3.101,3.111,3.111,3.081,1681717,1.20148304,0.0
2022-11-18,3.111,3.111,3.131,3.101,1785481,1.20148304,0.0
2022-11-21,3.111,3.121,3.131,3.091,1805232,1.20436429,0.0
2022-11-22,3.121,3.171,3.191,3.111,2702553,1.21877056,0.0
2022-11-23,3.171,3.201,3.231,3.161,3210907,1.22741433,0.0
2022-11-24,3.211,3.191,3.221,3.181,1413654,1.22453307,0.0
2022-11-25,3.191,3.261,3.271,3.191,3698254,1.24470185,0.0
2022-11-28,3.231,3.181,3.241,3.161,2927271,1.22165182,0.0
2022-11-29,3.191,3.261,3.281,3.181,4116956,1.24470185,0.0
2022-11-30,3.241,3.241,3.271,3.221,3121823,1.23893934,0.0
2022-12-01,3.261,3.191,3.271,3.181,3527084,1.22453307,0.0
2022-12-02,3.191,3.181,3.201,3.171,1998981,1.22165182,0.0
2022-12-05,3.201,3.241,3.261,3.191,3497317,1.23893934,0.0
2022-12-06,3.241,3.251,3.261,3.231,2597515,1.2418206,0.0
2022-12-07,3.251,3.231,3.261,3.221,2223358,1.23605809,0.0
2022-12-08,3.231,3.241,3.251,3.221,1966006,1.23893934,0.0
2022-12-09,3.241,3.241,3.261,3.231,2564904,1.23893934,0.0
2022-12-12,3.241,3.211,3.241,3.211,1967081,1.23029558,0.0
2022-12-13,3.221,3.241,3.251,3.211,1640736,1.23893934,0.0
2022-12-14,3.241,3.231,3.251,3.211,1975054,1.23605809,0.0
2022-12-15,3.221,3.201,3.231,3.191,1793039,1.22741433,0.0
2022-12-16,3.201,3.231,3.231,3.181,1982172,1.23605809,0.0
2022-12-19,3.221,3.201,3.251,3.191,1647837,1.22741433,0.0
2022-12-20,3.191,3.171,3.211,3.171,1769707,1.21877056,0.0
2022-12-21,3.171,3.191,3.201,3.171,1188930,1.22453307,0.0
2022-12-22,3.201,3.211,3.221,3.191,1296889,1.23029558,0.0
2022-12-23,3.211,3.191,3.211,3.191,904598,1.22453307,0.0
2022-12-26,3.201,3.201,3.221,3.181,1470701,1.22741433,0.0
2022-12-27,3.211,3.241,3.251,3.201,1849633,1.23893934,0.0
2022-12-28,3.241,3.261,3.271,3.231,1755916,1.24470185,0.0
2022-12-29,3.251,3.241,3.261,3.201,1885666,1.23893934,0.0
2022-12-30,3.251,3.281,3.291,3.241,2983387,1.25046436,0.0
2023-01-03,3.281,3.251,3.281,3.241,2428810,1.2418206,0.0
2023-01-04,3.261,3.301,3.301,3.251,2351477,1.25622687,0.0
2023-01-05,3.301,3.271,3.321,3.271,2017798,1.24758311,0.0
2023-01-06,3.271,3.281,3.291,3.251,1687138,1.25046436,0.0
2023-01-09,3.291,3.271,3.301,3.271,1666792,1.24758311,0.0
2023-01-10,3.281,3.241,3.281,3.241,1751259,1.23893934,0.0
2023-01-11,3.241,3.251,3.261,3.231,1349496,1.2418206,0.0
2023-01-12,3.251,3.241,3.261,3.231,1095531,1.23893934,0.0
2023-01-13,3.241,3.281,3.281,3.241,1310556,1.25046436,0.0
2023-01-16,3.281,3.281,3.301,3.271,2239501,1.25046436,0.0
2023-01-17,3.281,3.271,3.291,3.251,1348396,1.24758311,0.0
2023-01-18,3.271,3.281,3.291,3.271,1290402,1.25046436,0.0
2023-01-19,3.271,3.271,3.281,3.251,1311154,1.24758311,0.0
2023-01-20,3.271,3.271,3.281,3.261,1423234,1.24758311,0.0
2023-01-30,3.281,3.261,3.291,3.251,2451084,1.24470185,0.0
2023-01-31,3.261,3.261,3.271,3.251,1687635,1.24470185,0.0
2023-02-01,3.261,3.251,3.271,3.241,1729253,1.2418206,0.0
2023-02-02,3.261,3.241,3.261,3.241,2020736,1.23893934,0.0
2023-02-03,3.241,3.241,3.251,3.231,1974191,1.23893934,0.0
2023-02-06,3.241,3.231,3.241,3.221,2162138,1.23605809,0.0
2023-02-07,3.231,3.231,3.251,3.221,1583521,1.23605809,0.0
2023-02-08,3.241,3.241,3.251,3.231,1294928,1.23893934,0.0
2023-02-09,3.231,3.241,3.251,3.231,1307659,1.23893934,0.0
2023-02-10,3.251,3.251,3.251,3.231,1202376,1.2418206,0.0
2023-02-13,3.241,3.231,3.251,3.231,1902540,1.23605809,0.0
2023-02-14,3.241,3.241,3.251,3.231,1064558,1.23893934,0.0
2023-02-15,3.241,3.231,3.251,3.221,2040446,1.23605809,0.0
2023-02-16,3.231,3.221,3.241,3.221,1894247,1.23317683,0.0
2023-02-17,3.221,3.221,3.241,3.221,1786395,1.23317683,0.0
2023-02-20,3.231,3.251,3.251,3.221,2339844,1.2418206,0.0
2023-02-21,3.241,3.261,3.261,3.241,1678930,1.24470185,0.0
2023-02-22,3.261,3.241,3.261,3.241,937520,1.23893934,0.0
2023-02-23,3.251,3.241,3.261,3.241,1215628,1.23893934,0.0
2023-02-24,3.251,3.231,3.251,3.231,1391183,1.23605809,0.0
2023-02-27,3.231,3.231,3.241,3.221,1201802,1.23605809,0.0
2023-02-28,3.231,3.241,3.241,3.221,1580501,1.23893934,0.0
2023-03-01,3.241,3.241,3.251,3.231,2575567,1.23893934,0.0
2023-03-02,3.241,3.261,3.261,3.231,2209294,1.24470185,0.0
2023-03-03,3.261,3.301,3.311,3.261,3222511,1.25622687,0.0
2023-03-06,3.311,3.291,3.321,3.281,3218612,1.25334561,0.0
2023-03-07,3.291,3.331,3.421,3.281,6770934,1.26487063,0.0
2023-03-08,3.311,3.341,3.351,3.291,2513977,1.26775189,0.0
2023-03-09,3.341,3.321,3.381,3.321,2410879,1.26198938,0.0
2023-03-10,3.301,3.281,3.321,3.281,2221254,1.25046436,0.0
2023-03-13,3.281,3.341,3.351,3.271,2491912,1.26775189,0.0
2023-03-14,3.331,3.351,3.381,3.321,2542645,1.27063314,0.0
2023-03-15,3.371,3.401,3.411,3.351,2896831,1.28503941,0.0
2023-03-16,3.391,3.461,3.511,3.381,5873947,1.30232694,0.0
2023-03-17,3.471,3.461,3.521,3.431,3428581,1.30232694,0.0
2023-03-20,3.461,3.451,3.541,3.441,3386446,1.29944568,0.0
2023-03-21,3.461,3.391,3.491,3.381,2735102,1.28215816,0.0
2023-03-22,3.401,3.461,3.461,3.391,2218088,1.30232694,0.0
2023-03-23,3.451,3.461,3.471,3.421,1898473,1.30232694,0.0
2023-03-24,3.451,3.421,3.451,3.411,1619529,1.29080192,0.0
2023-03-27,3.411,3.401,3.421,3.351,2126959,1.28503941,0.0
2023-03-28,3.411,3.431,3.441,3.381,1718591,1.29368317,0.0
2023-03-29,3.441,3.451,3.471,3.401,2153325,1.29944568,0.0
2023-03-30,3.451,3.461,3.491,3.421,1810266,1.30232694,0.0
2023-03-31,3.461,3.401,3.461,3.391,2345625,1.13164417,0.0
2023-04-03,3.401,3.391,3.411,3.381,2005186,1.12910685,0.0
2023-04-04,3.391,3.461,3.461,3.381,3061591,1.14686808,0.0
2023-04-06,3.451,3.471,3.481,3.431,1958216,1.1494054,0.0
2023-04-07,3.461,3.471,3.481,3.451,1247348,1.1494054,0.0
2023-04-10,3.471,3.491,3.501,3.441,2403449,1.15448004,0.0
2023-04-11,3.491,3.491,3.511,3.471,1852177,1.15448004,0.0
2023-04-12,3.501,3.551,3.581,3.491,3198518,1.16970395,0.0
2023-04-13,3.541,3.571,3.591,3.521,2187343,1.17477859,0.0
2023-04-14,3.591,3.571,3.591,3.551,1514961,1.17477859,0.0
2023-04-17,3.571,3.671,3.681,3.561,3556292,1.20015178,0.0
2023-04-18,3.671,3.711,3.751,3.661,3952574,1.21030105,0.0
2023-04-19,3.711,3.701,3.741,3.691,2699214,1.20776373,0.0
2023-04-20,3.701,3.681,3.731,3.621,3180013,1.2026891,0.0
2023-04-21,3.681,3.641,3.731,3.631,3158540,1.19253982,0.0
2023-04-24,3.641,3.661,3.691,3.621,3062068,1.19761446,0.0
2023-04-25,3.651,3.691,3.721,3.651,3915675,1.20522642,0.0
2023-04-26,3.681,3.691,3.721,3.591,4009611,1.20522642,0.0
2023-04-27,3.681,3.691,3.691,3.641,2657080,1.20522642,0.0
2023-04-28,3.681,3.661,3.721,3.641,2503244,1.19761446,0.0
2023-05-04,3.641,3.891,3.901,3.621,7289708,1.35390681,0.0
2023-05-05,3.881,3.931,4.041,3.881,6828810,1.36484747,0.0
2023-05-08,3.961,4.241,4.301,3.951,10488613,1.44963759,0.0
2023-05-09,4.311,4.211,4.411,4.161,9334986,1.4414321,0.0
2023-05-10,4.161,3.971,4.201,3.931,7516354,1.37578813,0.0
2023-05-11,3.971,3.941,4.051,3.931,4037363,1.36758263,0.0
2023-05-12,3.931,3.921,3.991,3.891,3651839,1.3621123,0.0
2023-05-15,3.931,3.981,4.001,3.791,5121251,1.37852329,0.0
2023-05-16,3.981,3.951,4.081,3.921,3238579,1.3703178,0.0
2023-05-17,3.931,3.931,3.981,3.871,2615396,1.36484747,0.0
2023-05-18,3.941,4.061,4.121,3.931,4402893,1.40040462,0.0
2023-05-19,4.051,3.981,4.081,3.981,3082250,1.37852329,0.0
2023-05-22,3.981,4.011,4.091,3.961,2578696,1.38672879,0.0
2023-05-23,4.001,3.871,4.051,3.851,4411800,1.34843648,0.0
2023-05-24,3.891,3.701,3.901,3.691,5227541,1.30193867,0.0
2023-05-25,3.671,3.681,3.711,3.641,3461347,1.29646834,0.0
2023-05-26,3.681,3.741,3.781,3.661,2346931,1.31287933,0.0
2023-05-29,3.751,3.791,3.821,3.741,2980559,1.32655515,0.0
2023-05-30,3.781,3.761,3.821,3.731,2689175,1.31834966,0.0
2023-05-31,3.751,3.771,3.811,3.721,2513542,1.32108482,0.0
2023-06-01,3.761,3.801,3.861,3.741,2708660,1.32929032,0.0
2023-06-02,3.801,3.821,3.841,3.781,1594868,1.33476065,0.0
2023-06-05,3.821,3.901,3.921,3.801,1961820,1.35664197,0.0
2023-06-06,3.901,3.901,3.991,3.881,2501765,1.35664197,0.0
2023-06-07,3.911,3.951,3.991,3.911,2192964,1.3703178,0.0
2023-06-08,3.951,4.031,4.041,3.921,2413817,1.39219912,0.0
2023-06-09,4.021,4.011,4.061,4.001,2114255,1.38672879,0.0
2023-06-12,4.021,3.911,4.031,3.891,2706656,1.35937714,0.0
2023-06-13,3.901,3.941,3.951,3.891,1622394,1.36758263,0.0
2023-06-14,3.931,3.811,3.961,3.801,3504577,1.33202548,0.0
2023-06-15,3.841,3.851,3.901,3.811,2252519,1.34296615,0.0
2023-06-16,3.851,3.821,3.861,3.821,2177238,1.33476065,0.0
2023-06-19,3.821,3.771,3.831,3.751,2294115,1.32108482,0.0
2023-06-20,3.771,3.771,3.811,3.741,1754803,1.32108482,0.0
2023-06-21,3.761,3.791,3.871,3.751,2736088,1.32655515,0.0
2023-06-26,3.791,3.711,3.801,3.691,2989838,1.30467383,0.0
2023-06-27,3.711,3.751,3.761,3.671,2129214,1.31561449,0.0
2023-06-28,3.741,3.761,3.781,3.721,1914026,1.31834966,0.0
2023-06-29,3.751,3.721,3.761,3.721,1768647,1.307409,0.0
2023-06-30,3.731,3.761,3.781,3.731,1789394,1.31834966,0.0
2023-07-03,3.781,3.821,3.831,3.741,2885172,1.33476065,0.0
2023-07-04,3.811,3.771,3.821,3.761,2236081,1.32108482,0.0
2023-07-05,3.771,3.761,3.791,3.731,1650508,1.31834966,0.0
2023-07-06,3.741,3.711,3.771,3.701,2402678,1.30467383,0.0
2023-07-07,3.701,3.701,3.751,3.691,2204643,1.30193867,0.0
2023-07-10,3.711,3.711,3.731,3.691,1259393,1.30467383,0.0
2023-07-11,3.731,3.771,3.781,3.721,1810361,1.32108482,0.0
2023-07-12,3.771,3.751,3.801,3.741,1862673,1.31561449,0.0
2023-07-13,3.761,3.811,3.831,3.761,2581133,1.33202548,0.0
2023-07-14,3.821,3.811,3.841,3.781,3056800,1.33202548,0.0
2023-07-17,3.844,3.814,3.854,3.794,2872926,1.24997053,0.3035
2023-07-18,3.814,3.784,3.824,3.764,2104103,1.24176503,0.0
2023-07-19,3.774,3.804,3.814,3.764,1451547,1.24723536,0.0
2023-07-20,3.814,3.824,3.844,3.804,1444105,1.25270569,0.0
2023-07-21,3.814,3.824,3.834,3.804,1303226,1.25270569,0.0
2023-07-24,3.814,3.814,3.834,3.784,1158906,1.24997053,0.0
2023-07-25,3.834,3.864,3.874,3.824,1924508,1.26364635,0.0
2023-07-26,3.864,3.874,3.884,3.844,1154338,1.26638152,0.0
2023-07-27,3.874,3.944,3.994,3.874,2404241,1.28552768,0.0
2023-07-28,3.924,4.034,4.044,3.914,2585045,1.31014416,0.0
2023-07-31,4.044,4.014,4.104,3.984,2822097,1.30467383,0.0
2023-08-01,4.014,4.024,4.044,3.994,1849948,1.307409,0.0
2023-08-02,3.994,3.914,4.004,3.894,3016436,1.27732218,0.0
2023-08-03,3.914,3.964,3.984,3.884,2110533,1.29099801,0.0
2023-08-04,3.984,3.984,4.024,3.944,2359551,1.29646834,0.0
2023-08-07,3.974,3.954,3.974,3.914,1899890,1.28826284,0.0
2023-08-08,3.944,3.924,3.954,3.914,1292975,1.28005734,0.0
2023-08-09,3.914,3.954,3.954,3.914,1275892,1.28826284,0.0
2023-08-10,3.944,3.934,3.954,3.914,1251263,1.28279251,0.0
2023-08-11,3.934,3.854,3.934,3.854,2065554,1.26091119,0.0
2023-08-14,3.834,3.804,3.834,3.784,2062904,1.24723536,0.0
2023-08-15,3.814,3.884,3.904,3.804,1901957,1.26911668,0.0
2023-08-16,3.864,3.884,3.894,3.844,1319587,1.26911668,0.0
2023-08-17,3.874,3.844,3.874,3.814,1777380,1.25817602,0.0
2023-08-18,3.834,3.854,3.914,3.824,2106844,1.26091119,0.0
2023-08-21,3.854,3.804,3.874,3.804,2008060,1.24723536,0.0
2023-08-22,3.814,3.864,3.884,3.794,2591201,1.26364635,0.0
2023-08-23,3.854,3.884,3.924,3.834,2519849,1.26911668,0.0
2023-08-24,3.894,3.834,3.904,3.834,2117788,1.25544086,0.0
2023-08-25,3.824,3.904,3.924,3.824,2670932,1.27458701,0.0
2023-08-28,4.044,3.974,4.044,3.924,4335474,1.29373317,0.0
2023-08-29,3.954,3.874,3.964,3.854,3805807,1.26638152,0.0
2023-08-30,3.874,3.834,3.874,3.814,3254211,1.25544086,0.0
2023-08-31,3.824,3.864,3.884,3.804,2894279,1.27492848,0.0
2023-09-01,3.834,3.814,3.854,3.794,2968284,1.26113055,0.0
2023-09-04,3.824,3.844,3.854,3.804,2511760,1.26940931,0.0
2023-09-05,3.834,3.834,3.844,3.824,1665329,1.26664973,0.0
2023-09-06,3.824,3.854,3.864,3.824,1565622,1.2721689,0.0
2023-09-07,3.854,3.864,3.884,3.844,2110285,1.27492848,0.0
2023-09-08,3.864,3.834,3.864,3.824,1228219,1.26664973,0.0
2023-09-11,3.834,3.834,3.854,3.824,1734104,1.26664973,0.0
2023-09-12,3.834,3.844,3.844,3.824,1260715,1.26940931,0.0
2023-09-13,3.844,3.864,3.874,3.834,2062879,1.27492848,0.0
2023-09-14,3.874,3.924,3.924,3.864,3511707,1.29148599,0.0
2023-09-15,3.924,3.874,3.944,3.874,2397324,1.27768807,0.0
2023-09-18,3.884,3.884,3.894,3.854,1661258,1.28044765,0.0
2023-09-19,3.884,3.924,3.924,3.874,2066133,1.29148599,0.0
2023-09-20,3.914,3.934,3.954,3.904,2844159,1.29424558,0.0
2023-09-21,3.934,3.934,3.984,3.924,2981619,1.29424558,0.0
2023-09-22,3.934,3.984,3.984,3.914,3099886,1.30804351,0.0
2023-09-25,3.984,3.974,4.004,3.964,2372227,1.30528392,0.0
2023-09-26,3.984,3.944,3.994,3.924,2148475,1.29700517,0.0
2023-09-27,3.944,3.894,3.954,3.894,2258029,1.28320724,0.0
2023-09-28,3.914,3.924,3.944,3.904,1569717,1.29148599,0.0
2023-10-09,3.894,3.914,3.944,3.874,2148066,1.28872641,0.0
2023-10-10,3.934,3.924,3.964,3.914,1860356,1.29148599,0.0
2023-10-11,3.934,3.964,3.974,3.934,2692050,1.30252434,0.0
2023-10-12,4.044,4.084,4.094,4.024,5677658,1.33563936,0.0
2023-10-13,4.054,4.134,4.184,4.044,4282273,1.34943729,0.0
2023-10-16,4.124,4.164,4.184,4.094,2823495,1.35771605,0.0
2023-10-17,4.154,4.164,4.174,4.134,1900439,1.35771605,0.0
2023-10-18,4.154,4.174,4.224,4.144,2757790,1.36047563,0.0
2023-10-19,4.154,4.074,4.164,4.054,3631634,1.33287978,0.0
2023-10-20,4.044,4.034,4.084,4.004,2747825,1.32184143,0.0
2023-10-23,4.024,4.064,4.094,4.014,2687135,1.33012019,0.0
2023-10-24,4.064,4.004,4.074,3.974,3355483,1.31356268,0.0
2023-10-25,4.014,3.954,4.034,3.954,3489260,1.29976475,0.0
2023-10-26,3.954,4.034,4.044,3.954,3065313,1.32184143,0.0
2023-10-27,4.044,4.014,4.074,3.994,2929633,1.31632226,0.0
2023-10-30,3.994,3.934,4.004,3.904,4686115,1.13615888,0.0
2023-10-31,3.934,3.974,3.984,3.914,2411116,1.14584893,0.0
2023-11-01,3.984,4.014,4.024,3.944,2166782,1.15553899,0.0
2023-11-02,4.024,4.024,4.064,4.014,2132217,1.1579615,0.0
2023-11-03,4.024,3.984,4.034,3.974,1995544,1.14827145,0.0
2023-11-06,3.984,3.954,4.004,3.944,3155536,1.14100391,0.0
2023-11-07,3.954,3.964,3.994,3.934,1762681,1.14342642,0.0
2023-11-08,3.954,3.954,3.984,3.934,2307978,1.14100391,0.0
2023-11-09,3.944,4.024,4.034,3.944,2774644,1.1579615,0.0
2023-11-10,4.014,4.024,4.064,3.984,2157019,1.1579615,0.0
2023-11-13,4.024,4.004,4.024,3.964,1784472,1.15311647,0.0
2023-11-14,3.994,4.034,4.034,3.974,2065393,1.16038401,0.0
2023-11-15,4.024,4.034,4.044,4.014,1510145,1.16038401,0.0
2023-11-16,4.024,4.044,4.064,4.014,1783049,1.16280653,0.0
2023-11-17,4.044,4.024,4.054,4.004,1733745,1.1579615,0.0
2023-11-20,4.024,4.054,4.064,4.014,1737244,1.16522904,0.0
2023-11-21,4.054,4.054,4.084,4.044,1855786,1.16522904,0.0
2023-11-22,4.044,4.044,4.074,4.034,1426233,1.16280653,0.0
2023-11-23,4.054,4.044,4.054,4.014,1713015,1.16280653,0.0
2023-11-24,4.044,4.044,4.064,4.034,1862324,1.16280653,0.0
2023-11-27,4.034,4.024,4.044,3.994,2183710,1.1579615,0.0
2023-11-28,4.024,4.034,4.044,4.014,1333511,1.16038401,0.0
2023-11-29,4.024,4.014,4.034,4.004,1608007,1.15553899,0.0
2023-11-30,4.014,4.054,4.054,4.004,2146403,1.16522904,0.0
2023-12-01,4.044,4.054,4.074,4.034,2500467,1.16522904,0.0
2023-12-04,4.054,4.044,4.074,4.044,1531861,1.16280653,0.0
2023-12-05,4.044,4.004,4.054,4.004,1981989,1.15311647,0.0
2023-12-06,4.004,3.944,4.004,3.944,2952965,1.13858139,0.0
2023-12-07,3.944,3.974,3.994,3.924,2347758,1.14584893,0.0
2023-12-08,3.984,3.974,4.014,3.964,1983784,1.14584893,0.0
2023-12-11,3.964,3.974,3.994,3.894,2796162,1.14584893,0.0
2023-12-12,3.964,4.034,4.044,3.944,2769037,1.16038401,0.0
2023-12-13,4.034,4.034,4.054,4.014,2490304,1.16038401,0.0
2023-12-14,4.034,4.014,4.054,4.004,1521738,1.15553899,0.0
2023-12-15,4.014,3.974,4.034,3.974,1953905,1.14584893,0.0
2023-12-18,3.974,4.014,4.044,3.954,2380762,1.15553899,0.0
2023-12-19,4.014,4.034,4.044,4.004,1753940,1.16038401,0.0
2023-12-20,4.044,4.034,4.074,4.014,2219820,1.16038401,0.0
2023-12-21,4.024,4.034,4.044,3.974,2465345,1.16038401,0.0
2023-12-22,4.034,4.024,4.044,4.004,2218556,1.1579615,0.0
2023-12-25,4.014,4.044,4.054,4.014,1094809,1.16280653,0.0
2023-12-26,4.044,4.064,4.064,4.034,1487372,1.16765156,0.0
2023-12-27,4.064,4.074,4.084,4.024,1843188,1.17007407,0.0
2023-12-28,4.074,4.014,4.094,4.014,3465162,1.15553899,0.0
2023-12-29,4.024,4.024,4.044,4.014,1800478,1.1579615,0.0
2024-01-02,4.024,4.034,4.074,4.014,2071811,1.16038401,0.0
2024-01-03,4.034,4.084,4.094,4.024,2488954,1.17249658,0.0
2024-01-04,4.084,4.134,4.144,4.074,2865676,1.18460915,0.0
2024-01-05,4.134,4.114,4.184,4.104,2860747,1.17976412,0.0
2024-01-08,4.114,4.124,4.154,4.094,3252257,1.18218664,0.0
2024-01-09,4.124,4.124,4.134,4.074,2257345,1.18218664,0.0
2024-01-10,4.114,4.094,4.154,4.074,2342435,1.1749191,0.0
2024-01-11,4.084,4.024,4.094,4.014,3306669,1.1579615,0.0
2024-01-12,4.014,4.054,4.074,4.004,2300665,1.16522904,0.0
2024-01-15,4.044,4.104,4.104,4.034,1810483,1.17734161,0.0
2024-01-16,4.084,4.134,4.144,4.084,2480399,1.18460915,0.0
2024-01-17,4.124,4.084,4.144,4.084,2766317,1.17249658,0.0
2024-01-18,4.074,4.094,4.124,3.964,5232773,1.1749191,0.0
2024-01-19,4.074,4.134,4.134,4.034,3867215,1.18460915,0.0
2024-01-22,4.114,4.134,4.184,4.104,4420635,1.18460915,0.0
2024-01-23,4.134,4.134,4.164,4.084,3107488,1.18460915,0.0
2024-01-24,4.144,4.214,4.224,4.124,3348475,1.20398926,0.0
2024-01-25,4.224,4.254,4.294,4.214,3437584,1.21367931,0.0
2024-01-26,4.254,4.334,4.354,4.234,3899368,1.23305942,0.0
2024-01-29,4.324,4.404,4.444,4.324,3844041,1.25001702,0.0
2024-01-30,4.384,4.374,4.424,4.334,2914817,1.24274948,0.0
2024-01-31,4.364,4.414,4.434,4.344,2963859,1.25243953,0.0
2024-02-01,4.394,4.384,4.444,4.374,2993715,1.24517199,0.0
2024-02-02,4.384,4.414,4.444,4.334,4075978,1.25243953,0.0
2024-02-05,4.414,4.534,4.544,4.404,6159388,1.28150969,0.0
2024-02-06,4.534,4.564,4.624,4.514,5649137,1.28877724,0.0
2024-02-07,4.554,4.474,4.554,4.324,7753355,1.26697461,0.0
2024-02-08,4.404,4.404,4.414,4.334,4653693,1.25001702,0.0
2024-02-19,4.404,4.514,4.524,4.344,4797144,1.27666467,0.0
2024-02-20,4.514,4.594,4.604,4.474,3059781,1.29604478,0.0
2024-02-21,4.584,4.654,4.714,4.574,3467349,1.31057986,0.0
2024-02-22,4.644,4.664,4.674,4.604,2231279,1.31300237,0.0
2024-02-23,4.654,4.724,4.764,4.654,3583185,1.32753745,0.0
2024-02-26,4.724,4.564,4.724,4.544,3677179,1.28877724,0.0
2024-02-27,4.544,4.544,4.604,4.494,2940999,1.28393221,0.0
2024-02-28,4.544,4.574,4.614,4.474,3806094,1.29119975,0.0
2024-02-29,4.554,4.574,4.604,4.544,2520778,1.29119975,0.0
2024-03-01,4.564,4.584,4.594,4.534,2477511,1.29362226,0.0
2024-03-04,4.564,4.564,4.584,4.524,2557573,1.28877724,0.0
2024-03-05,4.564,4.704,4.724,4.544,4298467,1.32269243,0.0
2024-03-06,4.694,4.594,4.734,4.594,3527872,1.29604478,0.0
2024-03-07,4.594,4.624,4.644,4.584,3074594,1.30331232,0.0
2024-03-08,4.614,4.634,4.644,4.584,2472004,1.30573483,0.0
2024-03-11,4.624,4.614,4.634,4.574,2243026,1.3008898,0.0
2024-03-12,4.604,4.444,4.604,4.434,5117148,1.25970707,0.0
2024-03-13,4.434,4.414,4.454,4.384,3003607,1.25243953,0.0
2024-03-14,4.404,4.434,4.474,4.384,2413114,1.25728456,0.0
2024-03-15,4.434,4.454,4.484,4.434,2258614,1.26212959,0.0
2024-03-18,4.454,4.424,4.464,4.414,1911735,1.25486204,0.0
2024-03-19,4.424,4.394,4.444,4.394,2028046,1.2475945,0.0
2024-03-20,4.394,4.444,4.464,4.364,2453976,1.25970707,0.0
2024-03-21,4.444,4.464,4.484,4.424,2051063,1.2645521,0.0
2024-03-22,4.474,4.494,4.514,4.424,2657844,1.27181964,0.0
2024-03-25,4.494,4.534,4.534,4.484,2374081,1.28150969,0.0
2024-03-26,4.534,4.574,4.574,4.504,2433596,1.29119975,0.0
2024-03-27,4.564,4.604,4.634,4.544,2907079,1.29846729,0.0
2024-03-28,4.584,4.494,4.594,4.464,3978898,1.32048709,0.0
2024-03-29,4.494,4.524,4.574,4.474,2298123,1.32803273,0.0
2024-04-01,4.524,4.534,4.564,4.514,2019199,1.33054795,0.0
2024-04-02,4.534,4.584,4.604,4.524,3142501,1.34312401,0.0
2024-04-03,4.584,4.574,4.604,4.544,2182241,1.3406088,0.0
2024-04-08,4.574,4.644,4.654,4.554,3070469,1.35821529,0.0
2024-04-09,4.644,4.574,4.684,4.564,3139150,1.3406088,0.0
2024-04-10,4.584,4.584,4.634,4.564,2449472,1.34312401,0.0
2024-04-11,4.564,4.564,4.584,4.514,2002638,1.33809359,0.0
2024-04-12,4.564,4.564,4.594,4.534,2483944,1.33809359,0.0
2024-04-15,4.574,4.664,4.674,4.574,4012439,1.36324572,0.0
2024-04-16,4.664,4.714,4.744,4.624,4000693,1.37582179,0.0
2024-04-17,4.694,4.744,4.764,4.634,3322042,1.38336743,0.0
2024-04-18,4.734,4.764,4.874,4.724,3879728,1.38839786,0.0
2024-04-19,4.744,4.794,4.834,4.744,2559406,1.3959435,0.0
2024-04-22,4.814,4.724,4.884,4.714,3275212,1.378337,0.0
2024-04-23,4.734,4.744,4.824,4.704,3309130,1.38336743,0.0
2024-04-24,4.744,4.714,4.764,4.704,2360260,1.37582179,0.0
2024-04-25,4.724,4.734,4.744,4.694,1650746,1.38085222,0.0
2024-04-26,4.734,4.644,4.784,4.634,4710331,1.35821529,0.0
2024-04-29,4.634,4.624,4.684,4.584,3490151,1.35318487,0.0
2024-04-30,4.614,4.674,4.694,4.604,2601744,1.15288923,0.0
2024-05-06,4.694,4.614,4.714,4.604,4058714,1.14015012,0.0
2024-05-07,4.614,4.644,4.654,4.594,2781631,1.14651968,0.0
2024-05-08,4.644,4.654,4.694,4.624,2967672,1.14864286,0.0
2024-05-09,4.644,4.624,4.654,4.614,2401956,1.14227331,0.0
2024-05-10,4.634,4.644,4.664,4.624,2646861,1.14651968,0.0
2024-05-13,4.644,4.654,4.674,4.604,2390940,1.14864286,0.0
2024-05-14,4.654,4.614,4.654,4.604,2578667,1.14015012,0.0
2024-05-15,4.614,4.624,4.634,4.604,1427081,1.14227331,0.0
2024-05-16,4.614,4.654,4.664,4.604,2971889,1.14864286,0.0
2024-05-17,4.654,4.714,4.714,4.634,3830016,1.16138197,0.0
2024-05-20,4.714,4.704,4.774,4.684,3318203,1.15925878,0.0
2024-05-21,4.704,4.744,4.754,4.684,2736760,1.16775152,0.0
2024-05-22,4.744,4.754,4.784,4.734,2458441,1.16987471,0.0
2024-05-23,4.764,4.734,4.774,4.714,2241625,1.16562834,0.0
2024-05-24,4.734,4.684,4.754,4.684,2261861,1.15501241,0.0
2024-05-27,4.694,4.724,4.734,4.684,2155682,1.16350515,0.0
2024-05-28,4.724,4.734,4.754,4.704,1957240,1.16562834,0.0
2024-05-29,4.734,4.714,4.754,4.694,2277199,1.16138197,0.0
2024-05-30,4.714,4.684,4.724,4.664,2239851,1.15501241,0.0
2024-05-31,4.694,4.674,4.714,4.674,2037423,1.15288923,0.0
2024-06-03,4.674,4.684,4.694,4.654,2157727,1.15501241,0.0
2024-06-04,4.684,4.714,4.714,4.684,1756288,1.16138197,0.0
2024-06-05,4.714,4.704,4.724,4.694,1889975,1.15925878,0.0
2024-06-06,4.704,4.704,4.734,4.694,2375214,1.15925878,0.0
2024-06-07,4.704,4.764,4.764,4.694,2972943,1.17199789,0.0
2024-06-11,4.764,4.684,4.784,4.684,3337614,1.15501241,0.0
2024-06-12,4.684,4.644,4.694,4.604,3234762,1.14651968,0.0
2024-06-13,4.644,4.674,4.684,4.634,1804745,1.15288923,0.0
2024-06-14,4.674,4.744,4.764,4.664,3698141,1.16775152,0.0
2024-06-17,4.734,4.674,4.744,4.644,2737858,1.15288923,0.0
2024-06-18,4.664,4.694,4.704,4.634,2010650,1.1571356,0.0
2024-06-19,4.684,4.744,4.744,4.684,2479370,1.16775152,0.0
2024-06-20,4.744,4.764,4.764,4.724,2133767,1.17199789,0.0
2024-06-21,4.754,4.754,4.774,4.724,2248274,1.16987471,0.0
2024-06-24,4.754,4.814,4.824,4.744,3317211,1.18261381,0.0
2024-06-25,4.804,4.844,4.854,4.794,2924741,1.18898337,0.0
2024-06-26,4.844,4.874,4.904,4.834,2524705,1.19535292,0.0
2024-06-27,4.864,4.944,4.954,4.844,3156536,1.21021521,0.0
2024-06-28,4.934,4.944,4.964,4.894,2685533,1.21021521,0.0
2024-07-01,4.934,5.064,5.094,4.924,3202846,1.23569343,0.0
2024-07-02,5.064,5.214,5.224,5.054,3770405,1.2675412,0.0
2024-07-03,5.204,5.134,5.224,5.094,2743719,1.25055572,0.0
2024-07-04,5.134,5.204,5.224,5.124,2618980,1.26541801,0.0
2024-07-05,5.204,5.074,5.244,5.054,3993120,1.23781661,0.0
2024-07-08,5.064,5.134,5.184,5.054,2883649,1.25055572,0.0
2024-07-09,5.134,5.184,5.184,5.094,2955343,1.26117164,0.0
2024-07-10,5.184,5.244,5.254,5.184,2876301,1.27391075,0.0
2024-07-11,5.244,5.174,5.244,5.104,3767985,1.25904846,0.0
2024-07-12,5.164,5.324,5.344,5.154,4009673,1.29089623,0.0
2024-07-15,5.334,5.444,5.484,5.304,4289583,1.31637444,0.0
2024-07-16,5.471,5.441,5.521,5.381,5035591,1.25055572,0.3064
2024-07-17,5.431,5.461,5.491,5.391,3218992,1.25480209,0.0
2024-07-18,5.451,5.461,5.471,5.411,2553864,1.25480209,0.0
2024-07-19,5.451,5.461,5.471,5.371,3601440,1.25480209,0.0
2024-07-22,5.431,5.391,5.441,5.311,3230607,1.2399398,0.0
2024-07-23,5.371,5.561,5.611,5.361,5081438,1.27603394,0.0
2024-07-24,5.551,5.611,5.661,5.541,3184498,1.28664986,0.0
2024-07-25,5.601,5.611,5.671,5.521,4114787,1.28664986,0.0
2024-07-26,5.601,5.481,5.621,5.411,4159456,1.25904846,0.0
2024-07-29,5.471,5.531,5.531,5.391,2618931,1.26966438,0.0
2024-07-30,5.521,5.541,5.581,5.461,2495335,1.27178757,0.0
2024-07-31,5.531,5.401,5.561,5.381,4614730,1.24206298,0.0
2024-08-01,5.381,5.431,5.461,5.281,3731394,1.24843254,0.0
2024-08-02,5.401,5.431,5.471,5.381,2814158,1.24843254,0.0
2024-08-05,5.431,5.421,5.501,5.381,3195446,1.24630935,0.0
2024-08-06,5.431,5.351,5.441,5.331,2754700,1.23144706,0.0
2024-08-07,5.371,5.371,5.431,5.351,2270152,1.23569343,0.0
2024-08-08,5.381,5.421,5.431,5.361,1871759,1.24630935,0.0
2024-08-09,5.421,5.471,5.481,5.391,1850788,1.25692527,0.0
2024-08-12,5.471,5.541,5.571,5.461,2258478,1.27178757,0.0
2024-08-13,5.541,5.551,5.631,5.481,2404187,1.27391075,0.0
2024-08-14,5.531,5.571,5.591,5.521,1880448,1.27815712,0.0
2024-08-15,5.571,5.601,5.611,5.551,2067401,1.28452667,0.0
2024-08-16,5.601,5.691,5.701,5.581,2701940,1.30363533,0.0
2024-08-19,5.691,5.821,5.841,5.651,3388635,1.33123673,0.0
2024-08-20,5.811,5.941,5.951,5.801,3995974,1.35671495,0.0
2024-08-21,5.901,5.851,5.911,5.801,3315883,1.33760629,0.0
2024-08-22,5.841,5.971,5.991,5.841,3502302,1.3630845,0.0
2024-08-23,5.971,6.011,6.031,5.901,2656574,1.37157724,0.0
2024-08-26,5.991,5.981,6.021,5.901,2673111,1.36520769,0.0
2024-08-27,5.971,6.081,6.101,5.961,3232496,1.38643953,0.0
2024-08-28,6.081,6.041,6.121,5.991,3147225,1.3779468,0.0
2024-08-29,6.031,5.771,6.041,5.751,5573147,1.32062081,0.0
2024-08-30,5.731,5.531,5.791,5.511,8807823,1.26966438,0.0
2024-09-02,5.451,5.491,5.551,5.431,5682402,14.42959982,0.0
2024-09-03,5.481,5.311,5.501,5.231,6486401,13.99233922,0.0
2024-09-04,5.271,5.261,5.331,5.211,3923314,13.87087794,0.0
2024-09-05,5.251,5.181,5.281,5.151,3835308,13.6765399,0.0
2024-09-06,5.181,5.191,5.281,5.171,2906968,13.70083215,0.0
2024-09-09,5.181,5.161,5.201,5.061,2821267,13.62795539,0.0
2024-09-10,5.161,5.221,5.271,5.151,3683432,13.77370892,0.0
2024-09-11,5.211,5.091,5.221,5.051,3597634,13.4579096,0.0
2024-09-12,5.061,5.091,5.111,5.001,2868536,13.4579096,0.0
2024-09-13,5.091,5.111,5.131,5.071,2340487,13.50649411,0.0
2024-09-18,5.121,5.231,5.231,5.121,2468394,13.79800117,0.0
2024-09-19,5.241,5.201,5.261,5.131,2809968,13.72512441,0.0
2024-09-20,5.211,5.221,5.241,5.171,2828323,13.77370892,0.0
2024-09-23,5.211,5.271,5.291,5.171,2270377,13.8951702,0.0
2024-09-24,5.301,5.551,5.551,5.281,6052049,14.57535335,0.0
2024-09-25,5.641,5.591,5.771,5.521,6298208,14.67252238,0.0
2024-09-26,5.591,5.751,5.761,5.551,5216744,15.06119846,0.0
2024-09-27,5.801,5.561,5.891,5.471,6872093,14.59964561,0.0
2024-09-30,5.561,5.731,5.861,5.381,16161742,15.01261395,0.0
2024-10-08,6.051,5.671,6.211,5.591,16882262,14.86686042,0.0
2024-10-09,5.611,5.591,5.721,5.531,10090718,14.67252238,0.0
2024-10-10,5.601,5.821,5.951,5.591,10915281,15.23124425,0.0
2024-10-11,5.801,5.821,5.941,5.751,5299528,15.23124425,0.0
2024-10-14,5.871,6.021,6.051,5.871,7899211,15.71708937,0.0
2024-10-15,5.981,5.811,6.001,5.811,4927692,15.206952,0.0
2024-10-16,5.781,5.911,5.951,5.771,4146146,15.44987455,0.0
2024-10-17,5.901,5.841,5.951,5.841,3280813,15.27982877,0.0
2024-10-18,5.841,5.871,5.911,5.761,5144522,15.35270553,0.0
2024-10-21,5.841,5.711,5.841,5.691,5684649,14.96402944,0.0
2024-10-22,5.721,5.691,5.761,5.661,4312715,14.91544493,0.0
2024-10-23,5.691,5.691,5.711,5.661,3068545,14.91544493,0.0
2024-10-24,5.681,5.711,5.751,5.671,2887895,14.96402944,0.0
2024-10-25,5.701,5.671,5.721,5.651,2845290,14.86686042,0.0
2024-10-28,5.661,5.621,5.661,5.581,3295364,14.74539914,0.0
2024-10-29,5.621,5.611,5.661,5.601,2938607,14.72110689,0.0
2024-10-30,5.601,5.561,5.631,5.551,3054120,14.59964561,0.0
2024-10-31,5.591,5.591,5.651,5.561,3052880,3.67899461,0.0
2024-11-01,5.591,5.701,5.701,5.581,4512379,3.74599616,0.0
2024-11-04,5.701,5.681,5.701,5.601,3180605,3.73381406,0.0
2024-11-05,5.651,5.701,5.701,5.641,3125108,3.74599616,0.0
2024-11-06,5.681,5.641,5.701,5.621,3450231,3.70944986,0.0
2024-11-07,5.631,5.701,5.701,5.611,3794488,3.74599616,0.0
2024-11-08,5.701,5.661,5.721,5.651,3300424,3.72163196,0.0
2024-11-11,5.631,5.591,5.641,5.571,3987302,3.67899461,0.0
2024-11-12,5.591,5.551,5.621,5.551,3292742,3.6546304,0.0
2024-11-13,5.551,5.591,5.621,5.531,3438858,3.67899461,0.0
2024-11-14,5.581,5.621,5.651,5.561,3735265,3.69726776,0.0
2024-11-15,5.611,5.601,5.661,5.581,3845233,3.68508566,0.0
2024-11-18,5.631,5.741,5.791,5.621,6932425,3.77036037,0.0
2024-11-19,5.731,5.701,5.771,5.621,4294987,3.74599616,0.0
2024-11-20,5.681,5.691,5.731,5.671,2682421,3.73990511,0.0
2024-11-21,5.681,5.681,5.701,5.661,1809107,3.73381406,0.0
2024-11-22,5.691,5.601,5.701,5.601,2978203,3.68508566,0.0
2024-11-25,5.611,5.621,5.681,5.601,2903722,3.69726776,0.0
2024-11-26,5.621,5.711,5.731,5.601,3300041,3.75208721,0.0
2024-11-27,5.701,5.751,5.771,5.691,2883174,3.77645142,0.0
2024-11-28,5.741,5.741,5.771,5.701,2018400,3.77036037,0.0
2024-11-29,5.741,5.701,5.781,5.691,2906465,3.74599616,0.0
2024-12-02,5.711,5.681,5.711,5.651,2417480,3.73381406,0.0
2024-12-03,5.681,5.761,5.761,5.671,3385172,3.78254247,0.0
2024-12-04,5.761,5.811,5.831,5.721,3572315,3.81299772,0.0
2024-12-05,5.801,5.811,5.881,5.781,2645283,3.81299772,0.0
2024-12-06,5.811,5.871,5.891,5.801,3119630,3.84954402,0.0
2024-12-09,5.851,5.871,5.921,5.831,3127433,3.84954402,0.0
2024-12-10,5.901,5.971,6.001,5.881,4372946,3.91045453,0.0
2024-12-11,5.951,5.861,6.001,5.851,3870003,3.84345297,0.0
2024-12-12,5.871,5.971,5.971,5.861,2901845,3.91045453,0.0
2024-12-13,5.951,5.941,6.001,5.911,3890984,3.89218138,0.0
2024-12-16,5.941,6.081,6.131,5.931,4715726,3.97745609,0.0
2024-12-17,6.071,6.061,6.141,6.061,3138477,3.96527399,0.0
2024-12-18,6.091,6.141,6.201,6.081,3489425,4.01400239,0.0
2024-12-19,6.121,6.041,6.161,6.031,3615285,3.95309189,0.0
2024-12-20,6.051,6.081,6.161,6.051,3765488,3.97745609,0.0
2024-12-23,6.081,6.251,6.311,6.081,4871100,4.08100395,0.0
2024-12-24,6.261,6.331,6.341,6.201,4641474,4.12973236,0.0
2024-12-25,6.321,6.491,6.591,6.311,6360901,4.22718917,0.0
2024-12-26,6.491,6.481,6.491,6.341,4872523,4.22109812,0.0
2024-12-27,6.441,6.471,6.491,6.311,5107041,4.21500707,0.0
2024-12-30,6.431,6.501,6.551,6.421,4823303,4.23328022,0.0
2024-12-31,6.491,6.471,6.581,6.451,5209802,4.21500707,0.0
2025-01-02,6.461,6.351,6.531,6.311,5314825,4.14191446,0.0
2025-01-03,6.361,6.261,6.381,6.171,5210740,4.087095,0.0
2025-01-06,6.261,6.301,6.331,6.141,4742247,4.1114592,0.0
2025-01-07,6.304,6.384,6.404,6.254,3820218,4.0749129,0.1434
2025-01-08,6.384,6.454,6.534,6.364,3996843,4.11755025,0.0
2025-01-09,6.454,6.404,6.464,6.354,2367234,4.087095,0.0
2025-01-10,6.414,6.364,6.434,6.294,2620258,4.0627308,0.0
2025-01-13,6.354,6.294,6.364,6.184,3306033,4.02009344,0.0
2025-01-14,6.284,6.304,6.344,6.254,3418853,4.02618449,0.0
2025-01-15,6.294,6.324,6.424,6.274,3075983,4.0383666,0.0
2025-01-16,6.334,6.374,6.384,6.264,2674681,4.06882185,0.0
2025-01-17,6.364,6.304,6.394,6.294,2781346,4.02618449,0.0
2025-01-20,6.314,6.264,6.324,6.254,2273623,4.00182029,0.0
2025-01-21,6.274,6.244,6.304,6.214,2157435,3.98963819,0.0
2025-01-22,6.234,6.134,6.254,6.094,4111694,3.92263663,0.0
2025-01-23,6.174,6.354,6.384,6.174,5446820,4.05663975,0.0
2025-01-24,6.364,6.364,6.414,6.264,3282052,4.0627308,0.0
2025-01-27,6.374,6.514,6.544,6.374,3718662,4.15409656,0.0
2025-02-05,6.514,6.384,6.534,6.374,3305406,4.0749129,0.0
2025-02-06,6.394,6.384,6.454,6.344,2644237,4.0749129,0.0
2025-02-07,6.364,6.384,6.384,6.304,3676439,4.0749129,0.0
2025-02-10,6.354,6.364,6.434,6.334,3119268,4.0627308,0.0
2025-02-11,6.374,6.514,6.514,6.374,3941954,4.15409656,0.0
2025-02-12,6.504,6.594,6.614,6.424,3257811,4.20282496,0.0
2025-02-13,6.584,6.654,6.684,6.564,2945244,4.23937127,0.0
2025-02-14,6.654,6.684,6.694,6.594,2531578,4.25764442,0.0
2025-02-17,6.674,6.654,6.694,6.604,2713460,4.23937127,0.0
2025-02-18,6.644,6.784,6.834,6.634,3975121,4.31855493,0.0
2025-02-19,6.774,6.744,6.814,6.724,3220723,4.29419072,0.0
2025-02-20,6.734,6.774,6.784,6.694,2513267,4.31246388,0.0
2025-02-21,6.754,6.624,6.764,6.604,5772098,4.22109812,0.0
2025-02-24,6.594,6.584,6.634,6.514,4373310,4.19673391,0.0
2025-02-25,6.584,6.554,6.624,6.524,3139845,4.17846076,0.0
2025-02-26,6.554,6.574,6.634,6.534,3293700,4.19064286,0.0
2025-02-27,6.554,6.624,6.644,6.454,4391902,4.22109812,0.0
2025-02-28,6.594,6.564,6.674,6.564,4315896,4.18455181,0.0
2025-03-03,6.564,6.544,6.584,6.474,3964019,4.17236971,0.0
2025-03-04,6.514,6.474,6.534,6.474,3436562,4.12973236,0.0
2025-03-05,6.464,6.564,6.594,6.424,4599124,4.18455181,0.0
2025-03-06,6.544,6.524,6.554,6.484,3656712,4.16018761,0.0
2025-03-07,6.524,6.494,6.544,6.484,3223756,4.14191446,0.0
2025-03-10,6.484,6.434,6.494,6.414,3242116,4.10536815,0.0
2025-03-11,6.414,6.474,6.474,6.414,2680002,4.12973236,0.0
2025-03-12,6.454,6.414,6.464,6.394,3177702,4.09318605,0.0
2025-03-13,6.414,6.424,6.464,6.394,2572950,4.0992771,0.0
2025-03-14,6.414,6.444,6.504,6.414,4890721,4.1114592,0.0
2025-03-17,6.444,6.504,6.524,6.434,3586198,4.14800551,0.0
2025-03-18,6.524,6.494,6.534,6.464,2369528,4.14191446,0.0
2025-03-19,6.504,6.564,6.574,6.494,3032694,4.18455181,0.0
2025-03-20,6.564,6.534,6.614,6.504,3008452,4.16627866,0.0
2025-03-21,6.514,6.454,6.544,6.444,3087991,4.11755025,0.0
2025-03-24,6.454,6.514,6.544,6.454,3060402,4.15409656,0.0
2025-03-25,6.524,6.544,6.564,6.504,2318057,4.17236971,0.0
2025-03-26,6.554,6.524,6.574,6.504,2337801,4.16018761,0.0
2025-03-27,6.514,6.564,6.584,6.514,2580278,4.18455181,0.0
2025-03-28,6.554,6.574,6.574,6.524,2128381,4.19064286,0.0
2025-03-31,6.574,6.584,6.634,6.494,4071338,4.23975233,0.0
2025-04-01,6.564,6.494,6.594,6.474,4284291,4.18437095,0.0
2025-04-02,6.484,6.544,6.554,6.474,3099744,4.21513838,0.0
2025-04-03,6.514,6.584,6.594,6.514,3061669,4.23975233,0.0
2025-04-07,6.494,6.454,6.514,6.294,8491567,4.159757,0.0
2025-04-08,6.394,6.514,6.534,6.374,6712678,4.19667792,0.0
2025-04-09,6.484,6.494,6.584,6.434,5661688,4.18437095,0.0
2025-04-10,6.494,6.444,6.494,6.424,4013375,4.15360352,0.0
2025-04-11,6.454,6.494,6.494,6.414,3475545,4.18437095,0.0
2025-04-14,6.474,6.564,6.594,6.464,4394042,4.22744536,0.0
2025-04-15,6.564,6.654,6.664,6.554,3841790,4.28282674,0.0
2025-04-16,6.654,6.754,6.754,6.624,4132402,4.3443616,0.0
2025-04-17,6.744,6.744,6.774,6.654,2639188,4.33820812,0.0
2025-04-18,6.734,6.834,6.864,6.724,3884345,4.3935895,0.0
2025-04-21,6.824,6.744,6.944,6.744,3742984,4.33820812,0.0
2025-04-22,6.744,6.844,6.854,6.734,2997871,4.39974298,0.0
2025-04-23,6.834,6.804,6.864,6.764,2569773,4.37512904,0.0
2025-04-24,6.784,6.934,6.984,6.784,3576109,4.45512436,0.0
2025-04-25,6.944,6.904,7.004,6.864,2326020,4.4366639,0.0
2025-04-28,6.914,6.984,7.034,6.914,2853766,4.4858918,0.0
2025-04-29,6.994,6.964,7.024,6.934,2179738,4.47358482,0.0
2025-04-30,6.914,6.704,6.924,6.664,6449971,16.17919753,0.0
2025-05-06,6.704,6.674,6.724,6.624,3663741,16.10995703,0.0
2025-05-07,6.704,6.804,6.804,6.664,4336456,16.40999921,0.0
2025-05-08,6.784,6.804,6.864,6.774,2837121,16.40999921,0.0
2025-05-09,6.794,6.864,6.924,6.794,3121965,16.54848022,0.0
2025-05-12,6.844,6.854,6.874,6.804,2702770,16.52540005,0.0
2025-05-13,6.854,6.924,6.944,6.814,2767459,16.68696122,0.0
2025-05-14,6.924,6.924,6.974,6.894,2868697,16.68696122,0.0
2025-05-15,6.924,6.964,6.984,6.914,2702621,16.77928189,0.0
2025-05-16,6.954,6.854,6.994,6.814,3935141,16.52540005,0.0
2025-05-19,6.854,6.814,6.894,6.804,2566691,16.43307938,0.0
2025-05-20,6.834,6.824,6.854,6.794,1976912,16.45615954,0.0
2025-05-21,6.824,6.834,6.884,6.804,2540713,16.47923971,0.0
2025-05-22,6.844,6.814,6.854,6.794,2940759,16.43307938,0.0
2025-05-23,6.814,6.774,6.844,6.764,3169188,16.34075871,0.0
2025-05-26,6.774,6.744,6.794,6.724,2876450,16.2715182,0.0
2025-05-27,6.744,6.754,6.784,6.734,1825202,16.29459837,0.0
2025-05-28,6.754,6.744,6.774,6.714,1710175,16.2715182,0.0
2025-05-29,6.744,6.734,6.764,6.714,1934699,16.24843804,0.0
2025-05-30,6.744,6.764,6.814,6.714,3467599,16.31767854,0.0
2025-06-03,6.744,6.804,6.824,6.734,2728118,16.40999921,0.0
2025-06-04,6.804,6.774,6.814,6.754,2118976,16.34075871,0.0
2025-06-05,6.774,6.784,6.814,6.764,2255742,16.36383887,0.0
2025-06-06,6.794,6.794,6.814,6.764,1870300,16.38691904,0.0
2025-06-09,6.794,6.774,6.804,6.734,2913685,16.34075871,0.0
2025-06-10,6.774,6.794,6.884,6.764,4161322,16.38691904,0.0
2025-06-11,6.794,6.814,6.844,6.784,2247734,16.43307938,0.0
2025-06-12,6.814,6.804,6.824,6.784,2318336,16.40999921,0.0
2025-06-13,6.804,6.784,6.824,6.774,2808948,16.36383887,0.0
2025-06-16,6.774,6.834,6.834,6.714,2786040,16.47923971,0.0
2025-06-17,6.824,6.864,6.864,6.814,2279383,16.54848022,0.0
2025-06-18,6.864,6.944,6.944,6.854,3321323,16.73312156,0.0
2025-06-19,6.934,6.994,6.994,6.894,2841780,16.84852239,0.0
2025-06-20,6.984,7.064,7.074,6.974,3106928,17.01008357,0.0
2025-06-23,7.054,7.214,7.254,7.024,3897378,17.35628608,0.0
2025-06-24,7.204,7.324,7.334,7.194,3560199,17.61016793,0.0
2025-06-25,7.304,7.364,7.404,7.214,3495452,17.7024886,0.0
2025-06-26,7.354,7.414,7.444,7.314,2931890,17.81788944,0.0
2025-06-27,7.414,7.194,7.454,7.174,4820511,17.31012575,0.0
2025-06-30,7.174,7.284,7.304,7.114,3061472,17.51784726,0.0
2025-07-01,7.284,7.354,7.434,7.274,2683319,17.67940843,0.0
2025-07-02,7.374,7.374,7.404,7.344,2068291,17.72556877,0.0
2025-07-03,7.374,7.334,7.414,7.294,2256541,17.6332481,0.0
2025-07-04,7.334,7.444,7.474,7.324,2890571,17.88712994,0.0
2025-07-07,7.434,7.424,7.464,7.394,1948834,17.8409696,0.0
2025-07-08,7.424,7.454,7.474,7.394,1983420,17.91021011,0.0
2025-07-09,7.454,7.544,7.624,7.444,2898276,18.11793162,0.0
2025-07-10,7.564,7.774,7.824,7.564,5870466,18.64877547,0.0
2025-07-11,7.814,7.704,8.054,7.704,8885956,18.4872143,0.0
2025-07-14,7.759,7.699,7.839,7.699,4706935,18.09485145,0.1646
2025-07-15,7.719,7.659,7.739,7.619,3186881,18.00253078,0.0
2025-07-16,7.629,7.659,7.659,7.559,3524988,18.00253078,0.0
2025-07-17,7.649,7.609,7.669,7.579,2793217,17.88712994,0.0
2025-07-18,7.599,7.629,7.679,7.559,2727850,17.93329028,0.0
2025-07-21,7.619,7.559,7.629,7.529,3135466,17.7717291,0.0
2025-07-22,7.529,7.459,7.539,7.419,4778345,17.54092742,0.0
2025-07-23,7.449,7.509,7.589,7.419,4891056,17.65632826,0.0
2025-07-24,7.509,7.409,7.529,7.389,4623948,17.42552659,0.0
2025-07-25,7.389,7.349,7.439,7.339,3308917,17.28704558,0.0
2025-07-28,7.349,7.349,7.399,7.319,2734227,17.28704558,0.0
2025-07-29,7.349,7.289,7.379,7.289,2922719,17.14856457,0.0
2025-07-30,7.289,7.349,7.409,7.259,3907271,17.28704558,0.0
2025-07-31,7.349,7.419,7.449,7.279,4809696,17.44860675,0.0
2025-08-01,7.419,7.479,7.529,7.339,5145900,17.58708776,0.0
2025-08-04,7.489,7.539,7.639,7.479,4482751,17.72556877,0.0
2025-08-05,7.539,7.619,7.619,7.489,3403182,17.91021011,0.0
2025-08-06,7.609,7.619,7.659,7.569,2967782,17.91021011,0.0
2025-08-07,7.609,7.699,7.729,7.559,3789821,18.09485145,0.0
2025-08-08,7.699,7.649,7.759,7.629,2739258,17.97945061,0.0
2025-08-11,7.639,7.559,7.659,7.539,3368392,17.7717291,0.0
2025-08-12,7.549,7.639,7.669,7.529,3183981,17.95637044,0.0
2025-08-13,7.629,7.559,7.679,7.559,3360197,17.7717291,0.0
2025-08-14,7.559,7.549,7.619,7.529,2834873,17.74864893,0.0
2025-08-15,7.559,7.409,7.579,7.339,6480058,17.42552659,0.0
2025-08-18,7.369,7.389,7.399,7.319,4072372,17.37936625,0.0
2025-08-19,7.389,7.429,7.459,7.369,3385247,17.47168692,0.0
2025-08-20,7.439,7.429,7.479,7.419,3315206,17.47168692,0.0
2025-08-21,7.429,7.459,7.479,7.369,3443028,17.54092742,0.0
2025-08-22,7.459,7.489,7.489,7.389,3837728,17.61016793,0.0
2025-08-25,7.459,7.449,7.469,7.409,4131598,17.51784726,0.0
2025-08-26,7.439,7.409,7.479,7.399,2998328,17.42552659,0.0
2025-08-27,7.399,7.269,7.399,7.269,5157248,17.10240424,0.0
2025-08-28,7.269,7.239,7.299,7.179,4654689,17.03316374,0.0
2025-08-29,7.239,7.289,7.389,7.239,5196151,17.14856457,0.0
2025-09-01,7.289,7.239,7.309,7.219,3845436,1.96505279,0.0
2025-09-02,7.229,7.429,7.429,7.209,7690652,2.01564358,0.0
2025-09-03,7.429,7.299,7.439,7.279,4919771,1.98102883,0.0
2025-09-04,7.259,7.399,7.459,7.119,8760059,2.00765556,0.0
2025-09-05,7.379,7.299,7.399,7.259,4417093,1.98102883,0.0
2025-09-08,7.269,7.259,7.299,7.229,3542760,1.97037813,0.0
2025-09-09,7.249,7.289,7.319,7.239,2662794,1.97836615,0.0
2025-09-10,7.299,7.329,7.339,7.239,2886560,1.98901685,0.0
2025-09-11,7.319,7.369,7.439,7.249,5415159,1.99966754,0.0
2025-09-12,7.349,7.339,7.399,7.309,2992825,1.99167952,0.0
2025-09-15,7.309,7.289,7.369,7.259,3295819,1.97836615,0.0
2025-09-16,7.269,7.309,7.349,7.269,2893476,1.9836915,0.0
2025-09-17,7.279,7.319,7.319,7.259,2475842,1.98635417,0.0
2025-09-18,7.309,7.149,7.319,7.139,5297807,1.94108873,0.0
2025-09-19,7.139,7.059,7.139,6.979,4807098,1.91712467,0.0
2025-09-22,7.059,7.039,7.109,7.009,2750891,1.91179932,0.0
2025-09-23,7.019,7.259,7.269,6.989,6288256,1.97037813,0.0
2025-09-24,7.249,7.329,7.389,7.229,5142069,1.98901685,0.0
2025-09-25,7.299,7.239,7.319,7.169,3237228,1.96505279,0.0
2025-09-26,7.209,7.269,7.289,7.159,2733593,1.97304081,0.0
2025-09-29,7.239,7.189,7.259,7.119,4050039,1.95173942,0.0
2025-09-30,7.169,7.159,7.189,7.119,2445676,1.9437514,0.0
2025-10-09,7.109,7.169,7.179,7.059,2977411,1.94641408,0.0
2025-10-10,7.149,7.169,7.219,7.139,3048697,1.94641408,0.0
2025-10-13,7.179,7.129,7.219,7.089,3957386,1.93576338,0.0
2025-10-14,7.119,7.359,7.359,7.079,6938781,1.99700487,0.0
2025-10-15,7.329,7.319,7.399,7.279,4075993,1.98635417,0.0
2025-10-16,7.289,7.489,7.509,7.289,4956233,2.03161962,0.0
2025-10-17,7.489,7.479,7.579,7.429,4087002,2.02895694,0.0
2025-10-20,7.449,7.469,7.509,7.329,3919786,2.02629427,0.0
2025-10-21,7.439,7.499,7.509,7.399,3441139,2.03428229,0.0
2025-10-22,7.489,7.619,7.649,7.479,3815866,2.06623437,0.0
2025-10-23,7.619,7.699,7.749,7.569,4326614,2.08753575,0.0
2025-10-24,7.659,7.699,7.749,7.619,3263623,2.08753575,0.0
2025-10-27,7.659,7.769,7.799,7.599,3919947,2.10617446,0.0
2025-10-28,7.759,7.849,7.879,7.709,3320408,2.12747585,0.0
2025-10-29,7.839,7.689,7.849,7.659,3683044,2.08487308,0.0
2025-10-30,7.689,7.699,7.759,7.639,2787161,2.08753575,0.0
2025-10-31,7.729,7.639,7.729,7.529,3693253,2.63790398,0.0
2025-11-03,7.649,7.759,7.799,7.639,3420734,2.67859144,0.0
2025-11-04,7.749,7.989,7.999,7.749,4410976,2.75657575,0.0
2025-11-05,8.029,7.999,8.069,7.949,3941536,2.75996637,0.0
2025-11-06,7.979,7.949,8.009,7.919,3009758,2.74301326,0.0
2025-11-07,7.949,7.909,8.019,7.879,2801614,2.72945077,0.0
2025-11-10,7.879,7.979,7.989,7.839,2232913,2.75318513,0.0
2025-11-11,7.959,8.019,8.029,7.929,1917401,2.76674762,0.0
2025-11-12,8.019,8.049,8.179,8.009,3592898,2.77691948,0.0
2025-11-13,8.069,8.069,8.099,7.939,2901379,2.78370073,0.0
2025-11-14,8.089,8.109,8.239,8.079,3063351,2.79726322,0.0
2025-11-17,8.109,8.029,8.119,7.969,2582768,2.77013824,0.0
2025-11-18,7.999,8.059,8.109,7.969,2175960,2.78031011,0.0
2025-11-19,8.059,8.089,8.179,8.029,2344283,2.79048197,0.0
2025-11-20,8.069,8.129,8.259,8.039,3594877,2.80404446,0.0
2025-11-21,8.139,8.109,8.239,8.079,4644447,2.79726322,0.0
2025-11-24,8.059,8.059,8.119,7.979,3489190,2.78031011,0.0
2025-11-25,8.039,8.169,8.179,7.989,3055430,2.81760695,0.0
2025-11-26,8.169,8.019,8.239,8.009,3310420,2.76674762,0.0
2025-11-27,8.009,8.019,8.049,7.919,2344122,2.76674762,0.0
2025-11-28,8.009,7.969,8.029,7.939,2084016,2.74979451,0.0
2025-12-01,7.909,7.949,7.969,7.879,2652609,2.74301326,0.0
2025-12-02,7.949,7.949,7.979,7.879,2145190,2.74301326,0.0
2025-12-03,7.919,7.909,8.009,7.889,2212585,2.72945077,0.0
2025-12-04,7.929,7.909,7.949,7.879,1491012,2.72945077,0.0
2025-12-05,7.899,7.849,7.959,7.809,2461473,2.70910704,0.0
2025-12-08,7.849,7.849,7.899,7.809,2130820,2.70910704,0.0
2025-12-09,7.869,7.959,8.009,7.839,2654901,2.74640388,0.0
2025-12-10,7.949,7.799,7.979,7.779,3084176,2.69215393,0.0
2025-12-11,7.809,7.859,7.859,7.759,2621760,2.71249766,0.0
2025-12-12,7.829,7.829,7.839,7.699,5191105,2.7023258,0.0
2025-12-15,7.82,7.81,7.86,7.77,2509713,2.64807584,0.1414
2025-12-16,7.81,7.79,7.83,7.73,1934389,2.6412946,0.0
2025-12-17,7.78,7.81,7.87,7.75,2206861,2.64807584,0.0
2025-12-18,7.81,7.99,8.0,7.79,2417484,2.70910704,0.0
2025-12-19,7.96,7.88,7.98,7.86,2355882,2.6718102,0.0
2025-12-22,7.86,7.89,7.91,7.83,1668915,2.67520082,0.0
2025-12-23,7.89,7.92,7.95,7.87,2000570,2.68537269,0.0
2025-12-24,7.92,7.91,7.96,7.88,1736671,2.68198207,0.0
2025-12-25,7.9,7.86,7.91,7.83,1655190,2.66502895,0.0
2025-12-26,7.84,7.81,7.86,7.79,1500697,2.64807584,0.0
2025-12-29,7.81,7.87,7.9,7.77,2706386,2.66841958,0.0
2025-12-30,7.84,7.85,7.87,7.79,2087546,2.66163833,0.0
2025-12-31,7.83,7.93,7.96,7.83,2866528,2.68876331,0.0
2026-01-05,7.91,7.82,7.94,7.76,4254145,2.65146647,0.0
2026-01-06,7.81,7.8,7.81,7.76,2595770,2.64468522,0.0
2026-01-07,7.78,7.75,7.79,7.7,3297896,2.62773211,0.0
2026-01-08,7.74,7.69,7.74,7.65,2919140,2.60738838,0.0
2026-01-09,7.69,7.71,7.72,7.64,2410930,2.61416962,0.0
2026-01-12,7.7,7.74,7.77,7.65,2923852,2.62434149,0.0
2026-01-13,7.75,7.81,7.85,7.74,3651925,2.64807584,0.0
2026-01-14,7.79,7.69,7.79,7.68,3901383,2.60738838,0.0
2026-01-15,7.68,7.68,7.74,7.66,2870267,2.60399776,0.0
2026-01-16,7.67,7.61,7.68,7.58,3406706,2.5802634,0.0
2026-01-19,7.6,7.53,7.63,7.5,3290640,2.55313843,0.0
2026-01-20,7.52,7.54,7.57,7.5,3028863,2.55652905,0.0
2026-01-21,7.53,7.35,7.56,7.34,4745208,2.49210723,0.0
2026-01-22,7.35,7.27,7.38,7.25,3880674,2.46498225,0.0
2026-01-23,7.27,7.21,7.29,7.17,3770134,2.44463852,0.0
2026-01-26,7.19,7.24,7.32,7.15,4550566,2.45481039,0.0
2026-01-27,7.24,7.23,7.37,7.21,4698081,2.45141976,0.0
2026-01-28,7.21,7.2,7.29,7.16,4564563,2.4412479,0.0
2026-01-29,7.19,7.26,7.3,7.16,4380996,2.46159163,0.0
2026-01-30,7.27,7.25,7.39,7.22,4607414,2.45820101,0.0
2026-02-02,7.26,7.32,7.39,7.25,5411791,2.48193536,0.0
2026-02-03,7.3,7.18,7.31,7.15,4492108,2.43446665,0.0
2026-02-04,7.18,7.24,7.29,7.17,3084844,2.45481039,0.0
2026-02-05,7.25,7.3,7.32,7.23,3101575,2.47515412,0.0
2026-02-06,7.31,7.26,7.35,7.22,2514601,2.46159163,0.0
2026-02-09,7.25,7.28,7.29,7.21,2032530,2.46837287,0.0
2026-02-10,7.28,7.3,7.34,7.26,1948048,2.47515412,0.0
2026-02-11,7.32,7.29,7.32,7.27,1388031,2.4717635,0.0
2026-02-12,7.29,7.18,7.3,7.17,3530837,2.43446665,0.0
2026-02-13,7.19,7.11,7.2,7.11,3173925,2.4107323,0.0
2026-02-24,7.13,7.06,7.15,7.05,2966280,2.39377919,0.0
2026-02-25,7.06,7.05,7.07,7.03,2192894,2.39038857,0.0
2026-02-26,7.06,6.96,7.07,6.93,3678153,2.35987297,0.0
2026-02-27,6.94,6.92,6.95,6.91,2439315,2.34631048,0.0
2026-03-02,6.9,6.96,6.99,6.85,3738087,2.35987297,0.0
2026-03-03,6.95,7.12,7.15,6.91,5707117,2.41412292,0.0
2026-03-04,7.1,7.08,7.12,7.01,3788681,2.40056043,0.0
2026-03-05,7.04,7.11,7.14,7.03,2642049,2.4107323,0.0
2026-03-06,7.11,7.11,7.18,7.07,2162797,2.4107323,0.0
2026-03-09,7.08,7.1,7.18,7.07,3340481,2.40734168,0.0
2026-03-10,7.08,7.04,7.09,7.02,2713752,2.38699794,0.0
2026-03-11,7.04,7.12,7.12,7.02,2376946,2.41412292,0.0
2026-03-12,7.12,7.16,7.17,7.09,2523397,2.42768541,0.0
2026-03-13,7.16,7.2,7.22,7.11,3033502,2.4412479,0.0
2026-03-16,7.2,7.25,7.3,7.18,3068283,2.45820101,0.0
2026-03-17,7.25,7.39,7.4,7.24,3644573,2.50566972,0.0
2026-03-18,7.39,7.39,7.46,7.33,3794730,2.50566972,0.0
2026-03-19,7.36,7.53,7.55,7.35,5606764,2.55313843,0.0
2026-03-20,7.53,7.5,7.61,7.48,3912454,2.54296656,0.0
2026-03-23,7.48,7.25,7.48,7.2,5023229,2.45820101,0.0
2026-03-24,7.26,7.32,7.39,7.25,3767729,2.48193536,0.0
2026-03-25,7.33,7.34,7.35,7.19,3375945,2.48871661,0.0
2026-03-26,7.31,7.42,7.44,7.3,2634708,2.51584158,0.0
2026-03-27,7.41,7.4,7.47,7.37,2790676,2.50906034,0.0
2026-03-30,7.37,7.57,7.58,7.36,3715876,1.42711058,0.0
2026-03-31,7.57,7.64,7.69,7.55,3914735,1.44030711,0.0
2026-04-01,7.6,7.58,7.71,7.54,3308704,1.4289958,0.0
2026-04-02,7.57,7.63,7.69,7.56,2757483,1.43842189,0.0
2026-04-03,7.62,7.5,7.64,7.48,2452990,1.41391405,0.0
2026-04-07,7.51,7.4,7.52,7.36,2415504,1.39506186,0.0
2026-04-08,7.37,7.32,7.38,7.2,4532728,1.37998011,0.0
2026-04-09,7.32,7.33,7.35,7.26,2530525,1.38186533,0.0
2026-04-10,7.31,7.31,7.34,7.28,1992449,1.37809489,0.0
2026-04-13,7.31,7.37,7.39,7.27,2292809,1.38940621,0.0
2026-04-14,7.35,7.46,7.48,7.33,2225027,1.40637317,0.0
2026-04-15,7.45,7.5,7.52,7.42,2239976,1.41391405,0.0
2026-04-16,7.5,7.46,7.54,7.43,2276142,1.40637317,0.0
2026-04-17,7.45,7.44,7.49,7.43,1621136,1.40260274,0.0
2026-04-20,7.44,7.57,7.57,7.42,2394024,1.42711058,0.0
2026-04-21,7.57,7.62,7.68,7.57,2489230,1.43653667,0.0
2026-04-22,7.62,7.52,7.64,7.49,2208445,1.41768449,0.0
2026-04-23,7.52,7.58,7.59,7.48,2332549,1.4289958,0.0
2026-04-24,7.58,7.58,7.61,7.5,2047534,1.4289958,0.0
2026-04-27,7.55,7.51,7.62,7.49,2149827,1.41579927,0.0
2026-04-28,7.49,7.53,7.54,7.47,1678945,1.41956971,0.0
2026-04-29,7.51,7.47,7.54,7.44,2671386,1.40825839,0.0
