Date,Open,High,Low,Close,Volume,DividendYieldTTM,DivCash,PB
2016-04-11,3.0884635093556785,3.127628903662167,3.0884635093556785,3.1108436584472656,99989447,0.0,0.0,
2016-04-12,3.105249029967705,3.1108439343405894,3.0660836321877305,3.08846378326416,56921038,0.0,0.0,
2016-04-13,3.099653857384334,3.138819255146391,3.094058953014009,3.1164391040802,114551413,0.0,0.0,
2016-04-14,3.1388188774397228,3.1444137811367905,3.116438729066625,3.127628803253174,57592754,0.0,0.0,
2016-04-15,3.1332237069502415,3.1444137811367905,3.116438729066625,3.127628803253174,63810463,0.0,0.0,
2016-04-18,3.1164391055059197,3.122034009878804,3.0828688788912753,3.08846378326416,65368918,0.0,0.0,
2016-04-19,3.105249029967705,3.105249029967705,3.0772737077259453,3.08846378326416,45010367,0.0,0.0,
2016-04-20,3.09405895442949,3.09405895442949,2.9933480077931125,3.08846378326416,172762356,0.0,0.0,
2016-04-21,3.0604885363852112,3.0828689548051913,3.043703556060791,3.043703556060791,65139887,0.0,0.0,
2016-04-22,3.032513480247027,3.066083707688319,3.032513480247027,3.043703556060791,48723667,0.0,0.0,
2016-04-25,3.0325130398104863,3.038107943508549,3.0101328914334093,3.0213229656219482,47585807,0.0,0.0,
2016-04-26,3.026918208932419,3.0381082843764555,3.010133229162587,3.032513380050659,30407225,0.0,0.0,
2016-04-27,3.032513242627799,3.032513242627799,3.0101330927539167,3.015727996826172,37871872,0.0,0.0,
2016-04-28,3.021323304606623,3.054893530938731,3.010133229162587,3.032513380050659,54195496,0.0,0.0,
2016-04-29,3.021323102726729,3.0325131774230627,3.004537857286016,3.0101330280303955,52656245,0.0,0.0,
2016-05-03,3.015728233130155,3.049298460571447,3.0045381573163907,3.043703556060791,74048382,0.0,0.0,
2016-05-04,3.0381085872650146,3.043703758941073,3.026918510705368,3.0381085872650146,45558779,0.0,0.0,
2016-05-05,3.032513380050659,3.0381082843764555,3.021323304606623,3.032513380050659,40454162,0.0,0.0,
2016-05-06,3.032513762450752,3.0381086674820663,2.9877534550303313,2.9933483600616455,71724367,0.0,0.0,
2016-05-09,2.9933484772019314,2.9933484772019314,2.9429932627796194,2.954183340072632,72738196,0.0,0.0,
2016-05-10,2.9429926508904223,2.954182725856862,2.9262074050445466,2.9373974800109863,50051808,0.0,0.0,
2016-05-11,2.9429932276747515,2.9597782100178103,2.9262079785392086,2.9485881328582764,58419510,0.0,0.0,
2016-05-12,2.9373974800109863,2.948587554977426,2.9206122341651106,2.9373974800109863,43683086,0.0,0.0,
2016-05-13,2.931802272796631,2.9429926144168164,2.9262073687789667,2.931802272796631,32422293,0.0,0.0,
2016-05-16,2.9262069670546955,2.9485871136377515,2.920611797012736,2.9429922103881836,40374850,0.0,0.0,
2016-05-17,2.9429926508904223,2.948587554977426,2.9262074050445466,2.9373974800109863,40747659,0.0,0.0,
2016-05-18,2.926208013443857,2.965373417365644,2.903827858857832,2.954183340072632,111521314,0.0,0.0,
2016-05-19,2.937397617911207,2.94858769340298,2.9206123712773246,2.9262075424194336,45785658,0.0,0.0,
2016-05-20,2.9262069670546955,2.9429922103881836,2.920611797012736,2.9429922103881836,26599131,0.0,0.0,
2016-05-23,2.9429922103881836,2.9541822836797116,2.9373970403462235,2.9429922103881836,29235269,0.0,0.0,
2016-05-24,2.9373974436067236,2.9429926144168164,2.920612197968874,2.931802272796631,26164847,0.0,0.0,
2016-05-25,2.9429922103881836,2.9541822836797116,2.931801870304264,2.9429922103881836,30770369,0.0,0.0,
2016-05-26,2.9373980556987425,2.9541833048342854,2.9318028837227335,2.9485881328582764,34745107,0.0,0.0,
2016-05-27,2.948587518783589,2.970967668441753,2.942992614765262,2.959777593612671,38875118,0.0,0.0,
2016-05-30,2.9653727292450616,3.0157279319823496,2.954182654548728,3.0101330280303955,73001407,0.0,0.0,
2016-05-31,3.0045376552965832,3.105248587585403,2.998942751720764,3.0940585136413574,142341440,0.0,0.0,
2016-06-01,3.0996537575997536,3.0996537575997536,3.0716784362713785,3.0772736072540283,69742927,0.0,0.0,
2016-06-02,3.0716785741037427,3.0828689165711753,3.0492984227537754,3.0660836696624756,48025604,0.0,0.0,
2016-06-03,3.077273843016965,3.11084407110751,3.0604885955754644,3.1052491664886475,68871615,0.0,0.0,
2016-06-06,3.1052484140741416,3.1108433173373355,3.0828682674365804,3.0996532440185547,38152095,0.0,0.0,
2016-06-07,3.105249166488648,3.11084407110751,3.088463919047147,3.1052491664886475,44758233,0.0,0.0,
2016-06-08,3.099653244018555,3.1108433173373355,3.071677927325407,3.0996532440185547,62390202,0.0,0.0,
2016-06-13,3.077273709159484,3.1052490314142758,3.054893558072629,3.06048846244812,76226919,0.0,0.0,
2016-06-14,3.054893456908303,3.088463682426891,3.054893456908303,3.0772736072540283,46783734,0.0,0.0,
2016-06-15,3.0604884610224006,3.09405895442949,3.0492983854841857,3.08846378326416,55792724,0.0,0.0,
2016-06-16,3.077273809809192,3.082868981160132,3.0660837338997657,3.071678638458252,42310636,0.0,0.0,
2016-06-17,3.077273843016965,3.11084407110751,3.0716786716056457,3.1052491664886475,82477572,0.0,0.0,
2016-06-20,3.11084407110751,3.116439242518829,3.094059090458466,3.1052491664886475,22268101,0.0,0.0,
2016-06-21,3.105249166488648,3.1388193945791927,3.0996539950773285,3.1052491664886475,41726348,0.0,0.0,
2016-06-22,3.099653857384334,3.1276291796132956,3.099653857384334,3.1164391040802,50450816,0.0,0.0,
2016-06-23,3.116438729066625,3.1332237069502415,3.105248654880076,3.127628803253174,53565772,0.0,0.0,
2016-06-24,3.122033565105268,3.1500088833615862,3.0660831953850387,3.0940585136413574,67084513,0.0,0.0,
2016-06-27,3.0884635093556785,3.1220337329930596,3.0884635093556785,3.1108436584472656,43193818,0.0,0.0,
2016-06-28,3.1052490285471044,3.1276291796132956,3.099653857384334,3.1164391040802,52426879,0.0,0.0,
2016-06-29,3.116439303601447,3.144414360828987,3.099654055830953,3.138819456100464,60441389,0.0,0.0,
2016-06-30,3.133223672364113,3.1611989909178857,3.1276287687288042,3.1500089168548584,55404592,0.0,0.0,
2016-07-01,3.161198919732867,3.1891739708642772,3.1500088459218216,3.1667938232421875,37004036,0.0,0.0,
2016-07-04,3.161199258446813,3.2171496334969696,3.1556040875455813,3.2059595584869385,53561195,0.0,0.0,
2016-07-05,3.2115548014241107,3.2227451444071886,3.194769820534416,3.2171499729156494,39723798,0.0,0.0,
2016-07-06,3.2171499729156494,3.233935220597805,3.1891746490428767,3.2171499729156494,67768285,0.0,0.0,
2016-07-07,3.217149462235478,3.3066700575501957,3.217149462235478,3.267504930496216,94309394,0.0,0.0,
2016-07-08,3.267505031225475,3.2730999352089127,3.24512488170687,3.2507197856903076,43786083,0.0,0.0,
2016-07-11,3.2563151306710547,3.2675052060289986,3.2395298842379177,3.2451250553131104,54708421,0.0,0.0,
2016-07-12,3.2451254524441966,3.301075836080998,3.2451254524441966,3.2898857593536377,72261120,0.0,0.0,
2016-07-13,3.3016142497034626,3.3368001577026845,3.289885613703722,3.307478427886963,75115756,8.163318548762053,0.27,
2016-07-14,3.3074781709032215,3.3250712633522577,3.272292265637867,3.2840209007263184,40253621,8.221628551154616,0.0,
2016-07-15,3.284021028760923,3.301614121895864,3.284021028760923,3.2957496643066406,24299297,8.19236979446989,0.0,
2016-07-18,3.295749497847573,3.3426640376609216,3.289885320187262,3.3367998600006104,56509544,8.091585091350089,0.0,
2016-07-19,3.33093562345669,3.342664259187312,3.295749716264824,3.313342809677124,37335446,8.14887005387501,0.0,
2016-07-20,3.3133427574415815,3.3192069353980758,3.284021028760923,3.2957496643066406,29498772,8.19236979446989,0.0,
2016-07-21,3.2957491126520346,3.319206379817106,3.278156302094572,3.3016135692596436,24435351,8.177819552048456,0.0,
2016-07-22,3.289885263275299,3.3016138980257415,3.2546993590239715,3.266427993774414,35696781,8.265910055712276,0.0,
2016-07-25,3.260562953304189,3.284020218608829,3.2546987767943594,3.278156042098999,30746839,8.236337640203343,0.0,
2016-07-26,3.266428486315655,3.295749937796757,3.266428486315655,3.2898857593536377,38269103,8.206971905706743,0.0,
2016-07-27,3.295749100752723,3.3367994579597267,3.2312417560980213,3.330935001373291,87574779,8.105832142887309,0.0,
2016-07-28,3.2957496643066406,3.3133427574415815,3.284021028760923,3.2957496643066406,40789702,8.19236979446989,0.0,
2016-07-29,3.2898854863501463,3.301614121895864,3.2781568508044288,3.2957496643066406,34693436,8.19236979446989,0.0,
2016-08-01,3.28988553821588,3.3250714454077457,3.2840210805342025,3.313342809677124,47385945,8.14887005387501,0.0,
2016-08-02,3.3074783519954463,3.3250714454077457,3.301614173946502,3.313342809677124,30738562,8.14887005387501,0.0,
2016-08-03,3.3016143958726283,3.307478574315748,3.284021301277766,3.2898857593536377,33651526,8.206971905706743,0.0,
2016-08-04,3.2898849892038027,3.29574916627414,3.2605632649540555,3.272291898727417,28989712,8.251097651312895,0.0,
2016-08-05,3.272292664758775,3.295749937796757,3.266428486315655,3.2898857593536377,28657661,8.206971905706743,0.0,
2016-08-08,3.2781568508044288,3.301614121895864,3.272292393215206,3.2957496643066406,36811789,8.19236979446989,0.0,
2016-08-09,3.2957491126520346,3.3133422028421795,3.284020479069499,3.3016135692596436,52389976,8.177819552048456,0.0,
2016-08-10,3.3074783519954463,3.3250714454077457,3.301614173946502,3.313342809677124,32881505,8.14887005387501,0.0,
2016-08-11,3.3074778629642028,3.4071713917505453,3.3074778629642028,3.3426637649536133,78227497,8.077390338532805,0.0,
2016-08-12,3.3485286021438396,3.43062904944532,3.3367999668150565,3.42476487159729,116153062,7.8837529034241,0.0,
2016-08-15,3.4247644244898883,3.536186585383381,3.4188999677747476,3.50100040435791,116580175,7.712081371482118,0.0,
2016-08-16,3.518593729396864,3.5303223639762122,3.3778501144446884,3.4482219219207764,139295584,7.830122483810465,0.0,
2016-08-17,3.4423574648147492,3.471679191079472,3.4306288302354013,3.4482219219207764,51002447,7.830122483810465,0.0,
2016-08-18,3.430628996522507,3.4775435371139087,3.401307548469241,3.4071717262268066,53029563,7.924461157084243,0.0,
2016-08-19,3.4189005069956337,3.424764964635703,3.377850422046074,3.3895790576934814,46592998,7.9655908714437205,0.0,
2016-08-22,3.395442887398149,3.4071715218424394,3.371985618509568,3.4013073444366455,42607349,7.938124158101326,0.0,
2016-08-23,3.3954430158685263,3.4540861903088085,3.3895788382408547,3.4130361080169678,51714421,7.91084510842971,0.0,
2016-08-24,3.4189002856446393,3.4306289205326954,3.407171650756583,3.4130361080169678,32448261,7.91084510842971,0.0,
2016-08-25,3.401307548469241,3.418900361374657,3.3895789133213907,3.4071717262268066,37978531,7.924461157084243,0.0,
2016-08-26,3.4130361080169673,3.4189002856446393,3.4013074731289112,3.4130361080169678,31743734,7.91084510842971,0.0,
2016-08-29,3.4013075299269677,3.413036165010879,3.3778502597591444,3.383714437484741,45028470,7.979396754316611,0.0,
2016-08-30,3.3895788382408547,3.424764742905024,3.3837143809804697,3.4130361080169678,53320766,7.91084510842971,0.0,
2016-08-31,3.4013073444366455,3.4247646133252263,3.395442887398149,3.4013073444366455,37914147,7.938124158101326,0.0,
2016-09-01,3.401307693340889,3.4071718713482264,3.383714600053412,3.3895790576934814,39790398,7.9655908714437205,0.0,
2016-09-02,3.3837142330659065,3.3895786900699347,3.3543925073111693,3.37785005569458,69497625,7.993250012528471,0.0,
2016-09-05,3.383714090347242,3.407171358108568,3.3719854564665788,3.3954427242279053,50352361,7.9518349131156585,0.0,
2016-09-06,3.3895786356077053,3.407171447071714,3.348528276137192,3.3602569103240967,92335500,8.035099910677916,0.0,
2016-09-07,3.360257114480868,3.377850206646464,3.354392657214765,3.366121292114258,49475278,8.021101337985751,0.0,
2016-09-08,3.3719855445110007,3.3778500014208013,3.348528276137192,3.3602569103240967,40531943,8.035099910677916,0.0,
2016-09-09,3.360256855764664,3.3661210329465536,3.3426637649536133,3.3426637649536133,28420000,8.077390338532805,0.0,
2016-09-12,3.3250716689106103,3.3250716689106103,3.260564028239784,3.2898857593536377,90366107,8.206971905706743,0.0,
2016-09-13,3.2898849892038027,3.29574916627414,3.2664277216570796,3.272291898727417,37387652,8.251097651312895,0.0,
2016-09-14,3.2664283261205385,3.2664283261205385,3.2253779605009227,3.2312424182891846,62974424,8.355919025814051,0.0,
2016-09-19,3.2312424182891846,3.248835232388492,3.2253779605009227,3.2312424182891846,64681888,8.355919025814051,0.0,
2016-09-20,3.2312420167213123,3.2371061941480552,3.213648925175676,3.2253775596618652,47997680,8.371112993925141,0.0,
2016-09-21,3.225377376069553,3.2429704666137695,3.225377376069553,3.2429704666137695,51449813,8.325700242405459,0.0,
2016-09-22,3.248835249212619,3.2722925212216625,3.2429710710267283,3.25469970703125,49639095,8.295696202531646,0.0,
2016-09-23,3.2546993590239715,3.27229217133328,3.242970724273529,3.266427993774414,50690798,8.265910055712276,0.0,
2016-09-26,3.2605634631204343,3.266427920179881,3.219513102602419,3.2253775596618652,60881867,8.371112993925141,0.0,
2016-09-27,3.2253779258430106,3.2429710193860126,3.2136492900252547,3.2371065616607666,31962618,8.34078195626279,0.0,
2016-09-28,3.2371061941480552,3.242970651207502,3.219513102602419,3.2253775596618652,28594200,8.371112993925141,0.0,
2016-09-29,3.2312417992564275,3.248834609985351,3.225377342591663,3.2488346099853516,42995017,8.31067236141077,0.0,
2016-09-30,3.2429704666137695,3.2546991004323513,3.237106009888135,3.2429704666137695,30650573,8.325700242405459,0.0,
2016-10-10,3.2546994528215487,3.2840209007263184,3.2546994528215487,3.2840209007263184,57156858,8.221628551154616,0.0,
2016-10-11,3.2781566285248562,3.2781566285248562,3.2605635365828376,3.266427993774414,45368217,8.265910055712276,0.0,
2016-10-12,3.2664283430357712,3.2664283430357712,3.2429710710267283,3.25469970703125,34911265,8.295696202531646,0.0,
2016-10-13,3.2546991004323513,3.2546991004323513,3.2312418327951877,3.2429704666137695,42853422,8.325700242405459,0.0,
2016-10-14,3.237105976288507,3.248834609985351,3.2312417992564275,3.2488346099853516,28838323,8.31067236141077,0.0,
2016-10-17,3.2429704666137695,3.266427734250933,3.2312418327951877,3.2429704666137695,47928696,8.325700242405459,0.0,
2016-10-18,3.2371062670819524,3.27229217133328,3.2371062670819524,3.266427993774414,50174074,8.265910055712276,0.0,
2016-10-19,3.266427993774414,3.289885263275299,3.266427993774414,3.266427993774414,52751503,8.265910055712276,0.0,
2016-10-20,3.272291585956509,3.289884674751319,3.266427409446679,3.278156042098999,31815021,8.236337640203343,0.0,
2016-10-21,3.2781568508044288,3.2957496643066406,3.272292393215206,3.2957496643066406,46911043,8.19236979446989,0.0,
2016-10-24,3.2898851929214077,3.3426639083533765,3.2898851929214077,3.325071096420288,89270009,8.120127124219303,0.0,
2016-10-25,3.325071096420288,3.3485283654195417,3.319206639354123,3.325071096420288,58745153,8.120127124219303,0.0,
2016-10-26,3.319206379817106,3.330935013399642,3.2957491126520346,3.3016135692596436,31115462,8.177819552048456,0.0,
2016-10-27,3.3016135692596436,3.3074777462345706,3.278156302094572,3.3016135692596436,33753310,8.177819552048456,0.0,
2016-10-28,3.295749716264824,3.336800081138368,3.28988553821588,3.313342809677124,54677552,8.14887005387501,0.0,
2016-10-31,3.301614121895864,3.307478299852358,3.2781568508044288,3.2957496643066406,49811797,8.19236979446989,0.0,
2016-11-01,3.289885267532433,3.3192067146301265,3.2840208103332684,3.319206714630127,43132964,8.134473782844442,0.0,
2016-11-02,3.3074777462345706,3.3133422028421795,3.289884935677108,3.3016135692596436,38538267,8.177819552048456,0.0,
2016-11-03,3.2957493703548693,3.3309352738537497,3.2898851929214077,3.325071096420288,47552388,8.120127124219303,0.0,
2016-11-04,3.3250711718292916,3.336799806594911,3.307478079864507,3.319206714630127,38516598,8.134473782844442,0.0,
2016-11-07,3.3133428857032032,3.3192070638867035,3.2957497918872227,3.307478427886963,25663082,8.163318548762053,0.0,
2016-11-08,3.3074777342929123,3.342663634913481,3.3074777342929123,3.330935001373291,66224862,8.105832142887309,0.0,
2016-11-09,3.3309347492181085,3.3309347492181085,3.260562953304189,3.278156042098999,85561697,8.236337640203343,0.0,
2016-11-10,3.3016138274210345,3.3309352738537497,3.3016138274210345,3.325071096420288,55890096,8.120127124219303,0.0,
2016-11-11,3.319206767754247,3.3543926726142583,3.295749497847573,3.3367998600006104,113352404,8.091585091350089,0.0,
2016-11-14,3.325071225047273,3.3602571299072843,3.325071225047273,3.3367998600006104,126742705,8.091585091350089,0.0,
2016-11-15,3.336799587771724,3.348528221768194,3.330935130957143,3.3426637649536133,46943250,8.077390338532805,0.0,
2016-11-16,3.3426637649536133,3.348528221768194,3.336799587771724,3.3426637649536133,45685860,8.077390338532805,0.0,
2016-11-17,3.3426640376609216,3.348528494953947,3.325071225047273,3.3367998600006104,38121777,8.091585091350089,0.0,
2016-11-18,3.3426640376609216,3.3426640376609216,3.3309354027075844,3.3367998600006104,43741983,8.091585091350089,0.0,
2016-11-21,3.3309355483747627,3.3954431832554963,3.3309355483747627,3.371985912322998,113409546,8.007150890318936,0.0,
2016-11-22,3.3661211614710718,3.4189001562867296,3.3661211614710718,3.4013073444366455,155574059,7.938124158101326,0.0,
2016-11-23,3.401307019945802,3.489271630069646,3.3954425634667853,3.436492919921875,161475507,7.856847265267701,0.0,
2016-11-24,3.430628463442858,3.45995018657259,3.4130356532711597,3.436492919921875,86347683,7.856847265267701,0.0,
2016-11-25,3.436493178665637,3.4834077154994016,3.4306287217450677,3.4599504470825195,143629576,7.803579968252665,0.0,
2016-11-28,3.489271630069646,3.5361864430037517,3.401307019945802,3.436492919921875,359811503,7.856847265267701,0.0,
2016-11-29,3.42476465276208,3.454086099394097,3.413036018182732,3.4482219219207764,178906868,7.830122483810465,0.0,
2016-11-30,3.4482215532472322,3.45995018657259,3.4188998301175006,3.436492919921875,133579540,7.856847265267701,0.0,
2016-12-01,3.4364929199218746,3.45995018657259,3.4188998301175006,3.436492919921875,171685275,7.856847265267701,0.0,
2016-12-02,3.4423576847741026,3.4482221422548562,3.3895789656109416,3.42476487159729,170771545,7.8837529034241,0.0,
2016-12-05,3.4071715610767055,3.454086099394097,3.3954429264973576,3.4482219219207764,147537059,7.830122483810465,0.0,
2016-12-06,3.4364929199218746,3.4540857300935732,3.4247642865965173,3.436492919921875,101615816,7.856847265267701,0.0,
2016-12-07,3.430629014968872,3.442357650179787,3.4130362019688603,3.430629014968872,57053646,7.870276815764933,0.0,
2016-12-08,3.4306287217450677,3.4658146243703913,3.4247645444571955,3.4599504470825195,127842372,7.803579968252665,0.0,
2016-12-09,3.448221701338441,3.630015665505349,3.4423572446075625,3.600693941116333,450314848,7.498554567964506,0.0,
2016-12-12,3.6065586560900083,3.6769304641032994,3.571372752083363,3.6241514682769775,325983340,7.450019745680374,0.0,
2016-12-13,3.58896587542111,3.612423146792537,3.5303226969925423,3.5655086040496826,159309874,7.572552193348677,0.0,
2016-12-14,3.5596436374965017,3.6241509796619944,3.553779181136364,3.5713722705841064,152736415,7.560119179506337,0.0,
2016-12-15,3.530322421525034,3.542051056295574,3.413036073819635,3.41890025138855,200450116,7.897276321248109,0.0,
2016-12-16,3.4071715218424394,3.4423574251753104,3.371985618509568,3.4013073444366455,94751001,7.938124158101326,0.0,
2016-12-19,3.401307180984581,3.4130358148652444,3.383714090347242,3.3954427242279053,60588088,7.9518349131156585,0.0,
2016-12-20,3.4013074764454494,3.407171654078839,3.3485284795813754,3.366121292114258,93029596,8.021101337985751,0.0,
2016-12-21,3.3719858207832556,3.418900361374657,3.3719858207832556,3.4071717262268066,67861398,7.924461157084243,0.0,
2016-12-22,3.4071717262268066,3.4364934539127923,3.401307548469241,3.4071717262268066,58884066,7.924461157084243,0.0,
2016-12-23,3.4071718713482264,3.413036328988296,3.3602573287585975,3.3895790576934814,59073812,7.9655908714437205,0.0,
2016-12-26,3.3719854564665788,3.401307180984581,3.3543923658292396,3.3954427242279053,45173620,7.9518349131156585,0.0,
2016-12-27,3.389578894843056,3.418900342736476,3.3778502597591444,3.383714437484741,51708289,7.979396754316611,0.0,
2016-12-28,3.3895786900699347,3.4013073244452894,3.366121141686524,3.37785005569458,65590896,7.993250012528471,0.0,
2016-12-29,3.371985749380361,3.3837143842798536,3.3485284795813754,3.366121292114258,60257350,8.021101337985751,0.0,
2016-12-30,3.3602571673169184,3.383714437484741,3.3543927099586037,3.383714437484741,80307552,7.979396754316611,0.0,
2017-01-03,3.3719858207832556,3.418900361374657,3.3719858207832556,3.4071717262268066,94310192,7.924461157084243,0.0,
2017-01-04,3.4013074731289112,3.4306289205326954,3.3895788382408547,3.4130361080169678,100682909,7.91084510842971,0.0,
2017-01-05,3.4130359788809357,3.4189001562867296,3.395442887398149,3.4013073444366455,55040486,7.938124158101326,0.0,
2017-01-06,3.401307693340889,3.401307693340889,3.377850422046074,3.3895790576934814,68754796,7.9655908714437205,0.0,
2017-01-09,3.395442724227905,3.407171358108568,3.383714090347242,3.3954427242279053,47079435,7.9518349131156585,0.0,
2017-01-10,3.395442724227905,3.407171358108568,3.383714090347242,3.3954427242279053,46713527,7.9518349131156585,0.0,
2017-01-11,3.401307180984581,3.4130358148652444,3.389578547103918,3.3954427242279053,56394175,7.9518349131156585,0.0,
2017-01-12,3.395442724227905,3.4130358148652444,3.389578547103918,3.3954427242279053,44728263,7.9518349131156585,0.0,
2017-01-13,3.4013076009397247,3.4423576847741026,3.3895789656109416,3.42476487159729,93630631,7.8837529034241,0.0,
2017-01-16,3.4247649072775195,3.4951367199833716,3.4130362718265443,3.471679449081421,209973582,7.777215723975896,0.0,
2017-01-17,3.4599509999872335,3.4892724503775945,3.448222363904541,3.4540865421295166,56611375,7.816827885080707,0.0,
2017-01-18,3.4658149571185115,3.477543592453003,3.45408632178402,3.477543592453003,56726520,7.76410109095272,0.0,
2017-01-19,3.4716795767793562,3.5185941203089035,3.4599509408969693,3.483408212661743,65682712,7.751029552568217,0.0,
2017-01-20,3.4834075934778617,3.5244579515857866,3.4599503258826725,3.50100040435791,66374597,7.712081371482118,0.0,
2017-01-23,3.506865320605593,3.5185939559400845,3.459950779267628,3.477543592453003,76860673,7.76410109095272,0.0,
2017-01-24,3.483407045406437,3.518592941263151,3.477542589613996,3.506864309310913,70558075,7.699185830576208,0.0,
2017-01-25,3.5009998535184725,3.518592941263151,3.4892712215662343,3.506864309310913,55538967,7.699185830576208,0.0,
2017-01-26,3.5127296963367156,3.5596445199502256,3.506865518155489,3.530322790145874,63626910,7.648025861930987,0.0,
2017-02-03,3.542050762465835,3.542050762465835,3.4951362272754563,3.50100040435791,37744692,7.712081371482118,0.0,
2017-02-06,3.506864309310913,3.530321573215389,3.495135677358675,3.506864309310913,44545327,7.699185830576208,0.0,
2017-02-07,3.5068649702566503,3.518593604419407,3.4775432450334103,3.489271879196167,49516289,7.738004069267329,0.0,
2017-02-08,3.4892718042146242,3.5010004381253426,3.477543170303906,3.495136260986328,38739565,7.725020709888031,0.0,
2017-02-09,3.495136916680342,3.5303228250134366,3.495136916680342,3.524458646774292,43595589,7.660750970850899,0.0,
2017-02-10,3.524458298565189,3.542051111177232,3.518593841272698,3.536186933517456,51703348,7.635342957716045,0.0,
2017-02-13,3.542050967574021,3.571372693582273,3.542050967574021,3.5537796020507812,63657396,7.5975448743132805,0.0,
2017-02-14,3.5537796020507812,3.559644059105513,3.5361867901519926,3.5537796020507812,37417916,7.5975448743132805,0.0,
2017-02-15,3.5537796748375445,3.612422848422446,3.547915497295409,3.59483003616333,95688205,7.510786248135505,0.0,
2017-02-16,3.6124227046966557,3.6358799731973326,3.5889654361959784,3.6124227046966553,71030179,7.474208365730904,0.0,
2017-02-17,3.618287862330766,3.6417451353740162,3.588966131210327,3.588966131210327,61584915,7.52305789826293,0.0,
2017-02-20,3.5889654759002405,3.706252099333851,3.583101298526546,3.659337282180786,149472631,7.378385187798083,0.0,
2017-02-21,3.6652018462982827,3.770759558803898,3.6652018462982827,3.694523572921753,115804579,7.308114149789413,0.0,
2017-02-22,3.700387972600153,3.7355738788808925,3.6710665238492335,3.7238452434539795,62203289,7.250569837042069,0.0,
2017-02-23,3.723845371205023,3.7648957364238647,3.700388099546467,3.7355740070343018,64322891,7.22780486992292,0.0,
2017-02-24,3.729709105135565,3.7355732820958134,3.6300155801172083,3.6827945709228516,83800461,7.331389106841824,0.0,
2017-02-27,3.676930222894502,3.6886588567939786,3.647608498329466,3.6710660457611084,46900149,7.354811834882745,0.0,
2017-02-28,3.6652017732984508,3.706252133827167,3.653473138809204,3.653473138809204,38002247,7.3902281402293974,0.0,
2017-03-01,3.659337389120505,3.7473022893582058,3.6534732115754367,3.694523572921753,89247344,7.308114149789413,0.0,
2017-03-02,3.706252207644599,3.7590309240810518,3.6827949381989065,3.694523572921753,55061080,7.308114149789413,0.0,
2017-03-03,3.676930373567273,3.706252099333851,3.6534731048070914,3.659337282180786,38057530,7.378385187798083,0.0,
2017-03-06,3.6534731947655357,3.6710662865852126,3.6182872907588903,3.6241514682769775,70065975,7.450019745680374,0.0,
2017-03-07,3.6300161820071457,3.6593376309355157,3.624151724441835,3.647608995437622,42777000,7.402109171726251,0.0,
2017-03-08,3.641744504319957,3.671066230359426,3.641744504319957,3.653473138809204,34479685,7.3902281402293974,0.0,
2017-03-09,3.641744560096654,3.6534731947655357,3.6124228336080955,3.6241514682769775,42303464,7.450019745680374,0.0,
2017-03-10,3.6182871616381735,3.641744430138851,3.5948298931374967,3.6124227046966553,54404167,7.474208365730904,0.0,
2017-03-13,3.6124230889439413,3.6534734530029325,3.594830275513465,3.647608995437622,52190763,7.402109171726251,0.0,
2017-03-14,3.647608995437622,3.671066546066137,3.6358803599397285,3.647608995437622,53433076,7.402109171726251,0.0,
2017-03-15,3.6358802318573002,3.647608866942025,3.6124229616878503,3.6358802318573,50940175,7.425987182808747,0.0,
2017-03-16,3.6358802318573002,3.671066416744192,3.6300160541312967,3.6358802318573,64354652,7.425987182808747,0.0,
2017-03-17,3.6476086074476712,3.65933724169801,3.5889654361959784,3.6124227046966553,55238237,7.474208365730904,0.0,
2017-03-20,3.612422867699257,3.6358801372583915,3.6065586901258286,3.6182873249053955,36992975,7.4620939620116955,0.0,
2017-03-21,3.6182869564918536,3.6300155900772126,3.6006938662974735,3.606558322906494,43444781,7.486361672987154,0.0,
2017-03-22,3.600694008716786,3.600694008716786,3.5303222044211937,3.542050838470459,95639353,7.622702561677301,0.0,
2017-03-23,3.5479153496121705,3.5831012522984858,3.542050892681436,3.5596439838409424,45458594,7.585028200170273,0.0,
2017-03-24,3.5655084938880854,3.606558857336138,3.542051223241405,3.577237129211426,62055128,7.547724409858159,0.0,
2017-03-27,3.571372752083363,3.630015925427772,3.571372752083363,3.6241514682769775,74188250,7.450019745680374,0.0,
2017-03-28,3.635880102945859,3.647608737614741,3.6182872907588903,3.6241514682769775,40048282,7.450019745680374,0.0,
2017-03-29,3.6300155900772126,3.641744223662572,3.594829689321135,3.606558322906494,49217435,7.486361672987154,0.0,
2017-03-30,3.612422574945402,3.6241512087744705,3.5713724963600058,3.600693941116333,58388440,7.498554567964506,0.0,
2017-03-31,3.6065586008522166,3.682794864848673,3.600694143791241,3.653473138809204,99145580,7.3902281402293974,0.0,
2017-04-05,3.659337282180786,3.676930373567273,3.6476086478006953,3.659337282180786,68789653,7.378385187798083,0.0,
2017-04-06,3.653473138809204,3.671066230359426,3.641744504319957,3.653473138809204,57167544,7.3902281402293974,0.0,
2017-04-07,3.6476088102196624,3.6652019023895264,3.6241515404149864,3.6652019023895264,62245635,7.366579173277567,0.0,
2017-04-10,3.6534739660481055,3.6593381448041753,3.6124235962245472,3.6417453289031982,71941099,7.4140274954733645,0.0,
2017-04-11,3.630015795888512,3.6358799731973326,3.583101258887158,3.6124227046966553,68988119,7.474208365730904,0.0,
2017-04-12,3.6065583978472118,3.6065583978472118,3.577236673458196,3.600693941116333,46682921,7.498554567964506,0.0,
2017-04-13,3.588966131210327,3.600694767731952,3.577237494688702,3.588966131210327,35178037,7.52305789826293,0.0,
2017-04-14,3.583101987838745,3.5889661663405827,3.5479160779294556,3.583101987838745,61736619,7.535370215985913,0.0,
2017-04-17,3.565508858167077,3.606559225809141,3.5361874066793897,3.588966131210327,75785606,7.52305789826293,0.0,
2017-04-18,3.5831018273294504,3.5831018273294504,3.518594188902405,3.524458646774292,80065566,7.660750970850899,0.0,
2017-04-19,3.5244579515857866,3.5303221286682405,3.4951362272754563,3.50100040435791,52837734,7.712081371482118,0.0,
2017-04-20,3.501000526995715,3.512729161204156,3.4540859901619503,3.4599504470825195,80439641,7.803579968252665,0.0,
2017-04-21,3.465814610870653,3.5010005133589237,3.448221799442866,3.489271879196167,66202605,7.738004069267329,0.0,
2017-04-24,3.4834075934778617,3.5127290381555047,3.465814502965126,3.50100040435791,66284470,7.712081371482118,0.0,
2017-04-25,3.4892722978244137,3.5420512977053704,3.4892722978244137,3.5185940265655518,68187813,7.67351953540213,0.0,
2017-04-26,3.524458646774292,3.5420514611244682,3.5068655527913735,3.524458646774292,46063093,7.660750970850899,0.0,
2017-04-27,3.5185941541506818,3.53618724795984,3.4892724243463302,3.530322790145874,47083285,7.648025861930987,0.0,
2017-04-28,3.530322790145874,3.53618724795984,3.4892724243463302,3.530322790145874,49817923,7.648025861930987,0.0,
2017-05-02,3.518593604419407,3.5244580613171332,3.4716790677683798,3.489271879196167,43647838,7.738004069267329,0.0,
2017-05-03,3.4775436269905455,3.4834080845323965,3.4599508136304458,3.471679449081421,37684202,7.777215723975896,0.0,
2017-05-04,3.46581499153957,3.4775436269905455,3.4423577206376192,3.471679449081421,49225580,7.777215723975896,0.0,
2017-05-05,3.45408632178402,3.4834080499366102,3.4306290511150372,3.477543592453003,69914669,7.76410109095272,0.0,
2017-05-08,3.465814866248891,3.51859386368666,3.4423575961949306,3.5127294063568115,83742611,7.686330735051623,0.0,
2017-05-09,3.489271879196167,3.5068649702566503,3.4775432450334103,3.489271879196167,41602591,7.738004069267329,0.0,
2017-05-10,3.4834080499366102,3.5010008631219853,3.4658149571185115,3.477543592453003,56336309,7.76410109095272,0.0,
2017-05-11,3.4658151190217943,3.5010010266689546,3.4599509408969693,3.483408212661743,62432751,7.751029552568217,0.0,
2017-05-12,3.4775432646068425,3.5596439838409424,3.4716790873088055,3.5596439838409424,131214425,7.585028200170273,0.0,
2017-05-15,3.547915295311438,3.5772367406182553,3.5303222044211937,3.542050838470459,81020370,7.622702561677301,0.0,
2017-05-16,3.5361869560434886,3.5361869560434886,3.4892721363028514,3.5127294063568115,97379205,7.686330735051623,0.0,
2017-05-17,3.5068649702566503,3.512729147521681,3.4834077019311365,3.489271879196167,65408710,7.738004069267329,0.0,
2017-05-18,3.471679449081421,3.4951367199833716,3.4599508136304458,3.471679449081421,51654343,7.777215723975896,0.0,
2017-05-19,3.471679449081421,3.4892722624415207,3.46581499153957,3.471679449081421,35490170,7.777215723975896,0.0,
2017-05-22,3.4716790677683798,3.495136336093893,3.465814610870653,3.489271879196167,55736760,7.738004069267329,0.0,
2017-05-23,3.483407936415897,3.553779746129499,3.4716793014636296,3.536186933517456,123857379,7.635342957716045,0.0,
2017-05-24,3.53618724795984,3.5596445199502256,3.4951368821602964,3.530322790145874,83857581,7.648025861930987,0.0,
2017-05-25,3.5244582278614485,3.653473209748232,3.5185937706866035,3.59483003616333,253640333,7.510786248135505,0.0,
2017-05-26,3.5889655981401223,3.6358801372583915,3.577236963360555,3.6182873249053955,129086311,7.4620939620116955,0.0,
2017-05-31,3.6124229616878503,3.6652019593854708,3.594830148877122,3.6358802318573,118245366,7.425987182808747,0.0,
2017-06-01,3.6300159976825124,3.671066359657052,3.612422905512649,3.6652019023895264,117521130,7.366579173277567,0.0,
2017-06-02,3.6534734530029325,3.6886593594966133,3.6358803599397285,3.647608995437622,84013974,7.402109171726251,0.0,
2017-06-05,3.6358807128863018,3.6358807128863018,3.5713733512023156,3.583101987838745,154075636,7.535370215985913,0.0,
2017-06-06,3.577237494688702,3.600694767731952,3.5713733162442654,3.588966131210327,46665306,7.52305789826293,0.0,
2017-06-07,3.5889655789884856,3.618287305597291,3.58310140144635,3.59483003616333,79649199,7.510786248135505,0.0,
2017-06-08,3.5889661663405827,3.594830624475175,3.5655088930677232,3.583101987838745,81306371,7.535370215985913,0.0,
2017-06-09,3.588966131210327,3.606559225809141,3.5713733162442654,3.588966131210327,160320787,7.52305789826293,0.0,
2017-06-12,3.5772368710043017,3.588965505481062,3.5479154246287528,3.5537796020507812,87730943,7.5975448743132805,0.0,
2017-06-13,3.5537795269102075,3.5655081611389794,3.542050892681436,3.5596439838409424,54190376,7.585028200170273,0.0,
2017-06-14,3.5655081611389794,3.5655081611389794,3.5361867153833986,3.5596439838409424,87875867,7.585028200170273,0.0,
2017-06-15,3.5479161739349365,3.5596448108887397,3.542051715641654,3.5479161739349365,59495097,7.610100880724794,0.0,
2017-06-16,3.5479161739349365,3.5596448108887397,3.5361875369811337,3.5479161739349365,58186776,7.610100880724794,0.0,
2017-06-19,3.5479161739349365,3.5479161739349365,3.5479161739349365,3.5479161739349365,0,7.610100880724794,0.0,
2017-06-20,3.5596436374965017,3.571372270584107,3.5479150044088965,3.5713722705841064,46809725,7.560119179506337,0.0,
2017-06-21,3.577237494688702,3.5948305892875156,3.55964467972264,3.588966131210327,78471320,7.52305789826293,0.0,
2017-06-22,3.5831010557357756,3.653472857247931,3.5831010557357756,3.606558322906494,168314622,7.486361672987154,0.0,
2017-06-23,3.6006942329196896,3.6300159596849633,3.5713727857871267,3.6182873249053955,117204008,7.4620939620116955,0.0,
2017-06-26,3.612422346574389,3.6476082458372043,3.565507814223969,3.5713722705841064,224545164,7.560119179506337,0.0,
2017-06-27,3.583101987838745,3.5889661663405827,3.5596447145658856,3.583101987838745,131844232,7.535370215985913,0.0,
2017-06-28,3.577236673458196,3.6241512087744705,3.5713724963600058,3.600693941116333,150505063,7.498554567964506,0.0,
2017-06-29,3.6006938662974735,3.612422499882833,3.5889652327121144,3.606558322906494,72429631,7.486361672987154,0.0,
2017-06-30,3.6065585273878353,3.6182871616381735,3.5948298931374967,3.6124227046966553,71269897,7.474208365730904,0.0,
2017-07-03,3.612422758612702,3.6358800274634833,3.606558581216358,3.6300158500671387,90319495,7.437984051640056,0.0,
2017-07-04,3.630015850067139,3.6358800274634833,3.600694124187312,3.6300158500671387,108667626,7.437984051640056,0.0,
2017-07-05,3.6300160541312967,3.647608866942025,3.6124229616878503,3.6358802318573,101217323,7.425987182808747,0.0,
2017-07-06,3.6417444844925293,3.647608661888874,3.6182872156417485,3.6300158500671387,116730066,7.437984051640056,0.0,
2017-07-07,3.6370691206386727,3.6370691206386727,3.606402607869302,3.618669271469116,100154687,14.964064394316992,0.2715,
2017-07-10,3.6186694036227776,3.6309360676705698,3.6186694036227776,3.624802589416504,55793123,14.938744570008902,0.0,
2017-07-11,3.630935956374498,3.698402752799521,3.6186692927027058,3.6738691329956055,176431548,14.73922941720221,0.0,
2017-07-12,3.680002633656904,3.753602616139562,3.673869155553182,3.704535961151123,167020323,14.6172153726843,0.0,
2017-07-13,3.7106696418474243,3.772002963931607,3.7045361634088314,3.7597362995147705,129075659,14.402605844188749,0.0,
2017-07-14,3.7781360647583693,3.802669393039111,3.753602736477627,3.7965362071990967,111267431,14.26300107379966,0.0,
2017-07-17,3.80880285594434,3.99280310976652,3.7965361918535505,3.9069361686706543,358592407,13.859965369852636,0.0,
2017-07-18,3.882403183568092,3.9682698397914553,3.864003332036126,3.900803327560425,174047612,13.881756000722445,0.0,
2017-07-19,3.900802954791791,3.9498696108019464,3.894669476560352,3.9192028045654297,153975339,13.816585336416212,0.0,
2017-07-20,3.9069361686706543,3.9314694968522326,3.870136176398286,3.9069361686706543,108802695,13.859965369852636,0.0,
2017-07-21,3.9008031177620937,3.90693630378943,3.882402974759383,3.8885364532470703,71566514,13.925547735262395,0.0,
2017-07-24,3.8762699972108923,3.9498699882594894,3.8701365183933256,3.900803327560425,129378141,13.881756000722445,0.0,
2017-07-25,3.919202484825807,3.986669277565809,3.906935821824017,3.9560024738311768,155138347,13.688060196675922,0.0,
2017-07-26,3.962136372231802,4.060269686665172,3.9376030436234597,3.9805362224578857,138499348,6.82068909380142,0.0,
2017-07-27,3.9682691368329666,3.986669277565809,3.9253359625568596,3.9560024738311768,105710950,6.86298863046632,0.0,
2017-07-28,3.9376026526235077,3.9437358379364014,3.9008026633651958,3.9437358379364014,66474416,6.884335339814876,0.0,
2017-07-31,3.937602786014469,3.9805359620400864,3.9192026445318278,3.9253361225128174,69569313,6.91660513969434,0.0,
2017-08-01,3.9314691478275967,3.962135951562229,3.9130692995550698,3.9560024738311768,81904978,6.86298863046632,0.0,
2017-08-02,3.9498694396865,4.041869561950101,3.9437359617207743,4.035736083984375,132828146,6.727397291350015,0.0,
2017-08-03,4.029603570155802,4.078670232219008,3.974403429104509,3.9928035736083984,97011090,6.799733445305413,0.0,
2017-08-04,3.9744030649892794,4.029603200983408,3.962136400597289,3.9682695865631104,74164764,6.8417730720544165,0.0,
2017-08-07,3.96826958656311,3.9805362509551,3.91920292899515,3.9682695865631104,73518573,6.8417730720544165,0.0,
2017-08-08,3.9560025010225055,3.962135978795716,3.925335989537404,3.9437358379364014,62925995,6.884335339814876,0.0,
2017-08-09,3.9314696618472915,3.937603140380265,3.8701363388193215,3.876269817352295,77804481,7.004156387272582,0.0,
2017-08-10,3.876270115076842,3.8946699671682934,3.8149364948776694,3.8517367839813232,87940991,7.048768262907252,0.0,
2017-08-11,3.827202344691166,3.8701358111876236,3.753602367091793,3.8578691482543945,163785643,7.037563731855657,0.0,
2017-08-14,3.827202903539252,3.8517365254484224,3.8088030526828196,3.8210697174072266,93972210,7.105340129313982,0.0,
2017-08-15,3.827203160425429,3.8885367806246016,3.821069973881737,3.8517367839813232,91153405,7.048768262907252,0.0,
2017-08-16,3.8394698607240154,3.8578697115804474,3.8088030526828196,3.8210697174072266,53819027,7.105340129313982,0.0,
2017-08-17,3.8272027146699905,3.8456028570787475,3.8149360505509335,3.8394696712493896,41646844,7.071289090601204,0.0,
2017-08-18,3.821069849011352,3.8394699929618725,3.80880318386446,3.8272030353546143,42479764,7.093953403881638,0.0,
2017-08-21,3.8333363821316335,3.8456030468560405,3.814936238814845,3.8210697174072266,50629749,7.105340129313982,0.0,
2017-08-22,3.8272030353546143,3.8333365141582436,3.80880318386446,3.8272030353546143,52300412,7.093953403881638,0.0,
2017-08-23,3.827202894906946,3.8762698461542593,3.8210697087887544,3.8640031814575195,86926012,7.026391730288093,0.0,
2017-08-24,3.8578691753790952,3.9008026421774185,3.8394693270800393,3.845602512359619,80990403,7.060012030037151,0.0,
2017-08-25,3.851736531944469,4.0664033112138105,3.851736531944469,4.060269832611084,322610892,6.686747708720714,0.0,
2017-08-28,4.078669388140133,4.158402843722225,4.060269247444144,4.109335899353027,277323209,6.606906971093429,0.0,
2017-08-29,4.09093658291672,4.115469912060361,4.0602697752569945,4.084803104400635,97959221,6.646587193089136,0.0,
2017-08-30,4.084803211087746,4.164536679117235,4.060269881303344,4.078670024871826,149442612,6.656581639220299,0.0,
2017-08-31,4.090936215834601,4.097069401340001,3.986669430099875,4.035736083984375,138646312,6.727397291350015,0.0,
2017-09-01,4.029603250958451,4.048003101544457,3.9560029712333744,3.9866697788238525,110135612,6.810195352575652,0.0,
2017-09-04,3.9498691283298957,4.029602580837217,3.9498691283298957,4.005069255828857,77797513,6.778908994017197,0.0,
2017-09-05,4.02346942051325,4.0786695523634755,4.005069571536726,4.035736083984375,98077744,6.727397291350015,0.0,
2017-09-06,4.029602474860171,4.060268984083952,3.9866690109945235,4.011202335357666,65920367,6.768544124707966,0.0,
2017-09-07,4.011203079174867,4.041869886545641,3.9928032287206827,3.998936414718628,52145048,6.789305251284003,0.0,
2017-09-08,3.986669729381269,4.011203058165249,3.962136400597289,3.9682695865631104,60180148,6.8417730720544165,0.0,
2017-09-11,3.986670285870498,4.0112036180790245,3.9682701404839094,3.9744036197662354,80656152,6.831213585095542,0.0,
2017-09-12,3.9928032573260888,3.9989364433679735,3.9560029712333744,3.9866697788238525,66138835,6.810195352575652,0.0,
2017-09-13,3.974402614564019,3.9805357998347564,3.9560024738311768,3.9560024738311768,47188857,6.86298863046632,0.0,
2017-09-14,3.9560028250338113,3.9744029674001657,3.894669504579865,3.9069361686706543,79248896,6.949179312862403,0.0,
2017-09-15,3.9008034886839487,3.9069366752944807,3.864003491639618,3.894670009613037,66916238,6.971065567297587,0.0,
2017-09-18,3.9069363326361035,3.9192029972416975,3.864003152746701,3.876269817352295,87718232,7.004156387272582,0.0,
2017-09-19,3.882403135299683,3.8946698003219424,3.8333364752106447,3.8824031352996826,129783798,6.99309140597639,0.0,
2017-09-20,3.876269288884395,3.8946691370540814,3.851735963017937,3.8578691482543945,73092069,7.037563731855657,0.0,
2017-09-21,3.8640031242170227,3.90693630378943,3.851736459701999,3.8885364532470703,88186346,6.982061329868403,0.0,
2017-09-22,3.882403343931594,3.913070154365392,3.8701366782501503,3.894670009613037,94034923,6.971065567297587,0.0,
2017-09-25,3.8946693175285243,3.937602786014469,3.8824026540268726,3.9253361225128174,117485025,6.91660513969434,0.0,
2017-09-26,3.9192028045654297,3.9253362827968687,3.894669476560352,3.9192028045654297,84697516,6.927429212995386,0.0,
2017-09-27,3.90693630378943,3.919202968304454,3.882402974759383,3.8885364532470703,77148282,6.982061329868403,0.0,
2017-09-28,3.882403135299683,3.8946698003219424,3.857869805255164,3.8824031352996826,66852153,6.99309140597639,0.0,
2017-09-29,3.876269817352295,3.900803146563483,3.8701363388193215,3.876269817352295,52691422,7.004156387272582,0.0,
2017-10-09,3.974403134197047,3.998936463408235,3.8701363388193215,3.876269817352295,176870345,7.004156387272582,0.0,
2017-10-10,3.882403154517569,3.92533662853818,3.8762699682062616,3.9130699634552,79942332,6.938286371968375,0.0,
2017-10-11,3.9192031497665076,3.931469814849487,3.8885366332892413,3.9130699634552,80255969,6.938286371968375,0.0,
2017-10-12,3.9069363326361035,3.9192029972416975,3.8701363388193215,3.876269817352295,71199474,7.004156387272582,0.0,
2017-10-13,3.8824031645194883,3.9008033084215428,3.8701364994049072,3.8701364994049072,64470963,7.015256439708193,0.0,
2017-10-16,3.882403343931594,3.894670009613037,3.8701366782501503,3.894670009613037,62729412,6.971065567297587,0.0,
2017-10-17,3.8885365108509986,3.8946696969691903,3.8578697028789724,3.8640031814575195,63941570,7.026391730288093,0.0,
2017-10-18,3.8701366782501503,3.9008034886839487,3.864003491639618,3.894670009613037,91529799,6.971065567297587,0.0,
2017-10-19,3.894669476560352,3.9253362827968687,3.882402812557813,3.9192028045654297,93804149,6.927429212995386,0.0,
2017-10-20,3.906936513917624,3.9130699927351906,3.8885366623856585,3.900803327560425,37814504,6.960104809226489,0.0,
2017-10-23,3.888536481957889,3.900803146563483,3.876269817352295,3.876269817352295,55465154,7.004156387272582,0.0,
2017-10-24,3.882403343931594,3.913070154365392,3.8701366782501503,3.894670009613037,73334977,6.971065567297587,0.0,
2017-10-25,3.8946696680305095,3.9069363326361035,3.8701363388193215,3.876269817352295,55422523,7.004156387272582,0.0,
2017-10-26,3.8762693435669644,3.8824025288899433,3.821069213358569,3.8333358764648438,116971040,7.082603996871287,0.0,
2017-10-27,3.8333366394294965,3.876270115076842,3.821069973881737,3.8517367839813232,93019416,7.048768262907252,0.0,
2017-10-30,3.8640029994875045,3.8701361853168623,3.8149360505509335,3.8394696712493896,103298220,7.071289090601204,0.0,
2017-10-31,3.827202825515591,3.8394697824502733,3.8088029750342693,3.8149361610412598,64296760,7.11676391265997,0.0,
2017-11-01,3.814936085653971,3.8210695640001076,3.7781360929581846,3.7842695713043213,95540013,7.174436040676202,0.0,
2017-11-02,3.78426970315223,3.7965363678115422,3.7536028952737723,3.790402889251709,75341489,7.162826958840747,0.0,
2017-11-03,3.784270149056778,3.814936668088349,3.765870003669524,3.8026700019836426,119308174,7.139720245468934,0.0,
2017-11-06,3.7965361571364507,3.8026693428955904,3.772002829179215,3.7781360149383545,59431878,7.1860832676885495,0.0,
2017-11-07,3.7842699887608124,3.8210699855161394,3.7720033231757037,3.8088033199310303,113704370,7.128223150281132,0.0,
2017-11-08,3.8088029750342693,3.8333363039829322,3.7965363105599383,3.8149361610412598,101928666,7.11676391265997,0.0,
2017-11-09,3.814936085653971,3.8210695640001076,3.7781360929581846,3.7842695713043213,82711689,7.174436040676202,0.0,
2017-11-10,3.7781359382956956,3.784269416390751,3.7413359471063607,3.747469425201416,122418268,7.244888995602883,0.0,
2017-11-13,3.7536028210761776,3.79653629276528,3.747469635097934,3.7597362995147705,138115763,7.221251129634801,0.0,
2017-11-14,3.7536030400426577,3.7597365188390466,3.7168030446454194,3.729069709777832,107410808,7.280636221095885,0.0,
2017-11-15,3.7290695779496508,3.7352030565292123,3.7045362485521154,3.7229363918304443,65914858,7.292630639507447,0.0,
2017-11-16,3.7290693672956614,3.7290693672956614,3.698402853511262,3.71066951751709,59453325,7.316738898959346,0.0,
2017-11-17,3.7106696592396187,3.8333363039829322,3.7045361807722776,3.8149361610412598,266290819,7.11676391265997,0.0,
2017-11-20,3.8026698409082877,3.8272031720785056,3.7658698441529608,3.8088033199310303,149405710,7.128223150281132,0.0,
2017-11-21,3.802669705060831,3.857869844452027,3.7842698535706765,3.8272030353546143,183311589,7.093953403881638,0.0,
2017-11-22,3.833336184125918,3.943736160943022,3.827202705850353,3.9069361686706543,221479655,6.949179312862403,0.0,
2017-11-23,3.906936513917624,3.974403318609022,3.8762699972108923,3.900803327560425,246848890,6.960104809226489,0.0,
2017-11-24,3.894669504579865,3.937602975127798,3.8762696546738513,3.9069361686706543,115617285,6.949179312862403,0.0,
2017-11-27,3.900803298372221,3.9192031497665076,3.85786982435161,3.9130699634552,151845767,6.938286371968375,0.0,
2017-11-28,3.900803279063254,3.906936465344202,3.876269949018735,3.8824031352996826,73991392,6.99309140597639,0.0,
2017-11-29,3.8885365108509986,3.8946696969691903,3.8333363734854937,3.8640031814575195,72684788,7.026391730288093,0.0,
2017-11-30,3.857869834290326,3.913069973536124,3.8517366479632185,3.8701364994049072,76055647,7.015256439708193,0.0,
2017-12-01,3.8824030034249155,3.913069811169077,3.8701363388193215,3.876269817352295,72362364,7.004156387272582,0.0,
2017-12-04,3.8701364702774232,3.900803279063254,3.8640032839964755,3.8824031352996826,56154677,6.99309140597639,0.0,
2017-12-05,3.8824029358191803,3.9928032078074382,3.8824029358191803,3.9682695865631104,228990441,6.8417730720544165,0.0,
2017-12-06,3.9560025010225055,3.9805358271947133,3.9314691748502972,3.9437358379364014,113030793,6.884335339814876,0.0,
2017-12-07,3.9314691748502972,3.9560025010225055,3.9008026633651958,3.9437358379364014,93665576,6.884335339814876,0.0,
2017-12-08,3.9314698442671565,3.9437365094419228,3.8885366623856585,3.900803327560425,73636351,6.960104809226489,0.0,
2017-12-11,3.900803279063254,3.900803279063254,3.8701364702774232,3.8824031352996826,59683492,6.99309140597639,0.0,
2017-12-12,3.882403032272451,3.8946696969691903,3.8578697028789724,3.8640031814575195,42179603,7.026391730288093,0.0,
2017-12-13,3.8640033130777995,3.8885366433069617,3.845603169175745,3.8701364994049072,47097715,7.015256439708193,0.0,
2017-12-14,3.8701366360727745,3.8946699671682934,3.8394701184335642,3.8517367839813232,51075351,7.048768262907252,0.0,
2017-12-15,3.845603026448791,3.851736505008624,3.7904028892517085,3.790402889251709,73558579,7.162826958840747,0.0,
2017-12-18,3.7904027571901135,3.808802899768179,3.7781360929581846,3.7842695713043213,49118474,7.174436040676202,0.0,
2017-12-19,3.7842698535706765,3.8272030353546143,3.7842698535706765,3.8272030353546143,50430750,7.093953403881638,0.0,
2017-12-20,3.8272023986815475,3.8394693542481404,3.7904024093627235,3.8333358764648438,63097216,7.082603996871287,0.0,
2017-12-21,3.81493616104126,3.8456029684572637,3.8026694965669288,3.8149361610412598,53508803,7.11676391265997,0.0,
2017-12-22,3.8210699855161394,3.8272031720785056,3.8088033199310303,3.8088033199310303,31242398,7.128223150281132,0.0,
2017-12-25,3.8026700019836426,3.839470292758151,3.7965368151614842,3.8026700019836426,49422372,7.139720245468934,0.0,
2017-12-26,3.7965363879584126,3.827202903539252,3.790402909366031,3.8210697174072266,61030879,7.105340129313982,0.0,
2017-12-27,3.821069639508601,3.8333363039829322,3.778136167618266,3.8149361610412598,76234971,7.11676391265997,0.0,
2017-12-28,3.8088028211150684,3.8088028211150684,3.7781360149383545,3.7781360149383545,71766350,7.1860832676885495,0.0,
2017-12-29,3.7842699887608124,3.8149365064933964,3.77813650973807,3.8088033199310303,53546113,7.128223150281132,0.0,
2018-01-02,3.8088033083339776,3.8946699671682934,3.8026698293299104,3.8517367839813232,132531238,7.048768262907252,0.0,0.76295616
2018-01-03,3.845603038182233,3.882403032272451,3.8333363734854937,3.8640031814575195,72983558,7.026391730288093,0.0,0.76538596
2018-01-04,3.8701358111876236,3.876269288884395,3.845602485321166,3.8578691482543945,60992676,7.037563731855657,0.0,0.76417106
2018-01-05,3.8640034495290827,3.8701366360727745,3.8394701184335642,3.8517367839813232,77008114,7.048768262907252,0.0,0.76295616
2018-01-08,3.857869834290326,3.8762699781923806,3.8517366479632185,3.8701364994049072,72616429,7.015256439708193,0.0,0.76660086
2018-01-09,3.8701366360727745,3.876270115076842,3.845603304977256,3.8517367839813232,56887449,7.048768262907252,0.0,0.76295616
2018-01-10,3.8456030096081335,3.9192029972416975,3.8456030096081335,3.876269817352295,232440363,7.004156387272582,0.0,0.76781575
2018-01-11,3.888536823002505,3.913070154365392,3.882403343931594,3.894670009613037,110643183,6.971065567297587,0.0,0.77146045
2018-01-12,3.894669504579865,3.919202832761443,3.894669504579865,3.9069361686706543,98332802,6.949179312862403,0.0,0.77389025
2018-01-15,3.9130702892449207,3.986670285870498,3.9069368099625947,3.9744036197662354,245883740,6.831213585095542,0.0,0.78725413
2018-01-16,3.9560029428916144,4.005069893176922,3.943736278435375,3.998936414718628,211403554,6.789305251284003,0.0,0.79211372
2018-01-17,4.0112028903911625,4.11546967959215,4.005069704681871,4.017336368560791,312844740,6.7582092981988655,0.0,0.79575842
2018-01-18,4.035737053538771,4.084803719211155,3.98053690842714,4.066403865814209,516049363,6.676660975130123,0.0,0.8054776
2018-01-19,4.109336396959002,4.195203340657625,4.097069732496392,4.140003204345703,648570084,6.557965938649765,0.0,0.82005638
2018-01-22,4.1154695106803585,4.213602817684018,4.060269379260638,4.090936183929443,459300606,6.636622714051181,0.0,0.8103372
2018-01-23,4.097069049969942,4.287202463696451,4.084802387550822,4.281069278717041,556312581,6.34187354429741,0.0,0.84799904
2018-01-24,4.324004096271542,4.36693728194088,4.238137140012084,4.317870616912842,480108877,6.287821569654049,0.0,0.85528843
2018-01-25,4.287202835083008,4.311736454506817,4.219736332163594,4.287202835083008,274862062,6.332800439910684,0.0,0.84921394
2018-01-26,4.268803509225901,4.354670164120917,4.256536844240898,4.305603504180908,316905127,6.305736228065658,0.0,0.85285864
2018-01-29,4.299469982222623,4.354669824115035,4.213603041571602,4.244269847869873,318342457,6.396859995512803,0.0,0.84070965
2018-01-30,4.2258702633949765,4.244270408094744,4.121603459170509,4.1338701248168945,261701728,6.567695447665421,0.0,0.81884148
2018-01-31,4.1216031103216535,4.182936725822738,4.1154699242477575,4.158403396606445,220891689,6.528948110747587,0.0,0.82370108
2018-02-01,4.164536440991546,4.225869761945551,4.127736448419144,4.219736576080322,402670997,6.434050920121513,0.0,0.83585006
2018-02-02,4.189069825882461,4.201336490238735,4.140003168457363,4.1952033042907715,163380195,6.471676824870803,0.0,0.83099047
2018-02-05,4.152269826205505,4.416003255675864,4.140003161868753,4.403736591339111,403293687,6.165218885570104,0.0,0.87229701
2018-02-06,4.330136605318595,4.434403398411167,4.2810699479715835,4.403736591339111,573706812,6.165218885570104,0.0,0.87229701
2018-02-07,4.4037371753990975,4.569337312138692,4.293337181726164,4.397603988647461,548557929,6.173816485087901,0.0,0.87108211
2018-02-08,4.31786988960673,4.330136553797531,4.133869634284372,4.219736576080322,373918550,6.434050920121513,0.0,0.83585006
2018-02-09,4.115469377071795,4.140002703026236,3.9008026287402755,4.109335899353027,496145510,6.606906971093429,0.0,0.81398189
2018-02-12,4.048002428363335,4.066402568349757,3.9866691158424357,4.005069255828857,197921579,6.778908994017197,0.0,0.79332862
2018-02-13,4.035736589935727,4.097069914980575,4.017336738652454,4.023469924926758,192788801,6.747906783594073,0.0,0.79697331
2018-02-14,4.035736218149002,4.035736218149002,3.980536084463695,4.017336368560791,98550254,6.7582092981988655,0.0,0.79575842
2018-02-22,4.084803133164056,4.097069797822253,4.048003139189467,4.072536468505859,179309019,6.666606968398947,0.0,0.8066925
2018-02-23,4.072535463359792,4.115468925297211,4.054135617143956,4.097068786621094,188711855,6.626688838776115,0.0,0.81155209
2018-02-26,4.109335899353027,4.146136180745004,4.078669388140133,4.109335899353027,156824495,6.606906971093429,0.0,0.81398189
2018-02-27,4.109336064811125,4.115469542776851,4.011202757042125,4.035736083984375,194510363,6.727397291350015,0.0,0.79940311
2018-02-28,4.0112031079120944,4.023469772456215,3.9744031142797316,3.9866697788238525,117997201,6.810195352575652,0.0,0.78968392
2018-03-01,3.956002893849543,4.005069843526575,3.943736229545372,3.9805362224578857,79178559,6.82068909380142,0.0,0.78846903
2018-03-02,3.9560028185260823,3.980536146667303,3.9376029686503373,3.9498696327209473,91125779,6.873644581858561,0.0,0.78239453
2018-03-05,3.949869288560439,3.974402614564019,3.9314691478275967,3.9560024738311768,89072205,6.86298863046632,0.0,0.78360943
2018-03-06,3.9744030649892794,3.9805362509551,3.93146959338714,3.9682695865631104,116217067,6.8417730720544165,0.0,0.78603923
2018-03-07,3.9805362509551,4.023469722557239,3.962136400597289,3.9682695865631104,143817556,6.8417730720544165,0.0,0.78603923
2018-03-08,3.980536806588172,3.9989369519747613,3.9437368082753834,3.9744036197662354,75559342,6.831213585095542,0.0,0.78725413
2018-03-09,3.986670285870498,3.992803765152824,3.9560034743796466,3.9744036197662354,78253844,6.831213585095542,0.0,0.78725413
2018-03-12,3.992803074804339,3.992803074804339,3.9498696046323443,3.9621362686157227,106084504,6.8523640176276865,0.0,0.78482433
2018-03-13,3.962136268615723,4.011202924549238,3.9560027903938644,3.9621362686157227,134136220,6.8523640176276865,0.0,0.78482433
2018-03-14,3.9560025010225055,3.9560025010225055,3.9314691748502972,3.9437358379364014,60954074,6.884335339814876,0.0,0.78117964
2018-03-15,3.9314694903848615,3.9560028185260823,3.9314694903848615,3.9498696327209473,49968458,6.873644581858561,0.0,0.78239453
2018-03-16,3.9437364799324666,3.949869958704139,3.906936484683528,3.9130699634552,76574988,6.938286371968375,0.0,0.77510514
2018-03-19,3.900803298372221,3.9192031497665076,3.8885366332892413,3.9130699634552,53504100,6.938286371968375,0.0,0.77510514
2018-03-20,3.894669476560352,3.9314694685679688,3.894669476560352,3.9192028045654297,54165986,6.927429212995386,0.0,0.77632004
2018-03-21,3.9253362827968687,3.9498696108019464,3.9069361405628906,3.9192028045654297,66141739,6.927429212995386,0.0,0.77632004
2018-03-22,3.9192028045654297,3.9314694685679688,3.900802954791791,3.9192028045654297,70061981,6.927429212995386,0.0,0.77632004
2018-03-23,3.8578696742137275,3.8824030034249155,3.8026695372583776,3.876269817352295,213780018,7.004156387272582,0.0,0.76781575
2018-03-26,3.84560347958031,3.8517369588628574,3.790403335878936,3.8026700019836426,85791183,7.139720245468934,0.0,0.75323697
2018-03-27,3.8333368134756034,3.84560347958031,3.790403335878936,3.8026700019836426,89103669,7.139720245468934,0.0,0.75323697
2018-03-28,3.7781360647583693,3.839469677920566,3.7781360647583693,3.7965362071990967,90072016,7.151255386032516,0.0,0.75202208
2018-03-29,3.802669386431876,3.8640029994875045,3.765869394074704,3.8394696712493896,96402642,7.071289090601204,0.0,0.76052636
2018-03-30,3.845603026448791,3.851736505008624,3.772003038492918,3.790402889251709,105894175,7.162826958840747,0.0,0.75080718
2018-04-02,3.7904026789169727,3.814936006874208,3.772002829179215,3.7781360149383545,94753653,7.1860832676885495,0.0,0.75805919
2018-04-03,3.765869485493014,3.7781361499098507,3.741336156659341,3.7597362995147705,82760250,7.221251129634801,0.0,0.75436734
2018-04-04,3.765869407310976,3.7842695497844057,3.753602743148804,3.7536027431488037,55431352,7.233050980036461,0.0,0.75313672
2018-04-09,3.753602610836139,3.7720027526609727,3.7413359471063607,3.747469425201416,55435329,7.244888995602883,0.0,0.75190611
2018-04-10,3.753602838669603,3.821069639508601,3.741336174195272,3.8149361610412598,115193802,7.11676391265997,0.0,0.76544288
2018-04-11,3.821069973881737,3.8885367806246016,3.8026698293299104,3.8517367839813232,136795230,7.048768262907252,0.0,0.77282657
2018-04-12,3.8394697824502733,3.8701362974059266,3.8088029750342693,3.8149361610412598,71877184,7.11676391265997,0.0,0.76544288
2018-04-13,3.8333361996202098,3.845602863760581,3.7965362071990967,3.7965362071990967,54901436,7.151255386032516,0.0,0.76175103
2018-04-16,3.790402872213823,3.796536350746087,3.7290695491929564,3.7352030277252197,103036908,7.2686811930902335,0.0,0.74944488
2018-04-17,3.741336164348572,3.7597363072418175,3.716802835464478,3.7168028354644775,80372285,7.304665111892369,0.0,0.74575303
2018-04-18,3.753602532308602,3.7597360102753417,3.722936019855884,3.741335868835449,86528781,7.256766286650141,0.0,0.75067549
2018-04-19,3.7290692833765826,3.7597360889311946,3.7229360977418597,3.747469425201416,55252302,7.244888995602883,0.0,0.75190611
2018-04-20,3.7352031885742214,3.747469853706634,3.6984031931769836,3.729069709777832,94190598,7.280636221095885,0.0,0.74821426
2018-04-23,3.710669698516873,3.753602878401303,3.710669698516873,3.7352030277252197,49124999,7.2686811930902335,0.0,0.74944488
2018-04-24,3.7352030445149813,3.802669553911021,3.7352030445149813,3.790402889251709,82582978,7.162826958840747,0.0,0.76052042
2018-04-25,3.7720026185019058,3.7842692817953947,3.753602477331511,3.765869140625,57528193,7.209491085899514,0.0,0.75559795
2018-04-26,3.7781361499098507,3.7904028143266872,3.7352029706810974,3.7597362995147705,62078607,7.221251129634801,0.0,0.75436734
2018-04-27,3.772003038492918,3.7965363678115422,3.7597363738336056,3.790402889251709,55487616,7.162826958840747,0.0,0.76052042
2018-05-02,3.7965362071990967,3.8088028713394677,3.7597362147779836,3.7965362071990967,65789774,7.151255386032516,0.0,0.76175103
2018-05-03,3.772003173828125,3.7904030252470813,3.7597365087286985,3.772003173828125,55210563,7.197767008357538,0.0,0.75682857
2018-05-04,3.7658691957817547,3.778135859254907,3.735202683329036,3.741335868835449,51601551,7.256766286650141,0.0,0.75067549
2018-05-07,3.747469635097934,3.765869485493014,3.716802827825668,3.7597362995147705,62444510,7.221251129634801,0.0,0.75436734
2018-05-08,3.7536028952737723,3.8210696971301665,3.7474697091742937,3.790402889251709,94459961,7.162826958840747,0.0,0.76052042
2018-05-09,3.7965362071990967,3.802669393039111,3.7781360647583693,3.7965362071990967,44763903,7.151255386032516,0.0,0.76175103
2018-05-10,3.7965368151614842,3.821070147370897,3.77813666977423,3.8026700019836426,48930260,7.139720245468934,0.0,0.76298165
2018-05-11,3.8026694965669288,3.8394697824502733,3.7965363105599383,3.8149361610412598,75086535,7.11676391265997,0.0,0.76544288
2018-05-14,3.8149363702077226,3.8456031793051353,3.802669705060831,3.8272030353546143,72166125,7.093953403881638,0.0,0.76790411
2018-05-15,3.8272031720785056,3.833336651101248,3.7904031753231786,3.8088033199310303,63036343,7.128223150281132,0.0,0.76421226
2018-05-16,3.7965359450888836,3.802669130505467,3.765869140625,3.765869140625,52546390,7.209491085899514,0.0,0.75559795
2018-05-17,3.772002963931607,3.7781361499098507,3.7536028210761776,3.7597362995147705,48004306,7.221251129634801,0.0,0.75436734
2018-05-18,3.7597363738336056,3.7965363678115422,3.7536028952737723,3.790402889251709,53944493,7.162826958840747,0.0,0.76052042
2018-05-21,3.8088034812661906,3.814936668088349,3.7965368151614842,3.8026700019836426,58580485,7.139720245468934,0.0,0.76298165
2018-05-22,3.802669553911021,3.808803032470854,3.7781362245923966,3.790402889251709,59063006,7.162826958840747,0.0,0.76052042
2018-05-23,3.7904026020254737,3.7904026020254737,3.747469425201416,3.747469425201416,62595631,7.244888995602883,0.0,0.75190611
2018-05-24,3.753602878401303,3.7597363569335664,3.7352030277252197,3.7352030277252197,50119084,7.2686811930902335,0.0,0.74944488
2018-05-25,3.741335868835449,3.753602532308602,3.722936019855884,3.741335868835449,49240142,7.256766286650141,0.0,0.75067549
2018-05-28,3.7352031885742214,3.747469853706634,3.710669858309396,3.729069709777832,50530085,7.280636221095885,0.0,0.74821426
2018-05-29,3.722936019855884,3.747469346802189,3.686136029436426,3.741335868835449,95314103,7.256766286650141,0.0,0.75067549
2018-05-30,3.710668800161625,3.716801984748687,3.6677353382110596,3.6677353382110596,81988592,7.402387985072672,0.0,0.73590811
2018-05-31,3.6922693252563477,3.70453598909599,3.667735997577063,3.6922693252563477,81708175,7.353201407677655,0.0,0.74083057
2018-06-01,3.6922689539632843,3.7106690941026046,3.6738688138239635,3.686135768890381,42402585,7.365436788610971,0.0,0.73959995
2018-06-04,3.7045360392840063,3.7229361815229174,3.6922693752781788,3.71066951751709,51611221,7.316738898959346,0.0,0.74452241
2018-06-05,3.7106694392548443,3.7168026248982327,3.6984027755077347,3.704535961151123,45075039,7.3288531369968375,0.0,0.7432918
2018-06-06,3.70453598909599,3.7106694672459786,3.686136139566694,3.6922693252563477,44313015,7.353201407677655,0.0,0.74083057
2018-06-07,3.6984031200408936,3.7229364498205713,3.6922696413657943,3.6984031200408936,47241113,7.34100613664305,0.0,0.74206118
2018-06-08,3.6984027808557065,3.6984027808557065,3.6493358333359827,3.66160249710083,71866103,7.4147862913838205,0.0,0.73467749
2018-06-11,3.6493358333359827,3.6677359752134207,3.6370691695711352,3.66160249710083,45376747,7.4147862913838205,0.0,0.73467749
2018-06-12,3.6493359392813676,3.6616026034023337,3.6370692751604015,3.6554694175720215,37160778,7.427226683798424,0.0,0.73344687
2018-06-13,3.6432027534510554,3.6616026034023337,3.6370692751604015,3.6554694175720215,46758808,7.427226683798424,0.0,0.73344687
2018-06-14,3.6370691695711352,3.6677359752134207,3.6370691695711352,3.66160249710083,52137362,7.4147862913838205,0.0,0.73467749
2018-06-15,3.661602151217852,3.6922689539632843,3.655468966144949,3.686135768890381,57851335,7.365436788610971,0.0,0.73959995
2018-06-19,3.655469646696278,3.7168029711454715,3.6432029818064393,3.6984031200408936,227077457,7.34100613664305,0.0,0.74206118
2018-06-20,3.6861361170908586,3.692269302743116,3.6554693114485732,3.66160249710083,59036467,7.4147862913838205,0.0,0.73467749
2018-06-21,3.6616026034023337,3.6800027458139537,3.6493359392813676,3.6554694175720215,59225936,7.427226683798424,0.0,0.73344687
2018-06-22,3.6432027534510554,3.6554694175720215,3.6370692751604015,3.6554694175720215,41653131,7.427226683798424,0.0,0.73344687
2018-06-25,3.6677361171751204,3.6738693030647656,3.594136131737308,3.600269317626953,55065119,7.54110251337958,0.0,0.72237133
2018-06-26,3.588002663204915,3.5941361415716875,3.514402677565716,3.5328028202056885,66733424,7.685116147642586,0.0,0.70883456
2018-06-27,3.526669080359002,3.551202407086413,3.45306910017677,3.502135753631592,78098629,7.75241221641577,0.0,0.70268149
2018-06-28,3.4653359499840755,3.514402606078803,3.4469358077183823,3.4837357997894287,61427238,7.793357923881902,0.0,0.69898964
2018-06-29,3.4960030902858326,3.526669902070603,3.4837364240640025,3.520536422729492,35294023,7.711892944698027,0.0,0.70637333
2018-07-02,3.5144022332998,3.520535418430913,3.4162689315195207,3.434668779373169,56705677,7.90469234269364,0.0,0.68878289
2018-07-03,3.434669484110929,3.4837361450687414,3.4162696324819333,3.477602958679199,61157205,7.807101708445644,0.0,0.69739268
2018-07-04,3.4653359499840755,3.5082691278367926,3.4592024717420644,3.4837357997894287,43232296,7.793357923881902,0.0,0.69862265
2018-07-05,3.471469206379344,3.538936006112116,3.471469206379344,3.5328028202056885,69940397,7.685116147642586,0.0,0.7084624
2018-07-06,3.5328028202056885,3.5512026703853157,3.477602684746117,3.5328028202056885,49705276,7.685116147642586,0.0,0.7084624
2018-07-09,3.5450698278520028,3.661603003504554,3.5328031623906617,3.649336338043213,66907015,7.439708890893276,0.0,0.73183182
2018-07-10,3.6432026200462904,3.686136089127729,3.6248024783084363,3.6738691329956055,59225611,7.390029153777284,0.0,0.7367517
2018-07-11,3.6248028763375046,3.6677363501333433,3.6125362113187456,3.643203020095825,56970168,7.452233611533922,0.0,0.73060186
2018-07-12,3.649335828058963,3.7106694392548443,3.6432026424155746,3.704535961151123,90986676,7.3288531369968375,0.0,0.74290155
2018-07-13,3.7106690941026046,3.7229357567087162,3.6738688138239635,3.686135768890381,81993528,7.365436788610971,0.0,0.73921164
2018-07-16,3.6768632926136333,3.6768632926136333,3.599591283614976,3.6060304641723633,72257323,15.449120730816196,0.2856,0.68878289
2018-07-17,3.6253488981510884,3.638227567305819,3.5480768832227056,3.567394733428955,62022352,15.616438371105609,0.0,0.68140308
2018-07-18,3.5867123822657474,3.6060302297336664,3.5480763802782596,3.560955047607422,41592718,8.020320284354403,0.0,0.68017311
2018-07-19,3.573834047466848,3.5867127159943166,3.5223190663052955,3.5351977348327637,40480520,8.07875602504341,0.0,0.67525323
2018-07-20,3.5416371003666995,3.657545113112828,3.5030010961179903,3.6317877769470215,96263368,7.86389562222942,0.0,0.69370277
2018-07-23,3.618909293777648,3.6897421253787575,3.5931519562957326,3.651106119155884,85142325,7.822287018763213,0.0,0.69739268
2018-07-24,3.6511063588928727,3.715499706825823,3.644666870573726,3.683302879333496,90760386,7.753910263596898,0.0,0.70354253
2018-07-25,3.68974167273152,3.6961808527862168,3.644666184142062,3.6575448513031006,47908088,7.8085166856736485,0.0,0.69862265
2018-07-26,3.6704242496245314,3.6833029193510427,3.631788240444997,3.644666910171509,41796248,7.836107030877079,0.0,0.69616271
2018-07-27,3.6446669101715083,3.65754557989802,3.6189095707184857,3.644666910171509,38416230,7.836107030877079,0.0,0.69616271
2018-07-30,3.6382271900539815,3.6833023738957955,3.6253485222346544,3.676863193511963,49474919,7.767490520287991,0.0,0.70231256
2018-07-31,3.663985210859427,3.715499891770002,3.6446670519921023,3.7026212215423584,65278261,7.713454412737118,0.0,0.70723244
2018-08-01,3.702621062853912,3.7283784022052813,3.61890955643611,3.6253490447998047,55803837,7.8778621443268815,0.0,0.6924728
2018-08-02,3.6124697169240725,3.6446662317211542,3.5480763802782596,3.560955047607422,63504003,8.020320284354403,0.0,0.68017311
2018-08-03,3.5673942277461785,3.5995910495949097,3.554515560417016,3.560955047607422,31676557,8.020320284354403,0.0,0.68017311
2018-08-06,3.5673944548130465,3.618909127408638,3.554515786664149,3.57383394241333,50651558,7.991417749173335,0.0,0.68263305
2018-08-07,3.586713048966359,3.6189095697481513,3.5609557095202424,3.6124703884124756,51806650,7.905947157825946,0.0,0.69001286
2018-08-08,3.612470175144731,3.612470175144731,3.573834168256492,3.5867128372192383,44157953,7.962722776028659,0.0,0.68509299
2018-08-09,3.5802735605789766,3.6317882394712098,3.567394890855918,3.6124703884124756,43341982,7.905947157825946,0.0,0.69001286
2018-08-10,3.6124702033242704,3.6253488723874785,3.580273377140405,3.5931520462036133,32559538,7.948452955163811,0.0,0.68632295
2018-08-13,3.567394985525029,3.5802736555898527,3.528758975330558,3.554516315460205,50807318,8.034848475945825,0.0,0.67894314
2018-08-14,3.554516315460205,3.5609558040184743,3.528758975330558,3.554516315460205,32096166,8.034848475945825,0.0,0.67894314
2018-08-15,3.548076734959497,3.548076734959497,3.5094404220581055,3.5094404220581055,37543910,8.138049536470273,0.0,0.67033335
2018-08-16,3.496561476123937,3.5351974789093683,3.4708041409336494,3.5158796310424805,52535059,8.123144987057415,0.0,0.67156332
2018-08-17,3.535197501614497,3.541636988979255,3.4772436505899638,3.4901223182678223,33796506,8.183094285983241,0.0,0.66664344
2018-08-20,3.5030014129115448,3.548076908803937,3.4901227436639606,3.541637420654297,44703854,8.064066590623415,0.0,0.6764832
2018-08-21,3.5416376179674307,3.5738344464060012,3.535198129459032,3.54807710647583,41562807,8.04943047823658,0.0,0.67771317
2018-08-22,3.548076908803937,3.548076908803937,3.5223192632570735,3.541637420654297,32886014,8.064066590623415,0.0,0.6764832
2018-08-23,3.5480771339536505,3.567394985525029,3.528758975330558,3.554516315460205,30499897,8.034848475945825,0.0,0.67894314
2018-08-24,3.5480770137866107,3.670424221732897,3.5351980371062606,3.638227701187134,98683059,7.849975962384385,0.0,0.69493274
2018-08-27,3.638227004087365,3.663984338409443,3.6124696697652876,3.6575448513031006,74546625,7.8085166856736485,0.0,0.69862265
2018-08-28,3.65110593259721,3.6704237811957308,3.6253485964314036,3.6317877769470215,48933704,7.86389562222942,0.0,0.69370277
2018-08-29,3.638227701187134,3.65110637081578,3.6189095432183125,3.638227701187134,42332850,7.849975962384385,0.0,0.69493274
2018-08-30,3.638227541450686,3.657545391519653,3.5931520462036133,3.5931520462036133,43863324,7.948452955163811,0.0,0.68632295
2018-08-31,3.606030690005283,3.657545365897236,3.5995915090446333,3.6189093589782715,75502971,7.891880444351157,0.0,0.69124283
2018-09-03,3.6124703619298417,3.6446668824756046,3.6124703619298417,3.638227701187134,48189010,7.849975962384385,0.0,0.69493274
2018-09-04,3.6317877026184875,3.6833023738957955,3.618909034799161,3.676863193511963,59001365,7.767490520287991,0.0,0.70231256
2018-09-05,3.657545391519653,3.6704240605828606,3.5931520462036133,3.5931520462036133,51055184,7.948452955163811,0.0,0.68632295
2018-09-06,3.59315179600592,3.618909132338806,3.5867126154485334,3.6060304641723633,31667494,7.920066201258491,0.0,0.68878289
2018-09-07,3.6060307280338932,3.625348885222946,3.567394720707479,3.580273389816284,36466099,7.977044457341151,0.0,0.68386302
2018-09-10,3.5738342215321666,3.586712890686897,3.541637395119494,3.567394733428955,34184945,8.005842395957211,0.0,0.68140308
2018-09-11,3.5673945596772745,3.5867127159943166,3.5158798855674,3.5351977348327637,45575550,8.07875602504341,0.0,0.67525323
2018-09-12,3.5223192632570735,3.560955578051521,3.515880082159129,3.541637420654297,51498167,8.064066590623415,0.0,0.6764832
2018-09-13,3.5673944596730345,3.606030464172363,3.5545157915065917,3.6060304641723633,49973282,7.920066201258491,0.0,0.68878289
2018-09-14,3.618909132338806,3.618909132338806,3.59315179600592,3.6060304641723633,27807338,7.920066201258491,0.0,0.68878289
2018-09-17,3.6060307280338932,3.6060307280338932,3.567394720707479,3.580273389816284,27761949,7.977044457341151,0.0,0.68386302
2018-09-18,3.5738341710986568,3.6253488469906094,3.5738341710986568,3.6189093589782715,42883415,7.891880444351157,0.0,0.69124283
2018-09-19,3.6189091088641185,3.6446664450299244,3.6124699283485002,3.6317877769470215,53230856,7.86389562222942,0.0,0.69370277
2018-09-20,3.6382277144754895,3.651106384151174,3.599591705448436,3.6253490447998047,81140867,7.8778621443268815,0.0,0.6924728
2018-09-21,3.625349636921111,3.734818500569619,3.612470965141978,3.728379011154175,120573150,7.660165427001166,0.0,0.71215231
2018-09-25,3.6897425513147146,3.7090607101820394,3.6833030626750336,3.7026212215423584,47304111,7.713454412737118,0.0,0.70723244
2018-09-26,3.7026209168558806,3.773453750804989,3.7026209168558806,3.7348177433013916,88518574,7.646959493866599,0.0,0.71338228
2018-09-27,3.7476962016146658,3.7476962016146658,3.6961812207898688,3.7412567138671875,55234974,7.633798529285811,0.0,0.71461225
2018-09-28,3.7476963869957216,3.792771575251024,3.741256898929712,3.76057505607605,85471723,7.594583161916935,0.0,0.71830216
2018-10-08,3.676863204984144,3.696181053247577,3.651105869265124,3.663984537124634,98016161,7.794792721044856,0.0,0.67871367
2018-10-09,3.651105869265124,3.6897418728436535,3.644666381809538,3.663984537124634,59991452,7.794792721044856,0.0,0.67871367
2018-10-10,3.6704241690449355,3.7026209961802263,3.6446668301573832,3.68974232673645,48887748,7.740377910145588,0.0,0.68348494
2018-10-11,3.6317881053873866,3.6511062627846105,3.5351979325046576,3.541637420654297,99974684,8.064066590623415,0.0,0.65605012
2018-10-12,3.5480768580082307,3.606030715266821,3.5480768580082307,3.5931520462036133,74261990,7.948452955163811,0.0,0.66559267
2018-10-15,3.593151791110842,3.612469946860023,3.554515786664149,3.57383394241333,57593131,7.991417749173335,0.0,0.66201421
2018-10-16,3.5738341961346465,3.6124702033242704,3.5673947080771975,3.5931520462036133,51556868,7.948452955163811,0.0,0.66559267
2018-10-17,3.6189095432183125,3.657545552104251,3.6060308735896665,3.638227701187134,71563091,7.849975962384385,0.0,0.6739424
2018-10-18,3.6446664686716916,3.6511059562807477,3.599591283614976,3.6060304641723633,64936138,7.920066201258491,0.0,0.66797831
2018-10-19,3.618909034799161,3.7026205291506167,3.5867125187766735,3.676863193511963,91205307,7.767490520287991,0.0,0.68109931
2018-10-22,3.6833027345423908,3.799211063317033,3.6833027345423908,3.76057505607605,132599508,7.594583161916935,0.0,0.69660595
2018-10-23,3.7541356475709,3.7670143169241634,3.7090604583603257,3.7154996395111084,94525475,7.686718549583273,0.0,0.68825622
2018-10-24,3.7090597030426453,3.8442855501885007,3.7090597030426453,3.7670135498046875,104896357,7.581602673417722,0.0,0.69779877
2018-10-25,3.7155006823775283,3.831408739089966,3.7090614994193962,3.831408739089966,104350096,7.454177286964052,0.0,0.70972695
2018-10-26,3.8314078123468884,3.8442864821998373,3.786332621387423,3.805650472640991,86301289,7.504630339890447,0.0,0.70495568
2018-10-29,3.8764825412775394,3.9086793630480297,3.7927710503155843,3.812089204788208,146092426,7.491954795844484,0.0,0.70614849
2018-10-30,3.82496924508672,3.9022412766112784,3.818529755600461,3.863605260848999,116500727,7.392059507063657,0.0,0.71569104
2018-10-31,3.8700447503352584,3.9086807660975373,3.8378479170074797,3.863605260848999,92634939,7.392059507063657,0.0,0.71569104
2018-11-01,3.8764830389455174,3.889361707896764,3.799211025238037,3.799211025238037,95579015,7.517350263061682,0.0,0.70376286
2018-11-02,3.8442856976493633,3.87648251923679,3.7927710287507983,3.837846517562866,119908776,7.44167331061909,0.0,0.71091977
2018-11-05,3.8249678720860745,3.8249678720860745,3.7927710503155843,3.812089204788208,69807593,7.491954795844484,0.0,0.70614849
2018-11-06,3.8185293674468994,3.8442867086701846,3.8120901856669422,3.8185293674468994,58767885,7.479319196409757,0.0,0.70734131
2018-11-07,3.818528675975568,3.8636041684797675,3.7863321588025736,3.792771339416504,63938786,7.530113851892215,0.0,0.70257004
2018-11-08,3.831408739089966,3.857166085026063,3.8056513931538687,3.831408739089966,45989151,7.454177286964052,0.0,0.70972695
2018-11-09,3.805650270198807,3.805650270198807,3.721939074133526,3.7348177433013916,76649905,7.646959493866599,0.0,0.69183467
2018-11-12,3.7348177179153934,3.7798929061706956,3.728378229849384,3.76057505607605,47411907,7.594583161916935,0.0,0.69660595
2018-11-13,3.7348177179153934,3.7863323942367053,3.728378229849384,3.76057505607605,54298833,7.594583161916935,0.0,0.69660595
2018-11-14,3.7670142756305274,3.7670142756305274,3.709060417701974,3.7219390869140625,48660833,7.673419508775383,0.0,0.68944904
2018-11-15,3.728377549612781,3.7670135498046875,3.7090597030426453,3.7670135498046875,42997044,7.581602673417722,0.0,0.69779877
2018-11-16,3.7670135498046875,3.7927708832659586,3.7476957032345517,3.7670135498046875,64993483,7.581602673417722,0.0,0.69779877
2018-11-19,3.78633235628679,3.8249683631405302,3.7734536873355435,3.799211025238037,57843829,7.517350263061682,0.0,0.70376286
2018-11-20,3.786331703426458,3.799210370157094,3.7412562163434164,3.7670135498046875,54368056,7.581602673417722,0.0,0.69779877
2018-11-21,3.7476957032345517,3.7734530366958228,3.7412562163434164,3.7670135498046875,38629377,7.581602673417722,0.0,0.69779877
2018-11-22,3.7734537660286787,3.7734537660286787,3.7283782702334487,3.7541356086730957,37926542,7.607610107109203,0.0,0.69541313
2018-11-23,3.7412569372063493,3.7670142756305274,3.721939086914063,3.7219390869140625,37413243,7.673419508775383,0.0,0.68944904
2018-11-26,3.7541363547124402,3.7541363547124402,3.7155003393750414,3.728379011154175,36534420,7.660165427001166,0.0,0.69064185
2018-11-27,3.7348177433013916,3.760575081637123,3.7154995860237463,3.7348177433013916,38760060,7.646959493866599,0.0,0.69183467
2018-11-28,3.7348177583692075,3.7734537660286787,3.7348177583692075,3.7541356086730957,37978617,7.607610107109203,0.0,0.69541313
2018-11-29,3.773453750804989,3.773453750804989,3.7348177433013916,3.7348177433013916,37457148,7.646959493866599,0.0,0.69183467
2018-11-30,3.7348170365039164,3.7670135498046875,3.728377549612781,3.7670135498046875,54482515,7.581602673417722,0.0,0.69779877
2018-12-03,3.8185283849113167,3.8249678720860745,3.7927710503155843,3.812089204788208,74370670,7.491954795844484,0.0,0.70614849
2018-12-04,3.8120891831135837,3.837846517562866,3.799210515888942,3.837846517562866,54424377,7.44167331061909,0.0,0.71091977
2018-12-05,3.81852914249394,3.8314078123468884,3.7992112912403715,3.805650472640991,44481765,7.504630339890447,0.0,0.70495568
2018-12-06,3.76701427789292,3.7798929471127436,3.7412569394532724,3.7541356086730957,51298719,7.607610107109203,0.0,0.69541313
2018-12-07,3.760575518636101,3.7798933711068905,3.754136029778018,3.773454189300537,30353854,7.568662177211697,0.0,0.69899158
2018-12-10,3.7476971723487518,3.7605758441278847,3.7155003393750414,3.728379011154175,39810836,7.660165427001166,0.0,0.69064185
2018-12-11,3.7219391277135894,3.741256978217636,3.7090604583603257,3.7154996395111084,34852437,7.686718549583273,0.0,0.68825622
2018-12-12,3.7541348954510103,3.7541348954510103,3.6897415615855356,3.709059715270996,45268927,7.70006475830312,0.0,0.6870634
2018-12-13,3.70906040496566,3.7541355935273435,3.696181428746101,3.7348177433013916,65093629,7.646959493866599,0.0,0.69183467
2018-12-14,3.7283786035935798,3.7348180923051033,3.6897425924796026,3.6961817741394043,59294801,7.7268927085302055,0.0,0.68467776
2018-12-17,3.6961817329026774,3.7219393804096836,3.676863881087071,3.7026212215423584,66813157,7.713454412737118,0.0,0.68587058
2018-12-18,3.676863204984144,3.709060028158749,3.651105869265124,3.663984537124634,50025585,7.794792721044856,0.0,0.67871367
2018-12-19,3.6768631935119624,3.6961810417151226,3.6639845256926358,3.676863193511963,50058810,7.767490520287991,0.0,0.68109931
2018-12-20,3.6704237811957308,3.702620604928822,3.5867125921826943,3.6317877769470215,88626836,7.86389562222942,0.0,0.67274958
2018-12-21,3.6317882128469585,3.6446668824756046,3.59315220396102,3.638227701187134,63879041,7.849975962384385,0.0,0.6739424
2018-12-24,3.6124703884124756,3.6317882394712098,3.5931522303020347,3.6124703884124756,53081065,7.905947157825946,0.0,0.66917112
2018-12-25,3.593152217084741,3.6446668957874793,3.535198050018308,3.6253490447998047,80805629,7.8778621443268815,0.0,0.67155676
2018-12-26,3.6124696697652876,3.6768630055704814,3.606030182658946,3.6575448513031006,61278497,7.8085166856736485,0.0,0.67752085
2018-12-27,3.689742367652643,3.7090605255583795,3.6575455401603163,3.683302879333496,71055135,7.753910263596898,0.0,0.68229213
2018-12-28,3.6897429958167756,3.7476971723487518,3.6897429958167756,3.728379011154175,83356134,7.660165427001166,0.0,0.69064185
2019-01-02,3.715499462860673,3.734817619497951,3.631787962518606,3.651106119155884,64983644,7.822287018763213,0.0,0.65943702
2019-01-03,3.6511062527217257,3.721939086914063,3.6446667645898345,3.7219390869140625,64537499,7.673419508775383,0.0,0.67223033
2019-01-04,3.7026213471202736,3.7798933711068905,3.6897426764558374,3.773454189300537,75883629,7.568662177211697,0.0,0.68153456
2019-01-07,3.7026209317938013,3.7798929471127436,3.7412569394532724,3.7541356086730957,49010705,7.607610107109203,0.0,0.67804547
2019-01-08,3.7605743699651875,3.7734530366958228,3.7412562163434164,3.7670135498046875,39004129,7.581602673417722,0.0,0.68037153
2019-01-09,3.7992115163037403,3.8442867099334377,3.779893356854065,3.786332845687866,71727353,7.5429184818038575,0.0,0.68386061
2019-01-10,3.7927708832659586,3.805649549996594,3.7670135498046875,3.7670135498046875,45158553,7.581602673417722,0.0,0.68037153
2019-01-11,3.7927710503155843,3.8249678720860745,3.779892383017718,3.812089204788208,47767496,7.491954795844484,0.0,0.68851272
2019-01-14,3.805650007696036,3.8314073442551004,3.7863321588025736,3.792771339416504,38688837,7.530113851892215,0.0,0.68502364
2019-01-15,3.8120908831637847,3.837848229099882,3.8056513931538687,3.831408739089966,53423576,7.454177286964052,0.0,0.69200181
2019-01-16,3.8249678503382247,3.8442856976493633,3.799210515888942,3.837846517562866,49121459,7.44167331061909,0.0,0.69316484
2019-01-17,3.8507259706521664,3.8507259706521664,3.786332621387423,3.805650472640991,54176788,7.504630339890447,0.0,0.6873497
2019-01-18,3.844285924850051,3.857164592835833,3.818528588878487,3.8507254123687744,59051770,7.416784356595116,0.0,0.69549089
2019-01-21,3.8378469174561536,3.8829224109649663,3.8378469174561536,3.882922410964966,75387781,7.355284751338208,0.0,0.70130604
2019-01-22,3.876483678817749,3.8958018389592173,3.863605007740683,3.876483678817749,46587965,7.367501675825509,0.0,0.70014301
2019-01-23,3.8893626046905188,3.8893626046905188,3.85716577136274,3.863605260848999,37306869,7.392059507063657,0.0,0.69781695
2019-01-24,3.8764827770004806,3.889361445081479,3.8378467727574854,3.8571646213531494,38491667,7.4044026645616015,0.0,0.69665392
2019-01-25,3.882923167882151,3.9086805100362834,3.8571655186762808,3.876483678817749,58882190,7.367501675825509,0.0,0.70014301
2019-01-28,3.895800851786434,3.9086795196001223,3.8571645412937086,3.8700435161590576,46730235,7.379761979613408,0.0,0.69897998
2019-01-29,3.8636044556472706,3.9730732976855476,3.8636044556472706,3.9537551403045654,100612909,7.22351258145945,0.0,0.71409935
2019-01-30,3.940876018450365,3.953754686207981,3.9086795025821552,3.927997350692749,56219259,7.270880667718145,0.0,0.70944723
2019-01-31,3.9473160900803483,4.031027596420463,3.927997932058897,4.024588108062744,85692276,7.096378370443356,0.0,0.72689266
2019-02-01,4.043905839401591,4.043905839401591,3.9730730101989584,4.005269527435303,64164286,7.13060626865924,0.0,0.72340357
2019-02-11,3.97307300567627,3.9923908545857514,3.947315669095846,3.9730730056762695,65840546,7.188390437124302,0.0,0.71758843
2019-02-12,3.9859524331697314,3.99239161501547,3.9473164209401053,3.9666342735290527,52302301,7.200058798108104,0.0,0.7164254
2019-02-13,3.9730736509592086,4.050345673250541,3.947316310195431,4.037467002868652,88261686,7.073742021843868,0.0,0.72921871
2019-02-14,4.03102714251062,4.037466323091556,3.985951650237385,3.9988303184509277,47536908,7.1420884922828165,0.0,0.72224054
2019-02-15,3.9923914304481416,4.005270100595973,3.915119409561157,3.9151194095611572,63164850,7.294796661949392,0.0,0.70712118
2019-02-18,3.953754849715116,3.9859516739664818,3.927997513134692,3.9730730056762695,59968544,7.188390437124302,0.0,0.71758843
2019-02-19,3.9666337815129773,4.005269788950243,3.9408764432214665,3.9473159313201904,72558628,7.235296210619765,0.0,0.71293632
2019-02-20,3.9666338095413223,3.9795124787780787,3.9344372899752784,3.9537551403045654,58994527,7.22351258145945,0.0,0.71409935
2019-02-21,3.960194401773901,3.9730730702735038,3.9279975769990543,3.9408762454986572,70903826,7.247119224467342,0.0,0.71177329
2019-02-22,3.9473163925525094,3.992391586303711,3.9151195624001693,3.992391586303711,92884431,7.153606900179299,0.0,0.72107752
2019-02-25,4.005269507562495,4.211328506469727,3.9988303269678447,4.211328506469727,251269024,6.78170794705856,0.0,0.76062048
2019-02-26,4.1662531638032,4.211328657792102,4.0889811515808105,4.0889811515808105,204089171,6.984625005903642,0.0,0.73852294
2019-02-27,4.1018607162539835,4.198450906156007,4.095421534021448,4.140496730804443,181562527,6.897723113151975,0.0,0.74782717
2019-02-28,4.153374189202047,4.172692344360697,4.10829900558463,4.121177673339844,115113175,6.930057926101179,0.0,0.74433808
2019-03-01,4.146935335761589,4.249964685925309,4.114738510309586,4.243525505065918,206883728,6.730252938483601,0.0,0.76643562
2019-03-04,4.288600421652558,4.4109479207784466,4.249964417778856,4.314357757568359,285914946,6.6197570078418515,0.0,0.77922893
2019-03-05,4.314358180837868,4.378751833996515,4.288600842395087,4.333676338195801,136875093,6.590247579931205,0.0,0.78271801
2019-03-06,4.34011554514061,4.378751860086686,4.275722198649979,4.307919025421143,141799565,6.629651075488351,0.0,0.7780659
2019-03-07,4.314358285541925,4.320797773834745,4.217768417563228,4.230647087097168,169171188,6.750740350596407,0.0,0.76410956
2019-03-08,4.179131828875061,4.2113286541322505,4.050345141949667,4.056784629821777,184980024,7.04005822494321,0.0,0.7327078
2019-03-11,4.063224512480444,4.101860525231637,4.037467170646316,4.069664001464844,110820617,7.017778369349424,0.0,0.73503385
2019-03-12,4.108299759671835,4.146935770029198,4.063224260729055,4.082542419433594,131808156,6.995640722322825,0.0,0.73735991
2019-03-13,4.082542643413819,4.134057326716549,4.037467141998065,4.095421314239502,120092299,6.9736414909740345,0.0,0.73968597
2019-03-14,4.088980901633065,4.140495573299046,4.076102233716569,4.1018595695495605,106744229,6.962695703192071,0.0,0.740849
2019-03-15,4.1018597675761335,4.14049577319086,4.088981099037891,4.108299255371094,106851886,6.951781801839613,0.0,0.74201202
2019-03-18,4.121177656734417,4.179131507873535,4.095420321327775,4.179131507873535,138790553,6.833955798278329,0.0,0.75480534
2019-03-19,4.185571470448054,4.198450139613519,4.14693546295166,4.14693546295166,85766733,6.887013375335211,0.0,0.74899019
2019-03-20,4.146936385340587,4.192011890971552,4.140496895799695,4.172693729400635,107882389,6.844499465361517,0.0,0.75364231
2019-03-21,4.159813676605483,4.166252856957261,4.114738185936407,4.121177673339844,119219369,6.930057926101179,0.0,0.74433808
2019-03-22,4.127617611311708,4.134057099897106,4.095421089539864,4.114738941192627,83422748,6.9409020616316655,0.0,0.74317505
2019-03-25,4.05678524660839,4.082542587909571,3.98595240450428,3.992391586303711,142615959,7.153606900179299,0.0,0.72107752
2019-03-26,4.018148419511552,4.018148419511552,3.9601945624380033,3.9859519004821777,73612299,7.165164235058913,0.0,0.71991449
2019-03-27,3.979513168334961,4.031028161260029,3.966634496866631,3.979513168334961,79808777,7.1767572544431575,0.0,0.71875146
2019-03-28,3.9730737640150937,3.9795129458634073,3.915119592121617,3.9344377517700195,98628768,7.258978741537205,0.0,0.71061026
2019-03-29,3.9344367601635417,4.043905587460733,3.9215580926610283,4.018147945404053,137876125,7.10775222516803,0.0,0.72572963
2019-04-01,4.024588499729251,4.088981854314572,4.018149010744852,4.069664001464844,209485702,7.017778369349424,0.0,0.712375
2019-04-02,4.076102251421121,4.114738255338422,4.031027067043435,4.043905735015869,137773493,7.062479165303275,0.0,0.7078663
2019-04-03,3.9344371237168123,4.056784629821777,3.9086797863317333,4.056784629821777,464035029,7.04005822494321,0.0,0.71012065
2019-04-04,4.037465780489475,4.1211772661532065,4.031026600773911,4.076101779937744,333633580,7.006694518907771,0.0,0.71350218
2019-04-08,4.088980901633065,4.166252909132037,4.069663053284153,4.1018595695495605,321093496,6.962695703192071,0.0,0.71801088
2019-04-09,4.0954210895527146,4.0954210895527146,4.056785079195352,4.082542419433594,136973445,6.995640722322825,0.0,0.71462935
2019-04-10,4.069663298514317,4.076102479334746,4.0117091358720485,4.056784629821777,155590335,7.04005822494321,0.0,0.71012065
2019-04-11,4.0567844315576425,4.095420435747033,4.018148120316585,4.050344944000244,144983055,7.051251287203524,0.0,0.70899347
2019-04-12,4.0567844315576425,4.063223612063374,4.024587607873984,4.050344944000244,83362503,7.051251287203524,0.0,0.70899347
2019-04-15,4.1018596162527645,4.1340564399364235,4.050344944000244,4.050344944000244,190065227,7.051251287203524,0.0,0.70899347
2019-04-16,4.043906763638111,4.192011636519405,4.031028092389813,4.185572147369385,324475190,6.823439901268897,0.0,0.73266416
2019-04-17,4.166253089904785,4.204889402382355,4.146935240717677,4.166253089904785,146793958,6.8550804244714545,0.0,0.72928263
2019-04-18,4.159814440135266,4.1662536216689485,4.108299759658945,4.114738941192627,112249220,6.9409020616316655,0.0,0.72026523
2019-04-19,4.121177424331531,4.166252605225432,4.114737937317178,4.134056091308594,90203813,6.9084693988657575,0.0,0.72364676
2019-04-22,4.134057184258679,4.140496365923762,4.031027821203569,4.037467002868652,153431778,7.073742021843868,0.0,0.70673912
2019-04-23,4.037467002868652,4.056785161967347,4.031027821203569,4.037467002868652,87212835,7.073742021843868,0.0,0.70673912
2019-04-24,4.0567849357479275,4.063224117053942,3.99239128037756,4.024588108062744,103699075,7.096378370443356,0.0,0.70448477
2019-04-25,4.018148871804002,4.031027849327468,3.9988310196222527,4.011709690093994,98796197,7.119159212971575,0.0,0.70223042
2019-04-26,4.005270511271621,4.02458867199999,3.97307398612667,3.979513168334961,107529707,7.1767572544431575,0.0,0.69659454
2019-05-06,3.9730732314600905,4.088981252658877,3.87648306026859,3.9859519004821777,249767413,7.165164235058913,0.0,0.69772172
2019-05-07,3.9666335824978636,3.9795122509974665,3.9279975769990543,3.9408762454986572,109315348,7.247119224467342,0.0,0.68983149
2019-05-08,3.92799782553118,3.9473159830287208,3.889361817587795,3.895801305770874,89446865,7.3309693586513,0.0,0.68194126
2019-05-09,3.8958020941767777,3.921559438018297,3.85716577136274,3.863605260848999,97599365,7.392059507063657,0.0,0.67630538
2019-05-10,3.895801305770874,3.915119156216718,3.8442863214613303,3.895801305770874,104895106,7.3309693586513,0.0,0.68194126
2019-05-13,3.870043596485815,3.889361445081479,3.8507254408384837,3.8571646213531494,65829257,7.4044026645616015,0.0,0.6751782
2019-05-14,3.8442862033844,3.889361698126374,3.837847022450796,3.8442862033843994,80140637,7.4292075274875735,0.0,0.67292385
2019-05-15,3.85716577136274,3.882923422256018,3.8442870994419804,3.863605260848999,75971560,7.392059507063657,0.0,0.67630538
2019-05-16,3.85716577136274,3.8700447503352584,3.8442870994419804,3.863605260848999,74262172,7.392059507063657,0.0,0.67630538
2019-05-17,3.8636038520121487,3.8700433391502926,3.8249678503382247,3.837846517562866,83733932,7.44167331061909,0.0,0.67179668
2019-05-20,3.837847022450796,3.8764830292074794,3.8249683535319017,3.8442862033843994,87255592,7.4292075274875735,0.0,0.67292385
2019-05-21,3.844285953272151,3.882922264566813,3.844285953272151,3.8571646213531494,80385540,7.4044026645616015,0.0,0.6751782
2019-05-22,3.8571646213531494,3.870043596485815,3.8378467727574854,3.8571646213531494,73756760,7.4044026645616015,0.0,0.6751782
2019-05-23,3.857164364874005,3.857164364874005,3.8249678503382247,3.837846517562866,74578963,7.44167331061909,0.0,0.67179668
2019-05-24,3.844285953272151,3.863604108919482,3.844285953272151,3.8571646213531494,66413126,7.4044026645616015,0.0,0.6751782
2019-05-27,3.8507254408384837,3.863604108919482,3.824968104676487,3.8571646213531494,86382834,7.4044026645616015,0.0,0.6751782
2019-05-28,3.85716577136274,3.8893626046905188,3.8442870994419804,3.863605260848999,133242477,7.392059507063657,0.0,0.67630538
2019-05-29,3.8507256913696906,3.8636043602885852,3.837847022450796,3.8442862033843994,62534429,7.4292075274875735,0.0,0.67292385
2019-05-30,3.8507254123687744,3.857164592835833,3.8249680763972105,3.8507254123687744,98055603,7.416784356595116,0.0,0.67405103
2019-05-31,3.8442856976493633,3.8636038520121487,3.8249678503382247,3.837846517562866,80198762,7.44167331061909,0.0,0.67179668
2019-06-03,3.844285953272151,3.870043596485815,3.8378467727574854,3.8571646213531494,76759831,7.4044026645616015,0.0,0.6751782
2019-06-04,3.863604254589281,3.8829224109649663,3.85716476678016,3.882922410964966,90991305,7.355284751338208,0.0,0.67968691
2019-06-05,3.8893620419647785,3.927998052137072,3.8893620419647785,3.9086802005767822,81670144,7.30681420183354,0.0,0.68419561
2019-06-06,3.9151193820796406,3.9344375406916448,3.9022407120222096,3.9086802005767822,73611990,7.30681420183354,0.0,0.68419561
2019-06-10,3.9215590810216616,3.9473164225183774,3.915119592121617,3.9344377517700195,82670535,7.258978741537205,0.0,0.68870431
2019-06-11,3.9344370126310997,3.9666335299275644,3.927997524940803,3.9601943492889404,111513701,7.211767272262282,0.0,0.69321301
2019-06-12,3.953754849715116,3.9795121862955396,3.940876181424904,3.9730730056762695,74430199,7.188390437124302,0.0,0.69546737
2019-06-13,3.9666342735290527,3.9795129442722614,3.9408769320426353,3.9666342735290527,59344493,7.200058798108104,0.0,0.69434019
2019-06-14,3.9795121862955396,3.9859516739664818,3.9601943373860578,3.9730730056762695,66612186,7.188390437124302,0.0,0.69546737
2019-06-17,3.97307398612667,3.99883132906333,3.966634496866631,3.979513168334961,54982135,7.1767572544431575,0.0,0.69659454
2019-06-18,3.979513168334961,3.985952657595,3.96019531465834,3.979513168334961,56902922,7.1767572544431575,0.0,0.69659454
2019-06-19,4.018148871804002,4.024588360565735,3.9988310196222527,4.011709690093994,110159590,7.119159212971575,0.0,0.70223042
2019-06-20,4.018148092019336,4.076102251421121,4.005269424046903,4.043905735015869,147041516,7.062479165303275,0.0,0.7078663
2019-06-21,4.043905507457688,4.063223354803455,4.024587353060274,4.031026840209961,94947178,7.085043372847505,0.0,0.70561195
2019-06-24,4.037466275937114,4.063223612063374,4.031027095431383,4.050344944000244,59515394,7.051251287203524,0.0,0.70899347
2019-06-25,4.050344847915929,4.050344847915929,3.9086795025821552,3.927997350692749,231550630,7.270880667718145,0.0,0.68757714
2019-06-26,3.9215588981609306,3.9408767498568187,3.9086802280131,3.9151194095611572,96298405,7.294796661949392,0.0,0.68532278
2019-06-27,3.927997774075711,3.9666337815129773,3.9215585930286796,3.9473159313201904,115646664,7.235296210619765,0.0,0.69095866
2019-06-28,3.9408762454986577,3.947315733274298,3.9151189084994513,3.9408762454986572,69449987,7.247119224467342,0.0,0.68983149
2019-07-01,3.9730737624265227,3.9859524331697314,3.953755602785844,3.9666342735290527,95015589,7.200058798108104,0.0,0.69669303
2019-07-02,3.9730737624265227,3.9730737624265227,3.953755602785844,3.9666342735290527,104814461,7.200058798108104,0.0,0.69669303
2019-07-03,3.966633743423202,3.992391081467377,3.9537550744011143,3.9859519004821777,79494731,7.165164235058913,0.0,0.70008601
2019-07-04,3.985951650237385,4.018148167245407,3.9795121626047782,3.9988303184509277,81868437,7.1420884922828165,0.0,0.702348
2019-07-05,4.005270511271621,4.005270511271621,3.97307398612667,3.979513168334961,75054488,7.1767572544431575,0.0,0.69895502
2019-07-08,3.9795122509974665,3.9795122509974665,3.9279975769990543,3.9408762454986572,106923105,7.247119224467342,0.0,0.69216905
2019-07-09,3.9544193069834255,3.9544193069834255,3.9002492325665203,3.907020330429077,95845636,14.988404217893796,0.3,0.65258422
2019-07-10,3.9070205310414137,3.9137919521307727,3.8799354924422356,3.886706590652466,50901948,15.066740602657497,0.0,0.64919123
2019-07-11,3.900249337641625,3.9205629546556695,3.886706495793434,3.8934779167175293,38022639,15.040537342862375,0.0,0.65032223
2019-07-12,3.90024879759926,3.940876348881034,3.8934773776127596,3.9273338317871094,44315591,14.910879112446784,0.0,0.6559772
2019-07-15,3.920562411800609,3.940876348881034,3.8663923434249097,3.9273338317871094,67593303,14.910879112446784,0.0,0.6559772
2019-07-16,3.9273338317871094,3.934104928894534,3.9137913146931846,3.9273338317871094,39788011,14.910879112446784,0.0,0.6559772
2019-07-17,3.9205630989629157,3.9273345201362524,3.8934780600278356,3.900249481201172,42601245,15.014424149596989,0.0,0.65145322
2019-07-18,3.900249337641625,3.900249337641625,3.8799353977484596,3.8934779167175293,37320628,15.040537342862375,0.0,0.65032223
2019-07-19,3.9002493654005828,3.927334403531493,3.8934779444282936,3.920562982559204,45328718,14.936630341230767,0.0,0.65484621
2019-07-22,3.907020330429077,3.93410536763753,3.8934778118248508,3.907020330429077,56348704,14.988404217893796,0.0,0.65258422
2019-07-23,3.907020330429077,3.9205628490333035,3.8934778118248508,3.907020330429077,54438135,14.988404217893796,0.0,0.65258422
2019-07-24,3.920562982559204,3.9476480206901146,3.907020463493749,3.920562982559204,66155359,14.936630341230767,0.0,0.65484621
2019-07-25,3.913791884466038,3.927334403531493,3.907020463493749,3.920562982559204,62942498,14.936630341230767,0.0,0.65484621
2019-07-26,3.9137914180755615,3.9205625153618437,3.9070199979101945,3.9137914180755615,52313122,14.962473403550556,0.0,0.65371521
2019-07-29,3.9137914180755615,3.9205625153618437,3.9070199979101945,3.9137914180755615,53637572,14.962473403550556,0.0,0.65371521
2019-07-30,3.9205623089511343,3.9544187622373164,3.913791212021339,3.9408762454986572,65436584,14.85963941823556,0.0,0.65823919
2019-07-31,3.94087633940381,3.94087633940381,3.913791305281096,3.9341049194335938,56867377,7.625622756476765,0.0,0.6571082
2019-08-01,3.9205625153618437,3.9273339355272103,3.8934774804585457,3.9137914180755615,57844152,7.665201538704178,0.0,0.65371521
2019-08-02,3.8731631898598233,3.879934609408075,3.8393070607557305,3.8460781574249268,98104698,7.800153499762981,0.0,0.64240526
2019-08-05,3.8393073489725493,3.8460784461500523,3.771594762802124,3.771594762802124,90781787,7.954194945830119,0.0,0.62996431
2019-08-06,3.724196339033109,3.744510279312833,3.7038823987533855,3.7309677600860596,95109334,8.040809229428456,0.0,0.62317834
2019-08-07,3.744509990361361,3.758052508543103,3.7174246311187744,3.7174246311187744,53389762,8.070103089345318,0.0,0.62091635
2019-08-08,3.737738858259883,3.744510279312833,3.724196339033109,3.7309677600860596,58475186,8.040809229428456,0.0,0.62317834
2019-08-09,3.737739086151123,3.7445105076169294,3.7174251446328515,3.737739086151123,67467982,8.026242417817349,0.0,0.62430934
2019-08-12,3.7309676549524435,3.75128127178063,3.7241962340903028,3.7445101737976074,54002286,8.011728799650877,0.0,0.62544033
2019-08-13,3.7309680940987326,3.7377391928787347,3.7106541520004157,3.724196672439575,48820958,8.055428496032722,0.0,0.62204735
2019-08-14,3.744510614537892,3.744510614537892,3.7174252507804173,3.724196672439575,46920828,8.055428496032722,0.0,0.62204735
2019-08-15,3.703881884940112,3.717424402288228,3.6903393675919958,3.710653305053711,49446424,8.08482968730644,0.0,0.61978536
2019-08-16,3.703882083350665,3.7174246014242307,3.6903395652771,3.6903395652770996,72554993,8.12933321428576,0.0,0.61639237
2019-08-19,3.697111631561256,3.724196672439575,3.6564840702437778,3.724196672439575,99253582,8.055428496032722,0.0,0.62204735
2019-08-20,3.717424735970943,3.730967577413771,3.703882217407226,3.7038822174072266,56710643,8.099609609346716,0.0,0.61865436
2019-08-21,3.703881884940112,3.717424402288228,3.697110787705595,3.710653305053711,43734630,8.08482968730644,0.0,0.61978536
2019-08-22,3.7106534090699,3.7174245064942224,3.697110891342163,3.697110891342163,39044903,8.114444192153806,0.0,0.61752337
2019-08-23,3.703882217407226,3.7106536381286404,3.6903396988435095,3.7038822174072266,59613590,8.099609609346716,0.0,0.61865436
2019-08-26,3.6700260537761284,3.690339670023507,3.6632546331075964,3.6767971515655518,64284545,8.15927525053326,0.0,0.61413038
2019-08-27,3.6835683736144262,3.724195926797637,3.676796953311012,3.697110891342163,95028003,8.114444192153806,0.0,0.61752337
2019-08-28,3.7106530335076027,3.71742413024661,3.683568000793457,3.683568000793457,61718611,8.144277503099676,0.0,0.61526138
2019-08-29,3.6835688217128024,3.690339919960815,3.6632548812105035,3.6700263023376465,68887838,8.174328336800015,0.0,0.61299939
2019-08-30,3.6835684378206563,3.7038820533267915,3.663254499435425,3.663254499435425,62178861,8.189439200749922,0.0,0.61186839
2019-09-02,3.670025484436384,3.69711051715053,3.670025484436384,3.683568000793457,61076205,8.144277503099676,0.0,0.61526138
2019-09-03,3.690339097532464,3.703881613889537,3.670025484436384,3.683568000793457,69309147,8.144277503099676,0.0,0.61526138
2019-09-04,3.690339879526612,3.7309677600860596,3.6767973602998385,3.7309677600860596,127373806,8.040809229428456,0.0,0.62317834
2019-09-05,3.7309671704168483,3.79190833586618,3.7241957504341023,3.7512807846069336,149914758,7.997268592397158,0.0,0.62657133
2019-09-06,3.7648233427455415,3.7783658599796266,3.7445097283339535,3.771594762802124,84318083,7.954194945830119,0.0,0.62996431
2019-09-09,3.7919082317476094,3.7919082317476094,3.7580521014007333,3.7648231983184814,94271678,7.968501685125395,0.0,0.62883332
2019-09-10,3.771594618115297,3.771594618115297,3.7445095846861696,3.7648231983184814,52650744,7.968501685125395,0.0,0.62883332
2019-09-11,3.7715956239738126,3.8257657052788545,3.7715956239738126,3.8189942836761475,101962796,7.85547130254464,0.0,0.63788128
2019-09-12,3.825765716395274,3.825765716395274,3.7986806756640528,3.812223196029663,54140931,7.869423813181836,0.0,0.63675028
2019-09-16,3.8189939226102245,3.8189939226102245,3.785137786435071,3.798680305480957,55161700,7.89747954222793,0.0,0.63448829
2019-09-17,3.7919091663609854,3.7986805878267917,3.737739086151123,3.737739086151123,61795228,8.026242417817349,0.0,0.62430934
2019-09-18,3.7512816062035887,3.758053027669395,3.7309679875644637,3.737739086151123,53434070,8.026242417817349,0.0,0.62430934
2019-09-19,3.7445105076169294,3.7445105076169294,3.724196566098658,3.737739086151123,51942768,8.026242417817349,0.0,0.62430934
2019-09-20,3.7445095846861696,3.7648231983184814,3.737738164889354,3.7648231983184814,78873037,7.968501685125395,0.0,0.62883332
2019-09-23,3.751281713317894,3.7580531349770516,3.7106541520004157,3.724196672439575,59223703,8.055428496032722,0.0,0.62204735
2019-09-24,3.7309680940987326,3.7377391928787347,3.7174252507804173,3.724196672439575,38135312,8.055428496032722,0.0,0.62204735
2019-09-25,3.7309680940987326,3.744510614537892,3.703882730341258,3.724196672439575,53695802,8.055428496032722,0.0,0.62204735
2019-09-26,3.7309679875644637,3.771595547721861,3.7174251446328515,3.737739086151123,83183323,8.026242417817349,0.0,0.62430934
2019-09-27,3.7377385698309387,3.744509990361361,3.7038821129370323,3.7174246311187744,77372895,8.070103089345318,0.0,0.62091635
2019-09-30,3.7174246014242307,3.7377385399741283,3.6903395652771,3.6903395652770996,66308090,8.12933321428576,0.0,0.59918821
2019-10-08,3.69033959475529,3.7309674721796187,3.6835684971039706,3.7174246311187744,86234684,8.070103089345318,0.0,0.60358592
2019-10-09,3.703881813364941,3.7783658187797644,3.6971107162612715,3.7512807846069336,89282363,7.997268592397158,0.0,0.60908306
2019-10-10,3.75128127178063,3.7648237906257935,3.737738752935466,3.7445101737976074,66513753,8.011728799650877,0.0,0.60798363
2019-10-11,3.7580526162113594,3.7919087511961425,3.7377386769172007,3.78513765335083,94276893,7.925735533935524,0.0,0.6145802
2019-10-14,3.805450977850073,3.90024892344539,3.798679880524171,3.859621047973633,178398550,7.772783811444524,0.0,0.6266739
2019-10-15,3.852849847372891,3.8867059788530662,3.839307330205005,3.8731634616851807,108596627,7.74560647821129,0.0,0.62887276
2019-10-16,3.8799351304935192,3.9137915870236784,3.8393075763847873,3.8663926124572754,89721941,7.759170629320435,0.0,0.62777333
2019-10-17,3.8663924778920613,3.8799349954569737,3.839307442762236,3.8528499603271484,55943974,7.786443881518988,0.0,0.62557448
2019-10-18,3.8528503816645014,3.8934779388021594,3.798680305480957,3.798680305480957,90281736,7.89747954222793,0.0,0.61677905
2019-10-21,3.8054509874104108,3.8528499603271484,3.7986798900674983,3.8528499603271484,67368244,7.786443881518988,0.0,0.62557448
2019-10-22,3.8596206736423753,3.8596206736423753,3.825764544538282,3.8460781574249268,61452552,7.800153499762981,0.0,0.62447505
2019-10-23,3.839307442762236,3.873163575234974,3.832536022540236,3.8528499603271484,59817477,7.786443881518988,0.0,0.62557448
2019-10-24,3.859621457855294,3.913791856610695,3.8528503598103194,3.8934779167175293,91344367,7.705193310892609,0.0,0.63217104
2019-10-25,3.9002490689874345,3.9002490689874345,3.8325361559271163,3.8663926124572754,91720738,7.759170629320435,0.0,0.62777333
2019-10-28,3.873163293452358,3.8867058100320175,3.8189932271337192,3.832535743713379,96433430,7.8277156447163945,0.0,0.62227619
2019-10-29,3.839308225605115,3.8460793243286684,3.805451763349887,3.8189942836761475,56758889,7.85547130254464,0.0,0.62007734
2019-10-30,3.8189942947728914,3.8393082367608846,3.8054517744072807,3.812223196029663,44939152,7.869423813181836,0.0,0.61897791
2019-10-31,3.812222824526843,3.8189939226102245,3.785137786435071,3.798680305480957,64302010,7.89747954222793,0.0,0.61677905
2019-11-01,3.7919081939744,3.832535743713379,3.7851370971241023,3.832535743713379,68738715,7.8277156447163945,0.0,0.62227619
2019-11-04,3.832535743713379,3.8528496800224,3.8189932271337192,3.832535743713379,64319281,7.8277156447163945,0.0,0.62227619
2019-11-05,3.832536523888804,3.900249443450237,3.8257654256601383,3.8799355030059814,141131282,7.732087292883475,0.0,0.62997219
2019-11-06,3.8731640713528765,3.9070205310414137,3.8731640713528765,3.886706590652466,56992946,7.718617112017161,0.0,0.63107162
2019-11-07,3.8867066012346467,3.900249443450237,3.8663929836695203,3.8799355030059814,57239331,7.732087292883475,0.0,0.62997219
2019-11-08,3.893477229761379,3.893477229761379,3.8257646468630813,3.832535743713379,80272612,7.8277156447163945,0.0,0.62227619
2019-11-11,3.825764717675498,3.8325358146511244,3.778365747329833,3.7919082641601562,79358232,7.911583801630943,0.0,0.61567962
2019-11-12,3.798679797270294,3.798679797270294,3.7648233427455415,3.771594762802124,63030341,7.954194945830119,0.0,0.61238134
2019-11-13,3.771595345253204,3.778366443476374,3.7445103066022654,3.7580528259277344,70842172,7.982857450279196,0.0,0.61018249
2019-11-14,3.758052692642771,3.7648237906257935,3.737738752935466,3.7445101737976074,58621991,8.011728799650877,0.0,0.60798363
2019-11-15,3.7512813774866562,3.77159531776638,3.7309677600860596,3.7309677600860596,53567809,8.040809229428456,0.0,0.60578477
2019-11-18,3.737738267520518,3.758052204589679,3.7309671704168483,3.7512807846069336,51554931,7.997268592397158,0.0,0.60908306
2019-11-19,3.7445103066022654,3.7648239241509045,3.737738885499966,3.7580528259277344,48833105,7.982857450279196,0.0,0.61018249
2019-11-20,3.744510614537892,3.751281713317894,3.724196672439575,3.724196672439575,59369117,8.055428496032722,0.0,0.60468535
2019-11-21,3.717424402288228,3.730967242515426,3.703881884940112,3.710653305053711,76391222,8.08482968730644,0.0,0.60248649
2019-11-22,3.724196672439575,3.744510614537892,3.7106541520004157,3.724196672439575,61145194,8.055428496032722,0.0,0.60468535
2019-11-25,3.7377383082773714,3.7783658599796266,3.7309672110998684,3.771594762802124,71687247,7.954194945830119,0.0,0.61238134
2019-11-26,3.785137134829861,3.785137134829861,3.7580521014007333,3.7648231983184814,94581187,7.968501685125395,0.0,0.61128191
2019-11-27,3.7648239241509045,3.771595345253204,3.751281404825435,3.7580528259277344,34850762,7.982857450279196,0.0,0.61018249
2019-11-28,3.758052204589679,3.7715947216760948,3.737738267520518,3.7512807846069336,43323522,7.997268592397158,0.0,0.60908306
2019-11-29,3.744510279312833,3.77159531776638,3.724196339033109,3.7309677600860596,63525341,8.040809229428456,0.0,0.60578477
2019-12-02,3.7377385698309387,3.744509990361361,3.7106535334674544,3.7174246311187744,51487958,8.070103089345318,0.0,0.60358592
2019-12-03,3.7174246311187744,3.7241960516491965,3.7038821129370323,3.7174246311187744,58746700,8.070103089345318,0.0,0.60358592
2019-12-04,3.7106534090699,3.7174245064942224,3.6835683736144262,3.697110891342163,77344574,8.114444192153806,0.0,0.60028763
2019-12-05,3.703882217407226,3.717424735970943,3.6971111195649233,3.7038822174072266,56540063,8.099609609346716,0.0,0.60138706
2019-12-06,3.703882217407226,3.7106536381286404,3.6903396988435095,3.7038822174072266,55468434,8.099609609346716,0.0,0.60138706
2019-12-09,3.7106541520004157,3.724196672439575,3.697111631561256,3.724196672439575,62103569,8.055428496032722,0.0,0.60468535
2019-12-10,3.717424402288228,3.724195822401827,3.703881884940112,3.710653305053711,48679347,8.08482968730644,0.0,0.60248649
2019-12-11,3.7106541520004157,3.7309680940987326,3.703882730341258,3.724196672439575,64988086,8.055428496032722,0.0,0.60468535
2019-12-12,3.7309674721796187,3.7309674721796187,3.7106535334674544,3.7174246311187744,52964667,8.070103089345318,0.0,0.60358592
2019-12-13,3.730967787276796,3.7648239241509045,3.7241963661744966,3.7580528259277344,116842210,7.982857450279196,0.0,0.61018249
2019-12-16,3.7512807846069336,3.758052204589679,3.737738267520518,3.7512807846069336,77952783,7.997268592397158,0.0,0.60908306
2019-12-17,3.7512807136691877,3.825764717675498,3.7445096166935614,3.7919082641601562,130004617,7.911583801630943,0.0,0.61567962
2019-12-18,3.7919088845184525,3.832536441656111,3.7919088845184525,3.798680305480957,125732312,7.89747954222793,0.0,0.61677905
2019-12-19,3.80545163154602,3.818994151403228,3.7986805330569875,3.8054516315460205,65404473,7.8834269633883265,0.0,0.61787848
2019-12-20,3.812223196029663,3.825765716395274,3.7986806756640528,3.812223196029663,75220454,7.869423813181836,0.0,0.61897791
2019-12-23,3.812222314504379,3.8189934116818818,3.7648233427455415,3.771594762802124,78701042,7.954194945830119,0.0,0.61238134
2019-12-24,3.7715952292708184,3.7919088461947825,3.7648238083767507,3.7783663272857666,34728611,7.939939487432085,0.0,0.61348077
2019-12-25,3.7783658599796266,3.785137280036209,3.7648233427455415,3.771594762802124,37914315,7.954194945830119,0.0,0.61238134
2019-12-26,3.771594650354207,3.7986796840148527,3.7648232304995104,3.7919082641601562,49461570,7.911583801630943,0.0,0.61567962
2019-12-27,3.7919091116888124,3.8257655727714033,3.7851380131997794,3.8054516315460205,90879118,7.8834269633883265,0.0,0.61787848
2019-12-30,3.7919092430236265,3.8257657052788545,3.778366722697366,3.8189942836761475,92552335,7.85547130254464,0.0,0.62007734
2019-12-31,3.812223196029663,3.8189942947728914,3.7986806756640528,3.812223196029663,66777188,7.869423813181836,0.0,0.60298964
2020-01-02,3.8325356412074787,3.866392093190627,3.8325356412074787,3.8460781574249268,120457527,7.800153499762981,0.0,0.60834479
2020-01-03,3.8596210576700614,3.8596210576700614,3.8460785401051485,3.8528499603271484,79226429,7.786443881518988,0.0,0.60941582
2020-01-06,3.8460782602930386,3.8596207768726982,3.8257646468630813,3.832535743713379,110279939,7.8277156447163945,0.0,0.60620273
2020-01-07,3.839307442762236,3.873163575234974,3.832536022540236,3.8528499603271484,100975573,7.786443881518988,0.0,0.60941582
2020-01-08,3.8189942836761475,3.8189942836761475,3.8189942836761475,3.8189942836761475,88454492,7.85547130254464,0.0,0.60406067
2020-01-09,3.8325362306145787,3.8460787489147354,3.8189937123144215,3.8257651329040527,70574836,7.8415686687038395,0.0,0.6051317
2020-01-10,3.832536804002408,3.839308225605115,3.812223184952594,3.8189942836761475,47980735,7.85547130254464,0.0,0.60406067
2020-01-13,3.8257651329040527,3.8257651329040527,3.8257651329040527,3.8257651329040527,48864220,7.8415686687038395,0.0,0.6051317
2020-01-14,3.8393075466156006,3.8393075466156006,3.8393075466156006,3.8393075466156006,60179379,7.813909054106746,0.0,0.60727376
2020-01-15,3.8325366712604363,3.8393080926286114,3.80545163154602,3.8054516315460205,48839362,7.8834269633883265,0.0,0.60191862
2020-01-16,3.812222824526843,3.8189939226102245,3.798680305480957,3.798680305480957,44167672,7.89747954222793,0.0,0.60084759
2020-01-17,3.812222824526843,3.825765343572729,3.7919088845184525,3.798680305480957,42898918,7.89747954222793,0.0,0.60084759
2020-01-20,3.7986805330569875,3.812223052914195,3.7919091116888124,3.8054516315460205,50593695,7.8834269633883265,0.0,0.60191862
2020-01-21,3.798679797270294,3.8054508944477967,3.7648233427455415,3.771594762802124,68006773,7.954194945830119,0.0,0.59656347
2020-01-22,3.7715947216760948,3.7715947216760948,3.7309671704168483,3.7512807846069336,75774635,7.997268592397158,0.0,0.59335038
2020-01-23,3.744510095977488,3.744510095977488,3.6971111195649233,3.7038822174072266,107220725,8.099609609346716,0.0,0.58585317
2020-02-03,3.4194888365562353,3.554914002747366,3.4194888365562353,3.460116386413574,189713145,8.670228584737039,0.0,0.54729611
2020-02-04,3.473659193471538,3.5549142999801013,3.473659193471538,3.5210578441619873,129302220,8.52016675890197,0.0,0.55693537
2020-02-05,3.527829264477247,3.5481428796648418,3.493972808659133,3.5210578441619873,92667586,8.52016675890197,0.0,0.55693537
2020-02-06,3.534600392136438,3.561685750749981,3.50751535640199,3.548142910003662,95928446,8.455127304883286,0.0,0.56121949
2020-02-07,3.5346002983672493,3.568456753576681,3.521057780859294,3.5549142360687256,66853432,8.439022155757014,0.0,0.56229052
2020-02-10,3.541372060775757,3.5616860004402393,3.5346006399278904,3.541372060775757,60622311,8.471292901494325,0.0,0.56014846
2020-02-11,3.548142722104658,3.5819991764193295,3.5413716249691705,3.561685562133789,67071570,8.422978243488496,0.0,0.56336155
2020-02-12,3.561685696602576,3.5752282142639165,3.5549142763323607,3.575228214263916,42780171,8.391072737765507,0.0,0.56550361
2020-02-13,3.5684568482440455,3.58199936611127,3.548142910003662,3.548142910003662,51885965,8.455127304883286,0.0,0.56121949
2020-02-14,3.548142856062145,3.581999311655042,3.5413717586710196,3.575228214263916,44830627,8.391072737765507,0.0,0.56550361
2020-02-17,3.5684569568187143,3.6226270299358014,3.5684569568187143,3.6158559322357178,58085651,8.296790735644912,0.0,0.57192979
2020-02-18,3.6090849508047915,3.629398892135023,3.5887713323537045,3.5955424308776855,56352602,8.343664572657229,0.0,0.5687167
2020-02-19,3.595541621807594,3.6158555585667758,3.5887705248072477,3.6023130416870117,52979145,8.327982508136104,0.0,0.56978773
2020-02-20,3.5955422200348375,3.636169777433753,3.5819997009018656,3.6226272583007812,79874650,8.281282577791819,0.0,0.57300082
2020-02-21,3.6090851078169486,3.6497126693657567,3.6090851078169486,3.6361701488494873,79392915,8.250438998156408,0.0,0.57514288
2020-02-24,3.629398892135023,3.642941412062129,3.5955424308776855,3.5955424308776855,71777866,8.343664572657229,0.0,0.5687167
2020-02-25,3.5752282142639165,3.5955418293163826,3.561685696602576,3.575228214263916,78857890,8.391072737765507,0.0,0.56550361
2020-02-26,3.561686292499492,3.6090849508047915,3.554914871096367,3.5955424308776855,95636723,8.343664572657229,0.0,0.5687167
2020-02-27,3.5887713323537045,3.622627470731898,3.5819999109505796,3.5955424308776855,61406539,8.343664572657229,0.0,0.5687167
2020-02-28,3.5684568177315286,3.602313273549642,3.5210578441619873,3.5210578441619873,104045303,8.52016675890197,0.0,0.55693537
2020-03-02,3.5278292314124045,3.5887707221621943,3.5278292314124045,3.5819993019104004,83304077,8.375211012464462,0.0,0.56657464
2020-03-03,3.595541621807594,3.6226266555671223,3.5887705248072477,3.6023130416870117,83390120,8.327982508136104,0.0,0.56978773
2020-03-04,3.602313413956446,3.6293984505149894,3.595541993377258,3.6158559322357178,52203096,8.296790735644912,0.0,0.57192979
2020-03-05,3.6293984696374935,3.6835685430399905,3.615855951286869,3.649712085723877,125890759,8.219826467229362,0.0,0.57728494
2020-03-06,3.636169548215073,3.649712066494345,3.6090845116565298,3.6158559322357178,60561011,8.296790735644912,0.0,0.57192979
2020-03-09,3.588770731925257,3.5955418293163826,3.527829241009679,3.575228214263916,237469991,8.391072737765507,0.0,0.56550361
2020-03-10,3.548143241629874,3.6700262367057452,3.548143241629874,3.6226272583007812,136903064,8.281282577791819,0.0,0.57300082
2020-03-11,3.629398284909279,3.629398284909279,3.5752282142639165,3.575228214263916,75986610,8.391072737765507,0.0,0.56550361
2020-03-12,3.5684567939937013,3.581999311655042,3.548142856062145,3.575228214263916,72585952,8.391072737765507,0.0,0.56550361
2020-03-13,3.5075152633513382,3.5819992710846367,3.487201648528948,3.5549142360687256,122698595,8.439022155757014,0.0,0.56229052
2020-03-16,3.5616864551198377,3.5752289756652718,3.507516050058944,3.5142874717712402,103280135,8.53658109673073,0.0,0.55586434
2020-03-17,3.5142867467258196,3.561685720295361,3.5007442289743924,3.5210578441619873,112394642,8.52016675890197,0.0,0.55693537
2020-03-18,3.5413717202474104,3.5413717202474104,3.4601166151609783,3.4668877124786377,93220559,8.653294391975452,0.0,0.54836714
2020-03-19,3.460116900787295,3.487201938051926,3.3856328868700034,3.3991754055023193,116207486,8.825669882006778,0.0,0.53765684
2020-03-20,3.433031930642098,3.473659487333357,3.4127179908569096,3.4465744495391846,91150223,8.704294782899895,0.0,0.54515405
2020-03-23,3.412717924134635,3.4194893448903487,3.3856328868700034,3.3991754055023193,77865695,8.825669882006778,0.0,0.53765684
2020-03-24,3.433031930642098,3.460116968436271,3.4194894117450123,3.4465744495391846,65502335,8.704294782899895,0.0,0.54515405
2020-03-25,3.487201650189789,3.487201650189789,3.4601166151609783,3.4668877124786377,59051468,8.653294391975452,0.0,0.54836714
2020-03-26,3.4601166151609783,3.4939727475074487,3.439802677449827,3.4668877124786377,64291124,8.653294391975452,0.0,0.54836714
2020-03-27,3.4872016809429396,3.5142867162106093,3.4668877430526424,3.4939727783203125,54080750,8.586214576755276,0.0,0.55265126
2020-03-30,3.4872020790210687,3.5481432538904616,3.4804306579916218,3.5346007347106934,89307064,8.487521576451972,0.0,0.55907743
2020-03-31,3.5481428488556523,3.554914269112114,3.4939727783203125,3.4939727783203125,58549006,8.586214576755276,0.0,0.53938402
2020-04-01,3.4939727783203125,3.5278292338444444,3.4872016809429396,3.4939727783203125,51641931,8.586214576755276,0.0,0.53938402
2020-04-02,3.487201853731061,3.52782940864563,3.4804304331390807,3.52782940864563,42260109,8.50381255014179,0.0,0.54461061
2020-04-03,3.5142868609957283,3.521057958652064,3.4939729222685174,3.500744342803955,31167300,8.569606078680744,0.0,0.54042934
2020-04-07,3.534600506358505,3.541371926950486,3.521057988053649,3.52782940864563,64210344,8.50381255014179,0.0,0.54461061
2020-04-08,3.521058570604378,3.5346010911498116,3.507516050058944,3.5142874717712402,45234176,8.53658109673073,0.0,0.54251998
2020-04-09,3.5278293791875015,3.534600476843837,3.500744342803955,3.500744342803955,45331206,8.569606078680744,0.0,0.54042934
2020-04-10,3.5075156688690186,3.5142870898454097,3.4939731497953592,3.5075156688690186,33770581,8.5530622902886,0.0,0.54147466
2020-04-13,3.500744342803955,3.5142868609957283,3.500744342803955,3.500744342803955,27708095,8.569606078680744,0.0,0.54042934
2020-04-14,3.507516050058944,3.5142874717712402,3.4939735295135104,3.5142874717712402,50539876,8.53658109673073,0.0,0.54251998
2020-04-15,3.5075156688690186,3.5142870898454097,3.4939731497953592,3.5075156688690186,46750027,8.5530622902886,0.0,0.54147466
2020-04-16,3.493972808659133,3.5210578441619873,3.493972808659133,3.5210578441619873,45156690,8.52016675890197,0.0,0.54356529
2020-04-17,3.521058570604378,3.5346010911498116,3.507516050058944,3.5142874717712402,53893013,8.53658109673073,0.0,0.54251998
2020-04-20,3.5142868609957283,3.521057958652064,3.4939729222685174,3.500744342803955,53661364,8.569606078680744,0.0,0.54042934
2020-04-21,3.4939728926381206,3.500744313116134,3.4736592769622803,3.4736592769622803,46648902,8.636425627281165,0.0,0.53624807
2020-04-22,3.4804303646087646,3.4872017850674144,3.4601167489910116,3.4804303646087646,39435681,8.619623683628074,0.0,0.53729339
2020-04-23,3.4872017850674144,3.493972882646966,3.473659267029213,3.4804303646087646,40414905,8.619623683628074,0.0,0.53729339
2020-04-24,3.4804303646087646,3.4872017850674144,3.4668878465705633,3.4804303646087646,31373939,8.619623683628074,0.0,0.53729339
2020-04-27,3.48043074630971,3.5075157853565457,3.4736596479875685,3.4872021675109863,53418939,8.602885224005439,0.0,0.5383387
2020-04-28,3.493973265833128,3.500744687034404,3.4601171284641508,3.4872021675109863,47447422,8.602885224005439,0.0,0.5383387
2020-04-29,3.46688811164804,3.5075156688690186,3.4601170135507724,3.5075156688690186,66208008,8.5530622902886,0.0,0.54147466
2020-04-30,3.5007445707717504,3.5278296089190695,3.5007445707717504,3.5075156688690186,58516854,8.5530622902886,0.0,0.54147466
2020-05-06,3.4804303745611938,3.487201795039207,3.466887856484267,3.4736592769622803,84236068,8.636425627281165,0.0,0.53624807
2020-05-07,3.4736591326753836,3.480430229993043,3.4668877124786377,3.4668877124786377,45395464,8.653294391975452,0.0,0.53520275
2020-05-08,3.4804303646087646,3.4872017850674144,3.4668878465705633,3.4804303646087646,44015409,8.619623683628074,0.0,0.53729339
2020-05-11,3.48043074630971,3.493973265833128,3.4736596479875685,3.4872021675109863,50288513,8.602885224005439,0.0,0.5383387
2020-05-12,3.487201795039207,3.4939728926381206,3.4736592769622803,3.4736592769622803,45694831,8.636425627281165,0.0,0.53624807
2020-05-13,3.4736592769622803,3.4804303745611938,3.466887856484267,3.4736592769622803,41525430,8.636425627281165,0.0,0.53624807
2020-05-14,3.4736591326753836,3.480430229993043,3.4601166151609783,3.4668877124786377,37789306,8.653294391975452,0.0,0.53520275
2020-05-15,3.4736592769622803,3.487201795039207,3.466887856484267,3.4736592769622803,46941779,8.636425627281165,0.0,0.53624807
2020-05-18,3.4804303646087646,3.493972882646966,3.473659267029213,3.4804303646087646,39499932,8.619623683628074,0.0,0.53729339
2020-05-19,3.493972882646966,3.493972882646966,3.4804303646087646,3.4804303646087646,36402779,8.619623683628074,0.0,0.53729339
2020-05-20,3.48043074630971,3.493973265833128,3.48043074630971,3.4872021675109863,29304940,8.602885224005439,0.0,0.5383387
2020-05-21,3.4939728926381206,3.4939728926381206,3.4736592769622803,3.4736592769622803,32590904,8.636425627281165,0.0,0.53624807
2020-05-22,3.4736593525235957,3.4872018708951082,3.433031797409058,3.4330317974090576,59886215,8.738631556701948,0.0,0.52997616
2020-05-25,3.4465744495391846,3.4533455475481682,3.4262605097539955,3.4465744495391846,45624291,8.704294782899895,0.0,0.5320668
2020-05-26,3.446574544548888,3.4601170638192924,3.439803123474121,3.439803123474121,39345884,8.721429373463879,0.0,0.53102148
2020-05-27,3.4398024500453723,3.4668874832835987,3.4398024500453723,3.460116386413574,46811914,8.670228584737039,0.0,0.53415743
2020-05-28,3.4601166456752694,3.500744198576774,3.4533452254188073,3.4939727783203125,68287935,8.586214576755276,0.0,0.53938402
2020-05-29,3.4804299999027117,3.4872014196518006,3.4601163864135747,3.460116386413574,54387740,8.670228584737039,0.0,0.53415743
2020-06-01,3.4668882267862924,3.493973265833128,3.4601171284641508,3.4872021675109863,53530236,8.602885224005439,0.0,0.5383387
2020-06-02,3.4804306307217,3.5142870898454097,3.4804306307217,3.5075156688690186,66710250,8.5530622902886,0.0,0.54147466
2020-06-03,3.5142874717712402,3.541372512862108,3.5142874717712402,3.5142874717712402,55993222,8.53658109673073,0.0,0.54251998
2020-06-04,3.5278292338444444,3.5346003312218173,3.4939727783203125,3.4939727783203125,34596949,8.586214576755276,0.0,0.53938402
2020-06-05,3.507515295954147,3.507515295954147,3.4872016809429396,3.4939727783203125,32085398,8.586214576755276,0.0,0.53938402
2020-06-08,3.493972882646966,3.5007443031056162,3.473659267029213,3.4804303646087646,50441280,8.619623683628074,0.0,0.53729339
2020-06-09,3.48043074630971,3.493973265833128,3.48043074630971,3.4872021675109863,37146422,8.602885224005439,0.0,0.5383387
2020-06-10,3.4939728926381206,3.4939728926381206,3.4736592769622803,3.4736592769622803,44948100,8.636425627281165,0.0,0.53624807
2020-06-11,3.4736587574467483,3.480429854032986,3.4533448219299316,3.4533448219299316,58702027,8.687229786463734,0.0,0.53311211
2020-06-12,3.446573725343694,3.466887337981459,3.4398023058784046,3.4533448219299316,63288235,8.687229786463734,0.0,0.53311211
2020-06-15,3.4465743157805706,3.460116834152083,3.433031797409058,3.4330317974090576,61707757,8.738631556701948,0.0,0.52997616
2020-06-16,3.446573725343694,3.460116241395221,3.446573725343694,3.4533448219299316,36284784,8.687229786463734,0.0,0.53311211
2020-06-17,3.4533448219299316,3.460116241395221,3.4398023058784046,3.4533448219299316,41200080,8.687229786463734,0.0,0.53311211
2020-06-18,3.4465738697944612,3.4736589030326877,3.4398024500453723,3.460116386413574,58461901,8.670228584737039,0.0,0.53415743
2020-06-19,3.4601167489910116,3.4804303646087646,3.4533453285323614,3.4804303646087646,86722200,8.619623683628074,0.0,0.53729339
2020-06-22,3.4668877124786377,3.487201650189789,3.4601166151609783,3.4668877124786377,61743860,8.653294391975452,0.0,0.53520275
2020-06-23,3.460116968436271,3.466888066445254,3.4465744495391846,3.4465744495391846,44141795,8.704294782899895,0.0,0.5320668
2020-06-24,3.4533451949642324,3.4736591326753836,3.4465740976465726,3.4668877124786377,68996693,8.653294391975452,0.0,0.53520275
2020-06-29,3.480430229993043,3.487201650189789,3.4533451949642324,3.4668877124786377,76714595,8.653294391975452,0.0,0.53520275
2020-06-30,3.466887856484267,3.4804303745611938,3.4601167588853534,3.4736592769622803,59877310,8.636425627281165,0.0,0.54216938
2020-07-01,3.4736591633091045,3.500744198576774,3.4601166456752694,3.4939727783203125,77573188,8.586214576755276,0.0,0.54533997
2020-07-02,3.507515864368271,3.5752287863898227,3.4939733445397887,3.5684573650360107,155172968,8.406994096088145,0.0,0.55696543
2020-07-03,3.5752286027749425,3.6429411984398015,3.5752286027749425,3.6226272583007812,146708016,8.281282577791819,0.0,0.56542031
2020-07-06,3.6429408751731005,3.8731636800041476,3.6361694547679333,3.8393075466156006,396344865,7.813909054106746,0.0,0.59923985
2020-07-07,3.8799352061046806,3.9137916632946257,3.8257651329040527,3.8257651329040527,360083790,7.8415686687038395,0.0,0.59712612
2020-07-08,3.8189932271337192,3.8799347131817195,3.8054507105540596,3.832535743713379,261358007,7.8277156447163945,0.0,0.59818299
2020-07-09,3.825765304906882,3.846078921830846,3.7648238083767507,3.7783663272857666,239070288,7.939939487432085,0.0,0.5897281
2020-07-10,3.77159535909088,3.7919089767140486,3.656483782962491,3.6700263023376465,238513624,8.174328336800015,0.0,0.57281834
2020-07-13,3.6564829680793114,3.71742413024661,3.6429404517222386,3.683568000793457,293929864,8.144277503099676,0.0,0.57493206
2020-07-14,3.694349246490151,3.701536861080421,3.6080999277528694,3.6152875423431396,276485917,17.011095045607526,0.315,0.53160078
2020-07-15,3.629662664726587,3.6440375521171644,3.5649755001068115,3.5649755001068115,214909071,17.251170449322128,0.0,0.52420276
2020-07-16,3.5721628539980124,3.6009129721599282,3.529038190841675,3.529038190841675,218339449,17.426844560537972,0.0,0.51891846
2020-07-17,3.536225961760209,3.550600850111902,3.49310129670513,3.5146634578704834,172749175,17.498119161958833,0.0,0.51680473
2020-07-20,3.5146632228776142,3.5865376598305034,3.500288335487036,3.5649755001068115,195178929,17.251170449322128,0.0,0.52420276
2020-07-21,3.572163178700883,3.579350794575792,3.5290385116245955,3.5434134006500244,123115653,17.356145909680784,0.0,0.52103218
2020-07-22,3.5434130785604543,3.5793504692195808,3.529038190841675,3.529038190841675,178068841,8.925944774909691,0.0,0.51891846
2020-07-23,3.521850895244101,3.5506006704930853,3.478726232370625,3.493101119995117,183975067,9.017775013637175,0.0,0.51363415
2020-07-24,3.4931012749102135,3.4931012749102135,3.421226833600203,3.4284141063690186,223351773,9.187921593684367,0.0,0.50412241
2020-07-27,3.4499767560419867,3.4499767560419867,3.406851746707625,3.421226978302002,117590806,9.207223081011085,0.0,0.50306555
2020-07-28,3.4356018671719943,3.4427891402447983,3.406851746707625,3.421226978302002,107332293,9.207223081011085,0.0,0.50306555
2020-07-29,3.4212264326709514,3.457163477752354,3.4068512033691944,3.4499762058258057,144513350,9.130497754392477,0.0,0.50729299
2020-07-30,3.442788994631021,3.471538771155025,3.4284141063690186,3.4284141063690186,129069834,9.187921593684367,0.0,0.50412241
2020-07-31,3.428414251374806,3.4571640291147903,3.406851746707625,3.421226978302002,189338539,9.207223081011085,0.0,0.50306555
2020-08-03,3.4284141063690186,3.442788994631021,3.4140392181070167,3.4284141063690186,197288575,9.187921593684367,0.0,0.50412241
2020-08-04,3.4356016397968894,3.4787263035527882,3.4212267518782564,3.4643514156341553,254207935,9.092611060715349,0.0,0.50940671
2020-08-05,3.4571641121524705,3.464351728122298,3.4284143337219444,3.4356019496917725,140276427,9.168698953272525,0.0,0.50517927
2020-08-06,3.4427892229372077,3.4571641121524705,3.4212270604765096,3.4356019496917725,139909222,9.168698953272525,0.0,0.50517927
2020-08-07,3.4356018671719943,3.4356018671719943,3.4140393625048135,3.421226978302002,120254975,9.207223081011085,0.0,0.50306555
2020-08-10,3.4212270604765096,3.4499768389070353,3.4140394445066815,3.4356019496917725,142110146,9.168698953272525,0.0,0.50517927
2020-08-11,3.435601721862205,3.457163882893023,3.421226833600203,3.4284141063690186,212197486,9.187921593684367,0.0,0.50412241
2020-08-12,3.4284141063690186,3.435601721862205,3.4140392181070167,3.4284141063690186,163725640,9.187921593684367,0.0,0.50412241
2020-08-13,3.4356018671719943,3.4356018671719943,3.4212269783020024,3.421226978302002,81295864,9.207223081011085,0.0,0.50306555
2020-08-14,3.4212264423566117,3.442788600921631,3.4212264423566117,3.442788600921631,103371779,9.149559746877134,0.0,0.50623613
2020-08-17,3.4427888419472175,3.5146632800696778,3.435601569497149,3.493101119995117,322783354,9.017775013637175,0.0,0.51363415
2020-08-18,3.4859135761499234,3.4859135761499234,3.457163800312658,3.4643514156341553,150016152,9.092611060715349,0.0,0.50940671
2020-08-19,3.464351102210981,3.471538374157877,3.442788600921631,3.442788600921631,103785890,9.149559746877134,0.0,0.50623613
2020-08-20,3.442788994631021,3.442788994631021,3.421226833600203,3.4284141063690186,104757597,9.187921593684367,0.0,0.50412241
2020-08-21,3.435601721862205,3.442788994631021,3.421226833600203,3.4284141063690186,89912428,9.187921593684367,0.0,0.50412241
2020-08-24,3.428414251374806,3.4356018671719943,3.4212269783020024,3.421226978302002,94398618,9.207223081011085,0.0,0.50306555
2020-08-25,3.4284141063690186,3.435601721862205,3.421226833600203,3.4284141063690186,55027394,9.187921593684367,0.0,0.50412241
2020-08-26,3.428413783468793,3.428413783468793,3.4140388965606685,3.414038896560669,89305522,9.226608411442928,0.0,0.50200869
2020-08-27,3.4212265113769,3.4212265113769,3.4068512817444376,3.414038896560669,78449843,9.226608411442928,0.0,0.50200869
2020-08-28,3.4140392181070167,3.435601721862205,3.3996643298450144,3.4284141063690186,110836144,9.187921593684367,0.0,0.50412241
2020-08-31,3.4212266662901833,3.435601553849203,3.3996641635894775,3.3996641635894775,158051142,9.265621097920821,0.0,0.49989497
2020-09-01,3.399663934924965,3.4068512068588754,3.3852890483328135,3.3924763202667236,117105067,9.28525272580927,0.0,0.49883811
2020-09-02,3.3924766196574683,3.399664234950026,3.356539571367761,3.3709144592285156,145891963,9.34464531242043,0.0,0.49566753
2020-09-03,3.363726521298985,3.378101407780951,3.349351634817019,3.356539249420166,109104004,9.384666068016797,0.0,0.49355381
2020-09-04,3.342164993286133,3.3493522665205053,3.3349773773273683,3.342164993286133,92407044,9.425028406221234,0.0,0.49144009
2020-09-07,3.3349770560196994,3.349351943827891,3.320602168211508,3.327789783477783,94870902,9.465742144048594,0.0,0.48932636
2020-09-08,3.327790104092996,3.3493522665205053,3.320602488134231,3.342164993286133,99553789,9.425028406221234,0.0,0.49144009
2020-09-09,3.3349770560196994,3.3421646712859747,3.327789783477783,3.327789783477783,85335402,9.465742144048594,0.0,0.48932636
2020-09-10,3.334977305877351,3.342164921682125,3.306227528107024,3.3206024169921875,109700335,9.486230522151098,0.0,0.4882695
2020-09-11,3.313415050506592,3.3206023233843713,3.2990401620266567,3.313415050506592,72069472,9.506807785877573,0.0,0.48721264
2020-09-14,3.3206024169921875,3.327790032796962,3.3134151439117985,3.3206024169921875,72105148,9.486230522151098,0.0,0.4882695
2020-09-15,3.3206024169921875,3.334977305877351,3.3134151439117985,3.3206024169921875,62412784,9.486230522151098,0.0,0.4882695
2020-09-16,3.327790104092996,3.342164993286133,3.3134152148998584,3.342164993286133,85061332,9.425028406221234,0.0,0.49144009
2020-09-17,3.342164765432124,3.3493520381765,3.327789877219003,3.334977149963379,64260283,9.445342076885265,0.0,0.49038322
2020-09-18,3.349351729019494,3.363726615905762,3.334976842133226,3.3637266159057617,129454991,9.364613595840009,0.0,0.49461067
2020-09-21,3.363727155713643,3.3709147716724073,3.3349773773273683,3.342164993286133,81878953,9.425028406221234,0.0,0.49144009
2020-09-22,3.3349772118643064,3.356539715946397,3.313415050506592,3.313415050506592,88795832,9.506807785877573,0.0,0.48721264
2020-09-23,3.3206023233843713,3.327789938986527,3.313415050506592,3.313415050506592,54309326,9.506807785877573,0.0,0.48721264
2020-09-24,3.3134146427301547,3.3134146427301547,3.277477254590884,3.2846648693084717,90289424,9.590019455053802,0.0,0.4829852
2020-09-25,3.277477254590884,3.291852141301726,3.277477254590884,3.2846648693084717,48649600,9.590019455053802,0.0,0.4829852
2020-09-28,3.284665439390558,3.299040328596286,3.2774778234254978,3.2918527126312256,58805222,9.569079405992497,0.0,0.48404206
2020-09-29,3.2990397658972883,3.3062270379120626,3.277477264404297,3.277477264404297,63437139,9.611050652314848,0.0,0.48192834
2020-09-30,3.284665033942289,3.299039921373628,3.255915259079611,3.2631025314331055,73130309,9.653389587536397,0.0,0.4747514
2020-10-09,3.2702903747558594,3.284665263190472,3.263102759176366,3.2702903747558594,77841348,9.632172189710097,0.0,0.47579711
2020-10-12,3.2702903956484857,3.3134150612278295,3.2702903956484857,3.306227445602417,134687096,9.527475201954983,0.0,0.48102565
2020-10-13,3.299040328596286,3.3062276018369534,3.284665439390558,3.2918527126312256,64200853,9.569079405992497,0.0,0.47893423
2020-10-14,3.2918521511581798,3.2990397658972883,3.2702899923895226,3.277477264404297,66448882,9.611050652314848,0.0,0.47684282
2020-10-15,3.2774778234254978,3.3062276018369534,3.2702905501848303,3.2918527126312256,92267439,9.569079405992497,0.0,0.47893423
2020-10-16,3.2918525464245016,3.327789938986527,3.2846652735467217,3.313415050506592,136639490,9.506807785877573,0.0,0.48207136
2020-10-19,3.3134150612278295,3.363726999708209,3.2990401727013814,3.306227445602417,169462699,9.527475201954983,0.0,0.48102565
2020-10-20,3.3062270280125676,3.3062270280125676,3.277477254590884,3.2846648693084717,89529951,9.590019455053802,0.0,0.47788853
2020-10-21,3.2918525570759694,3.306227445602417,3.2702903956484857,3.306227445602417,111346195,9.527475201954983,0.0,0.48102565
2020-10-22,3.299039840698242,3.32060199995579,3.28466495361843,3.299039840698242,100424935,9.548232674065863,0.0,0.47997994
2020-10-23,3.2990403257067213,3.3565398824792703,3.2990403257067213,3.342164993286133,190847393,9.425028406221234,0.0,0.48625419
2020-10-26,3.3421646712859747,3.370914446902358,3.3134148956695917,3.327789783477783,184553790,9.465742144048594,0.0,0.48416277
2020-10-27,3.32060199995579,3.32060199995579,3.291852225796165,3.299039840698242,86229123,9.548232674065863,0.0,0.47997994
2020-10-28,3.2918527126312256,3.299040328596286,3.2702905501848303,3.2918527126312256,92644014,9.569079405992497,0.0,0.47893423
2020-10-29,3.277477264404297,3.2918521511581798,3.2702899923895226,3.277477264404297,83056762,9.611050652314848,0.0,0.47684282
2020-10-30,3.284664938979,3.2918522111247026,3.2487275500774673,3.2559151649475098,80706584,9.674699248654358,0.0,0.47370569
2020-11-02,3.255915319675187,3.270290207374056,3.2415404319763184,3.2415404319763184,87623456,9.71760206637155,0.0,0.47161428
2020-11-03,3.255915259079611,3.284665033942289,3.2487276440017663,3.2631025314331055,92351487,9.653389587536397,0.0,0.4747514
2020-11-04,3.2774776476109784,3.284665263190472,3.255915486321247,3.2702903747558594,80418445,9.632172189710097,0.0,0.47579711
2020-11-05,3.2846648693084717,3.2990397560193134,3.27028998259763,3.2846648693084717,72208099,9.590019455053802,0.0,0.47788853
2020-11-06,3.284665439390558,3.3062276018369534,3.2702905501848303,3.2918527126312256,87423070,9.569079405992497,0.0,0.47893423
2020-11-09,3.2990401727013814,3.320602334128865,3.2990401727013814,3.306227445602417,126825664,9.527475201954983,0.0,0.48102565
2020-11-10,3.3206023233843713,3.3349772118643064,3.3062274349044363,3.313415050506592,117540314,9.506807785877573,0.0,0.48207136
2020-11-11,3.313414989005882,3.342164765432124,3.306227373537137,3.334977149963379,100186157,9.445342076885265,0.0,0.48520848
2020-11-12,3.3277896148578674,3.334976887035603,3.299039840698242,3.299039840698242,63543438,9.548232674065863,0.0,0.47997994
2020-11-13,3.291852536045591,3.2990401516250842,3.263102759176366,3.2702903747558594,107363964,9.632172189710097,0.0,0.47579711
2020-11-16,3.277477264404297,3.2918521511581798,3.2702899923895226,3.277477264404297,84595073,9.611050652314848,0.0,0.47684282
2020-11-17,3.2774773387163525,3.3062271128759777,3.270290066538617,3.299039840698242,113930400,9.548232674065863,0.0,0.47997994
2020-11-18,3.2918526392218608,3.334977305877351,3.2846653661414718,3.3206024169921875,149566853,9.486230522151098,0.0,0.48311707
2020-11-19,3.3206023233843713,3.3349772118643064,3.2990401620266567,3.313415050506592,79107273,9.506807785877573,0.0,0.48207136
2020-11-20,3.320602334128865,3.320602334128865,3.2918525570759694,3.306227445602417,59113465,9.527475201954983,0.0,0.48102565
2020-11-23,3.306227373537137,3.342164765432124,3.299040100792761,3.334977149963379,127466200,9.445342076885265,0.0,0.48520848
2020-11-24,3.334977305877351,3.3493521947625142,3.3206024169921875,3.3206024169921875,105994168,9.486230522151098,0.0,0.48311707
2020-11-25,3.3349772118643064,3.3493521003442415,3.313415050506592,3.313415050506592,100566839,9.506807785877573,0.0,0.48207136
2020-11-26,3.3134148956695917,3.3349770560196994,3.306227280403316,3.327789783477783,82098739,9.465742144048594,0.0,0.48416277
2020-11-27,3.3349768472038175,3.4140388965606685,3.3206019602956935,3.414038896560669,270401973,9.226608411442928,0.0,0.49671127
2020-11-30,3.4356014687725565,3.493101017584759,3.3637266900329585,3.385289192199707,433266841,9.304965753762326,0.0,0.49252844
2020-12-01,3.370914776860893,3.4427892229372077,3.35653988764563,3.4356019496917725,233159388,9.168698953272525,0.0,0.49984839
2020-12-02,3.4356016487112995,3.4499765366672315,3.3924766421191417,3.4068515300750732,151189394,9.246073602539957,0.0,0.49566556
2020-12-03,3.414039051148497,3.4212266662901833,3.385289276030458,3.3996641635894775,121052634,9.265621097920821,0.0,0.49461985
2020-12-04,3.3996645694073115,3.3996645694073115,3.356539901582463,3.3781020641326904,113514722,9.324762663169402,0.0,0.49148273
2020-12-07,3.3709147716724073,3.37810204490678,3.327790104092996,3.342164993286133,131011327,9.425028406221234,0.0,0.48625419
2020-12-08,3.3493520381765,3.363726926389621,3.327789877219003,3.334977149963379,98382030,9.445342076885265,0.0,0.48520848
2020-12-09,3.342164921682125,3.3637270836476776,3.3206024169921875,3.3206024169921875,102005109,9.486230522151098,0.0,0.48311707
2020-12-10,3.3206024910426812,3.3349773802484095,3.284665439390558,3.2918527126312256,139102222,9.569079405992497,0.0,0.47893423
2020-12-11,3.291852536045591,3.291852536045591,3.248727870741754,3.2702903747558594,254887909,9.632172189710097,0.0,0.47579711
2020-12-14,3.270290051963255,3.277477324108957,3.2487275500774673,3.2559151649475098,155454772,9.674699248654358,0.0,0.47370569
2020-12-15,3.255915319675187,3.263102592162443,3.234352816764705,3.2415404319763184,176730196,9.71760206637155,0.0,0.47161428
2020-12-16,3.2487277044635743,3.2487277044635743,3.234352816764705,3.2415404319763184,114854614,9.71760206637155,0.0,0.47161428
2020-12-17,3.2415405257667023,3.2559154138814925,3.227165294927545,3.248727798461914,116540309,9.696103199201065,0.0,0.47265999
2020-12-18,3.2415404319763184,3.255915319675187,3.234352816764705,3.2415404319763184,93811584,9.71760206637155,0.0,0.47161428
2020-12-21,3.2415405257667023,3.248727798461914,3.227165294927545,3.248727798461914,89412205,9.696103199201065,0.0,0.47265999
2020-12-22,3.2343531393953233,3.2415407553239097,3.1912284719969795,3.2056033611297607,152060248,9.826543228011328,0.0,0.46638574
2020-12-23,3.1984157562255864,3.2056033721789468,3.1912284829966175,3.198415756225586,74452249,9.848625820044356,0.0,0.46534003
2020-12-24,3.2056032785022452,3.2199781672645,3.1912283897399902,3.1912283897399902,56868669,9.870807147891568,0.0,0.46429432
2020-12-25,3.1984157562255864,3.2056033721789468,3.1840408670432567,3.198415756225586,56975979,9.848625820044356,0.0,0.46534003
2020-12-28,3.1984157562255864,3.2127906454079156,3.1912284829966175,3.198415756225586,63117544,9.848625820044356,0.0,0.46534003
2020-12-29,3.2056033611297607,3.212790634333956,3.1984157452011748,3.2056033611297607,61931965,9.826543228011328,0.0,0.46638574
2020-12-30,3.2056033611297607,3.2056033611297607,3.1912284719969795,3.2056033611297607,80389851,9.826543228011328,0.0,0.46638574
2020-12-31,3.198415353263302,3.2343527430536376,3.198415353263302,3.219977855682373,111247863,9.782675972262103,0.0,0.45368909
2021-01-04,3.219977865848698,3.2271651381948483,3.191228091015399,3.2127902507781982,128046831,9.80456162439179,0.0,0.45267639
2021-01-05,3.205602968311109,3.2271651280058307,3.1912280809398443,3.219977855682373,124713674,9.782675972262103,0.0,0.45368909
2021-01-06,3.212790797751167,3.2343533039093018,3.2056035241813943,3.2343533039093018,97904240,9.739195765016316,0.0,0.45571449
2021-01-07,3.2343533039093018,3.2415409202034833,3.2056035241813943,3.2343533039093018,104005758,9.739195765016316,0.0,0.45571449
2021-01-08,3.2271656876151207,3.2415409202034833,3.212790797751167,3.2343533039093018,105458593,9.739195765016316,0.0,0.45571449
2021-01-11,3.2343527430536376,3.248727630424902,3.2127902406345665,3.219977855682373,129530712,9.782675972262103,0.0,0.45368909
2021-01-12,3.219977949634801,3.2343528374254955,3.1984154465865795,3.2271652221679688,113189034,9.760888529543182,0.0,0.45470179
2021-01-13,3.2271656876151207,3.2415409202034833,3.2056035241813943,3.2343533039093018,120521718,9.739195765016316,0.0,0.45571449
2021-01-14,3.2271652015530923,3.263102592162443,3.2271652015530923,3.2415404319763184,120514096,9.71760206637155,0.0,0.45672719
2021-01-15,3.2487276440017663,3.299039921373628,3.2487276440017663,3.2631025314331055,248715364,9.653389587536397,0.0,0.45976528
2021-01-18,3.2631024370932122,3.270290051963255,3.241540277931765,3.2559151649475098,131026160,9.674699248654358,0.0,0.45875258
2021-01-19,3.2559155071220376,3.3134150612278295,3.2415406185955895,3.306227445602417,247139811,9.527475201954983,0.0,0.46584148
2021-01-20,3.291852536045591,3.3206023129148154,3.263102759176366,3.2702903747558594,124083654,9.632172189710097,0.0,0.46077798
2021-01-21,3.263102531433105,3.284665033942289,3.255915259079611,3.2631025314331055,102364894,9.653389587536397,0.0,0.45976528
2021-01-22,3.255915810067437,3.2631030836372097,3.2271656876151207,3.2343533039093018,91658003,9.739195765016316,0.0,0.45571449
2021-01-25,3.2343527430536376,3.2343527430536376,3.205602968311109,3.219977855682373,93451666,9.782675972262103,0.0,0.45368909
2021-01-26,3.2127902507781982,3.241540368335848,3.2056029784320486,3.2127902507781982,73834361,9.80456162439179,0.0,0.45267639
2021-01-27,3.219977855682373,3.248727630424902,3.205602968311109,3.219977855682373,88259060,9.782675972262103,0.0,0.45368909
2021-01-28,3.2127902507781982,3.219977865848698,3.1984153633615486,3.2127902507781982,103055951,9.80456162439179,0.0,0.45267639
2021-01-29,3.2056033611297607,3.2343531393953233,3.1984157452011748,3.2056033611297607,89072687,9.826543228011328,0.0,0.45166369
2021-02-01,3.2056030618441063,3.2343528374254955,3.191228174053412,3.2271652221679688,104075751,9.760888529543182,0.0,0.45470179
2021-02-02,3.2271651280058307,3.248727630424902,3.2127902406345665,3.219977855682373,116162280,9.782675972262103,0.0,0.45368909
2021-02-03,3.219977855682373,3.2343527430536376,3.205602968311109,3.219977855682373,81469044,9.782675972262103,0.0,0.45368909
2021-02-04,3.219977865848698,3.234352753265348,3.2056029784320486,3.2127902507781982,94025083,9.80456162439179,0.0,0.45267639
2021-02-05,3.2127902540612436,3.27029014651095,3.205602981707749,3.2631025314331055,171316895,9.653389587536397,0.0,0.45976528
2021-02-08,3.255915319675187,3.263102592162443,3.234352816764705,3.2415404319763184,110536684,9.71760206637155,0.0,0.45672719
2021-02-09,3.2415409202034833,3.248728193773256,3.219978414045348,3.2343533039093018,122013498,9.739195765016316,0.0,0.45571449
2021-02-10,3.234352663061722,3.277477324108957,3.234352663061722,3.2559151649475098,122892037,9.674699248654358,0.0,0.45875258
2021-02-18,3.2918521511581798,3.2990397658972883,3.2702899923895226,3.277477264404297,178892591,9.611050652314848,0.0,0.46179068
2021-02-19,3.2846652841749333,3.3134150612278295,3.2702903956484857,3.306227445602417,154041929,9.527475201954983,0.0,0.46584148
2021-02-22,3.306227528107024,3.342164921682125,3.2918526392218608,3.3206024169921875,182870350,9.486230522151098,0.0,0.46786687
2021-02-23,3.320602334128865,3.342164838280725,3.306227445602417,3.306227445602417,135325915,9.527475201954983,0.0,0.46584148
2021-02-24,3.3134146427301547,3.3277895294409965,3.27028998259763,3.2846648693084717,136892977,9.590019455053802,0.0,0.46280338
2021-02-25,3.2918526392218608,3.334977305877351,3.2846653661414718,3.3206024169921875,175682707,9.486230522151098,0.0,0.46786687
2021-02-26,3.3134146427301547,3.3277895294409965,3.277477254590884,3.2846648693084717,155076898,9.590019455053802,0.0,0.46280338
2021-03-01,3.2846648693084717,3.2990397560193134,3.277477254590884,3.2846648693084717,84998042,9.590019455053802,0.0,0.46280338
2021-03-02,3.291852536045591,3.291852536045591,3.255915486321247,3.2702903747558594,113166939,9.632172189710097,0.0,0.46077798
2021-03-03,3.2631028614515345,3.327790032796962,3.2631028614515345,3.3206024169921875,168491525,9.486230522151098,0.0,0.46786687
2021-03-04,3.3062274349044363,3.3349772118643064,3.2990401620266567,3.313415050506592,212184960,9.506807785877573,0.0,0.46685418
2021-03-05,3.313414989005882,3.342164765432124,3.28466521257964,3.334977149963379,213421900,9.445342076885265,0.0,0.46989227
2021-03-08,3.3421646712859747,3.3637268316360824,3.327789783477783,3.327789783477783,181406390,9.465742144048594,0.0,0.46887957
2021-03-09,3.342164765432124,3.363726926389621,3.320602261750258,3.334977149963379,187232200,9.445342076885265,0.0,0.46989227
2021-03-10,3.3349773773273683,3.3565398824792703,3.3134152148998584,3.342164993286133,157048263,9.425028406221234,0.0,0.47090497
2021-03-11,3.3493523597717285,3.378102138958442,3.3349774701783717,3.3493523597717285,145796953,9.404803262367668,0.0,0.47191767
2021-03-12,3.3421644569385287,3.370914230711065,3.334976842133226,3.3637266159057617,137452970,9.364613595840009,0.0,0.47394307
2021-03-15,3.363726773329752,3.414039051148497,3.363726773329752,3.3996641635894775,147227090,9.265621097920821,0.0,0.47900656
2021-03-16,3.3996641635894775,3.4212266662901833,3.385289276030458,3.3996641635894775,99763439,9.265621097920821,0.0,0.47900656
2021-03-17,3.399664234950026,3.4068515075182235,3.356539571367761,3.3709144592285156,98359303,9.34464531242043,0.0,0.47495577
2021-03-18,3.370914230711065,3.385289117597333,3.356539343824797,3.3637266159057617,77491777,9.364613595840009,0.0,0.47394307
2021-03-19,3.3637268316360824,3.3637268316360824,3.3134148956695917,3.327789783477783,136119137,9.465742144048594,0.0,0.46887957
2021-03-22,3.3206025805850152,3.3637272493650854,3.313415307150538,3.3493523597717285,107104662,9.404803262367668,0.0,0.47191767
2021-03-23,3.356539343824797,3.37810150279203,3.3421644569385287,3.3637266159057617,82879410,9.364613595840009,0.0,0.47394307
2021-03-24,3.356539975930608,3.3637272493650854,3.3349774701783717,3.3493523597717285,86172310,9.404803262367668,0.0,0.47191767
2021-03-25,3.3565395590941667,3.3637268316360824,3.320602168211508,3.327789783477783,79222944,9.465742144048594,0.0,0.46887957
2021-03-26,3.3277901967438943,3.3493523597717285,3.3206025805850152,3.3493523597717285,137663867,9.404803262367668,0.0,0.47191767
2021-03-29,3.378101826454673,3.500288548057073,3.378101826454673,3.478726387023926,452409658,9.055038107480613,0.0,0.49014625
2021-03-30,3.4859136706417484,3.521851062774658,3.4715387823334587,3.521851062774658,242370361,8.9441601699031,0.0,0.49622244
2021-03-31,3.521850847985809,3.572162782634238,3.4931010731226064,3.5577878952026367,240419219,8.853816171131216,0.0,0.4859792
2021-04-01,3.5721628435757675,3.579350458776365,3.5146632928684136,3.5362257957458496,136537428,8.907802221762855,0.0,0.48303387
2021-04-02,3.5362255514273926,3.5362255514273926,3.4715383899886882,3.4859132766723633,142693583,9.036369381532564,0.0,0.47616144
2021-04-06,3.500288248062134,3.5146631350936777,3.48591336103059,3.500288248062134,90936263,8.999258851735814,0.0,0.47812499
2021-04-07,3.5002887335737367,3.5506010165249333,3.4859138445483073,3.5434134006500244,132773118,8.889733270812108,0.0,0.48401565
2021-04-08,3.5434134006500244,3.5506010165249333,3.5290385116245955,3.5434134006500244,80905292,8.889733270812108,0.0,0.48401565
2021-04-09,3.5434130785604543,3.5434130785604543,3.507476030625685,3.529038190841675,80437778,8.925944774909691,0.0,0.48205209
2021-04-12,3.529038737691168,3.557788517583708,3.521851464080238,3.5506012439727783,108420227,8.871736879344569,0.0,0.48499742
2021-04-13,3.550600839391237,3.564975727699527,3.5074761744663685,3.521851062774658,109871053,8.9441601699031,0.0,0.48107032
2021-04-14,3.5290381676941696,3.5290381676941696,3.4859135048206937,3.493101119995117,104537160,9.017775013637175,0.0,0.47714321
2021-04-15,3.493101119995117,3.493101119995117,3.464351344746133,3.493101119995117,84674320,9.017775013637175,0.0,0.47714321
2021-04-16,3.49310129670513,3.521851073408516,3.4859136811670974,3.5146634578704834,67894215,8.962451278076475,0.0,0.48008854
2021-04-19,3.521851062774658,3.5434132238749068,3.514663447258328,3.521851062774658,96319809,8.9441601699031,0.0,0.48107032
2021-04-20,3.521850908069011,3.5362257957458496,3.5146632928684136,3.5362257957458496,78780882,8.907802221762855,0.0,0.48303387
2021-04-21,3.529038180545252,3.550600683422688,3.521850908069011,3.5362257957458496,89624638,8.907802221762855,0.0,0.48303387
2021-04-22,3.5434132345738694,3.5434132345738694,3.507476185056823,3.5146634578704834,79573510,8.962451278076475,0.0,0.48008854
2021-04-23,3.521851238474075,3.5434134006500244,3.514663622599166,3.5434134006500244,99606307,8.889733270812108,0.0,0.48401565
2021-04-26,3.543412909156765,3.5506005240347074,3.500288248062134,3.500288248062134,100313001,8.999258851735814,0.0,0.47812499
2021-04-27,3.5002883924451855,3.5146632800696778,3.4859135048206937,3.493101119995117,61843149,9.017775013637175,0.0,0.47714321
2021-04-28,3.5074761635510354,3.5074761635510354,3.4643514987603714,3.478726387023926,81774178,9.055038107480613,0.0,0.47517966
2021-04-29,3.4787263978497895,3.529038335566617,3.4715387823334587,3.521851062774658,98400446,8.9441601699031,0.0,0.48107032
2021-04-30,3.5218509779209284,3.5290382505397213,3.4356016501492395,3.4571638107299805,170451284,9.111515023451773,0.0,0.47223433
2021-05-06,3.457163883266409,3.500288548057073,3.457163883266409,3.478726387023926,115853928,9.055038107480613,0.0,0.47517966
2021-05-07,3.478726571397787,3.557788289675454,3.471538955522878,3.5434134006500244,191326257,8.889733270812108,0.0,0.48401565
2021-05-10,3.550601243972778,3.557788517583708,3.521851464080238,3.5506012439727783,100020349,8.871736879344569,0.0,0.48499742
2021-05-11,3.53622573541741,3.5577878952026367,3.5290381203394343,3.5577878952026367,86523280,8.853816171131216,0.0,0.4859792
2021-05-12,3.5434136276374377,3.572163407529978,3.536226354026508,3.5506012439727783,101418459,8.871736879344569,0.0,0.48499742
2021-05-13,3.5434134006500244,3.5506010165249333,3.5290385116245955,3.5434134006500244,77165364,8.889733270812108,0.0,0.48401565
2021-05-14,3.5434130077710355,3.5649755102806124,3.5290381203394343,3.5577878952026367,96871763,8.853816171131216,0.0,0.4859792
2021-05-17,3.557788517583708,3.579351023865318,3.536226354026508,3.5506012439727783,98376628,8.871736879344569,0.0,0.48499742
2021-05-18,3.5577878952026367,3.5649755102806124,3.5506006228490112,3.5577878952026367,57652122,8.853816171131216,0.0,0.4859792
2021-05-19,3.5577879662792333,3.5577879662792333,3.529038190841675,3.529038190841675,82472630,8.925944774909691,0.0,0.48205209
2021-05-20,3.536225806063243,3.5434130785604543,3.5146633031228958,3.529038190841675,77375974,8.925944774909691,0.0,0.48205209
2021-05-21,3.529038022125221,3.5362256370031635,3.500288248062134,3.500288248062134,78343138,8.999258851735814,0.0,0.47812499
2021-05-24,3.500288248062134,3.5218507499716196,3.4931009759085323,3.500288248062134,83065392,8.999258851735814,0.0,0.47812499
2021-05-25,3.5074760203921724,3.550600683422688,3.500288405191575,3.5362257957458496,137451306,8.907802221762855,0.0,0.48303387
2021-05-26,3.5434136276374377,3.550601243972778,3.529038737691168,3.5506012439727783,95617372,8.871736879344569,0.0,0.48499742
2021-05-27,3.5434130785604543,3.5577879662792333,3.529038190841675,3.529038190841675,87376016,8.925944774909691,0.0,0.48205209
2021-05-28,3.5434134006500244,3.5434134006500244,3.521851238474075,3.5434134006500244,99587003,8.889733270812108,0.0,0.48401565
2021-05-31,3.5434132238749068,3.5434132238749068,3.5074761744663685,3.521851062774658,101664260,8.9441601699031,0.0,0.48107032
2021-06-01,3.5146631350936777,3.5218507499716196,3.48591336103059,3.500288248062134,108706902,8.999258851735814,0.0,0.47812499
2021-06-02,3.4931014408585503,3.507476329803467,3.485913825023899,3.507476329803467,109891543,8.98081613048691,0.0,0.47910676
2021-06-03,3.507476185056823,3.529038346222176,3.50028856951879,3.5146634578704834,74848196,8.962451278076475,0.0,0.48008854
2021-06-04,3.5146633031228958,3.536225806063243,3.507476030625685,3.529038190841675,93958831,8.925944774909691,0.0,0.48205209
2021-06-07,3.529038335566617,3.5362259510829475,3.514663447258328,3.521851062774658,59733254,8.9441601699031,0.0,0.48107032
2021-06-08,3.521850918344464,3.529038190841675,3.507476030625685,3.529038190841675,69352240,8.925944774909691,0.0,0.48205209
2021-06-09,3.521851073408516,3.529038346222176,3.5146634578704834,3.5146634578704834,50020859,8.962451278076475,0.0,0.48008854
2021-06-10,3.514663602913732,3.5290384918586484,3.507476329803467,3.507476329803467,77226836,8.98081613048691,0.0,0.47910676
2021-06-11,3.514663602913732,3.514663602913732,3.5002887139688155,3.507476329803467,98637597,8.98081613048691,0.0,0.47910676
2021-06-15,3.507475933363758,3.507475933363758,3.471538543701172,3.471538543701172,103053991,9.07378662326945,0.0,0.47419788
2021-06-16,3.4715387715299637,3.500288548057073,3.4643514987603714,3.478726387023926,60731313,9.055038107480613,0.0,0.47517966
2021-06-17,3.478726158723428,3.493101046043593,3.471538543701172,3.471538543701172,59473350,9.07378662326945,0.0,0.47419788
2021-06-18,3.4715387715299637,3.478726387023926,3.4643514987603714,3.478726387023926,58446795,9.055038107480613,0.0,0.47517966
2021-06-21,3.471538543701172,3.478726158723428,3.457163656381007,3.471538543701172,59761819,9.07378662326945,0.0,0.47419788
2021-06-22,3.4715383899886882,3.4931008913763675,3.4715383899886882,3.4859132766723633,72189312,9.036369381532564,0.0,0.47616144
2021-06-23,3.4859135048206937,3.493101119995117,3.478726232370625,3.493101119995117,43847547,9.017775013637175,0.0,0.47714321
2021-06-24,3.4931014408585503,3.507476329803467,3.485913825023899,3.507476329803467,74034623,8.98081613048691,0.0,0.47910676
2021-06-25,3.507476030625685,3.529038190841675,3.507476030625685,3.529038190841675,75733862,8.925944774909691,0.0,0.48205209
2021-06-28,3.529038346222176,3.529038346222176,3.507476185056823,3.5146634578704834,55376208,8.962451278076475,0.0,0.48008854
2021-06-29,3.514663602913732,3.5218512187483832,3.5002887139688155,3.507476329803467,59766944,8.98081613048691,0.0,0.47910676
2021-06-30,3.500288558950038,3.529038335566617,3.500288558950038,3.521851062774658,66173238,8.9441601699031,0.0,0.485949
2021-07-01,3.529038335566617,3.5362259510829475,3.514663447258328,3.521851062774658,68679129,8.9441601699031,0.0,0.485949
2021-07-02,3.514663447258328,3.529038335566617,3.5074761744663685,3.521851062774658,102692102,8.9441601699031,0.0,0.485949
2021-07-05,3.514663602913732,3.5218512187483832,3.4931014408585503,3.507476329803467,80598488,8.98081613048691,0.0,0.48396554
2021-07-06,3.507476030625685,3.536225806063243,3.5002884154041167,3.529038190841675,112363014,8.925944774909691,0.0,0.48694074
2021-07-07,3.529038346222176,3.5434132345738694,3.507476185056823,3.5146634578704834,104822049,8.962451278076475,0.0,0.48495727
2021-07-08,3.5218506647437176,3.529037936723389,3.4859132766723633,3.4859132766723633,135336827,9.036369381532564,0.0,0.48099034
2021-07-09,3.4859132766723633,3.5146630500397134,3.4859132766723633,3.4859132766723633,112443889,9.036369381532564,0.0,0.48099034
2021-07-12,3.507476079390054,3.5146633519871893,3.4643514156341553,3.4643514156341553,190392700,9.092611060715349,0.0,0.47801514
2021-07-13,3.4851235961058498,3.4928168345588317,3.438962697982788,3.438962697982788,171104196,18.377634638803027,0.317,0.4433045
2021-07-14,3.4466563761793436,3.4466563761793436,3.3928022384643555,3.3928022384643555,135403050,18.627669860476594,0.0,0.4373541
2021-07-15,3.4004957202265027,3.4389626456081546,3.3928021150394,3.431269407272339,87658058,18.418839356085524,0.0,0.44231277
2021-07-16,3.42357587814331,3.4312694835013335,3.4081890342785583,3.4235758781433105,68785965,18.460230545342817,0.0,0.44132103
2021-07-19,3.42357587814331,3.4312694835013335,3.40049579577183,3.4235758781433105,72716379,18.460230545342817,0.0,0.44132103
2021-07-20,3.4235759266296917,3.4235759266296917,3.3851089998486716,3.3928022384643555,85579080,18.627669860476594,0.0,0.4373541
2021-07-21,3.4004958439313397,3.4081890825470236,3.3851089998486716,3.3928022384643555,60353798,18.627669860476594,0.0,0.4373541
2021-07-22,3.3928022384643555,3.4081890825470236,3.3851089998486716,3.3928022384643555,63019034,18.627669860476594,0.0,0.4373541
2021-07-23,3.4004958439313397,3.4081890825470236,3.3851089998486716,3.3928022384643555,53649546,18.627669860476594,0.0,0.4373541
2021-07-26,3.3928023121970923,3.400495917831275,3.346641778945923,3.346641778945923,111607177,9.472181994328778,0.0,0.43140371
2021-07-27,3.3543354093279687,3.3697222538585474,3.315868114575866,3.3312549591064453,94660859,9.515933301155371,0.0,0.42942024
2021-07-28,3.3312549591064453,3.3543354093279687,3.3235617202668113,3.3312549591064453,90641316,9.515933301155371,0.0,0.42942024
2021-07-29,3.3389487780012663,3.3389487780012663,3.3004814807928886,3.3081750869750977,72912097,9.582322327741604,0.0,0.42644504
2021-07-30,3.308174873235991,3.308174873235991,3.285094423031911,3.292788028717041,62991459,9.627100111983575,0.0,0.42446158
2021-08-02,3.2927877436041215,3.3389482731640645,3.2697072953985105,3.323561429977417,91755740,9.53796121054859,0.0,0.42842851
2021-08-03,3.323561932488182,3.331255171819057,3.2927882414620138,3.3081750869750977,63645486,9.582322327741604,0.0,0.42644504
2021-08-04,3.3081750869750977,3.315868326305973,3.2927882414620138,3.3081750869750977,51501320,9.582322327741604,0.0,0.42644504
2021-08-05,3.308174900370047,3.3235617450152017,3.2927880557248925,3.3158681392669678,52595942,9.560090651556443,0.0,0.42743678
2021-08-06,3.3081750869750977,3.315868326305973,3.2927882414620138,3.3081750869750977,49060082,9.582322327741604,0.0,0.42644504
2021-08-09,3.308174586790769,3.346641511331749,3.300480981771806,3.323561429977417,69944052,9.53796121054859,0.0,0.42842851
2021-08-10,3.3312549345288662,3.354335384580105,3.308174851328935,3.346641778945923,64462888,9.472181994328778,0.0,0.43140371
2021-08-11,3.3389484400034446,3.3851089718699208,3.3389484400034446,3.3697221279144287,78134970,9.407303865621586,0.0,0.4343789
2021-08-12,3.3697221521410667,3.377415390748475,3.3543353080749507,3.354335308074951,39650746,9.450456525228121,0.0,0.43239544
2021-08-13,3.3543353080749507,3.3697221521410667,3.346641702616243,3.354335308074951,40371288,9.450456525228121,0.0,0.43239544
2021-08-16,3.3620285744317626,3.385109024147087,3.3543353357608563,3.377415418624878,58678554,9.385875313172676,0.0,0.43537064
2021-08-17,3.377415390748475,3.3851089962071828,3.346641702616243,3.354335308074951,99658110,9.450456525228121,0.0,0.43239544
2021-08-18,3.3543353116833354,3.4004958439313397,3.346641706216351,3.3928022384643555,82093570,9.343309091409937,0.0,0.4373541
2021-08-19,3.3851089718699208,3.3928022104220186,3.3543352839589367,3.3697221279144287,82842595,9.407303865621586,0.0,0.4343789
2021-08-20,3.3774153664665265,3.3851089718699208,3.3543352839589367,3.3697221279144287,55798661,9.407303865621586,0.0,0.4343789
2021-08-23,3.3697221521410667,3.377415390748475,3.346641702616243,3.354335308074951,76127921,9.450456525228121,0.0,0.43239544
2021-08-24,3.3543353080749507,3.377415390748475,3.3543353080749507,3.354335308074951,64748310,9.450456525228121,0.0,0.43239544
2021-08-25,3.3620288372039795,3.369722443327512,3.3466419918082466,3.3620288372039795,60125838,9.428830487475295,0.0,0.43338717
2021-08-26,3.3543353080749507,3.3697221521410667,3.3543353080749507,3.354335308074951,53929091,9.450456525228121,0.0,0.43239544
2021-08-27,3.3543353080749507,3.3697221521410667,3.3543353080749507,3.354335308074951,58573791,9.450456525228121,0.0,0.43239544
2021-08-30,3.3620285225110345,3.3774153664665265,3.3543352839589367,3.3697221279144287,81928825,9.407303865621586,0.0,0.4343789
2021-08-31,3.3697220801188883,3.400495767593384,3.3620284748246188,3.400495767593384,116613391,9.322170108870592,0.0,0.43834584
2021-09-01,3.4004957720152933,3.4466563032870625,3.385108928258037,3.438962697982788,139374364,9.217895855222405,0.0,0.4433045
2021-09-02,3.431269459529806,3.4466563032870625,3.4235758542255317,3.438962697982788,80027657,9.217895855222405,0.0,0.4433045
2021-09-03,3.4389628598639623,3.454349704345519,3.423576015382406,3.4466564655303955,138724470,9.197319291036967,0.0,0.44429623
2021-09-06,3.4466568386892216,3.4928173771315487,3.438963232189826,3.4697372913360596,129463729,9.136138369655523,0.0,0.44727143
2021-09-07,3.4774300289497044,3.5005104782644323,3.462043185023651,3.485123634338379,112654702,9.095803571404138,0.0,0.44925489
2021-09-08,3.4851236622400963,3.5158973503385753,3.4774300567898266,3.5082037448883057,106043965,9.03596321798273,0.0,0.45223009
2021-09-09,3.5082037448883057,3.5235905889375454,3.4697368181908566,3.5082037448883057,104779344,9.03596321798273,0.0,0.45223009
2021-09-10,3.508203958161714,3.5697513381003074,3.5005107190950504,3.5235908031463623,165002825,8.996504353369788,0.0,0.45421356
2021-09-13,3.523590701875585,3.554364390960422,3.508203857333167,3.546671152114868,115998871,8.937958621029017,0.0,0.45718876
2021-09-14,3.562058150320932,3.562058150320932,3.4774303182612156,3.4928171634674072,136512191,9.075768503304825,0.0,0.45024663
2021-09-15,3.485123924289975,3.5005107694961666,3.4774303182612156,3.4928171634674072,75192520,9.075768503304825,0.0,0.45024663
2021-09-16,3.4928173771315487,3.508204223278991,3.46973729133606,3.4697372913360596,87664714,9.136138369655523,0.0,0.44727143
2021-09-17,3.469737129929955,3.485123975361628,3.462043523788452,3.462043523788452,70343526,9.15644178999554,0.0,0.4462797
2021-09-22,3.42357587814331,3.4389627220080623,3.4081890342785583,3.4235758781433105,93806732,9.259324498217838,0.0,0.44132103
2021-09-23,3.4312698329251057,3.485123975361628,3.4312698329251057,3.462043523788452,86934001,9.15644178999554,0.0,0.4462797
2021-09-24,3.4620433100119516,3.485123760159941,3.431269621048839,3.4466564655303955,80430935,9.197319291036967,0.0,0.44429623
2021-09-27,3.4389626456081546,3.4543494891310726,3.4235758020852365,3.431269407272339,81788045,9.238563411201124,0.0,0.44231277
2021-09-28,3.4312694357718327,3.469736728324274,3.4235758305208286,3.4543495178222656,85878423,9.176836286093225,0.0,0.44528796
2021-09-29,3.438962674171547,3.4774299667239883,3.4312694357718327,3.4543495178222656,91151490,9.176836286093225,0.0,0.44528796
2021-09-30,3.462043523788452,3.462043523788452,3.438963072215276,3.462043523788452,70999431,9.15644178999554,0.0,0.43425335
2021-10-08,3.485124085098851,3.5082041705474247,3.477430478715097,3.5005109310150146,107956780,9.055820885783724,0.0,0.43907839
2021-10-11,3.508203906630937,3.5389775961482095,3.508203906630937,3.515897512435913,94070272,9.016190002090632,0.0,0.4410084
2021-10-12,3.508203906630937,3.53128435719455,3.4928170618723007,3.515897512435913,93960770,9.016190002090632,0.0,0.4410084
2021-10-13,3.5158973503385753,3.5235905889375454,3.4928169008390664,3.5082037448883057,58854188,9.03596321798273,0.0,0.44004339
2021-10-14,3.5158976147023577,3.5158976147023577,3.485123924289975,3.4928171634674072,48962865,9.075768503304825,0.0,0.43811338
2021-10-15,3.5005109310150146,3.5005109310150146,3.485124085098851,3.5005109310150146,65136361,9.055820885783724,0.0,0.43907839
2021-10-18,3.5005100750282017,3.5005100750282017,3.4697363907210255,3.4774296283721924,75493164,9.115928541403433,0.0,0.43618336
2021-10-19,3.4774300289497044,3.4928168728757574,3.469736790412326,3.485123634338379,66780266,9.095803571404138,0.0,0.43714837
2021-10-20,3.4928164705257805,3.5005100750282017,3.4697363907210255,3.4774296283721924,53441257,9.115928541403433,0.0,0.43618336
2021-10-21,3.4851236622400963,3.5082037448883057,3.4774300567898266,3.5082037448883057,86051669,9.03596321798273,0.0,0.44004339
2021-10-22,3.5005109310150146,3.5235910164635884,3.4928173246312606,3.5005109310150146,64578224,9.055820885783724,0.0,0.43907839
2021-10-25,3.4928169008390664,3.5158973503385753,3.4851236622400963,3.5082037448883057,71852458,9.03596321798273,0.0,0.44004339
2021-10-26,3.5158976147023577,3.52359085387979,3.485123924289975,3.4928171634674072,57799084,9.075768503304825,0.0,0.43811338
2021-10-27,3.5005100750282017,3.5082033126793686,3.4620427862186043,3.4774296283721924,78231871,9.115928541403433,0.0,0.43618336
2021-10-28,3.46973729133606,3.4851241374835022,3.462043684836664,3.4697372913360596,63126143,9.136138369655523,0.0,0.43521836
2021-10-29,3.4774296283721924,3.4774296283721924,3.4543491817161835,3.4774296283721924,63569066,9.115928541403433,0.0,0.43618336
2021-11-01,3.508203761260325,3.6236052755938246,3.500510522625452,3.6082184314727783,330865247,8.785499160332405,0.0,0.45258849
2021-11-02,3.6159116532329825,3.623605258683252,3.5005105062893356,3.5082037448883057,230982137,9.03596321798273,0.0,0.44004339
2021-11-03,3.5158975124359135,3.53128435719455,3.500510667677277,3.515897512435913,117730561,9.016190002090632,0.0,0.4410084
2021-11-04,3.5235905407285406,3.554364228405981,3.5158973022348277,3.5389773845672607,97493346,8.957389820640579,0.0,0.44390342
2021-11-05,3.538977835444841,3.5543646812438965,3.5312845959709835,3.5543646812438965,75514141,8.91861214108907,0.0,0.44583344
2021-11-08,3.554364128407212,3.5851378152188627,3.531284046724116,3.5620577335357666,86042551,8.899350423647956,0.0,0.44679845
2021-11-09,3.5697509718130376,3.577444576941592,3.554364128407212,3.5620577335357666,53892112,8.899350423647956,0.0,0.44679845
2021-11-10,3.5620577810792042,3.569751019459158,3.523590488625569,3.5312840938568115,82453206,8.976904479349827,0.0,0.44293842
2021-11-11,3.5389775488453568,3.592831688206414,3.5312843099945264,3.5851380825042725,91681819,8.842058316999907,0.0,0.44969347
2021-11-12,3.577444576941592,3.592831420347417,3.554364128407212,3.5620577335357666,58946468,8.899350423647956,0.0,0.44679845
2021-11-15,3.56205799910047,3.5851380825042725,3.5543643933983287,3.5851380825042725,54791695,8.842058316999907,0.0,0.44969347
2021-11-16,3.5774447917938237,3.5928316361237433,3.5620579474639036,3.5774447917938232,48616757,8.861073152747327,0.0,0.44872846
2021-11-17,3.5697509718130376,3.5851378152188627,3.554364128407212,3.5620577335357666,53983466,8.899350423647956,0.0,0.44679845
2021-11-18,3.554364390960422,3.5620579966572867,3.5389775464180033,3.546671152114868,50006262,8.937958621029017,0.0,0.44486843
2021-11-19,3.53897749754337,3.5851380305331304,3.53897749754337,3.5774447917938232,71814438,8.861073152747327,0.0,0.44872846
2021-11-22,3.577444576941592,3.5851378152188627,3.554364128407212,3.5620577335357666,53068976,8.899350423647956,0.0,0.44679845
2021-11-23,3.562058023760704,3.5774448684201996,3.5543644180052993,3.569751262664795,44532270,8.880170540604045,0.0,0.44776345
2021-11-24,3.5620577335357666,3.5697509718130376,3.5466708901299415,3.5620577335357666,39740406,8.899350423647956,0.0,0.44679845
2021-11-25,3.5620582875690947,3.5620582875690947,3.538977835444841,3.5543646812438965,38399634,8.91861214108907,0.0,0.44583344
2021-11-26,3.546670937468008,3.5543641758479616,3.5312840938568115,3.5312840938568115,48457698,8.976904479349827,0.0,0.44293842
2021-11-29,3.515897564079699,3.531284409064347,3.515897564079699,3.5235908031463623,56660820,8.996504353369788,0.0,0.44197341
2021-11-30,3.5235907513895732,3.5389775961482095,3.5158975124359135,3.515897512435913,77750897,9.016190002090632,0.0,0.4410084
2021-12-01,3.5158973022348277,3.546670989912268,3.5082036968898205,3.5389773845672607,67477702,8.957389820640579,0.0,0.44390342
2021-12-02,3.523590701875585,3.5620579966572867,3.523590701875585,3.546671152114868,81551758,8.937958621029017,0.0,0.44486843
2021-12-03,3.546671441770039,3.5543646812438965,3.5312845959709835,3.5543646812438965,63789618,8.91861214108907,0.0,0.44583344
2021-12-06,3.5543646812438965,3.5697515270429516,3.538977835444841,3.5543646812438965,104384650,8.91861214108907,0.0,0.44583344
2021-12-07,3.569751262664795,3.5851381073242905,3.5543644180052993,3.569751262664795,99009540,8.880170540604045,0.0,0.44776345
2021-12-08,3.577444841199705,3.577444841199705,3.5389775464180033,3.546671152114868,119956087,8.937958621029017,0.0,0.44486843
2021-12-09,3.5466708901299415,3.577444576941592,3.5389772850013865,3.5620577335357666,117056946,8.899350423647956,0.0,0.44679845
2021-12-10,3.554364390960422,3.56975123550284,3.53128430757245,3.546671152114868,150927486,8.937958621029017,0.0,0.44486843
2021-12-13,3.5389775961482095,3.5543644409068462,3.5158975124359135,3.515897512435913,137719516,9.016190002090632,0.0,0.4410084
2021-12-14,3.5158976147023577,3.52359085387979,3.485123924289975,3.4928171634674072,141721500,9.075768503304825,0.0,0.43811338
2021-12-15,3.4928164705257805,3.5005100750282017,3.4774296283721924,3.4774296283721924,89164422,9.115928541403433,0.0,0.43618336
2021-12-16,3.485123924289975,3.5005107694961666,3.4774303182612156,3.4928171634674072,69456908,9.075768503304825,0.0,0.43811338
2021-12-17,3.4928168728757574,3.5005104782644323,3.485123634338379,3.485123634338379,65960604,9.095803571404138,0.0,0.43714837
2021-12-20,3.4928168728757574,3.5005104782644323,3.485123634338379,3.485123634338379,65966990,9.095803571404138,0.0,0.43714837
2021-12-21,3.485124085098851,3.5158977769311783,3.485124085098851,3.5005109310150146,62139032,9.055820885783724,0.0,0.43907839
2021-12-22,3.508204008673599,3.5158976147023577,3.485123924289975,3.4928171634674072,70889907,9.075768503304825,0.0,0.43811338
2021-12-23,3.5005109310150146,3.5082041705474247,3.4928173246312606,3.5005109310150146,48453201,9.055820885783724,0.0,0.43907839
2021-12-24,3.5005109310150146,3.5158977769311783,3.485124085098851,3.5005109310150146,76315730,9.055820885783724,0.0,0.43907839
2021-12-27,3.500510667677277,3.5158975124359135,3.500510667677277,3.515897512435913,60825938,9.016190002090632,0.0,0.4410084
2021-12-28,3.508203958161714,3.5928317890029406,3.508203958161714,3.5235908031463623,105300374,8.996504353369788,0.0,0.44197341
2021-12-29,3.5312840938568115,3.546670937468008,3.523590488625569,3.5312840938568115,62524153,8.976904479349827,0.0,0.44293842
2021-12-30,3.5389773845672607,3.554364228405981,3.531284146073548,3.5389773845672607,75539623,8.957389820640579,0.0,0.44390342
2021-12-31,3.5389775464180033,3.5620579966572867,3.5389775464180033,3.546671152114868,60191401,8.937958621029017,0.0,0.43343437
2022-01-04,3.546671441770039,3.5620582875690947,3.5312845959709835,3.5543646812438965,107617582,8.91861214108907,0.0,0.43437457
2022-01-05,3.5543643933983287,3.592831688206414,3.5466711545474983,3.5851380825042725,172849570,8.842058316999907,0.0,0.43813539
2022-01-06,3.5851380305331304,3.5928316361237433,3.5620579474639036,3.5774447917938232,128012293,8.861073152747327,0.0,0.43719519
2022-01-07,3.5774446954889103,3.6543789150674395,3.5774446954889103,3.6389920711517334,184742690,8.711203371753161,0.0,0.44471682
2022-01-10,3.638992284591591,3.669765974227989,3.623605439773392,3.65437912940979,107768717,8.67452414690202,0.0,0.44659723
2022-01-11,3.6543792652857476,3.6851529560663634,3.6312988137746203,3.677459716796875,108963553,8.620080827863207,0.0,0.44941785
2022-01-12,3.6774597424550617,3.6851529817782267,3.6312988391107353,3.6620728969573975,124460026,8.656299558192213,0.0,0.44753744
2022-01-13,3.6543795262974705,3.7313137587439877,3.64668591962714,3.700540065765381,162208126,8.566317196039737,0.0,0.45223846
2022-01-14,3.692846208282352,3.7082330521980578,3.6236052272360277,3.6389920711517334,150381570,8.711203371753161,0.0,0.44471682
2022-01-17,3.631299045392123,3.654379498375406,3.600525352648649,3.6159121990203857,97420220,8.76680578930763,0.0,0.44189621
2022-01-18,3.6236053154851575,3.6928462982177734,3.6159117099142866,3.6928462982177734,135195449,8.5841644737012,0.0,0.45129826
2022-01-19,3.6928462982177734,3.700539536937339,3.6697658483564664,3.6928462982177734,86867322,8.5841644737012,0.0,0.45129826
2022-01-20,3.6928463255866446,3.723620014395591,3.685152719958754,3.7159264087677,132044535,8.530847092451586,0.0,0.45411887
2022-01-21,3.7159269122546843,3.723620518925015,3.6620731329678007,3.700540065765381,91374395,8.566317196039737,0.0,0.45223846
2022-01-24,3.7005398014566713,3.7082334075774908,3.6543792652857476,3.677459716796875,116102282,8.620080827863207,0.0,0.44941785
2022-01-25,3.662072572849351,3.7005394997633676,3.6466853618621826,3.6466853618621826,96310089,8.6928256359941,0.0,0.44565703
2022-01-26,3.646685139988623,3.7159261178128786,3.646685139988623,3.708232879638672,129128026,8.548546175203763,0.0,0.45317867
2022-01-27,3.7005393742842907,3.715926217898416,3.669765687056041,3.685152530670166,99887005,8.60208627354569,0.0,0.45035805
2022-01-28,3.6851526556275007,3.7082331052569515,3.6312985177263153,3.6466853618621826,101698859,8.6928256359941,0.0,0.44565703
2022-02-07,3.685152671635825,3.7620868926493625,3.6774594329601227,3.7467000484466553,181215422,8.460778709291796,0.0,0.45787969
2022-02-08,3.74669990107724,3.8082472754672194,3.739006662704137,3.800554037094116,175305386,8.340889167895545,0.0,0.46446112
2022-02-09,3.8005545397242297,3.8390214703796426,3.777474087849912,3.785167694091797,151887615,8.374794080980873,0.0,0.46258071
2022-02-10,3.785167617645206,3.839021392845402,3.777474011558704,3.8313281536102295,146446163,8.273893211190837,0.0,0.46822194
2022-02-11,3.8390212908146815,3.8544085025787354,3.8236344459019476,3.8544085025787354,140787418,8.224348814815965,0.0,0.47104256
2022-02-14,3.8544086828634123,3.86210192225396,3.777474087849912,3.785167694091797,145047069,8.374794080980873,0.0,0.46258071
2022-02-15,3.7851677461005417,3.800554591944392,3.7467004480652455,3.754394054412842,109591349,8.443439751013997,0.0,0.4588199
2022-02-16,3.7774735882722297,3.8082472754672194,3.762086744674735,3.800554037094116,73245744,8.340889167895545,0.0,0.46446112
2022-02-17,3.8005541133438348,3.8236341957774838,3.77747366405889,3.792860507965088,69387826,8.357808027326428,0.0,0.46352092
2022-02-18,3.785167433324344,3.8390212059020996,3.7697805887519404,3.8390212059020996,101747906,8.257313075339233,0.0,0.46916215
2022-02-21,3.8313279918242453,3.8313279918242453,3.7928606967187575,3.823634386062622,77932432,8.290541615471502,0.0,0.46728174
2022-02-22,3.808247566223145,3.8159411720349357,3.7851674824904054,3.8082475662231445,78041008,8.324038668378561,0.0,0.46540133
2022-02-23,3.808247616494956,3.8159412224083087,3.7774739265441895,3.7774739265441895,74704722,8.391851437344174,0.0,0.46164051
2022-02-24,3.777473786385593,3.7851673920134834,3.7082331699911175,3.7159264087677,150950272,8.530847092451586,0.0,0.45411887
2022-02-25,3.723619986798646,3.7467000698086483,3.6774594539273373,3.6928462982177734,134762822,8.5841644737012,0.0,0.45129826
2022-02-28,3.692846562187183,3.7082334075774908,3.662072871406567,3.677459716796875,82072518,8.620080827863207,0.0,0.44941785
2022-03-01,3.6928462257704875,3.7466999963048435,3.685152620350552,3.739006757736206,87287158,8.478187404826427,0.0,0.45693949
2022-03-02,3.7236203627251414,3.7697809002566918,3.7159267563775455,3.754394054412842,87510407,8.443439751013997,0.0,0.4588199
2022-03-03,3.754393842506775,3.8005543774329253,3.754393842506775,3.7774739265441895,87330680,8.391851437344174,0.0,0.46164051
2022-03-04,3.7697806358337402,3.777473874790369,3.7313133404966474,3.7697806358337402,87824025,8.408977354988481,0.0,0.4607003
2022-03-07,3.7543934092377493,3.762086647411956,3.685152431413494,3.708232879638672,127303189,8.548546175203763,0.0,0.45317867
2022-03-08,3.700539663864387,3.7159265086825863,3.65437912940979,3.65437912940979,121858406,8.67452414690202,0.0,0.44659723
2022-03-09,3.654379498375406,3.6928467977304256,3.538977967161701,3.6159121990203857,168271146,8.76680578930763,0.0,0.44189621
2022-03-10,3.662072356912547,3.669765595101192,3.631298303604126,3.631298303604126,83143238,8.72966012418677,0.0,0.44377662
2022-03-11,3.6236058333188637,3.7159269122546843,3.5928321403402563,3.700540065765381,107998584,8.566317196039737,0.0,0.45223846
2022-03-14,3.6851525306701656,3.7390066667452477,3.6774592922887477,3.685152530670166,124787423,8.60208627354569,0.0,0.45035805
2022-03-15,3.6774593459670353,3.6928461898057554,3.5389773845672607,3.5389773845672607,190498470,8.957389820640579,0.0,0.43249416
2022-03-16,3.5774450383342087,3.7005398014566713,3.5466713475535934,3.677459716796875,211717320,8.620080827863207,0.0,0.44941785
2022-03-17,3.700539446814557,3.7082330521980578,3.6312984657682326,3.6389920711517334,175268709,8.711203371753161,0.0,0.44471682
2022-03-18,3.638992115461633,3.7697804737633143,3.615911665881389,3.762086868286133,240293163,8.426174384017173,0.0,0.4597601
2022-03-21,3.754393601724779,3.785167289701925,3.7159263083276977,3.739006757736206,117075336,8.478187404826427,0.0,0.45693949
2022-03-22,3.7313133404966474,3.785167480598314,3.723620101540019,3.7697806358337402,125376299,8.408977354988481,0.0,0.4607003
2022-03-23,3.7697804737633143,3.7774737123891953,3.731313180080008,3.762086868286133,92230783,8.426174384017173,0.0,0.4597601
2022-03-24,3.7466999963048435,3.7620868402934167,3.731313152316271,3.739006757736206,71907360,8.478187404826427,0.0,0.45693949
2022-03-25,3.731313391618039,3.8005543774329253,3.7159265466426556,3.7774739265441895,133996304,8.391851437344174,0.0,0.46164051
2022-03-28,3.785167457808449,3.846714836496177,3.7467001627029615,3.823634386062622,224211140,8.290541615471502,0.0,0.46728174
2022-03-29,3.8159412068712406,3.8621017416094428,3.8159412068712406,3.8544085025787354,156818498,8.224348814815965,0.0,0.47104256
2022-03-30,3.869795374045166,3.885182219063481,3.8467149230920317,3.877488613128662,124951186,8.175394736858287,0.0,0.47386317
2022-03-31,3.869795224087867,3.946729446198187,3.8621016184511805,3.931342601776123,150350167,8.063403068885018,0.0,0.46885467
2022-04-01,3.915955334931669,3.9467290204561745,3.900568492169416,3.939035415649414,138103324,8.047655493032357,0.0,0.4697722
2022-04-06,3.9236496289615985,3.9851970165764676,3.9159563889354234,3.977503776550293,152986861,7.9698227282372445,0.0,0.47435982
2022-04-07,3.962116026593741,3.99288971338718,3.9236487346763003,3.9467291831970215,141537708,8.031967365524084,0.0,0.47068972
2022-04-08,3.946730082742858,3.9851970165764676,3.946730082742858,3.977503776550293,100858638,7.9698227282372445,0.0,0.47435982
2022-04-11,3.9698097190265083,3.9851965641835365,3.946729634716629,3.9621164798736572,143306139,8.000774374258386,0.0,0.47252477
2022-04-12,3.9621169296465752,4.000583863480185,3.939036475865316,3.977503776550293,135479277,7.9698227282372445,0.0,0.47435982
2022-04-13,3.9775033512200775,4.015970280940266,3.9621165059617365,3.985196590423584,123811263,7.9544382016623745,0.0,0.47527734
2022-04-14,3.9851965641835365,4.008277015344742,3.9621164798736572,3.9621164798736572,90215775,8.000774374258386,0.0,0.47252477
2022-04-15,3.9621164798736572,3.9851965641835365,3.946729634716629,3.9621164798736572,82809193,8.000774374258386,0.0,0.47252477
2022-04-18,3.9621163405612054,3.9698095794435537,3.892875356363507,3.900568962097168,127293526,8.12701949588305,0.0,0.46518458
2022-04-19,3.900569099245545,3.9621164798736572,3.892875493241368,3.9621164798736572,89397445,8.000774374258386,0.0,0.47252477
2022-04-20,3.9698096068133766,3.977503212600081,3.900568988989612,3.9236490726470947,82642390,8.079213867771706,0.0,0.46793715
2022-04-21,3.9082621762516623,3.9775031600112682,3.9005689374179897,3.9159557819366455,126456085,8.09508629955027,0.0,0.46701963
2022-04-22,3.908262364131879,3.9928901964784185,3.9005691249283725,3.985196590423584,139900057,7.9544382016623745,0.0,0.47527734
2022-04-25,3.9544227600456363,3.9775032105424954,3.8851821422576904,3.8851821422576904,179085835,8.159205627764736,0.0,0.46334953
2022-04-26,3.8928754581469773,3.939035993201923,3.869795374045166,3.877488613128662,159390996,8.175394736858287,0.0,0.46243201
2022-04-27,3.869795297543556,3.9005689869718245,3.8236343965498385,3.8851821422576904,200106809,8.159205627764736,0.0,0.46334953
2022-04-28,3.877488326626234,3.915955619755387,3.869795088111181,3.908262014389038,136015507,8.111022209690699,0.0,0.4661021
2022-04-29,3.908262014389038,3.939035702151842,3.869795088111181,3.908262014389038,144727709,8.111022209690699,0.0,0.4661021
2022-05-05,3.9082621899035703,3.9313426401878315,3.831327967041554,3.8390212059020996,207939541,8.257313075339233,0.0,0.45784439
2022-05-06,3.831328283632092,3.839021523128346,3.7467004480652455,3.754394054412842,165817295,8.443439751013997,0.0,0.44775163
2022-05-09,3.7543936539736604,3.769780498176368,3.71592636004124,3.7467000484466553,75781638,8.460778709291796,0.0,0.4468341
2022-05-10,3.7390069975313915,3.8005543774329253,3.7159265466426556,3.7774739265441895,123662347,8.391851437344174,0.0,0.4505042
2022-05-11,3.7774739265441895,3.7851675324575416,3.7620870815688057,3.7774739265441895,85006048,8.391851437344174,0.0,0.4505042
2022-05-12,3.769780498176368,3.77747373685207,3.7467000484466553,3.7467000484466553,82470774,8.460778709291796,0.0,0.4468341
2022-05-13,3.769780349899127,3.8082472754672194,3.762086744674735,3.800554037094116,73393957,8.340889167895545,0.0,0.45325677
2022-05-16,3.8082475413906898,3.839021230734554,3.7697806131365166,3.823634386062622,99375303,8.290541615471502,0.0,0.45600934
2022-05-17,3.8236341190647143,3.839020962662209,3.7774735882722297,3.800554037094116,95045841,8.340889167895545,0.0,0.45325677
2022-05-18,3.800554161969439,3.80824740059532,3.762086868286133,3.762086868286133,96634305,8.426174384017173,0.0,0.44866915
2022-05-19,3.7543937910691665,3.777473874790369,3.7467001852612216,3.7697806358337402,75434967,8.408977354988481,0.0,0.44958667
2022-05-20,3.77747366405889,3.8082473518712856,3.762086820152692,3.792860507965088,87498980,8.357808027326428,0.0,0.45233924
2022-05-23,3.8005540370941167,3.8159408806916115,3.785167193496622,3.800554037094116,75432555,8.340889167895545,0.0,0.45325677
2022-05-24,3.8005545397242297,3.815941385356662,3.785167694091797,3.785167694091797,78929652,8.374794080980873,0.0,0.45142172
2022-05-25,3.792860933482345,3.8082477791147773,3.785167694091797,3.785167694091797,79896798,8.374794080980873,0.0,0.45142172
2022-05-26,3.7928604318697245,3.8082472754672194,3.785167193496622,3.800554037094116,77674398,8.340889167895545,0.0,0.45325677
2022-05-27,3.8082475413906898,3.8313279918242453,3.8005543024803807,3.823634386062622,71104071,8.290541615471502,0.0,0.45600934
2022-05-30,3.831328067383692,3.831328067383692,3.769780687482158,3.7774739265441895,127595237,8.391851437344174,0.0,0.4505042
2022-05-31,3.769780687482158,3.792860771519573,3.7620870815688057,3.7774739265441895,100906309,8.391851437344174,0.0,0.4505042
2022-06-01,3.785167694091797,3.792860933482345,3.7697808484593645,3.785167694091797,60025199,8.374794080980873,0.0,0.45142172
2022-06-02,3.785167694091797,3.792860933482345,3.777474087849912,3.785167694091797,54435434,8.374794080980873,0.0,0.45142172
2022-06-06,3.7851673178663767,3.7928605564922577,3.754393629660252,3.762086868286133,107439397,8.426174384017173,0.0,0.44866915
2022-06-07,3.7620870300257954,3.777473874790369,3.7543937910691665,3.7697806358337402,77084249,8.408977354988481,0.0,0.44958667
2022-06-08,3.7774739265441895,3.7851675324575416,3.7620870815688057,3.7774739265441895,85996964,8.391851437344174,0.0,0.4505042
2022-06-09,3.7774735882722297,3.8005540370941167,3.769780349899127,3.800554037094116,118233450,8.340889167895545,0.0,0.45325677
2022-06-10,3.7928607560764793,3.8544085025787354,3.7851675170457724,3.8544085025787354,170194639,8.224348814815965,0.0,0.45967944
2022-06-13,3.839021306445723,3.8467149123590754,3.769780687482158,3.7774739265441895,152112247,8.391851437344174,0.0,0.4505042
2022-06-14,3.777474011558704,3.8313281536102295,3.7697807723235317,3.8313281536102295,141033493,8.273893211190837,0.0,0.45692686
2022-06-15,3.831327890765056,3.892875267829345,3.8159410464989834,3.846714735031128,152822430,8.240798235261778,0.0,0.45876191
2022-06-16,3.854408149113478,3.862101387438683,3.808247251757102,3.8159408569335938,114848041,8.307256634337207,0.0,0.45509182
2022-06-17,3.815941147152313,3.839021230734554,3.8082475413906898,3.823634386062622,105040130,8.290541615471502,0.0,0.45600934
2022-06-20,3.82363441099541,3.831328016807201,3.808247566223145,3.8082475662231445,75031972,8.324038668378561,0.0,0.45417429
2022-06-21,3.8159410464989834,3.8544083405898166,3.808247440940295,3.846714735031128,99429283,8.240798235261778,0.0,0.45876191
2022-06-22,3.839021230734554,3.8544084422578004,3.815941147152313,3.823634386062622,84986777,8.290541615471502,0.0,0.45600934
2022-06-23,3.8313279918242453,3.839021230734554,3.815941147152313,3.823634386062622,84142459,8.290541615471502,0.0,0.45600934
2022-06-24,3.82363441099541,3.831328016807201,3.8005543272626703,3.8082475662231445,111104359,8.324038668378561,0.0,0.45417429
2022-06-27,3.808247251757102,3.83132770043529,3.808247251757102,3.8159408569335938,76917205,8.307256634337207,0.0,0.45509182
2022-06-28,3.815941147152313,3.8313279918242453,3.8082475413906898,3.823634386062622,83961546,8.290541615471502,0.0,0.45600934
2022-06-29,3.823634361329696,3.8390212059020996,3.8159411224691504,3.8390212059020996,97647814,8.257313075339233,0.0,0.45784439
2022-06-30,3.8313281536102295,3.846714998931904,3.8236345475237274,3.8313281536102295,86825842,8.273893211190837,0.0,0.46127471
2022-07-01,3.831327967041554,3.846714811613957,3.823634361329696,3.8390212059020996,55939587,8.257313075339233,0.0,0.46220096
2022-07-04,3.839021230734554,3.846714836496177,3.823634386062622,3.823634386062622,90074733,8.290541615471502,0.0,0.46034845
2022-07-05,3.8313281536102295,3.846714998931904,3.8236345475237274,3.8313281536102295,90084410,8.273893211190837,0.0,0.46127471
2022-07-06,3.839021230734554,3.846714836496177,3.815941147152313,3.823634386062622,117263379,8.290541615471502,0.0,0.46034845
2022-07-07,3.83132770043529,3.83132770043529,3.8159408569335938,3.8159408569335938,90320172,8.307256634337207,0.0,0.4594222
2022-07-08,3.8236345475237274,3.839021392845402,3.815941308288555,3.8313281536102295,115632821,8.273893211190837,0.0,0.46127471
2022-07-11,3.8390212059020996,3.846714811613957,3.831327967041554,3.8390212059020996,182581737,8.257313075339233,0.0,0.46220096
2022-07-12,3.8514456432479554,3.8762934579750143,3.843162775039673,3.843162775039673,219488866,17.485598173578868,0.355,0.42978205
2022-07-13,3.843162831545433,3.843162831545433,3.793466806411743,3.793466806411743,141568341,17.71466667018625,0.0,0.42422453
2022-07-14,3.785184682910275,3.7934671570570218,3.7272057840872996,3.7354886531829834,135463924,17.98961427516032,0.0,0.41774075
2022-07-15,3.7354886531829834,3.760336470572161,3.7354886531829834,3.7354886531829834,118471611,17.98961427516032,0.0,0.41774075
2022-07-18,3.743770818782611,3.7686190290728314,3.743770818782611,3.76033616065979,64026101,17.870742701952757,0.0,0.42051951
2022-07-19,3.7603359361669773,3.793466617943427,3.752053463197305,3.785184144973755,62061624,17.75342953637621,0.0,0.42329827
2022-07-20,3.793466312894427,3.818314519703053,3.785183840590784,3.8100316524505615,61410538,17.637648746770346,0.0,0.42607704
2022-07-21,3.8183145692020326,3.826597041613046,3.793466362071285,3.8017492294311523,60808470,17.676073813541613,0.0,0.42515078
2022-07-22,3.8017491959332648,3.8514452148080256,3.8017491959332648,3.8348798751831055,81080599,17.52336505632823,0.0,0.4288558
2022-07-25,3.8431628066198953,3.8597281482236876,3.826597465016103,3.8514456748962402,57325210,17.447993733368804,0.0,0.43070831
2022-07-26,3.851445418851114,3.876293232130464,3.843162551125416,3.8680107593536377,61316073,17.37327121893255,0.0,0.43256082
2022-07-27,3.8680110165000325,3.87629348982748,3.8431628066198953,3.8514456748962402,54955534,9.217318118074296,0.0,0.43070831
2022-07-28,3.859728116507344,3.8680109847156263,3.826597433572002,3.843162775039673,86859892,9.237183558959075,0.0,0.42978205
2022-07-29,3.8514459019271383,3.859728375742812,3.8265976905822754,3.8265976905822754,49807372,9.277170706335248,0.0,0.42792955
2022-08-01,3.826597041613046,3.834879908972913,3.8017492294311523,3.8017492294311523,64391626,9.337806850903679,0.0,0.42515078
2022-08-02,3.793466617943427,3.8017494858619796,3.7686188040855297,3.785184144973755,78185632,9.37867185329398,0.0,0.42329827
2022-08-03,3.7851844025317494,3.8017497445471418,3.7686190605163574,3.7686190605163574,60815069,9.419896102509222,0.0,0.42144576
2022-08-04,3.776901277055202,3.8017494858619796,3.7686188040855297,3.785184144973755,51375729,9.37867185329398,0.0,0.42329827
2022-08-05,3.793466312894427,3.818314519703053,3.7769009733382926,3.8100316524505615,56130540,9.317507894499215,0.0,0.42607704
2022-08-08,3.810032148122973,3.826597489834203,3.793466806411743,3.793466806411743,39021120,9.35819444630375,0.0,0.42422453
2022-08-09,3.793466617943427,3.8017494858619796,3.785184144973755,3.785184144973755,39498435,9.37867185329398,0.0,0.42329827
2022-08-10,3.793466617943427,3.8017494858619796,3.776901277055202,3.785184144973755,36323383,9.37867185329398,0.0,0.42329827
2022-08-11,3.793466312894427,3.818314519703053,3.785183840590784,3.8100316524505615,43781523,9.317507894499215,0.0,0.42607704
2022-08-12,3.8100316524505615,3.818314519703053,3.8017491801469183,3.8100316524505615,36804325,9.317507894499215,0.0,0.42607704
2022-08-15,3.810032148122973,3.818315016453038,3.793466806411743,3.793466806411743,55126475,9.35819444630375,0.0,0.42422453
2022-08-16,3.793466806411743,3.810032148122973,3.793466806411743,3.793466806411743,32929502,9.35819444630375,0.0,0.42422453
2022-08-17,3.8017491801469183,3.818314519703053,3.785183840590784,3.8100316524505615,42688709,9.317507894499215,0.0,0.42607704
2022-08-18,3.810031958831652,3.810031958831652,3.785184144973755,3.785184144973755,38325174,9.37867185329398,0.0,0.42329827
2022-08-19,3.785184144973755,3.8017494858619796,3.785184144973755,3.785184144973755,33893937,9.37867185329398,0.0,0.42329827
2022-08-22,3.7851843330305783,3.8017496747418082,3.7851843330305783,3.793466806411743,36250786,9.35819444630375,0.0,0.42422453
2022-08-23,3.7934665858653336,3.7934665858653336,3.7769012451171875,3.7769012451171875,51174427,9.39923966661684,0.0,0.42237202
2022-08-24,3.7769012451171875,3.7934665858653336,3.7769012451171875,3.7769012451171875,41484832,9.39923966661684,0.0,0.42237202
2022-08-25,3.7851843330305783,3.793466806411743,3.7769014647005132,3.793466806411743,40140701,9.35819444630375,0.0,0.42422453
2022-08-26,3.793466806411743,3.8017496747418082,3.7851843330305783,3.793466806411743,36708579,9.35819444630375,0.0,0.42422453
2022-08-29,3.7934665858653336,3.7934665858653336,3.7769012451171875,3.7769012451171875,46319483,9.39923966661684,0.0,0.42237202
2022-08-30,3.7769012451171875,3.7934665858653336,3.768618772217553,3.7769012451171875,59370994,9.39923966661684,0.0,0.42237202
2022-08-31,3.7769014647005132,3.8017496747418082,3.7686189913193484,3.793466806411743,69839558,9.35819444630375,0.0,0.42422453
2022-09-01,3.785184144973755,3.810031958831652,3.785184144973755,3.785184144973755,58132634,9.37867185329398,0.0,0.42329827
2022-09-02,3.793466806411743,3.8017496747418082,3.7851843330305783,3.793466806411743,49849088,9.35819444630375,0.0,0.42422453
2022-09-05,3.793466312894427,3.8100316524505615,3.785183840590784,3.8100316524505615,54361958,9.317507894499215,0.0,0.42607704
2022-09-06,3.8100316524505615,3.826596992006696,3.8017491801469183,3.8100316524505615,61351502,9.317507894499215,0.0,0.42607704
2022-09-07,3.8183145692020326,3.8183145692020326,3.8017492294311523,3.8017492294311523,37890261,9.337806850903679,0.0,0.42515078
2022-09-08,3.810031922885301,3.826597263617238,3.801749449993771,3.818314790725708,53891487,9.297295258689992,0.0,0.42700329
2022-09-09,3.826597465016103,3.8597281482236876,3.818314991688655,3.8514456748962402,88795589,9.217318118074296,0.0,0.43070831
2022-09-13,3.859728116507344,3.8680109847156263,3.8348803017802844,3.843162775039673,69124992,9.237183558959075,0.0,0.42978205
2022-09-14,3.8348798751831055,3.8514452148080256,3.82659700789622,3.8348798751831055,46190412,9.257134813982919,0.0,0.4288558
2022-09-15,3.8431628066198953,3.87629348982748,3.834880333292448,3.8514456748962402,82208532,9.217318118074296,0.0,0.43070831
2022-09-16,3.8514451988153215,3.8514451988153215,3.8100316524505615,3.8100316524505615,87071201,9.317507894499215,0.0,0.42607704
2022-09-19,3.818314991688655,3.8514456748962402,3.8100321234123107,3.8514456748962402,68854650,9.217318118074296,0.0,0.43070831
2022-09-20,3.8514456748962402,3.8514456748962402,3.834880333292448,3.8514456748962402,59081421,9.217318118074296,0.0,0.43070831
2022-09-21,3.8431623475211403,3.8514452148080256,3.8348798751831055,3.8348798751831055,39080308,9.257134813982919,0.0,0.4288558
2022-09-22,3.834880333292448,3.8514456748962402,3.818314991688655,3.8514456748962402,55074980,9.217318118074296,0.0,0.43070831
2022-09-23,3.8431628066198953,3.8597281482236876,3.834880333292448,3.8514456748962402,63997250,9.217318118074296,0.0,0.43070831
2022-09-26,3.84316233156283,3.8597276711189648,3.8100316524505615,3.8100316524505615,80594449,9.317507894499215,0.0,0.42607704
2022-09-27,3.8100317018421657,3.826597041613046,3.7851838896602716,3.8017492294311523,62229218,9.337806850903679,0.0,0.42515078
2022-09-28,3.801749874186333,3.8265976905822754,3.785184531606065,3.8265976905822754,72321177,9.277170706335248,0.0,0.42792955
2022-09-29,3.826597489834203,3.834880358164268,3.793466806411743,3.793466806411743,59308382,9.35819444630375,0.0,0.42422453
2022-09-30,3.810032348002007,3.8348805593468698,3.801749874186333,3.8265976905822754,69900942,9.277170706335248,0.0,0.41586774
2022-10-10,3.826597263617238,3.8431626043491742,3.818314790725708,3.818314790725708,71222839,9.297295258689992,0.0,0.41496759
2022-10-11,3.8348801314576444,3.8431626043491742,3.818314790725708,3.818314790725708,55821662,9.297295258689992,0.0,0.41496759
2022-10-12,3.818314790725708,3.8348801314576444,3.810031922885301,3.818314790725708,45760322,9.297295258689992,0.0,0.41496759
2022-10-13,3.818314790725708,3.8348801314576444,3.810031922885301,3.818314790725708,50553340,9.297295258689992,0.0,0.41496759
2022-10-14,3.826597263617238,3.8348801314576444,3.818314790725708,3.818314790725708,46840757,9.297295258689992,0.0,0.41496759
2022-10-17,3.818314519703053,3.826596992006696,3.8100316524505615,3.8100316524505615,48582993,9.317507894499215,0.0,0.41406745
2022-10-18,3.818314519703053,3.826596992006696,3.8100316524505615,3.8100316524505615,38686748,9.317507894499215,0.0,0.41406745
2022-10-19,3.8100317018421657,3.8183145692020326,3.8017492294311523,3.8017492294311523,36451455,9.337806850903679,0.0,0.4131673
2022-10-20,3.8017492294311523,3.8183145692020326,3.793466362071285,3.8017492294311523,48376412,9.337806850903679,0.0,0.4131673
2022-10-21,3.8017492294311523,3.8183145692020326,3.793466362071285,3.8017492294311523,47617205,9.337806850903679,0.0,0.4131673
2022-10-24,3.801749453713845,3.8100319266134797,3.7769012451171875,3.7769012451171875,83390654,9.39923966661684,0.0,0.41046686
2022-10-25,3.785184112965699,3.7934665858653336,3.7437705636208953,3.7769012451171875,100291474,9.39923966661684,0.0,0.41046686
2022-10-26,3.7686193396678442,3.7769018138145913,3.7354886531829834,3.7354886531829834,97851276,9.503442065002849,0.0,0.40596613
2022-10-27,3.735488130555181,3.743770603543137,3.702357053756714,3.702357053756714,120407779,9.588486330344287,0.0,0.40236554
2022-10-28,3.702357323491576,3.7354884027038042,3.694074849900201,3.7106401920318604,82457396,9.56708227228063,0.0,0.40326569
2022-10-31,3.7023570718866483,3.7106399398640453,3.6775092578522233,3.6857917308807373,92630172,9.631580564514726,0.0,0.40056525
2022-11-01,3.694074849900201,3.7272055341635197,3.6857919813599165,3.7106401920318604,89162044,9.56708227228063,0.0,0.40326569
2022-11-02,3.710639665797338,3.7272050055797386,3.677508986232538,3.7189221382141113,61231576,9.545776620385952,0.0,0.40416583
2022-11-03,3.7189223946815066,3.7189223946815066,3.694074580768758,3.702357053756714,44047804,9.588486330344287,0.0,0.40236554
2022-11-04,3.7023570811310975,3.7520534992218018,3.694074608081903,3.7520534992218018,64137977,9.461485559137925,0.0,0.40776642
2022-11-07,3.7437711273297305,3.752053996425414,3.7272057840872996,3.7354886531829834,61648729,9.503442065002849,0.0,0.40596613
2022-11-08,3.7437706312237227,3.7520534992218018,3.7354881581745283,3.7520534992218018,31175034,9.461485559137925,0.0,0.40776642
2022-11-09,3.7520536871956525,3.7686190290728314,3.743770818782611,3.76033616065979,30471353,9.440645326180402,0.0,0.40866657
2022-11-10,3.7520534992218018,3.760335972270996,3.7354881581745283,3.7520534992218018,31409018,9.461485559137925,0.0,0.40776642
2022-11-11,3.7603361229892833,3.810032148122973,3.7603361229892833,3.793466806411743,90649956,9.35819444630375,0.0,0.41226715
2022-11-14,3.8017491801469183,3.826596992006696,3.793466312894427,3.8100316524505615,89772760,9.317507894499215,0.0,0.41406745
2022-11-15,3.801749449993771,3.826597263617238,3.7934665821533646,3.818314790725708,64517282,9.297295258689992,0.0,0.41496759
2022-11-16,3.8100317018421657,3.8183145692020326,3.793466362071285,3.8017492294311523,38846096,9.337806850903679,0.0,0.4131673
2022-11-17,3.793466312894427,3.8100316524505615,3.793466312894427,3.8100316524505615,35708444,9.317507894499215,0.0,0.41406745
2022-11-18,3.810031958831652,3.8183148267502047,3.785184144973755,3.785184144973755,53772402,9.37867185329398,0.0,0.41136701
2022-11-21,3.785184144973755,3.8017494858619796,3.7686188040855297,3.785184144973755,46851993,9.37867185329398,0.0,0.41136701
2022-11-22,3.7851838563083446,3.8431623475211403,3.7851838563083446,3.8348798751831055,102155898,9.257134813982919,0.0,0.41676789
2022-11-23,3.8431627565277715,3.884576307471913,3.8431627565277715,3.8597280979156494,118078112,9.197539075141302,0.0,0.41946833
2022-11-24,3.8680110165000325,3.87629348982748,3.8431628066198953,3.8514456748962402,57889049,9.217318118074296,0.0,0.41856818
2022-11-25,3.859727807698069,3.9259891682673103,3.851445335101345,3.909423828125,145610571,9.080621994629363,0.0,0.42486921
2022-11-28,3.8845760153859654,3.909423828125,3.8431624675557585,3.909423828125,108941442,9.080621994629363,0.0,0.42486921
2022-11-29,3.901141874214815,3.9508379012492116,3.892859005567958,3.9425554275512695,132589159,9.004312216366007,0.0,0.42846979
2022-11-30,3.942554903358483,3.950837375955207,3.909423828125,3.909423828125,114501029,9.080621994629363,0.0,0.42486921
2022-12-01,3.950837667619835,3.9591205357768917,3.90114164352417,3.90114164352417,108169598,9.099900296860383,0.0,0.42396906
2022-12-02,3.9011416620922605,3.9177070035363273,3.8762934524517134,3.8845763206481934,82708385,9.138705760857944,0.0,0.42216877
2022-12-05,3.901141606857077,3.9425551573553284,3.8928587387778717,3.934272289276123,107515660,9.023269715409487,0.0,0.42756965
2022-12-06,3.9342725589044125,3.9591207698960686,3.917707216559614,3.9425554275512695,71798721,9.004312216366007,0.0,0.42846979
2022-12-07,3.9425551573553284,3.9674029716951686,3.9259894211969173,3.934272289276123,97272918,9.023269715409487,0.0,0.42756965
2022-12-08,3.9342725395577807,3.959120750427246,3.925989670951654,3.959120750427246,74453157,8.966637351530396,0.0,0.43027009
2022-12-09,3.9508379012492116,3.9674032435940103,3.9342725589044125,3.9425554275512695,79725263,9.004312216366007,0.0,0.42846979
2022-12-12,3.942554903358483,3.950837375955207,3.909423828125,3.909423828125,69646690,9.080621994629363,0.0,0.42486921
2022-12-13,3.90942381093152,3.942554886019294,3.90942381093152,3.9259891510009766,55788437,9.042307208349992,0.0,0.4266695
2022-12-14,3.9342722892761226,3.950837630485646,3.9094240799873945,3.934272289276123,61958090,9.023269715409487,0.0,0.42756965
2022-12-15,3.934272326254613,3.934272326254613,3.90114164352417,3.90114164352417,51981849,9.099900296860383,0.0,0.42396906
2022-12-16,3.9011415887541414,3.9508376121520996,3.9011415887541414,3.9508376121520996,85784480,8.98543637703764,0.0,0.42936994
2022-12-19,3.9425556452319657,3.9674034626466312,3.8928592205047607,3.8928592205047607,87694898,9.119261188026458,0.0,0.42306891
2022-12-20,3.892858780691406,3.9177069902476696,3.8597280979156494,3.8597280979156494,79381876,9.197539075141302,0.0,0.41946833
2022-12-21,3.8762934393035278,3.892858780691406,3.8597280979156494,3.8597280979156494,50045360,9.197539075141302,0.0,0.41946833
2022-12-22,3.8845763206481934,3.9094241353398473,3.8597281110076462,3.8845763206481934,54147106,9.138705760857944,0.0,0.42216877
2022-12-23,3.876293659210205,3.9011418701761365,3.868011185520838,3.876293659210205,45875350,9.158232869083795,0.0,0.42126862
2022-12-26,3.87629348982748,3.884576358103825,3.8431628066198953,3.8514456748962402,62213727,9.217318118074296,0.0,0.41856818
2022-12-27,3.85972809263667,3.9177069848893917,3.85972809263667,3.90114164352417,57010955,9.099900296860383,0.0,0.42396906
2022-12-28,3.901141606857077,3.9342722892761226,3.8928587387778717,3.934272289276123,56385400,9.023269715409487,0.0,0.42756965
2022-12-29,3.9259894580975567,3.94255519441167,3.892858775367113,3.90114164352417,76381988,9.099900296860383,0.0,0.42396906
2022-12-30,3.9177066784406787,3.942554886019294,3.90942381093152,3.9259891510009766,79220024,9.042307208349992,0.0,0.4266695
2023-01-03,3.9259891510009766,3.942554886019294,3.9011413383712217,3.9259891510009766,87968007,9.042307208349992,0.0,0.41479784
2023-01-04,3.9342720485022844,3.983968069089502,3.917706708306545,3.9756855964660645,116391937,8.929277514186607,0.0,0.42004844
2023-01-05,3.992251603697435,4.00053407770473,3.9756862607339163,3.983968734741211,79536096,8.910712498928783,0.0,0.42092354
2023-01-06,3.983968734741211,4.00053407770473,3.9674033917776916,3.983968734741211,57674895,8.910712498928783,0.0,0.42092354
2023-01-09,3.992251603697435,4.00053407770473,3.983968734741211,3.983968734741211,47331036,8.910712498928783,0.0,0.42092354
2023-01-10,3.983968276084501,3.9922511440871555,3.9591204619743063,3.967402935028076,50574297,8.947918974040073,0.0,0.41917334
2023-01-11,3.9674028989683054,4.0088164487074005,3.9591204259898145,4.000533580780029,70426733,8.873816275547464,0.0,0.42267374
2023-01-12,4.0088164487074005,4.0088164487074005,3.9756857668956767,4.000533580780029,58754933,8.873816275547464,0.0,0.42267374
2023-01-13,4.000533545016437,4.033664226531982,3.9922510721119897,4.033664226531982,67012171,8.800930867396909,0.0,0.42617415
2023-01-16,4.033664534615223,4.041947403101177,4.000533850569222,4.008816719055176,103773586,8.855480928139531,0.0,0.42354884
2023-01-17,4.008816225112079,4.033664037610523,4.000533357646692,4.025381565093994,69812882,8.819039742179339,0.0,0.42529905
2023-01-18,4.025381753627535,4.041947094385308,4.01709888577421,4.033664226531982,55544361,8.800930867396909,0.0,0.42617415
2023-01-19,4.033664496399648,4.041947364807129,4.01709915453359,4.041947364807129,41857235,8.78289517302855,0.0,0.42704925
2023-01-20,4.041947094385308,4.0502295672897555,4.025381753627535,4.033664226531982,46845773,8.800930867396909,0.0,0.42617415
2023-01-30,4.058512706673187,4.075078048539244,4.033664496399648,4.041947364807129,90078641,8.78289517302855,0.0,0.42704925
2023-01-31,4.0502295853190295,4.066794926150542,4.017098903656006,4.017098903656006,79753233,8.837223292583376,0.0,0.42442395
2023-02-01,4.025381565093994,4.033664037610523,4.017098697628607,4.025381565093994,59558606,8.819039742179339,0.0,0.42529905
2023-02-02,4.033664244487518,4.041947112377713,4.008816430714689,4.017098903656006,86389923,8.837223292583376,0.0,0.42442395
2023-02-03,4.008816719055176,4.017099192592222,3.9922513770321753,4.008816719055176,73558532,8.855480928139531,0.0,0.42354884
2023-02-06,4.000533850569222,4.008816719055176,3.9839685085462215,4.008816719055176,72768864,8.855480928139531,0.0,0.42354884
2023-02-07,4.008816430714689,4.017098903656006,4.000533562824494,4.017098903656006,56592532,8.837223292583376,0.0,0.42442395
2023-02-08,4.01709888577421,4.033664226531982,4.008816412869762,4.033664226531982,55433937,8.800930867396909,0.0,0.42617415
2023-02-09,4.033664496399648,4.0502298382657065,4.025382022941071,4.041947364807129,56919265,8.78289517302855,0.0,0.42704925
2023-02-10,4.041947345894559,4.0585126876831055,4.025382004106011,4.0585126876831055,55087262,8.747046697115534,0.0,0.42879945
2023-02-13,4.0502298382657065,4.058512706673187,4.01709915453359,4.041947364807129,81385238,8.78289517302855,0.0,0.42704925
2023-02-14,4.041947094385308,4.0502295672897555,4.025381753627535,4.033664226531982,37485156,8.800930867396909,0.0,0.42617415
2023-02-15,4.033664037610523,4.04194690507591,4.025381565093994,4.025381565093994,30744214,8.819039742179339,0.0,0.42529905
2023-02-16,4.0253817715462015,4.0502295853190295,4.017098903656006,4.017098903656006,61600405,8.837223292583376,0.0,0.42442395
2023-02-17,4.0253817715462015,4.041947112377713,4.017098903656006,4.017098903656006,64303277,8.837223292583376,0.0,0.42442395
2023-02-20,4.033664458805465,4.075078010559082,4.017099117093798,4.075078010559082,108209122,8.711489671612338,0.0,0.43054965
2023-02-21,4.066795161102928,4.075078029471653,4.041947345894559,4.0585126876831055,58170680,8.747046697115534,0.0,0.42879945
2023-02-22,4.058512706673187,4.066795180131764,4.041947364807129,4.041947364807129,56473273,8.78289517302855,0.0,0.42704925
2023-02-23,4.041947364807129,4.058512706673187,4.033664496399648,4.041947364807129,47836155,8.78289517302855,0.0,0.42704925
2023-02-24,4.0502298382657065,4.0502298382657065,4.033664496399648,4.041947364807129,45065429,8.78289517302855,0.0,0.42704925
2023-02-27,4.04194690507591,4.050229377592438,4.025381565093994,4.025381565093994,55652213,8.819039742179339,0.0,0.42529905
2023-02-28,4.033664477525834,4.0585126876831055,4.025382004106011,4.0585126876831055,61767784,8.747046697115534,0.0,0.42879945
2023-03-01,4.058512668847415,4.075078010559082,4.0502298005171316,4.075078010559082,82585942,8.711489671612338,0.0,0.43054965
2023-03-02,4.075077704807162,4.116490858504663,4.06679483709834,4.099925518035889,77782469,8.658693882079751,0.0,0.43317495
2023-03-03,4.108208146219931,4.149621692451729,4.091642806716981,4.14133882522583,102830786,8.572107112743705,0.0,0.43755046
2023-03-06,4.149621963500977,4.166187304085958,4.133056227967122,4.149621963500977,113426497,8.554996168867671,0.0,0.43842556
2023-03-07,4.149622587314413,4.265579988841177,4.14133971830232,4.191035747528076,192829873,8.470459842996645,0.0,0.44280106
2023-03-08,4.174470178916913,4.22416620545772,4.157904836736644,4.215883731842041,97715074,8.420535825471882,0.0,0.44542637
2023-03-09,4.207601090603329,4.240731776753832,4.191035747528076,4.191035747528076,87838316,8.470459842996645,0.0,0.44280106
2023-03-10,4.182752579719958,4.20760039273715,4.133056163787842,4.133056163787842,114741861,8.589285650419312,0.0,0.43667536
2023-03-13,4.116491321808477,4.182753086090088,4.116491321808477,4.182753086090088,84636271,8.487232994473583,0.0,0.44192596
2023-03-14,4.166187930389665,4.199318616540168,4.157905061377573,4.191035747528076,73809800,8.470459842996645,0.0,0.44280106
2023-03-15,4.207601050363203,4.232449262212907,4.199318576379254,4.224166393280029,67059545,8.404025006324277,0.0,0.44630147
2023-03-16,4.207601050363203,4.26557994804656,4.207601050363203,4.224166393280029,104952233,8.404025006324277,0.0,0.44630147
2023-03-17,4.2407310331970365,4.282144581098308,4.2241656930263005,4.249013900756836,115249829,8.354879703659412,0.0,0.44892677
2023-03-20,4.257296999569305,4.331841238776685,4.257296999569305,4.2904276847839355,169568620,8.274233388410499,0.0,0.45330228
2023-03-21,4.290427764947335,4.3152759767970394,4.215883919296081,4.224166393280029,105672053,8.404025006324277,0.0,0.44630147
2023-03-22,4.24073149006247,4.2738621739732,4.232449016559241,4.265579700469971,80909533,8.322432703833597,0.0,0.45067697
2023-03-23,4.257297287119352,4.290427974571725,4.240731943393166,4.2821455001831055,58486775,8.29023675129255,0.0,0.45242717
2023-03-24,4.273862212505348,4.2821450810321595,4.224166186191206,4.232449054718018,81958309,8.387578808639706,0.0,0.44717657
2023-03-27,4.23244907402231,4.249014416202579,4.199318389661772,4.215883731842041,87153479,8.420535825471882,0.0,0.44542637
2023-03-28,4.207600844086492,4.24073152829592,4.199318370508589,4.232449054718018,56791782,8.387578808639706,0.0,0.44717657
2023-03-29,4.249014396822732,4.2572968704006335,4.224166186191206,4.232449054718018,61300089,8.387578808639706,0.0,0.44717657
2023-03-30,4.2324485605861,4.298709921269044,4.2241656930263005,4.249013900756836,86904491,8.354879703659412,0.0,0.44892677
2023-03-31,4.273862212505348,4.273862212505348,4.224166186191206,4.232449054718018,93602543,8.387578808639706,0.0,0.43562101
2023-04-03,4.232449262212907,4.249014605129734,4.215883919296081,4.224166393280029,70144787,8.404025006324277,0.0,0.43476853
2023-04-04,4.232449469004546,4.2821455001831055,4.2241665996669795,4.2821455001831055,97696629,8.29023675129255,0.0,0.44073594
2023-04-06,4.282144717251034,4.306992530822754,4.273861849427877,4.306992530822754,64615380,8.24241039331882,0.0,0.4432934
2023-04-07,4.298710553562054,4.306993027391251,4.27386234217662,4.2904276847839355,46860083,8.274233388410499,0.0,0.44158842
2023-04-10,4.2904276847839355,4.306993027391251,4.27386234217662,4.2904276847839355,53070506,8.274233388410499,0.0,0.44158842
2023-04-11,4.306992530822754,4.315275398645911,4.290427190125316,4.306992530822754,68398488,8.24241039331882,0.0,0.4432934
2023-04-12,4.315275426799618,4.373254317093355,4.306992558922421,4.356688976287842,103585497,8.148389796291612,0.0,0.44840832
2023-04-13,4.356688940699401,4.406384962709992,4.34012320508033,4.389819622039795,112942244,8.086892641731005,0.0,0.45181827
2023-04-14,4.398102094900456,4.406384962709992,4.356688940699401,4.389819622039795,73649211,8.086892641731005,0.0,0.45181827
2023-04-17,4.381536798932758,4.530624866485596,4.373254325987595,4.530624866485596,183988406,7.835563756912264,0.0,0.46631056
2023-04-18,4.522342439085179,4.596886671086776,4.51405957110772,4.563755989074707,135703952,7.778680561577868,0.0,0.46972051
2023-04-19,4.5554731030655455,4.60516912588694,4.5306248941804075,4.580321311950684,109474876,7.750547959894353,0.0,0.47142548
2023-04-20,4.580320563429457,4.605168373305056,4.538907020371703,4.572037696838379,91921502,7.764590397963842,0.0,0.47057299
2023-04-21,4.572038397996658,4.630017288179272,4.547190189361572,4.547190189361572,125449810,7.807018954926144,0.0,0.46801553
2023-04-24,4.547190253119789,4.605169144115352,4.538907780091213,4.563755989074707,108901775,7.778680561577868,0.0,0.46972051
2023-04-25,4.572038355448308,4.663147926330566,4.563755882612943,4.663147926330566,193573599,7.612883091172912,0.0,0.47995035
2023-04-26,4.646582175460614,4.654864647564713,4.514059067255476,4.596886157989502,201596977,7.7226189163506085,0.0,0.47313045
2023-04-27,4.5637559352704224,4.638299771444304,4.530624858700068,4.613451957702637,136986924,7.694888843641054,0.0,0.47483543
2023-04-28,4.613451957702637,4.67143045306578,4.605169089822828,4.613451957702637,129720666,7.694888843641054,0.0,0.47483543
2023-05-04,4.63001681568395,4.936475786198755,4.6217339486679,4.903345108032227,373530645,7.239955421829689,0.0,0.50467248
2023-05-05,4.878497087739113,5.027585540115625,4.878497087739113,4.994454860687256,317845073,7.107882840113418,0.0,0.51404985
2023-05-08,4.99445534923736,5.3754581999327264,4.977890007902778,5.234652996063232,449673891,6.781729376655547,0.0,0.53877198
2023-05-09,5.276065969502818,5.342327332550125,5.118695034791024,5.143543243408203,364207265,6.901857011797391,0.0,0.52939462
2023-05-10,5.118695210408932,5.184956970678499,4.886780431786565,4.911628246307373,264464164,7.227745712776485,0.0,0.50552497
2023-05-11,4.936476474387392,5.011020708128627,4.853649767424293,4.8950629234313965,145264427,7.25220503909576,0.0,0.50382
2023-05-12,4.878497656867612,4.9033458668121215,4.8039538169318785,4.82880163192749,126930709,7.351720510794648,0.0,0.4970001
2023-05-15,4.828801843057625,4.895063212541606,4.721126920171699,4.886780738830566,196889787,7.264496178008457,0.0,0.50296751
2023-05-16,4.886780468757614,4.994455385692776,4.87021512730212,4.87849760055542,135572929,7.276830472553334,0.0,0.50211502
2023-05-17,4.8702154553452095,4.919911483059068,4.8122365588712475,4.837084770202637,94717587,7.339131250849015,0.0,0.49785259
2023-05-18,4.853649749126227,4.986172479767579,4.845366880986696,4.911628246307373,172481568,7.227745712776485,0.0,0.50552497
2023-05-19,4.911628148517005,4.919911016491623,4.812236102514883,4.820518970489502,126735043,7.3643523067382795,0.0,0.49614761
2023-05-22,4.803953629489148,4.861932125515945,4.79567076151453,4.820518970489502,87929903,7.3643523067382795,0.0,0.49614761
2023-05-23,4.820518477484847,4.85364915609721,4.74597425313261,4.754256725311279,141453691,7.4669926449282515,0.0,0.48932771
2023-05-24,4.7542573319560715,4.7542573319560715,4.638299942016602,4.638299942016602,191246876,7.6536663095930795,0.0,0.47739289
2023-05-25,4.613452827150341,4.6879966773726975,4.572039269844289,4.679714202880859,134997508,7.585933341430549,0.0,0.48165533
2023-05-26,4.663147771585364,4.828801172284244,4.65486490407599,4.8122358322143555,107969195,7.377028316516365,0.0,0.49529512
2023-05-29,4.8122359788372995,4.944758703434209,4.803953506024429,4.936476230621338,142386095,7.191364516209112,0.0,0.50808243
2023-05-30,4.928193434496931,4.936476302379076,4.837084257486609,4.870214939117432,103069534,7.289206009136266,0.0,0.50126254
2023-05-31,4.853649345416899,4.878497157870955,4.8288011380139855,4.845366477966309,82306647,7.326587196537508,0.0,0.49870507
2023-06-01,4.828801443515237,4.861932125515945,4.787388288488795,4.820518970489502,94983239,7.3643523067382795,0.0,0.49614761
2023-06-02,4.8122358322143555,4.845366512354132,4.762539812004691,4.8122358322143555,104299680,7.377028316516365,0.0,0.49529512
2023-06-05,4.803953779838099,4.8867804874320875,4.779105570085455,4.861932277679443,72356715,7.3016237110040185,0.0,0.50041005
2023-06-06,4.861932240646157,4.953041815780011,4.845366899253537,4.8950629234313965,117184522,7.25220503909576,0.0,0.50382
2023-06-07,4.886780413487449,4.961324251719626,4.8702150722193105,4.92819356918335,82034240,7.203450818568942,0.0,0.50722995
2023-06-08,4.928193073871014,5.0358679787663965,4.9033452619406015,5.027585506439209,125720885,7.061043507769776,0.0,0.51745979
2023-06-09,5.027586001635231,5.0607166841049125,5.011020660400391,5.011020660400391,87555352,7.084385079578475,0.0,0.51575482
2023-06-12,5.002737858946076,5.019303200401571,4.853649785846625,4.87849760055542,142779793,7.276830472553334,0.0,0.50211502
2023-06-13,4.886780431786565,4.9199111144469025,4.870215090456396,4.911628246307373,64989702,7.227745712776485,0.0,0.50552497
2023-06-14,4.911627872633684,4.9364760802129455,4.803953359653842,4.8122358322143555,133965261,7.377028316516365,0.0,0.49529512
2023-06-15,4.82051893448818,4.878497430081972,4.795670725698783,4.853649616241455,101860175,7.314083794019377,0.0,0.49955756
2023-06-16,4.853649652490209,4.861932125515945,4.812236102514883,4.820518970489502,82841168,7.3643523067382795,0.0,0.49614761
2023-06-19,4.812236595725764,4.820519464549302,4.729409882235005,4.737692356109619,107999191,7.4930994525678765,0.0,0.48762274
2023-06-20,4.7542575102589595,4.762540378754007,4.721126826176583,4.729409694671631,53672373,7.506222190899621,0.0,0.48677025
2023-06-21,4.721126046698917,4.861931628275879,4.679712895907885,4.754256725311279,124216223,7.4669926449282515,0.0,0.48932771
2023-06-26,4.754258053103217,4.762540922544008,4.6631488589482295,4.679714202880859,102256780,7.585933341430549,0.0,0.48165533
2023-06-27,4.687996369525644,4.7708234786987305,4.65486568383598,4.7708234786987305,87390023,7.441063405197047,0.0,0.49103269
2023-06-28,4.770823208851969,4.812236366147179,4.737692130087335,4.762540340423584,81834464,7.454005102840262,0.0,0.4901802
2023-06-29,4.779105701496195,4.787388569957795,4.7376921490860076,4.745975017547607,54487824,7.480022517763683,0.0,0.48847523
2023-06-30,4.754257229476087,4.82880146173336,4.737691888413235,4.803953647613525,77857333,7.3897465721043,0.0,0.49605814
2023-07-03,4.837084444391131,4.886780468757614,4.812236234733442,4.87849760055542,86702289,7.276830472553334,0.0,0.5037556
2023-07-04,4.86193185242402,4.870214719933394,4.787388019583954,4.8122358322143555,69803499,7.377028316516365,0.0,0.49691342
2023-07-05,4.812236327951921,4.837084538090948,4.779105644399153,4.795670986175537,59110773,7.402509492902186,0.0,0.49520287
2023-07-06,4.787388550759834,4.828801708055044,4.754257471995199,4.762540340423584,102257831,7.454005102840262,0.0,0.49178178
2023-07-07,4.754257471995199,4.787388550759834,4.737692130087335,4.762540340423584,64751135,7.454005102840262,0.0,0.49178178
2023-07-10,4.779105456700215,4.803953665863331,4.754257247537099,4.787388324737549,79950921,7.4153165759634,0.0,0.4943476
2023-07-11,4.803953647613525,4.82880146173336,4.770822965487823,4.803953647613525,113566266,7.3897465721043,0.0,0.49605814
2023-07-12,4.824313038542261,4.859720808131664,4.797757422397162,4.806609153747559,144456777,15.145812291236574,0.373,0.46441306
2023-07-13,4.815461384957547,4.886276925279966,4.815461384957547,4.877425193786621,123005640,14.925908057542395,0.0,0.47125524
2023-07-14,4.877424892242182,4.9747960431186256,4.850868855216131,4.939388275146484,122893827,14.738667208307493,0.0,0.47724215
2023-07-17,4.930536162704739,4.930536162704739,4.842016327529636,4.8862762451171875,88439374,14.898871113303999,0.0,0.47211051
2023-07-18,4.895128748821952,4.903980479718484,4.86857271194458,4.86857271194458,60879202,14.953047701514679,0.0,0.47039996
2023-07-19,4.859720210145886,4.903980127733437,4.842016327529636,4.8862762451171875,53228761,14.898871113303999,0.0,0.47211051
2023-07-20,4.895128650884535,4.94824030148278,4.886276498071222,4.921684265136719,68533503,14.791684325564452,0.0,0.4755316
2023-07-21,4.903980583790714,4.939388352316042,4.89512885270633,4.912832736968994,41856855,14.818334736328609,0.0,0.47467633
2023-07-24,4.895128397472241,4.921684010349686,4.859720210145886,4.8862762451171875,50433682,14.898871113303999,0.0,0.47211051
2023-07-25,4.921684042852759,4.983647843465771,4.903980160119592,4.957091808319092,102139478,7.524573165540809,0.0,0.47895269
2023-07-26,4.95709241028298,4.992500180049051,4.948240678888418,4.974796295166016,46609459,7.497794439592274,0.0,0.48066324
2023-07-27,4.992499605827415,5.063315137214578,4.974795722980625,5.027907371520996,94915866,7.4185933120554575,0.0,0.48579487
2023-07-28,5.0279080501317495,5.134131783643245,4.983648548088052,5.116427898406982,119480441,7.290242477884519,0.0,0.4943476
2023-07-31,5.142982812296975,5.204946613201948,5.107575046663808,5.151834964752197,132391462,7.240138757394013,0.0,0.49776869
2023-08-01,5.134130954742432,5.187242601876393,5.116427072364445,5.134130954742432,77585191,7.26510490846474,0.0,0.49605814
2023-08-02,5.116427077989792,5.116427077989792,4.983647748961978,5.0102033615112305,122918810,7.444807587360922,0.0,0.48408433
2023-08-03,5.027907351325196,5.063315116876553,4.983647855432929,5.0544633865356445,82754721,7.379616221844988,0.0,0.48836069
2023-08-04,5.0721674175171625,5.116427336796539,5.03675965093121,5.045611381530762,90734198,7.392562997724123,0.0,0.48750542
2023-08-07,5.027907926334245,5.036760079781377,4.965944540579951,5.001352310180664,94601464,7.457982898759758,0.0,0.48322905
2023-08-08,4.992499904975587,5.010203788883186,4.95709213716039,4.965944290161133,73263809,7.511159574202495,0.0,0.47980796
2023-08-09,4.965944563771453,4.992500180049051,4.95709241028298,4.974796295166016,56626198,7.497794439592274,0.0,0.48066324
2023-08-10,4.974796295166016,4.992500180049051,4.948240678888418,4.974796295166016,59108851,7.497794439592274,0.0,0.48066324
2023-08-11,4.983648424600199,4.992500155952038,4.903980731964111,4.903980731964111,90800316,7.606065773643617,0.0,0.47382106
2023-08-14,4.868572254474838,4.877424406633475,4.824312337869346,4.842016220092773,92525086,7.70340252996619,0.0,0.46783415
2023-08-15,4.842016680714055,4.974796021067989,4.842016680714055,4.965944290161133,115787305,7.511159574202495,0.0,0.47980796
2023-08-16,4.939387925585925,4.983647843465771,4.8862762773864254,4.957091808319092,74538718,7.524573165540809,0.0,0.47895269
2023-08-17,4.939388225431992,4.965944262190759,4.8685726902004625,4.8951287269592285,92069554,7.619820045706977,0.0,0.47296578
2023-08-18,4.886276351589623,4.974795766599716,4.886276351589623,4.930536270141602,73040298,7.565100012727169,0.0,0.47638687
2023-08-21,4.930535772824571,4.939387502385821,4.833164215087891,4.833164215087891,101544765,7.717511414894415,0.0,0.46697887
2023-08-22,4.842016578192411,4.921684265136719,4.833164847472976,4.921684265136719,87950583,7.578706392081787,0.0,0.4755316
2023-08-23,4.912832387139583,4.983647919147657,4.895128504137565,4.930536270141602,85829554,7.565100012727169,0.0,0.47638687
2023-08-24,4.965944389756985,4.974796120841369,4.886276699528051,4.912832736968994,61382170,7.592361066827707,0.0,0.47467633
2023-08-25,4.912832660214323,4.965944312172534,4.903980507174343,4.939388275146484,64154912,7.551542402058647,0.0,0.47724215
2023-08-28,5.116427643884572,5.169539296951262,4.965944415815335,4.983648300170898,139851033,7.484476783548493,0.0,0.48151851
2023-08-29,4.983648274019649,5.001352158282313,4.903980583790714,4.912832736968994,117651170,7.592361066827707,0.0,0.47467633
2023-08-30,4.912832610767111,4.92168434162411,4.8685726902004625,4.8951287269592285,79761705,7.619820045706977,0.0,0.47296578
2023-08-31,4.903980583790714,4.948240505494322,4.89512885270633,4.912832736968994,86089781,7.592361066827707,0.0,0.47467633
2023-09-01,4.92168434162411,4.948240378382876,4.8862765740083445,4.8951287269592285,61881733,7.619820045706977,0.0,0.47296578
2023-09-04,4.921684042852759,4.965943960732605,4.8951284297999385,4.957091808319092,82179908,7.524573165540809,0.0,0.47895269
2023-09-05,4.957092236578706,4.957092236578706,4.903980583790714,4.912832736968994,59658537,7.592361066827707,0.0,0.47467633
2023-09-06,4.90398038160397,4.930536417950032,4.895128650884535,4.921684265136719,51840487,7.578706392081787,0.0,0.4755316
2023-09-07,4.92168411759366,4.9570918835976965,4.912832387139583,4.930536270141602,55765314,7.565100012727169,0.0,0.47638687
2023-09-08,4.930536770207444,4.930536770207444,4.895129000612273,4.903980731964111,41419098,7.606065773643617,0.0,0.47382106
2023-09-11,4.912832885409858,4.930536770207444,4.886276847166526,4.903980731964111,79658030,7.606065773643617,0.0,0.47382106
2023-09-12,4.903980457816227,4.912832610767111,4.8862765740083445,4.8951287269592285,44662704,7.619820045706977,0.0,0.47296578
2023-09-13,4.90398038160397,4.939388148669467,4.886276498071222,4.921684265136719,83718998,7.578706392081787,0.0,0.4755316
2023-09-14,4.921684617532105,5.001352310180664,4.912832886178881,5.001352310180664,164544189,7.457982898759758,0.0,0.48322905
2023-09-15,5.001352310180664,5.063315695934957,4.974796271933175,5.001352310180664,124185874,7.457982898759758,0.0,0.48322905
2023-09-18,5.001352310180664,5.019056194981021,4.965944540579951,5.001352310180664,69407204,7.457982898759758,0.0,0.48322905
2023-09-19,5.010203468549517,5.0544633865356445,5.001351738208609,5.0544633865356445,96550683,7.379616221844988,0.0,0.48836069
2023-09-20,5.054463639233607,5.098723559432509,5.027907602695489,5.089871406555176,76877793,7.328279443752122,0.0,0.49178178
2023-09-21,5.089871077017345,5.116427111836122,5.054463311988211,5.081018924713135,77534167,7.341047249121571,0.0,0.49092651
2023-09-22,5.089871859505629,5.116427898406982,5.019056318560578,5.116427898406982,116438124,7.290242477884519,0.0,0.4943476
2023-09-25,5.11642719911903,5.169538847568782,5.0810190113920015,5.151834964752197,101474211,7.240138757394013,0.0,0.49776869
2023-09-26,5.151834837120418,5.169538719498406,5.125278802506513,5.134130954742432,61424148,7.26510490846474,0.0,0.49605814
2023-09-27,5.151835210414862,5.160686941198313,5.089871406555176,5.089871406555176,68771837,7.328279443752122,0.0,0.49178178
2023-09-28,5.107575619751774,5.134131658003261,5.089871734948752,5.098723888397217,51157114,7.315555973697813,0.0,0.49263705
2023-10-09,5.072167648367471,5.1341314537599905,5.054463764268736,5.107575416564941,67297116,7.302877972007668,0.0,0.48330243
2023-10-10,5.1341314537599905,5.151835337858726,5.09872368556252,5.107575416564941,63080632,7.302877972007668,0.0,0.48330243
2023-10-11,5.125279173876745,5.134131326754077,5.081019253677843,5.089871406555176,60299999,7.328279443752122,0.0,0.4816272
2023-10-12,5.142983113688607,5.240354685932965,5.125279229834532,5.231502532958984,161446054,7.129882813781759,0.0,0.495029
2023-10-13,5.187242813241137,5.31116999493671,5.187242813241137,5.266910076141357,130809512,7.081951174554078,0.0,0.49837945
2023-10-16,5.266910202626595,5.293466238960326,5.231502435577539,5.284614086151123,71671134,7.05822589727952,0.0,0.50005468
2023-10-17,5.284614086151123,5.293466238960326,5.266910202626595,5.284614086151123,57703115,7.05822589727952,0.0,0.50005468
2023-10-18,5.2757622287379755,5.31116999493671,5.2492061930419895,5.266910076141357,80178305,7.081951174554078,0.0,0.49837945
2023-10-19,5.258058876025015,5.266910607420649,5.151835566713943,5.169539451599121,112082103,7.21534294287314,0.0,0.48916572
2023-10-20,5.151834837120418,5.169538719498406,5.098723189986458,5.134130954742432,83004147,7.26510490846474,0.0,0.48581527
2023-10-23,5.1429826848845,5.178390449640474,5.107574920128526,5.134130954742432,79240024,7.26510490846474,0.0,0.48581527
2023-10-24,5.142982800414037,5.151834952848807,5.045611234100875,5.0544633865356445,100195642,7.379616221844988,0.0,0.47827675
2023-10-25,5.098724013170719,5.134131783643245,5.0456119353680124,5.116427898406982,75744692,7.290242477884519,0.0,0.48414004
2023-10-26,5.116427796943585,5.240354991139836,5.10757564345404,5.169539451599121,83793493,7.21534294287314,0.0,0.48916572
2023-10-27,5.178390577930142,5.204946613201948,5.134131081935614,5.151834964752197,84711680,7.240138757394013,0.0,0.48749049
2023-10-30,5.1341312674908055,5.1341312674908055,4.9216842439197865,4.948240280151367,241206095,7.538033298346416,0.0,0.4682254
2023-10-31,4.939388378235041,5.0013521845264615,4.912832762748645,4.983648300170898,111024948,7.484476783548493,0.0,0.47157585
2023-11-01,4.992499585773839,5.072167269311323,4.965943972657251,5.0544633865356445,94442311,7.379616221844988,0.0,0.47827675
2023-11-02,5.0810195815002865,5.134131658003261,5.054463965342708,5.098723888397217,81497120,7.315555973697813,0.0,0.48246482
2023-11-03,5.098723304521771,5.1075750348626805,5.0544633865356445,5.0544633865356445,62645144,7.379616221844988,0.0,0.47827675
2023-11-06,5.045611126306134,5.081018891101038,5.00135163135943,5.0102033615112305,108374363,7.444807587360922,0.0,0.47408869
2023-11-07,5.010204042288199,5.116427773200239,5.010204042288199,5.098723888397217,100795232,7.315555973697813,0.0,0.48246482
2023-11-08,5.089871734948752,5.142983389357817,5.0810195815002865,5.098723888397217,113206683,7.315555973697813,0.0,0.48246482
2023-11-09,5.107575193099,5.178390726395629,5.089871309774842,5.1429829597473145,98688556,7.252600347295848,0.0,0.48665288
2023-11-10,5.134131081935614,5.21379834356331,5.125278929480391,5.151834964752197,108458939,7.240138757394013,0.0,0.48749049
2023-11-13,5.151835668879508,5.151835668879508,5.063315820604275,5.116427898406982,71398819,7.290242477884519,0.0,0.48414004
2023-11-14,5.142983311108368,5.19609496470935,5.116427695354828,5.125279426574707,69896393,7.2776519864650755,0.0,0.48497765
2023-11-15,5.160686843071472,5.160686843071472,5.107575193099,5.1429829597473145,54498593,7.252600347295848,0.0,0.48665288
2023-11-16,5.142982812296975,5.169538847568782,5.134131081935614,5.151834964752197,67925033,7.240138757394013,0.0,0.48749049
2023-11-17,5.142983311108368,5.160687195642029,5.1075755420410465,5.125279426574707,73780563,7.2776519864650755,0.0,0.48497765
2023-11-20,5.142983211386079,5.178390979766846,5.107575443005313,5.178390979766846,78783865,7.203009611622529,0.0,0.49000333
2023-11-21,5.1872433364843,5.204947221369479,5.160687298109576,5.169539451599121,78260473,7.21534294287314,0.0,0.48916572
2023-11-22,5.16953937389496,5.204947143133098,5.151835489275891,5.196094989776611,99557123,7.178467690330578,0.0,0.49167855
2023-11-23,5.1872433364843,5.204947221369479,5.160687298109576,5.169539451599121,73075501,7.21534294287314,0.0,0.48916572
2023-11-24,5.169539451599121,5.196095067879934,5.151835566713943,5.169539451599121,71581273,7.21534294287314,0.0,0.48916572
2023-11-27,5.1695391226834,5.178390853515836,5.107575318480811,5.16068696975708,104407673,7.2277199176364215,0.0,0.4883281
2023-11-28,5.160687068861148,5.169539221957462,5.107575416564941,5.107575416564941,96231070,7.302877972007668,0.0,0.48330243
2023-11-29,5.116427464842534,5.125279195663613,5.045611507804486,5.063315391540527,119792473,7.366714714694353,0.0,0.47911437
2023-11-30,5.072167873683683,5.169539451599121,5.063315720194138,5.169539451599121,175257660,7.21534294287314,0.0,0.48916572
2023-12-01,5.169539554115771,5.196095170923206,5.107575744741892,5.116427898406982,103242689,7.290242477884519,0.0,0.48414004
2023-12-04,5.134130954742432,5.160686567262487,5.116427072364445,5.134130954742432,81520813,7.26510490846474,0.0,0.48581527
2023-12-05,5.1341314537599905,5.160687068861148,5.107575416564941,5.107575416564941,91516860,7.302877972007668,0.0,0.48330243
2023-12-06,5.116427187297449,5.125278917638359,4.97479570299816,5.0544633865356445,122741632,7.379616221844988,0.0,0.47827675
2023-12-07,5.054463660719448,5.089871428191531,5.019055893247366,5.063315391540527,90437025,7.366714714694353,0.0,0.47911437
2023-12-08,5.063315116876553,5.089871152087001,5.027907351325196,5.0544633865356445,111534787,7.379616221844988,0.0,0.47827675
2023-12-11,5.054463513325634,5.07216739654541,4.957091944569929,5.07216739654541,137872086,7.353858239261695,0.0,0.47995198
2023-12-12,5.054463667204543,5.1695391226834,5.0367597834457865,5.16068696975708,152899370,7.2277199176364215,0.0,0.4883281
2023-12-13,5.151835238924644,5.187243006442156,5.142983085998324,5.16068696975708,121603736,7.2277199176364215,0.0,0.4883281
2023-12-14,5.160686695113559,5.169538847568782,5.089871163847224,5.151834964752197,100564196,7.240138757394013,0.0,0.48749049
2023-12-15,5.1606868126442915,5.1606868126442915,5.07216739654541,5.07216739654541,89283386,7.353858239261695,0.0,0.47995198
2023-12-18,5.072167155372552,5.160686567262487,5.045611120758646,5.134130954742432,113344566,7.26510490846474,0.0,0.48581527
2023-12-19,5.125279426574707,5.160687195642029,5.1075755420410465,5.125279426574707,76158352,7.2776519864650755,0.0,0.48497765
2023-12-20,5.134131783643245,5.16068740045068,5.107575744741892,5.116427898406982,74959089,7.290242477884519,0.0,0.48414004
2023-12-21,5.107575416564941,5.125279300663677,5.081019379369892,5.107575416564941,94030696,7.302877972007668,0.0,0.48330243
2023-12-22,5.116427898406982,5.142983515214418,5.107575744741892,5.116427898406982,75924161,7.290242477884519,0.0,0.48414004
2023-12-25,5.116427898406982,5.134131783643245,5.098724013170719,5.116427898406982,49444835,7.290242477884519,0.0,0.48414004
2023-12-26,5.125279629978155,5.142983515214418,5.107575744741892,5.116427898406982,65004606,7.290242477884519,0.0,0.48414004
2023-12-27,5.107575193099,5.15183511245633,5.0810191570658265,5.1429829597473145,108358811,7.252600347295848,0.0,0.48665288
2023-12-28,5.142982724561047,5.17839048959018,5.072167194502779,5.081018924713135,175536374,7.341047249121571,0.0,0.48078959
2023-12-29,5.081018924713135,5.098723229321556,5.0633150421985675,5.081018924713135,87996565,7.341047249121571,0.0,0.48078959
2024-01-02,5.098724013170719,5.151835668879508,5.081019705840538,5.116427898406982,125277792,7.290242477884519,0.0,0.47001726
2024-01-03,5.116427596147452,5.187243132908985,5.107575443005313,5.178390979766846,156427305,7.203009611622529,0.0,0.47570951
2024-01-04,5.169539351167553,5.22265100479126,5.169539351167553,5.22265100479126,126368459,7.141966783876806,0.0,0.4797754
2024-01-05,5.213798649104909,5.293466337495191,5.204946918224814,5.231502532958984,136211574,7.129882813781759,0.0,0.48058858
2024-01-08,5.2226506757090085,5.2669101732263295,5.178390756097812,5.213798522949219,107844154,7.154093092745942,0.0,0.47896222
2024-01-09,5.196094841677312,5.2226508788959665,5.142983189333896,5.204946994781494,98483058,7.166259337010956,0.0,0.47814904
2024-01-10,5.196095067879934,5.249206722535471,5.169539451599121,5.169539451599121,79009451,7.21534294287314,0.0,0.47489633
2024-01-11,5.169539094075646,5.169539094075646,5.089871406555176,5.089871406555176,142972319,7.328279443752122,0.0,0.46757772
2024-01-12,5.089871309774842,5.160686843071472,5.089871309774842,5.1429829597473145,105175081,7.252600347295848,0.0,0.47245679
2024-01-15,5.15,5.17,5.12,5.16,91163069,7.23,0.0
2024-01-16,5.142983211386079,5.196094863957229,5.134131480337835,5.178390979766846,120229236,7.203009611622529,0.0,0.47570951
2024-01-17,5.178390449640474,5.213798214396448,5.134130954742432,5.134130954742432,150074308,7.26510490846474,0.0,0.47164361
2024-01-18,5.125279426574707,5.151835464422149,4.9747961969916386,5.125279426574707,272469361,7.2776519864650755,0.0,0.47083044
2024-01-19,5.09872368556252,5.125279300663677,5.0279077270736865,5.107575416564941,147681383,7.302877972007668,0.0,0.46920408
2024-01-22,5.107575416564941,5.151835337858726,5.072167648367471,5.107575416564941,219973362,7.302877972007668,0.0,0.46920408
2024-01-23,5.098723559432509,5.116427443093293,5.063315370017058,5.089871406555176,117464032,7.328279443752122,0.0,0.46757772
2024-01-24,5.098723912058406,5.1872433364843,5.0898717585688615,5.169539451599121,183257551,7.21534294287314,0.0,0.47489633
2024-01-25,5.196094966932455,5.240354889332495,5.169539351167553,5.22265100479126,179212006,7.141966783876806,0.0,0.4797754
2024-01-26,5.213798552053012,5.293466238960326,5.196094668528484,5.284614086151123,209386150,7.05822589727952,0.0,0.48546765
2024-01-29,5.302318199409393,5.390838042961212,5.293466468310549,5.346578121185303,188849038,6.976424762635064,0.0,0.4911599
2024-01-30,5.337725806127059,5.373133570836538,5.266909854614251,5.3023176193237305,133579069,7.034659686184044,0.0,0.48709401
2024-01-31,5.293466217712307,5.337726137392906,5.258058450805379,5.3111701011657715,144651806,7.022934549170786,0.0,0.48790719
2024-02-01,5.311170452618135,5.328874337243105,5.2757626833681925,5.293466567993164,138547123,7.046422135833194,0.0,0.48628083
2024-02-02,5.30231792732033,5.381985613591253,5.266910160554114,5.33772611618042,211899221,6.987994360919216,0.0,0.49034672
2024-02-05,5.346577656379059,5.46165310531719,5.337725926049742,5.443949222564697,302324353,6.851643627643464,0.0,0.50010487
2024-02-06,5.443949001678741,5.532468411849565,5.4350968496147365,5.47935676574707,240545806,6.8073683818458965,0.0,0.50335758
2024-02-07,5.47935723494036,5.488208965668488,5.249206326694722,5.381985664367676,316461064,6.930527564751947,0.0,0.49441262
2024-02-08,5.355430352104877,5.364282083332192,5.231502738171247,5.3200225830078125,232234201,7.011248433255989,0.0,0.48872037
2024-02-19,5.320022655150241,5.532469272613525,5.311170501708984,5.532469272613525,260113495,6.742016658753094,0.0,0.50823665
2024-02-20,5.559024986885842,5.647544405670323,5.505912913521271,5.620988368988037,135302874,6.635843654434607,0.0,0.51636844
2024-02-21,5.594432187556038,5.71835936129766,5.585580035527572,5.674099445343018,156462510,6.573730397096537,0.0,0.52124751
2024-02-22,5.69180353001878,5.69180353001878,5.629840151988073,5.665247917175293,98117681,6.584001361514622,0.0,0.52043433
2024-02-23,5.6740999512161805,5.780323674558908,5.665248220492383,5.74491548538208,123867823,6.492697776827133,0.0,0.52775294
2024-02-26,5.736063925495981,5.744915656483411,5.559025084808469,5.567876815795898,127817751,6.699142462020896,0.0,0.51148937
2024-02-27,5.550172931727148,5.638692352070904,5.541321200739717,5.567876815795898,94001924,6.699142462020896,0.0,0.51148937
2024-02-28,5.532469124414275,5.594432930561518,5.4793574714711655,5.541321277618408,133167128,6.731246598289836,0.0,0.50904983
2024-02-29,5.541320598922889,5.5767283632149205,5.514764564656943,5.550172328948975,119263267,6.720512047067091,0.0,0.50986301
2024-03-01,5.54132117881444,5.603284561762953,5.523616872721847,5.594432830810547,108811400,6.667342539993603,0.0,0.5139289
2024-03-04,5.585580777357384,5.594432930561518,5.514765240099905,5.541321277618408,118811702,6.731246598289836,0.0,0.50904983
2024-03-05,5.550172469269901,5.69180353001878,5.532468586676291,5.665247917175293,151239018,6.584001361514622,0.0,0.52043433
2024-03-06,5.674100097757763,5.718360018801464,5.594432830810547,5.594432830810547,103096900,6.667342539993603,0.0,0.5139289
2024-03-07,5.594432879661514,5.647544532121396,5.585580726537921,5.638692378997803,88851663,6.615008851862485,0.0,0.5179948
2024-03-08,5.629840521913427,5.6741000202587255,5.603284485231141,5.620988368988037,65397525,6.635843654434607,0.0,0.51636844
2024-03-11,5.629840725216526,5.656396340763896,5.585580803179043,5.6121368408203125,85582133,6.646309785017279,0.0,0.51555526
2024-03-12,5.612136502835693,5.612136502835693,5.488208897431702,5.505912780761719,134566789,6.774535210643077,0.0,0.50579712
2024-03-13,5.497060923259571,5.505912653673326,5.461653157416825,5.488208770751953,84805082,6.79638868673894,0.0,0.50417076
2024-03-14,5.47935676574707,5.541320563913569,5.470504613683066,5.47935676574707,75666858,6.8073683818458965,0.0,0.50335758
2024-03-15,5.488208495717232,5.497060647781235,5.4616528837129055,5.47935676574707,69179632,6.8073683818458965,0.0,0.50335758
2024-03-18,5.470505237579346,5.505913005685835,5.452801353526101,5.470505237579346,85269569,6.818383015844611,0.0,0.5025444
2024-03-19,5.470504707351251,5.479356859566826,5.417393060339358,5.426245212554932,76353489,6.8739982324605275,0.0,0.49847851
2024-03-20,5.417393093701451,5.497060775756836,5.399689211255126,5.497060775756836,95567787,6.7854443531897335,0.0,0.50498394
2024-03-21,5.505912780761719,5.53246881680368,5.470505014101684,5.505912780761719,72355609,6.774535210643077,0.0,0.50579712
2024-03-22,5.514765059950405,5.532468943686446,5.47050513956336,5.523616790771484,84688364,6.752821821803156,0.0,0.50742347
2024-03-25,5.50591273910889,5.594432577183186,5.50591273910889,5.559024810791016,113099915,6.709809952204987,0.0,0.51067619
2024-03-26,5.585580601474245,5.620988368988037,5.550172833960453,5.620988368988037,108412471,6.635843654434607,0.0,0.51636844
2024-03-27,5.620988396811822,5.7360638528482095,5.612136665936499,5.691803932189941,145661624,6.553282657726528,0.0,0.52287387
2024-03-28,5.674100350922381,5.674100350922381,5.5147653878249185,5.532469272613525,218772848,6.742016658753094,0.0,0.50823665
2024-03-29,5.523616996745347,5.638692456367683,5.523616996745347,5.6121368408203125,78682542,6.646309785017279,0.0,0.51555526
2024-04-01,5.620988499084201,5.744915688250733,5.603284614917554,5.7360639572143555,132990991,6.502716894062363,0.0,0.51206191
2024-04-02,5.727211929346385,5.780324005101858,5.709508044792528,5.753767967224121,105757264,6.482708411683694,0.0,0.51364235
2024-04-03,5.7449156660369205,5.798027740425388,5.718360050936578,5.762619972229004,95953801,6.472750273270616,0.0,0.51443257
2024-04-08,5.753767595836622,5.8157313988225035,5.718359829014368,5.798027515411377,100181851,6.4332223158402035,0.0,0.51759344
2024-04-09,5.806879471427538,5.824583355525729,5.7449156660369205,5.762619972229004,95842700,6.472750273270616,0.0,0.51443257
2024-04-10,5.7537677210864135,5.842287140068966,5.7537677210864135,5.815731525421143,93157456,6.413638565837846,0.0,0.51917388
2024-04-11,5.780323757828121,5.842287140068966,5.744915568141216,5.815731525421143,81690164,6.413638565837846,0.0,0.51917388
2024-04-12,5.806879246070003,5.833435282233631,5.762619748589123,5.798027515411377,99531376,6.4332223158402035,0.0,0.51759344
2024-04-15,5.7891754412404755,5.921954779673197,5.7891754412404755,5.913102626800537,129419472,6.308025135728498,0.0,0.52786629
2024-04-16,5.89539886875305,5.9839187109900704,5.868843253757056,5.930806636810303,155782782,6.289195093377825,0.0,0.52944673
2024-04-17,5.913102709153699,6.001622550737603,5.85113932655763,5.9839186668396,131352480,6.233373492641396,0.0,0.53418804
2024-04-18,5.983918494016053,6.152105175142688,5.97506634127577,6.0635857582092285,156427437,6.151475626365328,0.0,0.54130001
2024-04-19,6.028178095570363,6.143253550618682,6.028178095570363,6.107845783233643,114685913,6.106899441107445,0.0,0.54525111
2024-04-22,6.143253649935175,6.2317730698288445,6.019326462084035,6.054734230041504,149144278,6.160468582572999,0.0,0.54050979
2024-04-23,6.06358598799487,6.1963653294738,6.028178219879673,6.125549793243408,147682342,6.089249334181003,0.0,0.54683155
2024-04-24,6.152105077613431,6.1609572302133815,6.090141697789252,6.116697311401367,78370123,6.098062091526706,0.0,0.54604133
2024-04-25,6.1255494433696125,6.160957209462419,6.054733911184,6.143253326416016,79083596,6.071701428884568,0.0,0.54841198
2024-04-26,6.125549561109588,6.196365094656354,6.045881874822537,6.0635857582092285,122676667,6.151475626365328,0.0,0.54130001
2024-04-29,6.063585707068476,6.090141742971476,6.001622326784597,6.019326210021973,162088448,6.196706856972924,0.0,0.53734892
2024-04-30,6.0281774985527194,6.1432529422042155,6.0281774985527194,6.090141296386719,133889242,6.124652645108594,0.0,0.54367067
2024-05-06,6.125549659934054,6.160957427278677,5.9927703213447785,6.01047420501709,169940517,6.205833138567466,0.0,0.5365587
2024-05-07,6.010474456212205,6.054734378289675,5.97506668738779,6.045882225036621,109127751,6.169488357801093,0.0,0.53971957
2024-05-08,6.0281780205774735,6.1521052048834095,6.019326289888274,6.134401321411133,126573290,6.080462957291431,0.0,0.54762176
2024-05-09,6.116697184129263,6.143253219282686,6.072437688332038,6.098993301391602,83303737,6.1157633984430335,0.0,0.54446089
2024-05-10,6.098993407753074,6.160957209462419,6.081289524706671,6.143253326416016,97772929,6.071701428884568,0.0,0.54841198
2024-05-13,6.152105108215083,6.196365027247254,6.098993458632799,6.1875128746032715,97756393,6.028270284995825,0.0,0.55236308
2024-05-14,6.187512971827962,6.196365124611039,6.107845707249656,6.134401321411133,104869553,6.080462957291431,0.0,0.54762176
2024-05-15,6.125549464001317,6.152105077613431,6.090141697789252,6.116697311401367,48097121,6.098062091526706,0.0,0.54604133
2024-05-16,6.125549841981463,6.178661494576841,6.098993804636827,6.169809341430664,91614337,6.045567688701191,0.0,0.55078264
2024-05-17,6.169809297151858,6.222921371459961,6.1344015290090494,6.222921371459961,99582684,5.99396935514373,0.0,0.55552395
2024-05-20,6.222921063085331,6.320292209605915,6.17866114405316,6.1875128746032715,147038987,6.028270284995825,0.0,0.55236308
2024-05-21,6.178661721915269,6.240625529936728,6.160957837065411,6.231773376464844,84059177,5.985455142009596,0.0,0.55631417
2024-05-22,6.231773004124969,6.3025885392932715,6.214069120332893,6.2760329246521,88786146,5.943244792978465,0.0,0.56026527
2024-05-23,6.276032798077359,6.302588412182957,6.23177287844286,6.258328914642334,72861590,5.960057470410487,0.0,0.55868483
2024-05-24,6.267180870591526,6.302588638734334,6.214069218377314,6.222921371459961,84699481,5.99396935514373,0.0,0.55552395
2024-05-27,6.222921072592761,6.302588336040967,6.222921072592761,6.284884452819824,88202846,5.934874424503493,0.0,0.56105549
2024-05-28,6.293736808444176,6.337996306877422,6.249476887917044,6.2760329246521,79485478,5.943244792978465,0.0,0.56026527
2024-05-29,6.267180919647217,6.311440841219112,6.240625304379195,6.267180919647217,88148262,5.951639258261534,0.0,0.55947505
2024-05-30,6.2583295174509255,6.276033402591206,6.169809669655606,6.178661823272705,94936857,6.036905897569094,0.0,0.55157286
2024-05-31,6.205217612612375,6.276033150327078,6.178661574922412,6.240625381469727,103428595,5.976965082819231,0.0,0.55710439
2024-06-03,6.26718077170912,6.329144576028327,6.231773004124969,6.2760329246521,138120345,5.943244792978465,0.0,0.56026527
2024-06-04,6.2848844621289315,6.399959914283743,6.267180578881566,6.382256031036377,151230127,5.84432837206988,0.0,0.5697479
2024-06-05,6.3734038783657585,6.4088116448604895,6.346848264541646,6.382256031036377,106808251,5.84432837206988,0.0,0.5697479
2024-06-06,6.373404377492715,6.408812146760371,6.346848761588925,6.355700492858887,110827036,5.868747283153035,0.0,0.56737724
2024-06-07,6.355699786348926,6.523886882721292,6.346848056062937,6.515035152435303,175700222,5.725218533327078,0.0,0.58160118
2024-06-11,6.515035465824244,6.532739349341679,6.284884558003712,6.329144477844238,194636106,5.893371549752441,0.0,0.56500658
2024-06-12,6.3202917208629295,6.329143872822382,6.187512396128002,6.3114399909973145,156846329,5.909903295160059,0.0,0.56342614
2024-06-13,6.31144106933616,6.3291449541860185,6.22292164508687,6.231773376464844,147093505,5.985455142009596,0.0,0.55631417
2024-06-14,6.231772808870483,6.249476692107859,5.957362407644222,6.019326210021973,559351493,6.196706856972924,0.0,0.53734892
2024-06-17,6.001622031776602,6.11669705611613,5.975065997178957,6.081289291381836,239407635,6.133567770383838,0.0,0.54288045
2024-06-18,6.054733911184,6.160957209462419,5.975066226428252,6.143253326416016,180673625,6.071701428884568,0.0,0.54841198
2024-06-19,6.1432534898642315,6.329144477844238,6.134401337058575,6.329144477844238,189104301,5.893371549752441,0.0,0.56500658
2024-06-20,6.329144876955097,6.382256530856581,6.293737107687441,6.355700492858887,130225733,5.868747283153035,0.0,0.56737724
2024-06-21,6.364552147789012,6.4088116448604895,6.329144381294281,6.382256031036377,146230206,5.84432837206988,0.0,0.5697479
2024-06-24,6.382255935283254,6.470775350192023,6.3556998997636915,6.435367584228516,163612601,5.796094708158243,0.0,0.57448921
2024-06-25,6.435367913080396,6.49733171772986,6.417664029193961,6.444220066070557,153160965,5.788132561826701,0.0,0.57527943
2024-06-26,6.461923524386848,6.515035172548319,6.444219641666358,6.488479137420654,135173762,5.7486506791524885,0.0,0.57923052
2024-06-27,6.506183503269363,6.621258960544612,6.435367967128869,6.585851192474365,173692745,5.663656664854896,0.0,0.58792293
2024-06-28,6.576998488709188,6.647814441014061,6.568146758479738,6.612406253814697,126964032,5.640911729898875,0.0,0.59029359
2024-07-01,6.621259112362871,6.727482419009198,6.612406959095394,6.674370765686035,105385569,5.588541798092042,0.0,0.60041879
2024-07-02,6.665518713372963,6.78944589848963,6.656666560531976,6.762889862060547,115771192,5.51539367944627,0.0,0.60838191
2024-07-03,6.762889735307062,6.8337052683321815,6.665518588444457,6.745185852050781,123842056,5.529869868397984,0.0,0.60678928
2024-07-04,6.745186109745103,6.904521487232773,6.736334378825726,6.877965450286865,147293603,5.4231153485140435,0.0,0.61873395
2024-07-05,6.877965450286865,6.877965450286865,6.877965450286865,6.877965450286865,0,5.4231153485140435,0.0,0.60360404
2024-07-08,6.700926583917787,6.842557654807352,6.67437054707905,6.807149887084961,121064625,5.479532641226012,0.0,0.61236346
2024-07-09,6.816001192920707,6.877964993617753,6.745185661892002,6.851408958435059,112440854,5.4441356845409725,0.0,0.61634502
2024-07-10,6.883968901241387,6.958390114727441,6.828152991126846,6.865363597869873,149768135,10.89527144974642,0.375,0.58767781
2024-07-11,6.856060575642414,6.8839687518869,6.781639363771001,6.8374552726745605,108108022,10.939742494394554,0.0,0.58528888
2024-07-12,6.856061240983781,6.967693069624128,6.846758810389813,6.911877155303955,120245653,10.821951594235273,0.0,0.59165937
2024-07-15,6.9211797749910176,7.01420629543738,6.8932715970643885,6.986298561096191,107124132,10.706670971167805,0.0,0.59802986
2024-07-16,6.9956005513544275,7.070021763030739,6.902574036759039,6.9676923751831055,112716529,10.735261543178321,0.0,0.59643724
2024-07-17,6.949087072264027,6.9956005513544275,6.902574036759039,6.9676923751831055,115651813,10.735261543178321,0.0,0.59643724
2024-07-18,6.976995319399517,6.986298192746383,6.856060627402759,6.949087142944336,124610572,10.76400374054126,0.0,0.59484461
2024-07-19,6.939784526824951,7.042113912965486,6.865363316390164,6.939784526824951,151232451,10.778432631570773,0.0,0.5940483
2024-07-22,6.949086956336598,6.976995132042345,6.874665745901811,6.939784526824951,115203438,10.778432631570773,0.0,0.5940483
2024-07-23,6.9490869408537135,7.144442839602469,6.930481638286469,7.070021629333496,136468317,10.579882767211778,0.0,0.60519666
2024-07-24,7.051416990371989,7.181654120599251,7.032811686053809,7.144443511962891,134411272,10.469674772395138,0.0,0.61156715
2024-07-25,7.1537462677848325,7.172351571795783,6.949087480078937,7.051416873931885,142061275,5.318080134877904,0.0,0.60360404
2024-07-26,7.032811039868435,7.051416342477132,6.800244535467024,6.939784526824951,152628413,5.403625985078931,0.0,0.5940483
2024-07-29,6.949087291089502,6.995600771644604,6.856060773564725,6.976995468139648,90512501,5.374806415059781,0.0,0.59723355
2024-07-30,6.986298341684838,7.023508948694749,6.921179557624782,6.976995468139648,92612342,5.374806415059781,0.0,0.59723355
2024-07-31,6.986298364159884,7.004903667724693,6.828153062066295,6.8467583656311035,125297544,5.47704446358732,0.0,0.58608519
2024-08-01,6.818850047188512,6.9769953460049585,6.707218228112933,6.883968830108643,120260758,5.447438959337672,0.0,0.58927043
2024-08-02,6.883969234911247,6.976995756277863,6.828153322091278,6.90257453918457,97924349,5.432755530146007,0.0,0.59086306
2024-08-05,6.930482198030126,6.9397850718578,6.8374556776805795,6.856060981750488,117452792,5.46961295995146,0.0,0.5868815
2024-08-06,6.883969189670044,6.921179797972144,6.753732060612696,6.790942668914795,114486374,5.522061049293554,0.0,0.58130732
2024-08-07,6.790942854497159,6.89327180833165,6.772337549837665,6.80024528503418,100928583,5.51450696676032,0.0,0.58210363
2024-08-08,6.818850662511768,6.828153536733587,6.77233762215905,6.78164005279541,57051631,5.529635856232505,0.0,0.58051101
2024-08-09,6.772337293244428,6.828153205108133,6.725823811565289,6.8095479011535645,62428827,5.506973523697124,0.0,0.58289994
2024-08-12,6.80024506954076,6.865363855578162,6.7816397654708505,6.856060981750488,56792108,5.46961295995146,0.0,0.5868815
2024-08-13,6.856061169228054,6.995601175360787,6.846758738731446,6.930482387542725,95410433,5.410878767602787,0.0,0.59325199
2024-08-14,6.949087438054222,7.0142062234914615,6.921179703999287,7.004903793334961,87050537,5.353392581305766,0.0,0.59962248
2024-08-15,7.004903292140846,7.107232234467983,6.995600419064523,7.070021629333496,113852404,5.304085611904301,0.0,0.60519666
2024-08-16,7.079324772891212,7.200259022406155,7.070021899459452,7.1909565925598145,107701896,5.214883377101692,0.0,0.61554871
2024-08-19,7.172351808971849,7.386313033965793,7.1444436302398335,7.3677077293396,121365542,5.089778446377282,0.0,0.63067863
2024-08-20,7.377009540590739,7.423523020044335,7.30258832833332,7.4049177169799805,110832700,5.0642021198979625,0.0,0.63386387
2024-08-21,7.386312413915625,7.432825449783805,7.293285898593849,7.4049177169799805,89925231,5.0642021198979625,0.0,0.63386387
2024-08-22,7.414220261984532,7.479339045514851,7.39561495863093,7.432825565338135,117718674,5.045187684058619,0.0,0.6362528
2024-08-23,7.442128730137835,7.460734477805201,7.330496905646273,7.423523426055908,94328545,5.051509619863033,0.0,0.63545649
2024-08-26,7.404917974509017,7.442128581931842,7.330496759663367,7.395615100860596,71534368,5.070572155064734,0.0,0.63306756
2024-08-27,7.414220594091847,7.488642254425269,7.3956152899048515,7.470036506652832,110185658,5.02005578775986,0.0,0.63943805
2024-08-28,7.470036127540907,7.497944747783172,7.349101878255697,7.386312484741211,105109039,5.076958235583485,0.0,0.63227125
2024-08-29,7.349102256692566,7.349102256692566,7.0235092113854245,7.032811641693115,180993426,5.33214906221661,0.0,0.60201141
2024-08-30,6.995600963052251,7.042114444880014,6.60488913517244,6.614192008972168,359300128,5.669626758511267,0.0,0.5661774
2024-09-02,6.558376021430885,6.642099666737429,6.474651932538907,6.567678451538086,223552101,5.709780141751287,0.0,0.56219585
2024-09-03,6.567678133812727,6.5769810070553145,6.30720389321602,6.400230407714844,215352880,5.859164063030835,0.0,0.54786224
2024-09-04,6.363020273088065,6.437441490197911,6.288599055978219,6.33511209487915,143356690,5.919390128915368,0.0,0.54228806
2024-09-05,6.353716733622822,6.372322035951432,6.232782046694165,6.325809001922607,147626261,5.928095519261268,0.0,0.54149175
2024-09-06,6.325809001922607,6.437440815894261,6.316506128965605,6.325809001922607,125643456,5.928095519261268,0.0,0.54149175
2024-09-09,6.3165066002371395,6.3444147776049675,6.232782511719086,6.260690689086914,132289798,5.989754463571679,0.0,0.53591757
2024-09-10,6.2513875255152564,6.297901004442671,6.195571616953606,6.269992828369141,128812565,5.980868084940689,0.0,0.53671388
2024-09-11,6.242085331155767,6.260690634710916,6.056032295604277,6.083940029144287,163610236,6.163768843933594,0.0,0.52078765
2024-09-12,6.065334469317408,6.149058553570793,5.972307955472207,6.093242645263672,142845235,6.15435855474245,0.0,0.52158396
2024-09-13,6.093243118974898,6.149059031621354,6.009519028212493,6.0281243324279785,124378224,6.2208405022887,0.0,0.51600978
2024-09-18,6.037426293371143,6.111847948032712,6.028123863779327,6.093242645263672,96887946,6.15435855474245,0.0,0.52158396
2024-09-19,6.111847948032712,6.139755680393568,6.028123863779327,6.093242645263672,112367068,6.15435855474245,0.0,0.52158396
2024-09-20,6.083940105315433,6.167664194154546,6.074637675214105,6.130453586578369,140099197,6.11700251382706,0.0,0.52476921
2024-09-23,6.121150614212079,6.251387738629133,6.083940007235777,6.214177131652832,115546665,6.034588201386824,0.0,0.53193601
2024-09-24,6.260690271285688,6.6420991938186456,6.232782095780284,6.632796764373779,256294775,5.653723660194265,0.0,0.56777002
2024-09-25,6.707218170166016,6.8653634676161674,6.604888781771432,6.707218170166016,232397916,5.590991533092147,0.0,0.57414052
2024-09-26,6.735126290512851,6.986298561096191,6.642099770066488,6.986298561096191,207398502,5.367649216828779,0.0,0.59802986
2024-09-27,7.088627225530137,7.144443135543907,6.6793101085104,6.73512601852417,212840388,5.567824550997364,0.0,0.57652945
2024-09-30,6.735125961089119,7.023508825745825,6.5676782324757506,6.883968830108643,492619373,5.447438959337672,0.0,0.5765788
2024-10-08,7.265377684520598,7.48864176372025,6.744428757835294,6.8374552726745605,563854440,5.484496571387645,0.0,0.572683
2024-10-09,6.809548146484336,6.8746664908786554,6.558376312255859,6.558376312255859,332238130,5.717878666084238,0.0,0.54930819
2024-10-10,6.651402318575144,6.9583900428256955,6.614191712216617,6.883968830108643,320901005,5.447438959337672,0.0,0.5765788
2024-10-11,6.883969159648072,7.014206288137438,6.7909426392985255,6.856060981750488,216499724,5.46961295995146,0.0,0.57424132
2024-10-14,6.902574400100852,7.144443350780505,6.902574400100852,7.004903793334961,251492675,5.353392581305766,0.0,0.58670789
2024-10-15,6.995600984067528,7.060719770104932,6.856060981750488,6.856060981750488,181905630,5.46961295995146,0.0,0.57424132
2024-10-16,6.856060640963248,7.107232455215002,6.846758211183399,7.079324722290039,198126933,5.297115398863834,0.0,0.59294118
2024-10-17,7.070021985664425,7.135140769724481,6.976995468139648,6.976995468139648,129256636,5.374806415059781,0.0,0.58437041
2024-10-18,6.995600843291892,7.042114324323373,6.809547806336827,6.958390235900879,185281266,5.3891774862702855,0.0,0.58281209
2024-10-21,6.949087162561659,6.949087162561659,6.763034130953276,6.818850040435791,176035658,5.499461020205012,0.0,0.57112468
2024-10-22,6.8374556776805795,6.902574463717982,6.809547943368434,6.856060981750488,100609762,5.46961295995146,0.0,0.57424132
2024-10-23,6.856060646757467,6.883968823291434,6.809547610648081,6.818850040435791,112637500,5.499461020205012,0.0,0.57112468
2024-10-24,6.8188502597200396,6.883969044669807,6.800244955960882,6.828153133392334,74986018,5.491968218552446,0.0,0.57190384
2024-10-25,6.856060939247267,6.86536381301727,6.772337293244428,6.8095479011535645,87550287,5.506973523697124,0.0,0.57034552
2024-10-28,6.790942334067418,6.8002447638915395,6.716520677547357,6.753731727600098,78545237,5.5524858718848495,0.0,0.56567056
2024-10-29,6.763034487525501,6.828153273814447,6.7165210053783335,6.725823879241943,116704369,5.575525121277271,0.0,0.56333307
2024-10-30,6.744428776203061,6.790942255542076,6.660704690827001,6.707218170166016,115209422,5.590991533092147,0.0,0.56177475
2024-10-31,6.688613225028239,6.735126263270565,6.576981400944132,6.614192008972168,130588603,5.669626758511267,0.0,0.55398315
2024-11-01,6.6327971421711815,6.781639570450172,6.6048889650761575,6.7165207862854,129202627,5.583247814340426,0.0,0.56255391
2024-11-04,6.725823659845551,6.735126089820274,6.586283661541284,6.7165207862854,114412767,5.583247814340426,0.0,0.56255391
2024-11-05,6.688612657144839,6.763033866882324,6.660704481700582,6.763033866882324,101523585,5.544848767301389,0.0,0.56644972
2024-11-06,6.725823731438724,6.772337212563736,6.660704946580794,6.697915554046631,120762219,5.598756762071134,0.0,0.56099559
2024-11-07,6.688613528504515,6.78164005279541,6.660705349424517,6.78164005279541,125220176,5.529635856232505,0.0,0.56800804
2024-11-08,6.790942444010322,6.837455481054793,6.679310179215653,6.7165207862854,139641752,5.583247814340426,0.0,0.56255391
2024-11-11,6.660705047214494,6.707218529042256,6.60488913517244,6.614192008972168,125846543,5.669626758511267,0.0,0.55398315
2024-11-12,6.604888987374542,6.7165208089606585,6.5862836837768555,6.5862836837768555,138062683,5.693650896387735,0.0,0.55164567
2024-11-13,6.586283902832434,6.6420998154818935,6.567678598615948,6.595586776733398,85079604,5.685619986425629,0.0,0.55242483
2024-11-14,6.586283286393242,6.69791510124405,6.567677983918108,6.632796764373779,129091792,5.653723660194265,0.0,0.55554147
2024-11-15,6.623494625091553,6.688613412761057,6.558376281007498,6.623494625091553,130092376,5.6616638379897015,0.0,0.55476231
2024-11-18,6.660705349424517,6.874666577086305,6.660705349424517,6.78164005279541,208899432,5.529635856232505,0.0,0.56800804
2024-11-19,6.78163949866169,6.865363585475055,6.6886129819720725,6.73512601852417,128826208,5.567824550997364,0.0,0.56411224
2024-11-20,6.716521149784372,6.763034632931585,6.688613414764404,6.688613414764404,94512725,5.606543191332112,0.0,0.56021643
2024-11-21,6.679309993845524,6.716520599882569,6.670007564128969,6.707218170166016,64367610,5.590991533092147,0.0,0.56177475
2024-11-22,6.707218378954529,6.725823682552215,6.576981253770727,6.5862836837768555,109867615,5.693650896387735,0.0,0.55164567
2024-11-25,6.623493891343511,6.6886126717991825,6.586283286393242,6.632796764373779,121729699,5.653723660194265,0.0,0.55554147
2024-11-26,6.632797008827408,6.8281529138089185,6.62349413545428,6.818850040435791,202704089,5.499461020205012,0.0,0.57112468
2024-11-27,6.809547591424678,6.958390016291202,6.8002447180778125,6.949087142944336,160279456,5.396392249602903,0.0,0.58203293
2024-11-28,6.9304824600773465,6.986298817982976,6.856061240983781,6.911877155303955,99190028,5.425443646842551,0.0,0.57891629
2024-11-29,6.930481859400821,6.976995339095625,6.809547610648081,6.818850040435791,120959375,5.499461020205012,0.0,0.57112468
2024-12-02,6.800244801999613,6.818850105337536,6.6979154118483235,6.73512601852417,175128589,5.567824550997364,0.0,0.56411224
2024-12-03,6.716520581590808,6.856060575642414,6.707218151899587,6.8374552726745605,180315583,5.484496571387645,0.0,0.572683
2024-12-04,6.818850188491177,6.883968972760721,6.76303427779675,6.8467583656311035,145786934,5.47704446358732,0.0,0.57346216
2024-12-05,6.828153463816148,6.89327180833165,6.80024528503418,6.80024528503418,105181498,5.51450696676032,0.0,0.56956636
2024-12-06,6.80024506954076,6.902574463717982,6.7909426392985255,6.856060981750488,149035430,5.46961295995146,0.0,0.57424132
2024-12-09,6.86536352692938,6.911876563084828,6.80954761739159,6.883968830108643,139729232,5.447438959337672,0.0,0.5765788
2024-12-10,6.958390164634693,7.042114252199704,6.893271380574636,6.976995468139648,221644431,5.374806415059781,0.0,0.58437041
2024-12-11,6.9676924657224975,7.03281124857814,6.809547610648081,6.818850040435791,215194756,5.499461020205012,0.0,0.57112468
2024-12-12,6.828153434152778,6.939785261624784,6.800245255492051,6.930482387542725,198880949,5.410878767602787,0.0,0.58047461
2024-12-13,6.902574682454124,6.921179987113618,6.772337549837665,6.80024528503418,375041144,5.51450696676032,0.0,0.56956636
2024-12-16,6.790942713544631,6.976995756277863,6.790942713544631,6.90257453918457,266468552,5.432755530146007,0.0,0.57813713
2024-12-17,6.8932715178647666,6.9769956070972725,6.874666213989258,6.874666213989258,152155151,5.454810289362304,0.0,0.57579964
2024-12-18,6.911876613666327,7.032811307009254,6.902574183801329,6.995600700378418,167082738,5.360511785352684,0.0,0.58592873
2024-12-19,6.97699524843535,7.060719333363906,6.921179339678116,6.9676923751831055,138031375,5.381982725523891,0.0,0.58359125
2024-12-20,6.967692594594458,7.070021985664425,6.958390164634693,6.976995468139648,142405205,5.374806415059781,0.0,0.58437041
2024-12-23,6.995601077417448,7.181654120599251,6.976995773099269,7.144443511962891,189028488,5.248834277604515,0.0,0.5983953
2024-12-24,7.1258378092937535,7.200259022406155,7.079324772891212,7.1909565925598145,137013364,5.214883377101692,0.0,0.6022911
2024-12-25,7.200258731842041,7.31189099059118,7.153745697316518,7.200258731842041,166199235,5.208146178714661,0.0,0.60307026
2024-12-26,7.190956922190822,7.200259352463582,7.070022223546854,7.16304874420166,130529288,5.2352010071626935,0.0,0.59995362
2024-12-27,7.153746056858667,7.2095619672458024,7.014206059098115,7.172351360321045,139945497,5.228410895687275,0.0,0.60073278
2024-12-30,7.144443049096419,7.293285917584235,7.144443049096419,7.2746806144714355,161335228,5.154865483084123,0.0,0.60930355
2024-12-31,7.2560757118768855,7.339799358713125,7.209562229734743,7.228167533874512,143873495,5.188036915892968,0.0,0.59516806
2025-01-02,7.237470313858114,7.293286225553419,6.976995615694592,7.004903793334961,205151194,5.353392581305766,0.0,0.57678449
2025-01-03,7.032811858123726,7.070022467670508,6.893271850530564,6.911877155303955,154818650,5.425443646842551,0.0,0.56912467
2025-01-06,6.967692660956657,6.967692660956657,6.772337194086719,6.893271446228027,183389142,5.4400875248456755,0.0,0.56759271
2025-01-07,6.893271048510507,6.958389829433648,6.828152711172771,6.939784526824951,143346007,5.403625985078931,0.0,0.57142262
2025-01-08,6.930481916981745,7.051416610324671,6.9211794871167465,6.995600700378418,153392292,5.360511785352684,0.0,0.57601851
2025-01-09,6.9956006491842215,7.004903522566562,6.874665956726302,6.883968830108643,129174650,5.447438959337672,0.0,0.56682672
2025-01-10,6.902574133287906,6.939784739646432,6.80954761739159,6.883968830108643,116161695,5.447438959337672,0.0,0.56682672
2025-01-13,6.856060379054182,6.883968554498439,6.716520389003696,6.763033866882324,135245894,5.544848767301389,0.0,0.55686896
2025-01-14,6.790942454936677,6.883968972760721,6.7537318478070585,6.8467583656311035,118269670,5.47704446358732,0.0,0.5637628
2025-01-15,6.846758408815349,7.05141674931908,6.846758408815349,6.893271446228027,147023711,5.4400875248456755,0.0,0.56759271
2025-01-16,6.9304824600773465,6.9397853342567695,6.856061240983781,6.911877155303955,101416548,5.425443646842551,0.0,0.56912467
2025-01-17,6.902574081109206,6.91187651083581,6.76303408652685,6.772336959838867,192904714,5.537231862853473,0.0,0.55763494
2025-01-20,6.80024469260409,6.83745529868133,6.74442878348823,6.772336959838867,114797845,5.537231862853473,0.0,0.55763494
2025-01-21,6.790942927017229,6.837455967369947,6.75373231730087,6.78164005279541,93119271,5.529635856232505,0.0,0.55840092
2025-01-22,6.781640010986497,6.7909428851509634,6.642100003617691,6.670008182525635,163085022,5.622182008448514,0.0,0.54920914
2025-01-23,6.716520657909856,6.902574133287906,6.707218228112933,6.883968830108643,241749859,5.447438959337672,0.0,0.56682672
2025-01-24,6.924025728079887,6.924025728079887,6.771429815314512,6.83819055557251,166023206,8.145429634833663,0.182,0.54920914
2025-01-27,6.8572650185774835,6.952637180252137,6.847727575024849,6.914488315582275,152541394,8.055549081553325,0.0,0.55533699
2025-02-05,6.962174592578647,6.971711581318168,6.8191161233231306,6.83819055557251,142728382,8.145429634833663,0.0,0.54920914
2025-02-06,6.828652858734131,6.895413596515446,6.809578427192372,6.828652858734131,104201687,8.156806496431779,0.0,0.54844315
2025-02-07,6.838190765035721,6.847727754067374,6.77143002273275,6.790504455566406,169056057,8.202630653506283,0.0,0.54537923
2025-02-10,6.790504455566406,6.857265197869377,6.77143002273275,6.790504455566406,123274351,8.202630653506283,0.0,0.54537923
2025-02-11,6.809578687512418,6.866801984325256,6.800041698762113,6.857264995574951,129636994,8.122771985032466,0.0,0.5507411
2025-02-12,6.857264797181529,6.933562524057877,6.819115933743355,6.924025535583496,132441448,8.04445329003341,0.0,0.55610298
2025-02-13,6.904950673672561,7.000323287377804,6.904950673672561,6.98124885559082,124553576,7.978515184341774,0.0,0.56069887
2025-02-14,6.981248863783893,7.000323295593262,6.924025568355786,7.000323295593262,91845386,7.956775372797914,0.0,0.56223083
2025-02-17,7.000323303764071,7.028934724126356,6.91448813313656,7.019397735595703,126139848,7.935153712339539,0.0,0.5637628
2025-02-18,7.000323336008015,7.13384435944445,7.000323336008015,7.095695495605469,154060075,7.849829524744448,0.0,0.56989065
2025-02-19,7.086158275604248,7.133844584291131,7.048009410562879,7.086158275604248,101946704,7.860394565523639,0.0,0.56912467
2025-02-20,7.076621055603027,7.105232476064418,7.038472191807619,7.076621055603027,79574560,7.8709880834863455,0.0,0.56835869
2025-02-21,7.0956956965913065,7.105232685436023,6.962174669372884,7.028934955596924,124357310,7.924386888179667,0.0,0.56452878
2025-02-24,7.009860259297228,7.057546566036999,6.924025543844094,6.9430999755859375,137871547,8.022353155774542,0.0,0.55763494
2025-02-25,6.933562950979937,6.962174827705455,6.819116353618564,6.8477277755737305,147501265,8.134085031634193,0.0,0.54997512
2025-02-26,6.866801738739014,6.952636908273606,6.857264750329793,6.866801738739014,96431569,8.111490926812236,0.0,0.55150708
2025-02-27,6.885876217374998,6.943099967302583,6.828652922217736,6.924025535583496,106339804,8.04445329003341,0.0,0.55610298
2025-02-28,6.933562251649284,6.981248556458645,6.876338958740234,6.876338958740234,136950323,8.100240598116821,0.0,0.55227306
2025-03-03,6.895413613507318,6.904950601916539,6.7905040123839635,6.866801738739014,129509656,8.111490926812236,0.0,0.55150708
2025-03-04,6.847727281767808,6.876339156430057,6.8095784187316895,6.8095784187316895,90078273,8.179654682701244,0.0,0.54691119
2025-03-05,6.809578249574901,6.95263670979179,6.80004126143794,6.933562278747559,149928582,8.033388575844933,0.0,0.55686896
2025-03-06,6.924025263549596,6.933562251649284,6.847727084900557,6.876338958740234,125395189,8.100240598116821,0.0,0.55227306
2025-03-07,6.88587640881079,6.90495084106017,6.83819055557251,6.83819055557251,90173238,8.145429634833663,0.0,0.54920914
2025-03-10,6.8477272646078475,6.857264707728136,6.752355107256546,6.771429538726807,163041482,8.225737221578317,0.0,0.54384726
2025-03-11,6.75235561110592,6.857265219405688,6.7332811782123585,6.8477277755737305,142145297,8.134085031634193,0.0,0.54997512
2025-03-12,6.828653088639901,6.847727520823854,6.7809672355651855,6.7809672355651855,93508081,8.214167398990163,0.0,0.54461324
2025-03-13,6.7809674665347535,6.819116332202065,6.77143002273275,6.790504455566406,99339780,8.202630653506283,0.0,0.54537923
2025-03-14,6.809578679813272,6.895413852320649,6.790504247563892,6.83819055557251,177681593,8.145429634833663,0.0,0.54920914
2025-03-17,6.857265010952394,6.933562740207275,6.847727567410364,6.895413875579834,137582187,8.077832745799642,0.0,0.55380503
2025-03-18,6.914488053544719,6.933562485156789,6.876339190320581,6.885876178741455,96403354,8.089021433751716,0.0,0.55303905
2025-03-19,6.895413905998139,6.9717116355896,6.895413905998139,6.9717116355896,138846743,7.989429699825705,0.0,0.55993289
2025-03-20,6.990786037148436,6.990786037148436,6.876339443266114,6.895413875579834,152787379,8.077832745799642,0.0,0.55380503
2025-03-21,6.904950377809606,6.924025263549596,6.876338958740234,6.876338958740234,132578879,8.100240598116821,0.0,0.55227306
2025-03-24,6.914488164985142,7.10523248418005,6.914488164985142,7.095695495605469,314996485,7.849829524744448,0.0,0.56989065
2025-03-25,7.086158052260559,7.171993223283431,7.0766210636859785,7.095695495605469,138869131,7.849829524744448,0.0,0.56989065
2025-03-26,7.095695495605469,7.13384435944445,7.057546631766487,7.095695495605469,89576624,7.849829524744448,0.0,0.56989065
2025-03-27,7.095695495605469,7.162456234708851,7.095695495605469,7.095695495605469,85130900,7.849829524744448,0.0,0.56989065
2025-03-28,7.1147698947538665,7.1147698947538665,7.009860292294723,7.019397735595703,112225590,7.935153712339539,0.0,0.5637628
2025-03-31,7.086158283065919,7.181530900540112,6.971711687821301,7.1052327156066895,227238444,7.83929284647561,0.0,0.55820919
2025-04-01,7.067083358764648,7.143381083618577,7.009860065124202,7.067083358764648,139480372,7.881610725720456,0.0,0.55521209
2025-04-02,7.048009243583984,7.229216575622559,7.048009243583984,7.229216575622559,167344227,7.704845942480743,0.0,0.56794975
2025-04-03,7.152918659912282,7.324588544032862,7.152918659912282,7.315051555633545,131902287,7.6144371063391505,0.0,0.57469322
2025-04-07,7.06708378984917,7.276903000766532,6.800041736571142,6.952637195587158,424856449,8.011348562147441,0.0,0.5462208
2025-04-08,6.952636988684676,7.048009147731521,6.885876249966722,7.000323295593262,302416802,7.956775372797914,0.0,0.54996717
2025-04-09,6.962174423803837,7.038472150951771,6.885876241885578,6.98124885559082,226584836,7.978515184341774,0.0,0.54846862
2025-04-10,7.00032327911733,7.019397710881805,6.933562540556503,6.962174415588379,147535412,8.0003741180754,0.0,0.54697008
2025-04-11,7.000323534292433,7.048009388056699,6.952637225757826,7.028934955596924,141757754,7.924386888179667,0.0,0.55221499
2025-04-14,7.048009235828724,7.238754011076971,7.038472247189995,7.210142135620117,186285737,7.725229122020553,0.0,0.5664512
2025-04-15,7.2101421902902585,7.353200659118586,7.200605201579216,7.343663215637207,171928084,7.584770483672967,0.0,0.57694104
2025-04-16,7.343663017389367,7.429498187323244,7.305514154034382,7.410423755645752,196182870,7.5164392532294855,0.0,0.58218596
2025-04-17,7.3818120800220495,7.410423955695849,7.276902930348901,7.343663215637207,134614354,7.584770483672967,0.0,0.57694104
2025-04-18,7.370089741133221,7.467966002847899,7.360301881606337,7.409240245819092,116007790,10.176482000640611,0.197,0.56720048
2025-04-21,7.399452611231027,7.536479381797108,7.340726852416992,7.340726852416992,119833951,10.271462419988282,0.0,0.56195556
2025-04-22,7.340726926899917,7.43860319258308,7.3309390669761765,7.3994526863098145,90903245,10.189942850706,0.0,0.5664512
2025-04-23,7.409240648987757,7.428815902395867,7.340727028703945,7.350514888763428,98050976,10.257784813858732,0.0,0.56270483
2025-04-24,7.370090113563498,7.477753773534762,7.360302253542009,7.458178520202637,110095285,10.10970705457871,0.0,0.57094685
2025-04-25,7.467966170640688,7.497328816459406,7.350514653944132,7.419027805328369,98528474,10.1630566670538,0.0,0.56794975
2025-04-28,7.409240454902688,7.477753606680941,7.389665202007351,7.448390960693359,80328876,10.122991716989722,0.0,0.57019757
2025-04-29,7.438602890978081,7.487541255190836,7.399452386292209,7.409240245819092,76744919,10.176482000640611,0.0,0.56720048
2025-04-30,7.4190278209391405,7.438603073763089,7.242850545523603,7.311363697052002,142960589,10.312713622822764,0.0,0.55970774
2025-05-06,7.330938873640713,7.330938873640713,7.20369996496364,7.25263786315918,123838172,10.396217407049258,0.0,0.55521209
2025-05-07,7.282001226806268,7.330939126691053,7.223275466918015,7.3211517333984375,122665214,10.298926008599436,0.0,0.56045701
2025-05-08,7.311363530376157,7.389665006597768,7.291788277998462,7.301576137542725,101815589,10.326537528289768,0.0,0.55895846
2025-05-09,7.301576521887727,7.379877535520165,7.301576521887727,7.350514888763428,108048403,10.257784813858732,0.0,0.56270483
2025-05-12,7.36030191462393,7.477753429208421,7.330938802622391,7.438602924346924,152887057,10.136311988533759,0.0,0.5694483
2025-05-13,7.428815782220414,7.516904187776479,7.399452669227826,7.507116794586182,123684783,10.0438027092339,0.0,0.57469322
2025-05-14,7.487541440591241,7.595205564498695,7.458178327994357,7.556054592132568,149826043,9.97875267848212,0.0,0.57843959
2025-05-15,7.556054861144587,7.614781088429138,7.507116960688606,7.516904354095459,106163622,10.030724943163548,0.0,0.57544249
2025-05-16,7.526691928988965,7.546267181771725,7.370089906726891,7.419027805328369,140596456,10.1630566670538,0.0,0.56794975
2025-05-19,7.4190276386351455,7.487541255190836,7.409240245819092,7.409240245819092,110772729,10.176482000640611,0.0,0.56720048
2025-05-20,7.448390960693359,7.526691972274702,7.428815707798023,7.448390960693359,103384298,10.122991716989722,0.0,0.57019757
2025-05-21,7.458178295649698,7.585417671832981,7.448390902633743,7.526691913604736,125514227,10.017681189223659,0.0,0.57619177
2025-05-22,7.546267108736204,7.604992866516113,7.516903996490832,7.604992866516113,90127087,9.914539214359728,0.0,0.58218596
2025-05-23,7.6245683131348345,7.6245683131348345,7.497328934685037,7.507116794586182,96519407,10.0438027092339,0.0,0.57469322
2025-05-26,7.4973287251731175,7.565842342433984,7.438602967539875,7.467966079711914,101277522,10.09645721407838,0.0,0.57169612
2025-05-27,7.477753472628704,7.55605448280636,7.45817822008429,7.467966079711914,92358407,10.09645721407838,0.0,0.57169612
2025-05-28,7.467966170640688,7.497328816459406,7.370089906726891,7.419027805328369,92053647,10.1630566670538,0.0,0.56794975
2025-05-29,7.428815934377646,7.4386033277684085,7.360302313798877,7.37987756729126,100341718,10.216971665517091,0.0,0.56495265
2025-05-30,7.389665026625469,7.477753429208421,7.36030191462393,7.438602924346924,117511296,10.136311988533759,0.0,0.5694483
2025-06-03,7.419027954062825,7.585417839407434,7.409240560830651,7.536479473114014,122033534,10.004671314900472,0.0,0.57694104
2025-06-04,7.556054559363439,7.585417671832981,7.516904053877942,7.526691913604736,89611712,10.017681189223659,0.0,0.57619177
2025-06-05,7.5266922142131705,7.556054861144587,7.458178593521767,7.516904354095459,100382763,10.030724943163548,0.0,0.57544249
2025-06-06,7.526691913604736,7.575629812106187,7.497328801135194,7.526691913604736,76999267,10.017681189223659,0.0,0.57619177
2025-06-09,7.546267300769066,7.556054693959363,7.458178428502153,7.507116794586182,121989333,10.0438027092339,0.0,0.57469322
2025-06-10,7.497328966763617,7.634356205700854,7.487541573531443,7.536479473114014,155067136,10.004671314900472,0.0,0.57694104
2025-06-11,7.546267032623291,7.595205396968366,7.51690392067408,7.546267032623291,81711966,9.991695188367707,0.0,0.57769031
2025-06-12,7.546267199074168,7.575629844960211,7.507116693418884,7.556054592132568,79176876,9.97875267848212,0.0,0.57843959
2025-06-13,7.556054559363439,7.585417671832981,7.507116660861988,7.526691913604736,108207364,10.017681189223659,0.0,0.57619177
2025-06-16,7.51690430356128,7.595205783843994,7.4777537967753505,7.595205783843994,117213555,9.927314959705997,0.0,0.58143668
2025-06-17,7.5952056073219865,7.614780860259998,7.556054634735119,7.585417747497559,103050614,9.940124922569304,0.0,0.69094873
2025-06-18,7.585417789935831,7.614780902862549,7.556054677009113,7.614780902862549,116747043,9.901795069593614,0.0,0.69362337
2025-06-19,7.604993042983361,7.653931408957608,7.565842536888302,7.614780902862549,124717715,9.901795069593614,0.0,0.69362337
2025-06-20,7.614780786694132,7.781170201704331,7.595205533945236,7.771382808685303,204614379,9.7022630149853,0.0,0.70788812
2025-06-23,7.771382967700626,7.967135965905859,7.6637188420232905,7.8888349533081055,281982587,9.55781182472093,0.0,0.71858668
2025-06-24,7.908409570269457,8.065011592108982,7.898621710549067,8.016073226928711,271299912,9.406101699109461,0.0,0.73017679
2025-06-25,8.016073080448681,8.153100313765167,7.967135649584336,8.143312454223633,222517377,9.259131394484664,0.0,0.7417669
2025-06-26,8.12373798846171,8.162888494747865,8.065011762321626,8.133525848388672,198320542,9.270272377008238,0.0,0.74087535
2025-06-27,8.10416239894728,8.123738119116043,7.8496845707053415,7.869259357452393,261314857,9.581587869332868,0.0,0.71680359
2025-06-30,7.849684362226981,7.908409654330171,7.800745529815686,7.830108642578125,138635419,9.629496018739015,0.0,0.631625
2025-07-01,7.869258967173188,7.967135696319343,7.859471107574239,7.927985191345215,114222198,9.510613123030593,0.0,0.63952031
2025-07-02,7.9573479936011715,7.99649849934716,7.937772274017334,7.937772274017334,93253880,9.498886765346796,0.0,0.64030984
2025-07-03,7.937772063852485,7.976922568561903,7.879046773499187,7.898621559143066,84767547,9.545969437252069,0.0,0.63715171
2025-07-04,7.898621762622141,8.094375224633765,7.888834836258907,8.04543685913086,140757446,9.371772014396914,0.0,0.64899468
2025-07-07,8.035649090911418,8.055223877282623,7.95734807858321,7.9964985847473145,103813237,9.429126911098255,0.0,0.64504703
2025-07-08,8.006286267761293,8.045436773060448,7.976922688720672,7.986710548400879,100874028,9.440682686953867,0.0,0.6442575
2025-07-09,7.9867106338430345,8.094375224633765,7.976922774058116,8.04543685913086,124562482,9.371772014396914,0.0,0.64899468
2025-07-10,8.045437159772252,8.143312961013796,8.035649299621582,8.035649299621582,173903246,9.383186994428785,0.0,0.64820515
2025-07-11,8.045436798361758,8.123737809206308,7.87904691696167,7.87904691696167,267668912,9.56968536863033,0.0,0.63557265
2025-07-14,7.879047034351509,8.06501170452258,7.879047034351509,7.967135906219482,185230754,9.463877720617214,0.0,0.64267843
2025-07-15,7.986710606658968,8.035648971995304,7.8986217357378985,7.908409595489502,131701849,9.534154634960206,0.0,0.63794125
2025-07-16,7.918197389280972,7.937772175199436,7.810533266464399,7.849684238433838,126763969,9.605481916180075,0.0,0.63320406
2025-07-17,7.839896325438678,7.869258970827493,7.800745353735535,7.8203206062316895,84975218,9.641548447504423,0.0,0.63083546
2025-07-18,7.839896411539395,7.937772208384244,7.81053329911727,7.87904691696167,113925735,9.56968536863033,0.0,0.63557265
2025-07-21,7.879047008278576,7.908409654330171,7.830108642578125,7.830108642578125,120518621,9.629496018739015,0.0,0.631625
2025-07-22,7.820320842114421,7.820320842114421,7.702869323594826,7.751807689666748,172675572,9.726763487761584,0.0,0.62530875
2025-07-23,7.751807422878075,7.86925893735542,7.722444310903324,7.790957927703857,149800955,9.677885659205684,0.0,0.62846687
2025-07-24,7.790957907433379,7.800745300258943,7.644143281363263,7.653931140899658,190549639,4.951703811062136,0.0,0.61741343
2025-07-25,7.644143328193129,7.6832938331568945,7.565842318265599,7.575629711151123,174265786,5.002884439324195,0.0,0.61109718
2025-07-28,7.595205396968366,7.6343559017600935,7.546267032623291,7.546267032623291,132799326,5.022350764444776,0.0,0.60872859
2025-07-29,7.556054786863265,7.585417900216879,7.458178520202637,7.458178520202637,163246282,5.081669726373119,0.0,0.60162281
2025-07-30,7.4679664536394785,7.575630114669151,7.438603339997203,7.516904354095459,181682657,5.041969169043747,0.0,0.60636
2025-07-31,7.5071169290095865,7.546267435893505,7.389665408357832,7.487541675567627,175033867,5.061741442277424,0.0,0.6039914
2025-08-01,7.477753606680941,7.526691972274702,7.419027847994934,7.448390960693359,137932513,5.088347295409953,0.0,0.60083328
2025-08-04,7.438603000347496,7.595205488104332,7.438603000347496,7.497328758239746,210094869,5.055133797933962,0.0,0.60478093
2025-08-05,7.49732874389753,7.614780726168182,7.487541350956296,7.604992866516113,182623713,4.983568119684797,0.0,0.61346578
2025-08-06,7.604992957557095,7.64414346321238,7.536479339304926,7.556054592132568,164474653,5.015845179237035,0.0,0.60951812
2025-08-07,7.556054810347209,7.614781037236959,7.51690430356128,7.595205783843994,140052620,4.989989880276622,0.0,0.61267625
2025-08-08,7.5952056073219865,7.653931366136021,7.565842494559547,7.585417747497559,125386062,4.99642884038961,0.0,0.61188671
2025-08-11,7.58541780695195,7.604993060043392,7.507116794586182,7.507116794586182,144596780,5.048542741113591,0.0,0.60557046
2025-08-12,7.497329100570895,7.604993228311426,7.497329100570895,7.516904354095459,157456751,5.041969169043747,0.0,0.60636
2025-08-13,7.526691928988965,7.556054574807685,7.419027805328369,7.419027805328369,193973768,5.108486043519085,0.0,0.59846468
2025-08-14,7.428815531486966,7.487541288779211,7.428815531486966,7.438602924346924,129797279,5.095042763467235,0.0,0.60004375
2025-08-15,7.448391207624451,7.458178601041172,7.262426065598172,7.272213459014893,291116858,5.211618197622874,0.0,0.58662171
2025-08-18,7.291788411536843,7.330938917009218,7.262425765787983,7.28200101852417,188114848,5.204613389038103,0.0,0.58741125
2025-08-19,7.291788661828244,7.370090142171538,7.291788661828244,7.350514888763428,150344209,5.156101385215464,0.0,0.59293796
2025-08-20,7.360302313798877,7.428815934377646,7.340727060306493,7.37987756729126,131149329,5.135586553356735,0.0,0.59530656
2025-08-21,7.379877475199112,7.428815841674805,7.330939108723418,7.428815841674805,134556127,5.101755220177266,0.0,0.59925421
2025-08-22,7.428815498162028,7.438602890978081,7.360301881606337,7.409240245819092,143296002,5.115234321276912,0.0,0.59767515
2025-08-25,7.409240693065786,7.5266922142131705,7.3798775794235105,7.516904354095459,203284864,5.041969169043747,0.0,0.60636
2025-08-26,7.507116719379367,7.5462672251700385,7.438603100890269,7.448390960693359,127629337,5.088347295409953,0.0,0.60083328
2025-08-27,7.438603040413666,7.448390900137179,7.28200101852417,7.28200101852417,206102440,5.204613389038103,0.0,0.58741125
2025-08-28,7.2820009754451736,7.31136362102033,7.20369996496364,7.25263786315918,181011106,5.225684877018129,0.0,0.58504265
2025-08-29,7.242850451412767,7.330938854620528,7.1156110763549805,7.1156110763549805,365952894,5.326316966077709,0.0,0.57398921
2025-09-01,7.15476163981862,7.262425763184472,7.0373101234436035,7.0373101234436035,481021563,5.385580475378311,0.0,0.56767296
2025-09-02,7.056885393583017,7.184124769991954,7.0470975338388655,7.174336910247803,275417917,5.2827181764859334,0.0,0.5787264
2025-09-03,7.164549441134386,7.184124693703981,7.07646057121579,7.1156110763549805,188630653,5.326316966077709,0.0,0.57398921
2025-09-04,7.096035899137946,7.193912163025266,6.978584382473161,7.174336910247803,275380885,5.2827181764859334,0.0,0.5787264
2025-09-05,7.1253992471071586,7.174337147312475,7.06667302012341,7.105823993682861,173811148,5.333653075799996,0.0,0.57319968
2025-09-08,7.096036016833615,7.115611269935757,6.988371891416413,7.017735004425049,244382977,5.400602897673119,0.0,0.5660939
2025-09-09,7.007947310368916,7.0568856776378714,6.99815991694164,7.027522563934326,122134939,5.393081225310483,0.0,0.56688343
2025-09-10,7.0373102897124715,7.105823909238739,6.9981597833291325,7.047097682952881,175575898,5.378100560700489,0.0,0.5684625
2025-09-11,7.047097459005979,7.135186328924576,7.027522206436384,7.1156110763549805,172427560,5.326316966077709,0.0,0.57398921
2025-09-12,7.115611057168469,7.144974169299106,6.968796429936958,6.978584289550781,330101210,5.430900943153853,0.0,0.56293578
2025-09-15,6.978584246133745,7.017734750923797,6.910070629395739,6.949221134185791,200733663,5.4538486066526035,0.0,0.56056718
2025-09-16,6.929646252292607,6.968796759175888,6.8317699850844065,6.861133098602295,298737334,5.523868937584193,0.0,0.5534614
2025-09-17,6.861132964561636,6.910070863854247,6.831769851617392,6.88070821762085,168413250,5.508153928536259,0.0,0.55504046
2025-09-18,6.900283624906876,6.910071018299815,6.753468990325928,6.753468990325928,212706671,5.611930706173409,0.0,0.54477656
2025-09-19,6.7436810282699335,6.8024067878723145,6.6555926222217865,6.8024067878723145,264052368,5.571557418114144,0.0,0.54872421
2025-09-22,6.753468873636821,6.792619379953836,6.665380001068115,6.665380001068115,145167165,5.686097415890256,0.0,0.53767078
2025-09-23,6.6458045995952695,6.821981874090087,6.606654094151977,6.792619228363037,292070225,5.5795855362753155,0.0,0.54793468
2025-09-24,6.7828312923685665,6.8709201619807665,6.733893394470215,6.733893394470215,189444207,5.628244728543369,0.0,0.5431975
2025-09-25,6.733893351023453,6.743680743855642,6.655592341522619,6.704530239105225,130657846,5.652894184732333,0.0,0.5408289
2025-09-26,6.694742812854888,6.724105457915716,6.6360170560224025,6.675167560577393,121193797,5.677760094567829,0.0,0.53846031
2025-09-29,6.6751676942282705,6.743680845215866,6.596866216839702,6.655592441558838,207041922,5.694459258554488,0.0,0.53688125
2025-09-30,6.6653798828162065,6.675167742577236,6.567503618760115,6.577291011810303,184867790,5.762250740000112,0.0,0.52291236
2025-10-09,6.557715758999085,6.587078871571332,6.518565253376648,6.577291011810303,173106070,5.762250740000112,0.0,0.52291236
2025-10-10,6.56750366129927,6.684955178927339,6.557715801474842,6.606654167175293,219116086,5.736640520447331,0.0,0.52524679
2025-10-13,6.5968662646215215,6.626229377193769,6.508777860326459,6.577291011810303,233020185,5.762250740000112,0.0,0.52291236
2025-10-14,6.557715785615455,6.71431827545166,6.528353139634872,6.71431827545166,319875238,5.644653477117234,0.0,0.53380636
2025-10-15,6.7143181419687075,6.77304389947323,6.68495502986103,6.733893394470215,236727708,5.628244728543369,0.0,0.53536265
2025-10-16,6.73389354462779,6.880708175018299,6.724105684803362,6.851345062255859,276401850,5.531760501859926,0.0,0.54470037
2025-10-17,6.8513451965590395,6.959009323184006,6.802406829899276,6.831769943237305,260188831,5.547610694578029,0.0,0.54314408
2025-10-20,6.821981906890869,6.851345019469939,6.684955137180506,6.821981906890869,238240573,5.555570289876802,0.0,0.54236594
2025-10-21,6.802406738673149,6.919858723739277,6.802406738673149,6.88070821762085,201830821,5.508153928536259,0.0,0.5470348
2025-10-22,6.880708191006251,7.0079471020435555,6.880708191006251,6.988371849060059,215087190,5.423294698477956,0.0,0.55559438
2025-10-23,7.007947176569542,7.08624818933622,6.949221416994534,7.047097682952881,251500910,5.378100560700489,0.0,0.56026324
2025-10-24,7.037310331700939,7.164549711561396,7.007947218382814,7.076460838317871,273198271,5.355784602774559,0.0,0.56259767
2025-10-27,7.056885493653312,7.174337011983621,6.978584481433107,7.125399112701416,345891229,5.319000297462799,0.0,0.56648839
2025-10-28,7.135186328924576,7.164549441134386,7.027522206436384,7.1156110763549805,230158847,5.326316966077709,0.0,0.56571024
2025-10-29,7.096035804651657,7.105823664265481,6.968796429936958,6.978584289550781,249107870,5.430900943153853,0.0,0.55481623
2025-10-30,6.9785845580536225,7.027522457873135,6.910070938253282,6.939434051513672,236524388,5.461540482790959,0.0,0.55170366
2025-10-31,6.988372056803506,7.037310424072461,6.900283649114589,7.027522563934326,220535263,5.393081225310483,0.0,0.55870695
2025-11-03,7.027522206436384,7.144974188564791,6.998159560937409,7.1156110763549805,212592472,5.326316966077709,0.0,0.56571024
2025-11-04,7.12539908609528,7.233062744140625,7.105823833113322,7.233062744140625,228439366,5.239827351242337,0.0,0.57504796
2025-11-05,7.242850706370245,7.262425959628914,7.184124946594238,7.184124946594238,172030597,5.275520718492956,0.0,0.57115725
2025-11-06,7.184124946594238,7.203700199852907,7.135186580092141,7.184124946594238,175147651,5.275520718492956,0.0,0.57115725
2025-11-07,7.193912297516099,7.233062803802949,7.125399144869535,7.154761791229248,155543685,5.297171465087793,0.0,0.56882282
2025-11-10,7.144974471768267,7.2232754851502445,7.115611358394598,7.21348762512207,138173973,5.254046581851402,0.0,0.57349168
2025-11-11,7.203700098023111,7.252637997122583,7.174336985194752,7.233062744140625,114078285,5.239827351242337,0.0,0.57504796
2025-11-12,7.252638071667133,7.330939084399763,7.242850678430979,7.291788578033447,183395732,5.197627385162257,0.0,0.57971682
2025-11-13,7.291788578033447,7.3211516911636085,7.213487565300818,7.291788578033447,169974162,5.197627385162257,0.0,0.57971682
2025-11-14,7.3015762136900175,7.419027729181076,7.3015762136900175,7.360301971435547,207195001,5.14924525475794,0.0,0.58516383
2025-11-17,7.340726868896815,7.350514728743216,7.223275351005069,7.233062744140625,156655031,5.239827351242337,0.0,0.57504796
2025-11-18,7.233062951926293,7.330939219647792,7.193912444837693,7.272213459014893,144451448,5.211618197622874,0.0,0.57816054
2025-11-19,7.282001135696313,7.409240513884313,7.2624258826451475,7.370090007781982,176766192,5.142406668030089,0.0,0.58594197
2025-11-20,7.350514901473914,7.556054829259056,7.3211517879555466,7.487541675567627,268788057,5.061741442277424,0.0,0.59527969
2025-11-21,7.497329026866888,7.556054786863265,7.428815873559875,7.458178520202637,244088847,5.081669726373119,0.0,0.59294526
2025-11-24,7.458178445719712,7.4875415587800855,7.379877433173182,7.3994526863098145,189538385,5.122000451482194,0.0,0.5882764
2025-11-25,7.38966517645303,7.556054592132568,7.350514670797745,7.556054592132568,212059075,5.015845179237035,0.0,0.60072669
2025-11-26,7.556054516131995,7.604992881064288,7.46796611264904,7.497328758239746,150076805,5.055133797933962,0.0,0.59605783
2025-11-27,7.507116527831564,7.565842285019155,7.4092402658522465,7.546267032623291,159518454,5.022350764444776,0.0,0.59994855
2025-11-28,7.5266921079153395,7.546267361163446,7.399452728447218,7.428815841674805,166761995,5.101755220177266,0.0,0.59061083
2025-12-01,7.409240397148246,7.5364793066206905,7.379877284678704,7.526691913604736,202416837,5.035412693256985,0.0,0.59839226
2025-12-02,7.526692182451545,7.575630082701015,7.458178562049261,7.487541675567627,97551634,5.061741442277424,0.0,0.59527969
2025-12-03,7.467966273037811,7.507116779140142,7.330939034968804,7.370090007781982,153330589,5.142406668030089,0.0,0.58594197
2025-12-04,7.350514636456244,7.360302029468918,7.25263790606447,7.28200101852417,134652271,5.204613389038103,0.0,0.57893868
2025-12-05,7.272213292698496,7.360302164988672,7.233062786505274,7.262425899505615,141616647,5.218641886945796,0.0,0.57738239
2025-12-08,7.272213025620767,7.350514501842378,7.252637773243071,7.301576137542725,120827644,5.19066011037377,0.0,0.58049497
2025-12-09,7.330939084399763,7.330939084399763,7.242850678430979,7.291788578033447,95117411,5.197627385162257,0.0,0.57971682
2025-12-10,7.2722133100898,7.31136381637665,7.14497439801296,7.154761791229248,148972862,5.297171465087793,0.0,0.56882282
2025-12-11,7.16454955982502,7.203700065612793,7.13518644712877,7.203700065612793,117595120,5.26118517633979,0.0,0.57271353
2025-12-12,7.193912029266357,7.2232751412420155,7.135186272025874,7.193912029266357,180593318,5.268343544627009,0.0,0.57193539
2025-12-15,7.193912163025266,7.233062668580195,7.174336910247803,7.174336910247803,99047360,5.2827181764859334,0.0,0.5703791
2025-12-16,7.164549441134386,7.174336834063766,7.07646057121579,7.1156110763549805,121432385,5.326316966077709,0.0,0.56571024
2025-12-17,7.10582389172611,7.213487550659524,7.076460778655547,7.154761791229248,126320955,5.297171465087793,0.0,0.56882282
2025-12-18,7.154761511354597,7.32115138992042,7.154761511354597,7.301576137542725,115295052,5.19066011037377,0.0,0.58049497
2025-12-19,7.301576572686772,7.311363966103492,7.233062951926293,7.272213459014893,130563507,5.211618197622874,0.0,0.57816054
2025-12-22,7.262426033946045,7.301576540864014,7.213487666943156,7.2428507804870605,115102143,5.232746213977825,0.0,0.57582611
2025-12-23,7.2428505130517955,7.31136366427303,7.223275260315608,7.28200101852417,115984610,5.204613389038103,0.0,0.57893868
2025-12-24,7.272213217385973,7.311363723173746,7.203700065612793,7.203700065612793,147096984,5.26118517633979,0.0,0.57271353
2025-12-25,7.239999771118164,7.269999980926514,7.190000057220459,7.199999809265137,109956030,7.434722419175106,0.1563,0.56026324
2025-12-26,7.190000057220459,7.230000019073486,7.159999847412109,7.21999979019165,90193104,7.414127639272284,0.0,0.56181953
2025-12-29,7.210000038146973,7.380000114440918,7.179999828338623,7.369999885559082,169510855,7.263229420788418,0.0,0.57349168
2025-12-30,7.349999904632568,7.360000133514404,7.239999771118164,7.239999771118164,108818545,7.393646642578926,0.0,0.56337581
2025-12-31,7.25,7.300000190734863,7.230000019073486,7.25,85632834,7.383448275862069,0.0,0.56059462
2026-01-05,7.260000228881836,7.28000020980835,7.179999828338623,7.230000019073486,138016014,7.403872732888289,0.0,0.55904815
2026-01-06,7.239999771118164,7.239999771118164,7.150000095367432,7.179999828338623,147045867,7.4554319331211305,0.0,0.55518198
2026-01-07,7.179999828338623,7.190000057220459,7.119999885559082,7.130000114440918,117423792,7.507713764489529,0.0,0.55131581
2026-01-08,7.130000114440918,7.139999866485596,7.079999923706055,7.090000152587891,115416768,7.550070359372453,0.0,0.54822287
2026-01-09,7.119999885559082,7.130000114440918,7.059999942779541,7.070000171661377,96956414,7.571428387592387,0.0,0.5466764
2026-01-12,7.070000171661377,7.119999885559082,7.019999980926514,7.099999904632568,145403931,7.53943672098827,0.0,0.54899611
2026-01-13,7.110000133514404,7.159999847412109,7.059999942779541,7.090000152587891,134331903,7.550070359372453,0.0,0.54822287
2026-01-14,7.079999923706055,7.090000152587891,7.019999980926514,7.039999961853027,166432793,7.603693223019585,0.0,0.5443567
2026-01-15,7.03000020980835,7.050000190734863,6.909999847412109,6.929999828338623,167708671,7.72438691572567,0.0,0.53585113
2026-01-16,6.940000057220459,6.960000038146973,6.849999904632568,6.869999885559082,196645237,7.791848746973264,0.0,0.53121173
2026-01-19,6.869999885559082,6.920000076293945,6.809999942779541,6.820000171661377,157152985,7.848973409477187,0.0,0.52734556
2026-01-20,6.829999923706055,6.909999847412109,6.809999942779541,6.860000133514404,161452828,7.8032068452127525,0.0,0.53043849
2026-01-21,6.880000114440918,6.909999847412109,6.710000038146973,6.71999979019165,253721469,7.965774058227069,0.0,0.51961322
2026-01-22,6.739999771118164,6.800000190734863,6.690000057220459,6.710000038146973,178056167,7.977645260160504,0.0,0.51883998
2026-01-23,6.71999979019165,6.769999980926514,6.619999885559082,6.639999866485596,222566886,8.06174715005412,0.0,0.51342734
2026-01-26,6.630000114440918,6.730000019073486,6.599999904632568,6.639999866485596,258231034,8.06174715005412,0.0,0.51342734
2026-01-27,6.650000095367432,6.730000019073486,6.599999904632568,6.610000133514404,231273719,8.098335691188433,0.0,0.51110764
2026-01-28,6.610000133514404,6.650000095367432,6.539999961853027,6.550000190734863,328086516,8.172518845987135,0.0,0.50646824
2026-01-29,6.559999942779541,6.639999866485596,6.480000019073486,6.599999904632568,314511436,8.110606177801163,0.0,0.51033441
2026-01-30,6.630000114440918,6.710000038146973,6.619999885559082,6.619999885559082,243931149,8.086102858818887,0.0,0.51188088
2026-02-02,6.670000076293945,6.769999980926514,6.639999866485596,6.650000095367432,278185806,8.049623944710984,0.0,0.51420058
2026-02-03,6.650000095367432,6.659999847412109,6.550000190734863,6.590000152587891,227099802,8.122913317229406,0.0,0.50956117
2026-02-04,6.579999923706055,6.679999828338623,6.570000171661377,6.670000076293945,138793132,8.0254871645733,0.0,0.51574705
2026-02-05,6.679999828338623,6.769999980926514,6.670000076293945,6.760000228881836,173216618,7.918638785143109,0.0,0.52270615
2026-02-06,6.789999961853027,6.809999942779541,6.690000057220459,6.710000038146973,172955097,7.977645260160504,0.0,0.51883998
2026-02-09,6.699999809265137,6.769999980926514,6.670000076293945,6.739999771118164,141282864,5.2418399406175,0.0,0.52115968
2026-02-10,6.739999771118164,6.829999923706055,6.730000019073486,6.820000171661377,159466690,5.180351775767402,0.0,0.52734556
2026-02-11,6.829999923706055,6.849999904632568,6.760000228881836,6.820000171661377,110280801,5.180351775767402,0.0,0.52734556
2026-02-12,6.820000171661377,6.820000171661377,6.699999809265137,6.730000019073486,144138473,5.249628514096773,0.0,0.52038645
2026-02-13,6.730000019073486,6.739999771118164,6.639999866485596,6.650000095367432,146145624,5.3127818786967875,0.0,0.51420058
2026-02-24,6.679999828338623,6.690000057220459,6.639999866485596,6.670000076293945,114004540,5.296851513625532,0.0,0.51574705
2026-02-25,6.679999828338623,6.699999809265137,6.619999885559082,6.619999885559082,140237800,5.3368580983013505,0.0,0.51188088
2026-02-26,6.619999885559082,6.670000076293945,6.559999942779541,6.579999923706055,127737711,5.369300974110206,0.0,0.50878794
2026-02-27,6.579999923706055,6.610000133514404,6.550000190734863,6.550000190734863,118803306,5.3938929727017655,0.0,0.50646824
2026-03-02,6.53000020980835,6.599999904632568,6.510000228881836,6.579999923706055,169183618,5.369300974110206,0.0,0.50878794
2026-03-03,6.590000152587891,6.809999942779541,6.570000171661377,6.739999771118164,367981095,5.2418399406175,0.0,0.52115968
2026-03-04,6.739999771118164,6.739999771118164,6.599999904632568,6.659999847412109,254138271,5.304804926343692,0.0,0.51497381
2026-03-05,6.630000114440918,6.75,6.610000133514404,6.71999979019165,168188429,5.257440640335557,0.0,0.51961322
2026-03-06,6.710000038146973,6.78000020980835,6.690000057220459,6.769999980926514,139952051,5.218611536120696,0.0,0.52347939
2026-03-09,6.730000019073486,6.809999942779541,6.71999979019165,6.760000228881836,202476973,5.226331183992267,0.0,0.52270615
2026-03-10,6.75,6.760000228881836,6.690000057220459,6.730000019073486,121985751,5.249628514096773,0.0,0.52038645
2026-03-11,6.71999979019165,6.800000190734863,6.690000057220459,6.789999961853027,124362303,5.203240088142542,0.0,0.52502585
2026-03-12,6.769999980926514,6.840000152587891,6.769999980926514,6.800000190734863,109949257,5.195588089561796,0.0,0.52579909
2026-03-13,6.800000190734863,6.900000095367432,6.769999980926514,6.849999904632568,179574616,5.157664305382949,0.0,0.52966526
2026-03-16,6.849999904632568,6.929999828338623,6.840000152587891,6.869999885559082,149337025,5.142649285084353,0.0,0.53121173
2026-03-17,6.860000133514404,6.960000038146973,6.849999904632568,6.940000057220459,143163523,5.090778056009127,0.0,0.53662436
2026-03-18,6.949999809265137,6.960000038146973,6.849999904632568,6.900000095367432,145538705,5.12028978430306,0.0,0.53353143
2026-03-19,6.869999885559082,6.949999809265137,6.860000133514404,6.889999866485596,146366289,5.12772143463348,0.0,0.53275819
2026-03-20,6.889999866485596,6.949999809265137,6.860000133514404,6.909999847412109,153284064,5.1128799971293155,0.0,0.53430466
2026-03-23,6.889999866485596,6.900000095367432,6.659999847412109,6.670000076293945,226077741,5.296851513625532,0.0,0.51574705
2026-03-24,6.690000057220459,6.829999923706055,6.690000057220459,6.820000171661377,169705239,5.180351775767402,0.0,0.52734556
2026-03-25,6.809999942779541,6.829999923706055,6.71999979019165,6.829999923706055,145593690,5.172767261295874,0.0,0.52811879
2026-03-26,6.800000190734863,6.889999866485596,6.800000190734863,6.860000133514404,122240160,5.1501456723588,0.0,0.53043849
2026-03-27,6.849999904632568,6.909999847412109,6.829999923706055,6.880000114440918,133207454,5.135174333186909,0.0,0.53198496
2026-03-30,6.880000114440918,7.0,6.860000133514404,6.96999979019165,186036778,5.068866723599793,0.0,0.53894406
2026-03-31,6.989999771118164,7.130000114440918,6.980000019073486,7.0,203256317,5.047142857142857,0.0,0.54126377
2026-04-01,7.010000228881836,7.070000171661377,6.96999979019165,7.010000228881836,144757087,5.039942774101091,0.0,0.542037
2026-04-02,7.010000228881836,7.099999904632568,7.0,7.090000152587891,146850902,4.983074645929922,0.0,0.54822287
2026-04-03,7.090000152587891,7.099999904632568,6.980000019073486,6.989999771118164,102557739,5.054363541752791,0.0,0.54049053
2026-04-07,6.989999771118164,7.010000228881836,6.889999866485596,6.909999847412109,108764922,5.1128799971293155,0.0,0.53430466
2026-04-08,6.909999847412109,6.929999828338623,6.840000152587891,6.909999847412109,143152768,5.1128799971293155,0.0,0.53430466
2026-04-09,6.900000095367432,6.920000076293945,6.809999942779541,6.840000152587891,109260727,5.165204563136306,0.0,0.52889202
2026-04-10,6.829999923706055,6.840000152587891,6.800000190734863,6.800000190734863,109168442,5.195588089561796,0.0,0.52579909
2026-04-13,6.809999942779541,6.849999904632568,6.760000228881836,6.849999904632568,96622275,5.157664305382949,0.0,0.52966526
2026-04-14,6.849999904632568,6.900000095367432,6.820000171661377,6.900000095367432,108123017,5.12028978430306,0.0,0.53353143
2026-04-15,6.880000114440918,6.960000038146973,6.869999885559082,6.929999828338623,147537354,5.098124224408517,0.0,0.53585113
