Date,Open,High,Low,Close,Volume,DividendYieldTTM,DivCash,PB
2019-12-10,4.112560015906403,4.149279442460998,4.061153238948855,4.119904041290283,1619472912,0.0,0.0,1.04502618
2019-12-11,4.097872626927635,4.1419357320343115,4.075841249465512,4.134592056274414,463386264,0.0,0.0,1.04875177
2019-12-12,4.112559795379639,4.1199038203697125,4.083184395784114,4.112559795379639,224711848,0.0,0.0,1.04316339
2019-12-13,4.119903725766649,4.119903725766649,4.097872001484715,4.105216026306152,157036724,0.0,0.0,1.0413006
2019-12-16,4.105215804820719,4.105215804820719,4.0831840817274445,4.097871780395508,143874990,0.0,0.0,1.03943781
2019-12-17,4.097871820514174,4.509127737428542,4.083184121702318,4.29615592956543,456119850,0.0,0.0,1.08973319
2019-12-18,4.244749909180194,4.288813013405015,4.193342779160024,4.200686454772949,220064205,0.0,0.0,1.06551689
2019-12-19,4.208029841584965,4.281468337474803,4.185998117726828,4.215373516082764,141028076,0.0,0.0,1.06924248
2019-12-20,4.222717761993408,4.288812586848191,4.2006860369810175,4.222717761993408,176243052,0.0,0.0,1.07110527
2019-12-23,4.230061525229955,4.318187719459987,4.2153734760092485,4.274124622344971,170998638,0.0,0.0,1.08414481
2019-12-24,4.281468937800047,4.281468937800047,4.215374107140535,4.259437561035156,131189734,0.0,0.0,1.08041923
2019-12-25,4.244749495705579,4.259437195683146,4.171310645635353,4.178654670715332,156835820,0.0,0.0,1.05992852
2019-12-26,4.171310645635353,4.178654670715332,4.13459157078263,4.178654670715332,118575693,0.0,0.0,1.05992852
2019-12-27,4.1713104185488605,4.230061565443102,4.163966744051063,4.215373516082764,130905932,0.0,0.0,1.06924248
2019-12-30,4.19334235368157,4.340219352861398,4.156622928795419,4.266780853271484,178952754,0.0,0.0,1.08228202
2019-12-31,4.259437076773471,4.318187875043608,4.252093051898514,4.303500175476074,122443080,0.0,0.0,1.01844775
2020-01-02,4.332875186702766,4.4210013762183165,4.332875186702766,4.3549065589904785,151823798,0.0,0.0,1.03061351
2020-01-03,4.354907406996568,4.413658561629559,4.296156602545994,4.391626834869385,136428136,0.0,0.0,1.03930333
2020-01-06,4.362251702641629,4.384283080582997,4.310844570474372,4.340219974517822,88407694,0.0,0.0,1.02713757
2020-01-07,4.325532016770021,4.362251444744695,4.318188341284537,4.347563743591309,53421082,0.0,0.0,1.02887554
2020-01-08,4.29615592956543,4.29615592956543,4.29615592956543,4.29615592956543,92108345,0.0,0.0,1.02586016
2020-01-09,4.296155769447955,4.3181874919358005,4.25943669887801,4.310843467712402,61659192,0.0,0.0,1.02936738
2020-01-10,4.296156303292096,4.347563428696732,4.274124928248962,4.332875728607178,69474844,0.0,0.0,1.0346282
2020-01-13,4.252092361450195,4.252092361450195,4.252092361450195,4.252092361450195,173463656,0.0,0.0,1.01533852
2020-01-14,4.2300615310668945,4.2300615310668945,4.2300615310668945,4.2300615310668945,107426682,0.0,0.0,1.0100777
2020-01-15,4.222717865650039,4.230061890895242,4.185998439788818,4.185998439788818,66690964,0.0,0.0,0.99955606
2020-01-16,4.200685666278798,4.208029690695629,4.141934871673584,4.141934871673584,81947017,0.0,0.0,0.98903441
2020-01-17,4.156622631206802,4.193342053464069,4.156622631206802,4.163966655731201,57003597,0.0,0.0,0.99429523
2020-01-20,4.171311051956401,4.208030480568298,4.171311051956401,4.200686454772949,51514468,0.0,0.0,1.00306327
2020-01-21,4.193342792221141,4.208030493675162,4.156623363494873,4.156623363494873,43568345,0.0,0.0,0.99254163
2020-01-22,4.149278638803484,4.208029429765701,4.1125592193609295,4.1933417320251465,67394500,0.0,0.0,1.00130966
2020-01-23,4.171310330073236,4.178654354597635,4.090528161399031,4.163966655731201,64874834,0.0,0.0,0.99429523
2020-02-03,3.9509949553566908,4.083184248777343,3.8261493364793333,4.039121150970459,176961451,0.0,0.0,0.96448391
2020-02-04,3.980370505139209,4.075840729106285,3.980370505139209,4.0684967041015625,96911067,0.0,0.0,0.97149834
2020-02-05,4.046465175696126,4.068496549508382,4.009745752432536,4.039121150970459,85526603,0.0,0.0,0.96448391
2020-02-06,4.046465014866018,4.053808689117432,4.017089267313286,4.053808689117432,75845643,0.0,0.0,0.96799113
2020-02-07,4.039121150970459,4.039121150970459,4.002401727706869,4.039121150970459,84106442,0.0,0.0,0.96448391
2020-02-10,4.017090119930599,4.046465873718262,3.9950587423178945,4.046465873718262,86279516,0.0,0.0,0.96623752
2020-02-11,4.031777821733214,4.061153575520876,4.017090119930599,4.046465873718262,45118758,0.0,0.0,0.96623752
2020-02-12,4.0317771262447915,4.039121150970459,4.009745752432536,4.039121150970459,34954140,0.0,0.0,0.96448391
2020-02-13,4.039121150970459,4.039121150970459,4.009745752432536,4.039121150970459,47636304,0.0,0.0,0.96448391
2020-02-14,4.024433451701498,4.039121150970459,4.01708942697583,4.039121150970459,32497450,0.0,0.0,0.96448391
2020-02-17,4.03177759063198,4.083184719085693,4.024433915242828,4.083184719085693,72127754,0.0,0.0,0.97500556
2020-02-18,4.068496387802618,4.068496387802618,4.031776965998472,4.053808689117432,59786603,0.0,0.0,0.96799113
2020-02-19,4.039121150970459,4.05380885023942,4.0317771262447915,4.039121150970459,38443822,0.0,0.0,0.96448391
2020-02-20,4.039121616203544,4.09787242004641,4.024433915242828,4.083184719085693,92325644,0.0,0.0,0.97500556
2020-02-21,4.061152713551205,4.083184086487805,4.046465014866018,4.053808689117432,67659740,0.0,0.0,0.96799113
2020-02-24,4.039121150970459,4.05380885023942,4.0317771262447915,4.039121150970459,54982652,0.0,0.0,0.96448391
2020-02-25,4.024433451701498,4.039121150970459,4.009745752432536,4.039121150970459,81734852,0.0,0.0,0.96448391
2020-02-26,4.024433291747059,4.090528110921578,4.024433291747059,4.053808689117432,72411642,0.0,0.0,0.96799113
2020-02-27,4.046465014866018,4.075840412236391,4.031776965998472,4.053808689117432,53460459,0.0,0.0,0.96799113
2020-02-28,4.0317771262447915,4.05380885023942,4.01708942697583,4.039121150970459,60596071,0.0,0.0,0.96448391
2020-03-02,4.031777659261351,4.061153411865234,4.024433983747195,4.061153411865234,63661948,0.0,0.0,0.96974473
2020-03-03,4.061152713551205,4.083184086487805,4.039120990432245,4.053808689117432,62227280,0.0,0.0,0.96799113
2020-03-04,4.039121150970459,4.046465175696126,4.024433451701498,4.039121150970459,44454221,0.0,0.0,0.96448391
2020-03-05,4.039121138191653,4.185998130416583,4.039121138191653,4.127247333526611,160000595,0.0,0.0,0.9855272
2020-03-06,4.083184953133581,4.083184953133581,4.039121847725738,4.046465873718262,68697890,0.0,0.0,0.96623752
2020-03-09,4.0244332309193975,4.039120929382586,4.017089206596626,4.0317769050598145,66929367,0.0,0.0,0.96273031
2020-03-10,4.009745752432536,4.039121150970459,3.9803703538946134,4.039121150970459,55281095,0.0,0.0,0.96448391
2020-03-11,4.031777821733214,4.046465873718262,4.017090119930599,4.046465873718262,40526422,0.0,0.0,0.96623752
2020-03-12,4.039121847725738,4.0684972513309665,4.024434145923124,4.046465873718262,39689935,0.0,0.0,0.96623752
2020-03-13,4.00240162846876,4.075840473175049,3.943650832849619,4.075840473175049,98940727,0.0,0.0,0.97325195
2020-03-16,4.053809098788971,4.053809098788971,3.9877142729350132,3.995058298110962,66094422,0.0,0.0,0.95396227
2020-03-17,3.980370865744873,4.009746268060284,3.9289637366016934,3.9436514377593994,43085720,0.0,0.0,0.94168702
2020-03-18,3.9509946547580816,3.965682352909577,3.8922438621520996,3.8922438621520996,30672237,0.0,0.0,0.92941177
2020-03-19,3.8628689653866255,3.8775566654375013,3.7967741400664887,3.840837240219116,40825651,0.0,0.0,0.91713652
2020-03-20,3.840836824655811,3.8628685474395756,3.826149126194086,3.862868547439575,23225842,0.0,0.0,0.92239734
2020-03-23,3.782086398307703,3.804117773049864,3.730679273605347,3.7306792736053467,30755312,0.0,0.0,0.89083241
2020-03-24,3.767398690046485,3.789430064739686,3.7086478906214335,3.774742364883423,33714143,0.0,0.0,0.90135406
2020-03-25,3.826149549111453,3.862868974415666,3.7673987487706264,3.79677414894104,56404876,0.0,0.0,0.90661488
2020-03-26,3.796774039198817,3.9289633361448684,3.7820863395381448,3.877556562423706,64845855,0.0,0.0,0.92590456
2020-03-27,3.8922438621520996,3.9289629324396653,3.848180417515267,3.8922438621520996,40941872,0.0,0.0,0.92941177
2020-03-30,3.855524523117536,3.870212221579261,3.804117403410322,3.862868547439575,29334189,0.0,0.0,0.92239734
2020-03-31,3.8628688801594238,3.8849002546584592,3.8334931305234035,3.8702125549316406,15823551,0.0,0.0,0.87781421
2020-04-01,3.8628685474395756,3.870212221579261,3.833492800333772,3.862868547439575,14910314,0.0,0.0,0.87614853
2020-04-02,3.8408371554780043,3.870212554931641,3.826149455751186,3.8702125549316406,19979418,0.0,0.0,0.87781421
2020-04-03,3.855524523117536,3.870212221579261,3.840836824655811,3.862868547439575,11272065,0.0,0.0,0.87614853
2020-04-07,3.884899854660034,3.8922438788584772,3.8702121564454957,3.884899854660034,19474050,0.0,0.0,0.88114557
2020-04-08,3.877556579886242,3.8849002546584592,3.8555248552048225,3.8702125549316406,12121542,0.0,0.0,0.87781421
2020-04-09,3.8775562459013004,3.8848999200409864,3.833492800333772,3.862868547439575,20937071,0.0,0.0,0.87614853
2020-04-10,3.862869299213783,3.862869299213783,3.840837572142303,3.8481812477111816,14799846,0.0,0.0,0.87281716
2020-04-13,3.840837572142303,3.855525273462482,3.8188058450708233,3.8481812477111816,18045077,0.0,0.0,0.87281716
2020-04-14,3.840836824655811,3.8628685474395756,3.833492800333772,3.862868547439575,15074546,0.0,0.0,0.87614853
2020-04-15,3.877556502608427,3.877556502608427,3.8408370789319894,3.855524778366089,11363683,0.0,0.0,0.87448284
2020-04-16,3.8481812477111816,3.855525273462482,3.8188058450708233,3.8481812477111816,26907935,0.0,0.0,0.87281716
2020-04-17,3.8481804987954966,3.8628685474395756,3.826149126194086,3.862868547439575,29661326,0.0,0.0,0.87614853
2020-04-20,3.8555249402699916,3.8555249402699916,3.8261495401682404,3.840837240219116,16013588,0.0,0.0,0.87115148
2020-04-21,3.8188051228494597,3.8408368457542483,3.8041174243070524,3.8114614486694336,12924296,0.0,0.0,0.86448875
2020-04-22,3.8041179867740023,3.8041179867740023,3.7747425853458174,3.7820866107940674,18207989,0.0,0.0,0.85782603
2020-04-23,3.789429909516185,3.789429909516185,3.7453668117523193,3.7453668117523193,17854457,0.0,0.0,0.84949762
2020-04-24,3.745366896211463,3.745366896211463,3.7086478223380683,3.715991497039795,22364386,0.0,0.0,0.84283489
2020-04-27,3.7233355045318604,3.7673986030835396,3.715991479682058,3.7233355045318604,29051636,0.0,0.0,0.84450058
2020-04-28,3.715991341853592,3.7233353664310003,3.6278651480188904,3.6866159439086914,27169484,0.0,0.0,0.83617217
2020-04-29,3.686615840223683,3.7673983573913574,3.686615840223683,3.7673983573913574,37886300,0.0,0.0,0.85449466
2020-04-30,3.7820864574038375,3.8408372578774483,3.7747424322534395,3.833493232727051,40750390,0.0,0.0,0.8694858
2020-05-06,3.7894296646118164,3.7967736888556822,3.752710593939539,3.7894296646118164,46024693,0.0,0.0,0.85949171
2020-05-07,3.7747425853458174,3.7820866107940674,3.760054884631725,3.7820866107940674,22213204,0.0,0.0,0.85782603
2020-05-08,3.7747424237220337,3.804117823892447,3.7747424237220337,3.79677414894104,20602461,0.0,0.0,0.86115739
2020-05-11,3.7967747187980665,3.811462421087747,3.7820870165083864,3.8041183948516846,22600855,0.0,0.0,0.86282307
2020-05-12,3.804117362917198,3.8334927595279598,3.782085990550301,3.7894296646118164,20128500,0.0,0.0,0.85949171
2020-05-13,3.7820866107940674,3.78943028605991,3.7527112093658825,3.7820866107940674,28773969,0.0,0.0,0.85782603
2020-05-14,3.7747422102615635,3.7747422102615635,3.7159914132430756,3.7453668117523193,39790161,0.0,0.0,0.84949762
2020-05-15,3.730679273605347,3.7380232986409925,3.70130387382754,3.7306792736053467,32817453,0.0,0.0,0.84616626
2020-05-18,3.730679179199284,3.730679179199284,3.693960105497408,3.7233355045318604,28567615,0.0,0.0,0.84450058
2020-05-19,3.723335437961573,3.7453668117523193,3.7159914132430756,3.7453668117523193,19166739,0.0,0.0,0.84949762
2020-05-20,3.738023137216195,3.7527108364708166,3.723335437961573,3.7453668117523193,14492528,0.0,0.0,0.84949762
2020-05-21,3.738023120057185,3.7527108192443848,3.7233354208699856,3.7527108192443848,19383968,0.0,0.0,0.8511633
2020-05-22,3.7453669734942503,3.7453669734942503,3.7086478988631857,3.7306792736053467,19981645,0.0,0.0,0.84616626
2020-05-25,3.723335581277442,3.738023281097412,3.701303856456294,3.738023281097412,20654426,0.0,0.0,0.84783194
2020-05-26,3.738023281097412,3.752710980917382,3.723335581277442,3.738023281097412,18572282,0.0,0.0,0.84783194
2020-05-27,3.7380232986409925,3.7380232986409925,3.70130387382754,3.7306792736053467,23841008,0.0,0.0,0.84616626
2020-05-28,3.7306791124976977,3.7527108364708166,3.708647738706951,3.7453668117523193,38624237,0.0,0.0,0.84949762
2020-05-29,3.723335598752089,3.7380232986409925,3.70130387382754,3.7306792736053467,36008582,0.0,0.0,0.84616626
2020-06-01,3.738023137216195,3.7527108364708166,3.7306791124976977,3.7453668117523193,50729922,0.0,0.0,0.84949762
2020-06-02,3.738023137216195,3.7453668117523193,3.723335437961573,3.7453668117523193,34983074,0.0,0.0,0.84949762
2020-06-03,3.745366965170897,3.782086389902748,3.745366965170897,3.774742364883423,45786621,0.0,0.0,0.85616035
2020-06-04,3.782086389902748,3.789430064739686,3.745366965170897,3.774742364883423,35675986,0.0,0.0,0.85616035
2020-06-05,3.760054884631725,3.7820866107940674,3.7527112093658825,3.7820866107940674,20551668,0.0,0.0,0.85782603
2020-06-08,3.7820864574038375,3.8334932327270503,3.7747424322534395,3.833493232727051,51271285,0.0,0.0,0.8694858
2020-06-09,3.8334932327270503,3.870212658114254,3.811461857640643,3.833493232727051,40739747,0.0,0.0,0.8694858
2020-06-10,3.7341709095203486,3.7418227091744414,3.604087031523182,3.711214780807495,412024653,5.663913635153829,0.2102,0.80785558
2020-06-11,3.6499984191552826,3.6882585067589444,3.627042293618038,3.6423466205596924,166235385,5.771004846532154,0.0,0.79286445
2020-06-12,3.619390480225499,3.6346944422293497,3.5964343547821045,3.5964343547821045,174041537,5.844677790948732,0.0,0.78287036
2020-06-15,3.596434580361731,3.596434580361731,3.5428708924261882,3.565826654434204,116282008,5.8948462830802635,0.0,0.77620763
2020-06-16,3.5734787058048996,3.581130504608154,3.558174743323143,3.5811305046081543,66496298,5.869654840266705,0.0,0.77953899
2020-06-17,3.56582676771018,3.573478931872778,3.519914877360402,3.550522804260254,71443647,5.920254891696009,0.0,0.77287627
2020-06-18,3.5352182388305664,3.542870401690148,3.5046103171426553,3.5352182388305664,84095589,5.945884689414059,0.0,0.7695449
2020-06-19,3.5275664408461926,3.5352182388305664,3.5046103171426553,3.5352182388305664,89210045,5.945884689414059,0.0,0.7695449
2020-06-22,3.527567148208618,3.542871112121388,3.504611019901823,3.527567148208618,87084732,5.958780971943922,0.0,0.76787922
2020-06-23,3.5122630541836783,3.519914853418961,3.4816551274920124,3.489306926727295,74522088,6.024118955828046,0.0,0.75955081
2020-06-24,3.489306814049612,3.519914739752878,3.4816550150614236,3.504610776901245,64497470,5.997812977846787,0.0,0.76288218
2020-06-29,3.5199148467035646,3.5352188100202,3.474002956753658,3.4816551208496094,68241650,6.037358460383809,0.0,0.75788513
2020-06-30,3.489306331381464,3.4969584941864014,3.4663505727170625,3.4969584941864014,61311401,6.010937800647385,0.0,0.77509361
2020-07-01,3.4816549036084914,3.5275667906936827,3.4740027399900044,3.5199146270751953,74707769,5.971735745609876,0.0,0.78018175
2020-07-02,3.504610685261281,3.5734786987304688,3.504610685261281,3.5734786987304688,161922457,5.88222339410269,0.0,0.79205408
2020-07-03,3.573478849372918,3.665302627952565,3.565826685386983,3.649998664855957,178948019,5.758906216155981,0.0,0.80901455
2020-07-06,3.6882589963482437,4.017294406890869,3.6882589963482437,4.017294406890869,353926904,5.232377284558575,0.0,0.89042482
2020-07-07,4.200941076593259,4.208593239441433,3.9178176189645213,3.971381664276123,355993381,5.292868270275248,0.0,0.88024854
2020-07-08,3.9178176189645213,4.024945709587725,3.902513658143379,3.971381664276123,226411234,5.292868270275248,0.0,0.88024854
2020-07-09,3.9637292443965886,3.986685366577297,3.917817364910356,3.9407734870910645,162173382,5.333978232663203,0.0,0.87346435
2020-07-10,3.9178178667109935,3.9178178667109935,3.73417032524418,3.749474287033081,217479104,5.606119255889844,0.0,0.83106317
2020-07-13,3.718866612955539,3.79538642703379,3.703562650139889,3.7800824642181396,162141617,5.560725248449761,0.0,0.83784736
2020-07-14,3.7494746385011735,3.7800825649481005,3.7035627488307834,3.73417067527771,115348961,5.629094604369348,0.0,0.82767107
2020-07-15,3.741821729066115,3.749473891591138,3.665301928191845,3.680605888366699,112736990,5.711016239591957,0.0,0.81579874
2020-07-16,3.6882587550351076,3.7341706443249314,3.642346865745284,3.649998664855957,130615857,5.758906216155981,0.0,0.80901455
2020-07-17,3.6576506958706116,3.665302494703109,3.5811305182941475,3.611738443374634,107774429,5.8199120256227435,0.0,0.80053432
2020-07-20,3.619390047667283,3.6882580508917218,3.6040860874924294,3.680605888366699,94355381,5.711016239591957,0.0,0.81579874
2020-07-21,3.695910554145781,3.695910554145781,3.6346947017593494,3.649998664855957,71695905,5.758906216155981,0.0,0.80901455
2020-07-22,3.657650716154975,3.70356260403032,3.6270424260294947,3.6653025150299072,93067116,5.734860878141864,0.0,0.81240665
2020-07-23,3.6346948029609667,3.649998766483686,3.558174985347369,3.6040868759155273,99144523,5.832267845835542,0.0,0.79883827
2020-07-24,3.596434082206388,3.6193902059099248,3.519914277986611,3.5352182388305664,107116513,5.945884689414059,0.0,0.78357384
2020-07-27,3.53521882223271,3.5505227856022135,3.4969590962465853,3.512263059616089,61245696,5.984745346009934,0.0,0.7784857
2020-07-28,3.5199149838145924,3.5505229116401322,3.5122631842958483,3.527567148208618,54763854,5.958780971943922,0.0,0.7818778
2020-07-29,3.5199147655429135,3.565826654434204,3.5046108025791503,3.565826654434204,60365084,5.8948462830802635,0.0,0.79035803
2020-07-30,3.55817520125249,3.5734791657038327,3.535219072137829,3.5428712368011475,41734841,5.933040913724802,0.0,0.78526989
2020-07-31,3.542871004972926,3.56582676771018,3.535218840810328,3.550522804260254,48282465,5.920254891696009,0.0,0.78696594
2020-08-03,3.558174743323143,3.581130504608154,3.550522579644642,3.5811305046081543,65382307,5.869654840266705,0.0,0.79375013
2020-08-04,3.5811309946471543,3.6423472178262033,3.558175230220896,3.634695053100586,100684873,5.783153660186384,0.0,0.80562246
2020-08-05,3.611738422421493,3.611738422421493,3.5658265350671163,3.5734786987304688,68822399,5.88222339410269,0.0,0.79205408
2020-08-06,3.5811306173979673,3.596434580361731,3.5428708924261882,3.565826654434204,62465634,5.8948462830802635,0.0,0.79035803
2020-08-07,3.55817520125249,3.5734791657038327,3.5275672723498044,3.5428712368011475,53988610,5.933040913724802,0.0,0.78526989
2020-08-10,3.5428708924261882,3.5734788183537147,3.5275669294624246,3.565826654434204,43666085,5.8948462830802635,0.0,0.79035803
2020-08-11,3.5581748485565186,3.6117385363891925,3.5505226846517033,3.5581748485565186,69031105,5.9075230686112565,0.0,0.78866198
2020-08-12,3.5428712368011475,3.55817520125249,3.5122633078984618,3.5428712368011475,72981687,5.933040913724802,0.0,0.78526989
2020-08-13,3.56582676771018,3.573478931872778,3.542871004972926,3.550522804260254,54112631,5.920254891696009,0.0,0.78696594
2020-08-14,3.558174624959091,3.588782548904419,3.542870662986427,3.588782548904419,56802534,5.857139493284978,0.0,0.79544617
2020-08-17,3.5964347459332324,3.734170783823409,3.588782946536709,3.695910692214966,216070917,5.6873668631323655,0.0,0.81919084
2020-08-18,3.6729546717480366,3.695910433204134,3.6346945828208748,3.6576507091522217,99648275,5.746858208030494,0.0,0.8107106
2020-08-19,3.6499986648559575,3.6882587550351076,3.6270425377734146,3.649998664855957,67153978,5.758906216155981,0.0,0.80901455
2020-08-20,3.6346944422293497,3.642346605668893,3.5964343547821045,3.5964343547821045,59134603,5.844677790948732,0.0,0.79714222
2020-08-21,3.611738443374634,3.6193906070823796,3.5964344808343904,3.611738443374634,32958534,5.8199120256227435,0.0,0.80053432
2020-08-24,3.6117383094257973,3.6117383094257973,3.5811303854804692,3.588782548904419,52051469,5.857139493284978,0.0,0.79544617
2020-08-25,3.59643446708991,3.611738429571666,3.565826542126398,3.5811305046081543,40652527,5.869654840266705,0.0,0.79375013
2020-08-26,3.5734791657038327,3.588783130155176,3.519915107686486,3.5428712368011475,58812362,5.933040913724802,0.0,0.78526989
2020-08-27,3.542871004972926,3.550522804260254,3.527567041523,3.550522804260254,30847526,5.920254891696009,0.0,0.78696594
2020-08-28,3.5428707808413873,3.581130504608154,3.527566818359631,3.5811305046081543,54059183,5.869654840266705,0.0,0.79375013
2020-08-31,3.5811301213624325,3.588782284222014,3.5352182388305664,3.5352182388305664,105896943,5.945884689414059,0.0,0.78357384
2020-09-01,3.5275672723498044,3.55817520125249,3.519915107686486,3.5428712368011475,46020587,5.933040913724802,0.0,0.78526989
2020-09-02,3.5505229116401322,3.558175076034158,3.5122631842958483,3.527567148208618,48181439,5.958780971943922,0.0,0.7818778
2020-09-03,3.5275664408461926,3.5352182388305664,3.5122624800022373,3.5352182388305664,38276704,5.945884689414059,0.0,0.78357384
2020-09-04,3.5122629407646895,3.519914739752878,3.489306814049612,3.504610776901245,44152676,5.997812977846787,0.0,0.77678965
2020-09-07,3.5046102921161335,3.5199142528508025,3.489306331381464,3.4969584941864014,37028731,6.010937800647385,0.0,0.77509361
2020-09-08,3.4969592203830784,3.542871112121388,3.4969592203830784,3.527567148208618,48477623,5.958780971943922,0.0,0.7818778
2020-09-09,3.512263059616089,3.5275670229855924,3.504610895493703,3.512263059616089,48096783,5.984745346009934,0.0,0.7784857
2020-09-10,3.512262454921071,3.52756641565574,3.481654533451732,3.4969584941864014,43395371,6.010937800647385,0.0,0.77509361
2020-09-11,3.489306814049612,3.504610776901245,3.4816550150614236,3.504610776901245,31029052,5.997812977846787,0.0,0.77678965
2020-09-14,3.512263059616089,3.5199148588632068,3.4893069321241996,3.512263059616089,27784999,5.984745346009934,0.0,0.7784857
2020-09-15,3.5122629407646895,3.5122629407646895,3.4969589779130565,3.504610776901245,22223121,5.997812977846787,0.0,0.77678965
2020-09-16,3.5122629407646895,3.519914739752878,3.4969589779130565,3.504610776901245,29585920,5.997812977846787,0.0,0.77678965
2020-09-17,3.5046102921161335,3.5046102921161335,3.489306331381464,3.4969584941864014,23302835,6.010937800647385,0.0,0.77509361
2020-09-18,3.4969585191582815,3.5352182388305664,3.4893063562987,3.5352182388305664,50756337,5.945884689414059,0.0,0.78357384
2020-09-21,3.535218589436926,3.5428707530554133,3.5122628283319526,3.5199146270751953,29862817,5.971735745609876,0.0,0.78018175
2020-09-22,3.5046102921161335,3.535218213585472,3.489306331381464,3.4969584941864014,41097626,6.010937800647385,0.0,0.77509361
2020-09-23,3.504610890073128,3.504610890073128,3.4816551274920124,3.489306926727295,37287516,6.024118955828046,0.0,0.77339756
2020-09-24,3.4816553513554327,3.4816553513554327,3.435743093490601,3.4357430934906006,49991206,6.118036019580375,0.0,0.76152523
2020-09-25,3.435743093490601,3.451047422695739,3.4280912937633228,3.4357430934906006,22050706,6.118036019580375,0.0,0.76152523
2020-09-28,3.4357427355629016,3.4510470631736703,3.420438772827386,3.443394899368286,25696718,6.104440708748294,0.0,0.76322128
2020-09-29,3.443394668834504,3.474002592256348,3.4357425055414286,3.466350793838501,31184184,6.064014074214132,0.0,0.76830942
2020-09-30,3.4586989812769118,3.4740029445397416,3.443395018014082,3.45104718208313,21426470,6.090904844515007,0.0,0.74108776
2020-10-09,3.4586989879608154,3.47400295125322,3.4510471887522463,3.4586989879608154,24241292,6.0774297136487725,0.0,0.74273097
2020-10-12,3.458698409912125,3.5046102921161335,3.458698409912125,3.4969584941864014,39397986,6.010937800647385,0.0,0.75094702
2020-10-13,3.4893069321241996,3.5505227856022135,3.474002968754696,3.512263059616089,65431652,5.984745346009934,0.0,0.75423344
2020-10-14,3.5199146270751958,3.5505225517986565,3.496958865970222,3.5199146270751953,39830068,5.971735745609876,0.0,0.75587665
2020-10-15,3.5122624800022373,3.5505221996745218,3.5046103171426553,3.5352182388305664,42879773,5.945884689414059,0.0,0.75916307
2020-10-16,3.5275667010137632,3.6040865108770825,3.519914537589814,3.588782548904419,103886041,5.857139493284978,0.0,0.77066554
2020-10-19,3.596434459970034,3.649998510987763,3.55817473627901,3.5734786987304688,119145608,5.88222339410269,0.0,0.76737912
2020-10-20,3.550522804260254,3.573478931872778,3.519914877360402,3.550522804260254,56803517,5.920254891696009,0.0,0.76244949
2020-10-21,3.55817473627901,3.5734786987304688,3.51991464771274,3.5734786987304688,60742262,5.88222339410269,0.0,0.76737912
2020-10-22,3.565826654434204,3.5811306173979673,3.5428708924261882,3.565826654434204,32152550,5.8948462830802635,0.0,0.76573591
2020-10-23,3.55817473627901,3.6040866236333864,3.5505225726156575,3.5734786987304688,45837350,5.88222339410269,0.0,0.76737912
2020-10-26,3.56582676771018,3.596434694610032,3.535218840810328,3.550522804260254,38362674,5.920254891696009,0.0,0.76244949
2020-10-27,3.5275667906936827,3.5428707530554133,3.504610664713465,3.5199146270751953,37087493,5.971735745609876,0.0,0.75587665
2020-10-28,3.51226304748288,3.5199148467035646,3.4586989934370225,3.4816551208496094,33969284,6.037358460383809,0.0,0.7476606
2020-10-29,3.4510471887522463,3.47400295125322,3.4433950246684106,3.4586989879608154,23821285,6.0774297136487725,0.0,0.74273097
2020-10-30,3.5122628283319526,3.6193905648640654,3.504610664713465,3.5199146270751953,110423507,5.971735745609876,0.0,0.75587665
2020-11-02,3.558174624959091,3.6040865108770825,3.5275667010137632,3.588782548904419,84925463,5.857139493284978,0.0,0.77066554
2020-11-03,3.6040866236333864,3.634694548536304,3.55817473627901,3.5734786987304688,61564446,5.88222339410269,0.0,0.76737912
2020-11-04,3.619390839438247,3.627042638761971,3.5734789488700884,3.6040868759155273,52494799,5.832267845835542,0.0,0.77395196
2020-11-05,3.627042638761971,3.642346967159962,3.5811307481938126,3.6040868759155273,62518343,5.832267845835542,0.0,0.77395196
2020-11-06,3.61939062022506,3.665302508012504,3.596434493893713,3.6576507091522217,83384924,5.746858208030494,0.0,0.78545444
2020-11-09,3.65765058262611,3.6653023812217,3.6117383315516207,3.6423466205596924,69316226,5.771004846532154,0.0,0.78216802
2020-11-10,3.6499985454166897,3.7112143957999484,3.642346746556407,3.6576507091522217,90780495,5.746858208030494,0.0,0.78545444
2020-11-11,3.6576509654817975,3.7188668201550867,3.634694837541676,3.695910692214966,82638728,5.6873668631323655,0.0,0.79367049
2020-11-12,3.695909848541553,3.703562011066576,3.657650130542014,3.680605888366699,43809706,5.711016239591957,0.0,0.79038407
2020-11-13,3.6729545221916875,3.7188664081096796,3.5658264235078057,3.588782548904419,84965708,5.857139493284978,0.0,0.77066554
2020-11-16,3.588782912392808,3.6346948029609667,3.565826784671093,3.6040868759155273,66584976,5.832267845835542,0.0,0.77395196
2020-11-17,3.604086875915528,3.619390839438247,3.565826784671093,3.6040868759155273,54467268,5.832267845835542,0.0,0.77395196
2020-11-18,3.596434500779265,3.6959104402801373,3.58113053815415,3.6653025150299072,96623129,5.734860878141864,0.0,0.78709765
2020-11-19,3.672954797744751,3.6882587608655517,3.64234687150315,3.672954797744751,42583034,5.722912792966196,0.0,0.78874086
2020-11-20,3.649999017676524,3.672955146978079,3.619391088524648,3.634695053100586,39434937,5.783153660186384,0.0,0.78052481
2020-11-23,3.6270426732698775,3.7188668201550867,3.611738709601555,3.695910692214966,85027032,5.6873668631323655,0.0,0.79367049
2020-11-24,3.695910238334312,3.7571260854899164,3.6806062765454106,3.749474287033081,105246399,5.606119255889844,0.0,0.80517296
2020-11-25,3.795386091812088,3.96372966791555,3.795386091812088,3.8259940147399902,165937222,5.493997094354705,0.0,0.82160506
2020-11-26,3.825994030452865,3.887209876560075,3.8106900689260623,3.8566019535064697,100482066,5.450393961681308,0.0,0.8281779
2020-11-27,3.8719063180973783,3.963730096817017,3.8719063180973783,3.9637300968170166,161787209,5.303085600323704,0.0,0.85118284
2020-11-30,4.040250409790547,4.262158064744686,3.8872104086969945,4.00199031829834,385752185,5.2523865197499475,0.0,0.85939889
2020-12-01,3.910166309823112,4.078509899901243,3.910166309823112,4.024946212768555,257749162,5.222430037280279,0.0,0.86432852
2020-12-02,3.9943379974142097,4.017294124384378,3.8719062932406736,3.9025142192840576,152064434,5.386271213601435,0.0,0.83803716
2020-12-03,3.917818307876587,3.9331222713887897,3.848950654509311,3.917818307876587,88380832,5.36523093930627,0.0,0.84132358
2020-12-04,3.864254100837479,3.9101659852293325,3.741822044250648,3.8259940147399902,85034416,5.493997094354705,0.0,0.82160506
2020-12-07,3.818341697884085,3.8566017824416248,3.7112139719482644,3.7571258544921875,122518018,5.594702124462386,0.0,0.80681617
2020-12-08,3.7341709095203486,3.749474873703822,3.6729550527864556,3.711214780807495,99095299,5.663913635153829,0.0,0.79695691
2020-12-09,3.688258196218637,3.7418218765035776,3.680606033392099,3.726517915725708,70449745,5.640654486403168,0.0,0.80024333
2020-12-10,3.7188669453368752,3.7571266733579147,3.6806068524405484,3.711214780807495,61017245,5.663913635153829,0.0,0.79695691
2020-12-11,3.6959108309328705,3.787734616389209,3.6959108309328705,3.7647788524627686,98422882,5.583329280084952,0.0,0.80845938
2020-12-14,3.772430637541388,3.780082802070768,3.6729550527864556,3.711214780807495,86827012,5.663913635153829,0.0,0.79695691
2020-12-15,3.6959104402801373,3.70356260403032,3.64234675352986,3.6653025150299072,40163330,5.734860878141864,0.0,0.78709765
2020-12-16,3.657650130542014,3.711213808716407,3.649997968016991,3.680605888366699,41736554,5.711016239591957,0.0,0.79038407
2020-12-17,3.680606033392099,3.726517915725708,3.64999811183636,3.726517915725708,35450859,5.640654486403168,0.0,0.80024333
2020-12-18,3.7035628564867644,3.734170783823409,3.688258892818442,3.695910692214966,35742528,5.6873668631323655,0.0,0.79367049
2020-12-21,3.6806066093147645,3.741822462004989,3.672954810166118,3.7035627365112305,38319189,5.675616020427108,0.0,0.7953137
2020-12-22,3.695910554145781,3.7341706443249314,3.6499986648559575,3.649998664855957,35660241,5.758906216155981,0.0,0.78381123
2020-12-23,3.6576506958706116,3.6806064572433526,3.5964344808343904,3.611738443374634,48987232,5.8199120256227435,0.0,0.77559517
2020-12-24,3.6193906070823796,3.649998532162866,3.6040866445421362,3.611738443374634,25859440,5.8199120256227435,0.0,0.77559517
2020-12-25,3.6040866445421362,3.6193906070823796,3.5811305182941475,3.611738443374634,28669564,5.8199120256227435,0.0,0.77559517
2020-12-28,3.6117389237990305,3.6653029822524616,3.5811309946471543,3.634695053100586,46323716,5.783153660186384,0.0,0.78052481
2020-12-29,3.642346613161515,3.6729545372321803,3.604086525635566,3.6193904876708984,36026744,5.807607681901851,0.0,0.77723839
2020-12-30,3.6117389237990305,3.6423472178262033,3.5964349592230924,3.634695053100586,34141832,5.783153660186384,0.0,0.78052481
2020-12-31,3.61939062022506,3.695910433204134,3.61939062022506,3.6576507091522217,71064288,5.746858208030494,0.0,0.76434306
2021-01-04,3.634694555731924,3.634694555731924,3.512262855877875,3.5811305046081543,158871521,5.869654840266705,0.0,0.74835262
2021-01-05,3.558174743323143,3.604086630768412,3.5352186171628857,3.5811305046081543,72824740,5.869654840266705,0.0,0.74835262
2021-01-06,3.558174985347369,3.6117386752392515,3.558174985347369,3.6040868759155273,54894796,5.832267845835542,0.0,0.75314975
2021-01-07,3.604086875915528,3.6346948029609667,3.558174985347369,3.6040868759155273,54545492,5.832267845835542,0.0,0.75314975
2021-01-08,3.6040866645294476,3.67295467878009,3.58113053815415,3.6653025150299072,56781028,5.734860878141864,0.0,0.7659421
2021-01-11,3.657650274662898,3.7800819608858545,3.64999811183636,3.726517915725708,153633999,5.640654486403168,0.0,0.77873445
2021-01-12,3.70356273651123,3.7188666996837862,3.6193907566245396,3.7035627365112305,95889971,5.675616020427108,0.0,0.77393732
2021-01-13,3.718866363455279,3.7647782488219823,3.695910238334312,3.749474287033081,99127162,5.606119255889844,0.0,0.78353159
2021-01-14,3.7800824900698475,3.917818156352663,3.7571263632517495,3.8412983417510986,172564038,5.472108159768137,0.0,0.80272012
2021-01-15,3.963730167447367,4.223897909997576,3.963730167447367,4.162682056427002,729194917,5.049628992813906,0.0,0.86987997
2021-01-18,4.055554624776604,4.101466518487717,3.971382637201914,4.032598495483398,484255287,5.212519923206557,0.0,0.84269622
2021-01-19,4.024946362377884,4.308069865925305,3.9943380708961542,4.101466178894043,401409630,5.124996545910328,0.0,0.85708761
2021-01-20,4.078510051501563,4.185637794624185,4.024946362377884,4.101466178894043,206746131,5.124996545910328,0.0,0.85708761
2021-01-21,4.170333895956967,4.315721732028668,4.101466242462677,4.277462005615234,376115800,4.914128979382169,0.0,0.89386563
2021-01-22,4.216245855238375,4.216245855238375,4.078509828175988,4.132073879241943,228420112,5.087033923956912,0.0,0.86348379
2021-01-25,4.093813452076691,4.193289382311551,3.971381762480073,4.155029296875,204116047,5.058929431811505,0.0,0.86828092
2021-01-26,4.147377397459892,4.300417005719399,4.116769475807992,4.193289279937744,224143275,5.012771263019582,0.0,0.87627614
2021-01-27,4.170333657216493,4.369285536727864,4.155029694552176,4.254505634307861,280536776,4.94064453235108,0.0,0.88906849
2021-01-28,4.1473780688037385,4.177985995410202,4.086162215590812,4.101466178894043,170880323,5.124996545910328,0.0,0.85708761
2021-01-29,4.139725234609314,4.223897201589645,4.093813352131462,4.193289279937744,221700792,5.012771263019582,0.0,0.87627614
2021-02-01,4.162682102982494,4.346329665748133,4.101466248727281,4.28511381149292,279492824,4.9053539590064466,0.0,0.89546467
2021-02-02,4.216245403614274,4.254505123241547,4.170333156261215,4.193289279937744,172310036,5.012771263019582,0.0,0.87627614
2021-02-03,4.193289431541322,4.338677247081786,4.185637268414087,4.262157440185547,222965527,4.931774645819964,0.0,0.89066754
2021-02-04,4.254505698431366,4.529977395416204,4.223897772641413,4.422849655151367,347310165,4.75259202526083,0.0,0.92424746
2021-02-05,4.476412985109115,4.805448708368781,4.476412985109115,4.667712688446045,418317068,4.503276316048897,0.0,0.97541687
2021-02-08,4.705972458565268,4.7671883011360014,4.568236447905911,4.744232177734375,343377788,4.4306431920956655,0.0,0.99140731
2021-02-09,4.751885311751783,4.797797203063965,4.606497473492235,4.797797203063965,230080532,4.381177259133884,0.0,1.00260062
2021-02-10,4.805448739713072,4.9431843956589825,4.6753648822154315,4.728928565979004,259971219,4.444981501988146,0.0,0.98820923
2021-02-18,4.782492518088482,4.889620248328601,4.705972710774111,4.774840354919434,232168111,4.402241423285171,0.0,0.99780349
2021-02-19,4.774841029114817,4.774841029114817,4.598845629879272,4.675365447998047,220606293,4.495905236456028,0.0,0.97701592
2021-02-22,4.683017103518468,4.698321066672113,4.575889361442955,4.606497287750244,197334609,4.563120020909837,0.0,0.96262452
2021-02-23,4.606497305721165,4.797797028325657,4.5911933425078155,4.660061359405518,228350287,4.510670220591583,0.0,0.97381783
2021-02-24,4.660061193731813,4.6830169552980845,4.491717239494647,4.537629127502441,191767321,4.632375059609516,0.0,0.94823312
2021-02-25,4.568236447905911,4.774840099019742,4.545280689379487,4.744232177734375,263878919,4.4306431920956655,0.0,0.99140731
2021-02-26,4.614149599910834,4.698321217520741,4.560585544715669,4.683017253875732,241877618,4.488559161853086,0.0,0.97861496
2021-03-01,4.621801250903889,4.660061341225632,4.568237197428501,4.606497287750244,114803891,4.563120020909837,0.0,0.96262452
2021-03-02,4.637104938171,4.652408900414129,4.438153429010323,4.522325038909912,165473866,4.648051570628985,0.0,0.94503504
2021-03-03,4.484065504063193,4.736581074117688,4.46110937729676,4.705973148345947,215944008,4.466663820083227,0.0,0.98341209
2021-03-04,4.660061484374292,4.728929138243552,4.598845629879272,4.675365447998047,165299280,4.495905236456028,0.0,0.97701592
2021-03-05,4.606497213866348,4.7365810810235365,4.545281362233613,4.713624954223633,190841681,4.459412915566198,0.0,0.98501114
2021-03-08,4.736581175472262,4.927880898076754,4.652409195361211,4.660061359405518,254232859,4.510670220591583,0.0,0.97381783
2021-03-09,4.705972943204141,4.744232666313379,4.49171710726649,4.514673233032227,238751598,4.655929436089479,0.0,0.94343599
2021-03-10,4.476412972525854,4.514673059035782,4.376937039500225,4.39224100112915,170938570,4.785711893904777,0.0,0.91785129
2021-03-11,4.44580522061026,4.560585119688457,4.422849459719765,4.514673233032227,148763127,4.655929436089479,0.0,0.94343599
2021-03-12,4.5223248087461645,4.560584894844361,4.430501039960761,4.545280933380127,151844945,4.624576634115407,0.0,0.94983217
2021-03-15,4.552932262420654,4.629452426730395,4.514672545140969,4.552932262420654,106478019,4.616804904719648,0.0,0.95143121
2021-03-16,4.568237001953776,4.7059730293181214,4.545281240643217,4.6983208656311035,169522922,4.473938796680392,0.0,0.98181305
2021-03-17,4.6830170966566405,4.6830170966566405,4.560585391606876,4.598845481872559,134238973,4.5707123848486155,0.0,0.96102548
2021-03-18,4.5911928177728285,4.667712625093998,4.5223248087461645,4.545280933380127,147932362,4.624576634115407,0.0,0.94983217
2021-03-19,4.545282226863068,4.568237993154492,4.4228505003079395,4.468762397766113,114417301,4.703763174007119,0.0,0.93384173
2021-03-22,4.468761000648611,4.545280805822344,4.438153078579116,4.529976844787598,102426857,4.6402003189456895,0.0,0.94663408
2021-03-23,4.529978028179389,4.5529337932907685,4.468762168048637,4.499370098114014,64498621,4.671765056359975,0.0,0.9402379
2021-03-24,4.476412738920468,4.484064901773209,4.3616328502557975,4.415196895599365,90782401,4.760829584055623,0.0,0.92264842
2021-03-25,4.3998932540746445,4.430501177956449,4.323373444370133,4.338677406311035,78834717,4.844794399653759,0.0,0.96300352
2021-03-26,4.35398127949445,4.415197126010153,4.338677317865524,4.39224100112915,65230722,4.785711893904777,0.0,0.97489245
2021-03-29,4.399893437082232,4.476413249969482,4.361633348200983,4.476413249969482,86711967,4.695723747163714,0.0,0.99357506
2021-03-30,4.4764138507677105,4.5070217800306285,4.407546192363794,4.49171781539917,108355705,4.679724075260502,0.0,0.9969719
2021-03-31,4.48406601552109,4.522325744662088,4.407546192363794,4.49171781539917,109682121,4.679724075260502,0.0,0.91624437
2021-04-01,4.468761416392947,4.484065378851475,4.376937276766537,4.407545566558838,90518062,4.7690942005192305,0.0,0.89907454
2021-04-02,4.3998932540746445,4.407545417482713,4.315721280962064,4.338677406311035,115448154,4.844794399653759,0.0,0.8850265
2021-04-06,4.361633668985989,4.4151977243841625,4.323373942166101,4.399893760681152,76912341,4.777388078739853,0.0,0.89751365
2021-04-07,4.384589195251465,4.407545320093195,4.34632910880699,4.384589195251465,73268956,4.794063722723392,0.0,0.89439186
2021-04-08,4.361633039012341,4.392240961997498,4.323373317718506,4.323373317718506,83693690,4.861944240126943,0.0,0.88190472
2021-04-09,4.3233737762428746,4.3386777393585465,4.254505759784719,4.269809722900391,84529587,4.922936000464574,0.0,0.87097846
2021-04-12,4.277462012148655,4.28511381149292,4.216246157893441,4.28511381149292,89874251,4.9053539590064466,0.0,0.87410025
2021-04-13,4.285113231549448,4.346329077519762,4.254505308564291,4.323373317718506,104250819,4.861944240126943,0.0,0.88190472
2021-04-14,4.308069712898637,4.346329437360062,4.262157824619774,4.31572151184082,73464732,4.870564502906065,0.0,0.88034382
2021-04-15,4.338678205089144,4.338678205089144,4.18563819262925,4.20859432220459,109948598,4.994541737866786,0.0,0.85849132
2021-04-16,4.22389816842083,4.22389816842083,4.147378346776036,4.200942039489746,83988562,5.003639612831489,0.0,0.85693042
2021-04-19,4.193289989867722,4.200941789138554,4.13972593547082,4.1703338623046875,137883547,5.0403638399309205,0.0,0.85068685
2021-04-20,4.162682311104994,4.239202132749789,4.147378346776036,4.200942039489746,92456788,5.003639612831489,0.0,0.85693042
2021-04-21,4.1703335542050155,4.323373541943193,4.16268175549949,4.2927656173706055,121966424,4.896610221378711,0.0,0.87566114
2021-04-22,4.300417265881776,4.31572122763357,4.193289533619214,4.223897457122803,89020983,4.976446567033428,0.0,0.8616131
2021-04-23,4.200941799751409,4.25450585428363,4.185637836295814,4.216246128082275,58901206,4.9854774511375055,0.0,0.86005221
2021-04-26,4.223897304710706,4.254505227109861,4.155029296875,4.155029296875,69364290,5.058929431811505,0.0,0.84756506
2021-04-27,4.147378093034359,4.185637819078333,4.124421965507759,4.162682056427002,43375653,5.049628992813906,0.0,0.84912596
2021-04-28,4.1550295205741286,4.1550295205741286,4.0938136724800716,4.1244215965271,71816093,5.09647219811368,0.0,0.84132149
2021-04-29,4.116770289614528,4.208594072722033,4.109118125251263,4.177986145019531,115771885,5.03113205031984,0.0,0.85224774
2021-04-30,4.155030038664977,4.155030038664977,3.8030385033590726,3.894862651824951,481397945,5.39685269521661,0.0,0.79449469
2021-05-06,3.9178180624193915,3.9560781512404817,3.902514099866005,3.9101662635803223,177748181,5.375730488951933,0.0,0.79761648
2021-05-07,3.910165567433576,4.001989326406041,3.8872094452528674,3.9407734870910645,126712981,5.333978232663203,0.0,0.80386005
2021-05-10,3.948426066573737,4.101466060046714,3.9407742675814794,4.093813896179199,221599400,5.13457634691655,0.0,0.83507792
2021-05-11,4.070858001708984,4.086161964070192,4.009641787388909,4.070858001708984,75878170,5.16353063437133,0.0,0.83039524
2021-05-12,4.063205489454631,4.116769535560513,4.0249457692720405,4.0861616134643555,101160878,5.144192028708989,0.0,0.83351702
2021-05-13,4.047902124895098,4.139725904714489,4.040250325681116,4.101466178894043,111539357,5.124996545910328,0.0,0.83663881
2021-05-14,4.1244215965271,4.132073759976475,4.063205748433043,4.1244215965271,83183089,5.09647219811368,0.0,0.84132149
2021-05-17,4.124421948099779,4.132074112201437,4.055554295561187,4.1091179847717285,114277083,5.115453018847234,0.0,0.8381997
2021-05-18,4.101466518487717,4.109118318335254,3.9637304724790803,4.032598495483398,131361929,5.212519923206557,0.0,0.82259077
2021-05-19,4.009641986176836,4.009641986176836,3.9407743345747384,3.9637300968170166,102762553,5.303085600323704,0.0,0.80854273
2021-05-20,3.971382637201914,4.032598495483398,3.9254707434908007,4.032598495483398,106824929,5.212519923206557,0.0,0.82259077
2021-05-21,4.017293537359268,4.032597498144676,3.9331215706019207,3.948425531387329,121474712,5.323640988770113,0.0,0.80542094
2021-05-24,3.9560781512404817,3.9790339126329366,3.894862301026936,3.9101662635803223,102383860,5.375730488951933,0.0,0.79761648
2021-05-25,3.917818578767967,4.04790246005377,3.902514614197596,4.032598495483398,169096228,5.212519923206557,0.0,0.82259077
2021-05-26,4.055554319115321,4.254505843535456,4.0402503556983875,4.1703338623046875,278065292,5.0403638399309205,0.0,0.85068685
2021-05-27,4.132073496608592,4.139725294695024,4.055553691368198,4.0861616134643555,163891308,5.144192028708989,0.0,0.83351702
2021-05-28,4.101465663265835,4.3463290453338,4.101465663265835,4.262157440185547,335779644,4.931774645819964,0.0,0.86941757
2021-05-31,4.346329665748133,4.346329665748133,4.1932900301101,4.28511381149292,188610514,4.9053539590064466,0.0,0.87410025
2021-06-01,4.262158150886833,4.277462114817968,4.185637966355877,4.23920202255249,141342559,4.958480366864783,0.0,0.86473489
2021-06-02,4.216245403614274,4.2468533252661755,4.155029195435264,4.193289279937744,125914839,5.012771263019582,0.0,0.85536953
2021-06-03,4.200941789138554,4.2392018801185225,4.147378099616922,4.1703338623046875,109898250,5.0403638399309205,0.0,0.85068685
2021-06-04,4.1626817275737125,4.239201538491839,4.1244216396770295,4.2315497398376465,171309603,4.967447222020952,0.0,0.863174
2021-06-07,4.193289983212289,4.200941782470976,4.139725928900402,4.162682056427002,148830958,5.049628992813906,0.0,0.84912596
2021-06-08,4.15502976686217,4.162681930765125,4.078509952208911,4.147377967834473,163854031,5.0682624450974405,0.0,0.84600417
2021-06-09,4.139725784758515,4.139725784758515,4.063205970459656,4.093813896179199,144849866,5.13457634691655,0.0,0.83507792
2021-06-10,4.078509703220887,4.139725551206342,4.070857904660323,4.116769790649414,120968078,5.105944968733393,0.0,0.8397606
2021-06-11,4.101466518487717,4.116770483058088,4.024946695635862,4.032598495483398,184487930,5.212519923206557,0.0,0.82259077
2021-06-15,4.040249455390255,4.0555534153969335,3.9637292904816728,4.009641170501709,162152434,5.24236436782443,0.0,0.81790809
2021-06-16,4.017294776154586,4.1167707343723,3.9866868451453383,4.063206672668457,143173360,5.173253957617517,0.0,0.82883434
2021-06-17,4.070857973312428,4.078509772002034,3.979033834910463,3.994337797164917,128434431,5.262449263785221,0.0,0.8147863
2021-06-18,3.979033452958145,3.979033452958145,3.9331215706019207,3.948425531387329,109407586,5.323640988770113,0.0,0.80542094
2021-06-21,3.9331223745912296,3.9407745389857545,3.833646791589377,3.8719065189361572,238379478,5.428850076105516,0.0,0.78981201
2021-06-22,3.871905899131843,3.9101659852293325,3.8106900532760393,3.8259940147399902,217799562,5.493997094354705,0.0,0.78044665
2021-06-23,3.8259941338515406,3.848950259199753,3.772430084622535,3.8183419704437256,196626091,5.505007189693197,0.0,0.77888576
2021-06-24,3.818342445571996,3.841298573776711,3.8030384817272793,3.833646774291992,85341603,0.0,0.0,0.78200755
2021-06-25,3.841298595626129,3.894862651824951,3.8259946316943627,3.894862651824951,147308603,0.0,0.0,0.79449469
2021-06-28,3.8872098605957945,3.894862023765381,3.8106900532760393,3.8259940147399902,126674045,0.0,0.0,0.78044665
2021-06-29,3.818342445571996,3.848950738136709,3.7800827183978436,3.833646774291992,162672937,0.0,0.0,0.78200755
2021-06-30,3.8336465427285713,3.848950505648884,3.8183422149330006,3.8412983417510986,108327131,0.0,0.0,0.78445115
2021-07-01,3.8489501551806806,3.879558078234286,3.825994030452865,3.8566019535064697,119932119,0.0,0.0,0.78757645
2021-07-02,3.848950139373528,3.856601937667892,3.8106900532760393,3.8259940147399902,94608476,0.0,0.0,0.78132584
2021-07-05,3.82599435266509,3.82599435266509,3.757126337557037,3.7800824642181396,124686250,0.0,0.0,0.77194993
2021-07-06,3.7724300697969935,3.787734031677246,3.7418221460364878,3.787734031677246,140256385,0.0,0.0,0.77351258
2021-07-07,3.7647782334457904,3.7877339935977705,3.711214184965789,3.7188663482666016,233790686,0.0,0.0,0.75944872
2021-07-08,3.734170650227953,3.734170650227953,3.6499986706259193,3.672954797744751,127088147,0.0,0.0,0.75007281
2021-07-09,3.6499984191552826,3.680606343288117,3.619390495022448,3.6423466205596924,119601850,0.0,0.0,0.7438222
2021-07-12,3.672954786058751,3.6806065851571748,3.60408676979663,3.627042531967163,155871081,0.0,0.0,0.7406969
2021-07-13,3.6270425377734146,3.657650828841892,3.596434611580199,3.649998664855957,123503042,0.0,0.0,0.74538485
2021-07-14,3.6576507091522217,3.6729546717480366,3.61939062022506,3.6576507091522217,131334531,0.0,0.0,0.74694751
2021-07-15,3.6499983890993604,3.848950259199753,3.634694427158964,3.8183419704437256,306820496,0.0,0.0,0.77976319
2021-07-16,3.7800823726083177,3.864254348492124,3.764778410163557,3.8489503860473633,184851897,0.0,0.0,0.7860138
2021-07-19,3.8336466909971083,3.917818307876587,3.787734435585229,3.917818307876587,183151204,0.0,0.0,0.80007766
2021-07-20,3.8948621450209435,3.8948621450209435,3.810690171911144,3.8183419704437256,109771629,0.0,0.0,0.77976319
2021-07-21,3.8183425614159545,3.8566026546261516,3.7877346327979127,3.8030385971069336,89255692,0.0,0.0,0.77663789
2021-07-22,3.817814529909808,3.913659150530305,3.8018404264730585,3.8337886333465576,132310970,5.4384844846805755,0.2085,0.75007281
2021-07-23,3.8178143381336263,3.88969760956183,3.7698916493779593,3.8737235069274902,127557254,5.382418224406917,0.0,0.75788607
2021-07-26,3.849762543402305,3.9296330565740027,3.785865752012299,3.8737235069274902,180248357,5.382418224406917,0.0,0.75788607
2021-07-27,3.8417751981993864,3.913658848544404,3.8258010959952315,3.849762439727783,163489238,5.415918599245907,0.0,0.75319811
2021-07-28,3.833788911925094,3.9535945059799382,3.8258016692000005,3.9376204013824463,206554888,5.2950761817162055,0.0,0.77038728
2021-07-29,3.93762003601963,3.93762003601963,3.8178144530812737,3.841775417327881,149945594,5.427178253564355,0.0,0.75163546
2021-07-30,3.8337889142959396,3.8337889142959396,3.7219698011916487,3.7459311485290527,124749750,5.56603930325504,0.0,0.73288364
2021-08-02,3.7619048633308827,3.8896976869480597,3.698008451522294,3.865736722946167,158369256,5.393538539818028,0.0,0.75632342
2021-08-03,3.8417751981993864,3.905671607016007,3.8098269937910763,3.849762439727783,115880361,5.415918599245907,0.0,0.75319811
2021-08-04,3.8817106909552033,3.913658895748856,3.8497624861615507,3.889697551727295,87457271,5.360313937709927,0.0,0.76101137
2021-08-05,3.8817107100702875,3.937619878308177,3.8737234684062205,3.8976848125457764,68724218,5.34932941034342,0.0,0.76257402
2021-08-06,3.881711125810038,3.921646195849572,3.8337888132509867,3.9136593341827393,86185433,5.32749486341124,0.0,0.76569933
2021-08-09,3.913659510489083,4.025478244830856,3.897685405583115,3.993530035018921,142525955,5.2209448325587005,0.0,0.78132584
2021-08-10,4.0015171764351605,4.057426351762054,3.945607620255574,4.033465385437012,136162888,5.169252245297495,0.0,0.7891391
2021-08-11,4.049439659472389,4.257103026678489,4.049439659472389,4.241128921508789,294859309,4.916143881941362,0.0,0.82976804
2021-08-12,4.209179878234863,4.265089425691494,4.193205776226202,4.209179878234863,119214381,4.9534590117691835,0.0,0.82351744
2021-08-13,4.193206076855773,4.297037937782555,4.177231973701858,4.2571024894714355,124812551,4.8976974483385645,0.0,0.83289335
2021-08-16,4.30502449028683,4.313011731717477,4.17723167421754,4.209179878234863,131589409,4.9534590117691835,0.0,0.82351744
2021-08-17,4.201193793818647,4.257102970751748,4.105348783206881,4.129310131072998,124036807,5.049269572441182,0.0,0.80789092
2021-08-18,4.1452845404552825,4.265090526878804,4.129310434322328,4.24911642074585,188231843,4.90690250288322,0.0,0.8313307
2021-08-19,4.225154332827808,4.233141574924981,4.057426057313816,4.113335609436035,147238573,5.068878880723926,0.0,0.80476562
2021-08-20,4.113336026113155,4.137296993126568,4.0174913963540915,4.129310131072998,119196005,5.049269572441182,0.0,0.80789092
2021-08-23,4.113335829560743,4.153270899625736,4.073400378643065,4.105348587036133,79691206,5.078740466970361,0.0,0.80320297
2021-08-24,4.081387320757029,4.137296490903359,4.0494391147155095,4.0574259757995605,110509669,5.138725912526667,0.0,0.79382706
2021-08-25,4.057426351762054,4.089374560763905,4.009504038259276,4.033465385437012,93828531,5.169252245297495,0.0,0.7891391
2021-08-26,4.025478226711958,4.041452331546026,3.9695686693663723,3.9855427742004395,76889556,5.23140791135602,0.0,0.77976319
2021-08-27,3.977555930112953,4.033465487710191,3.9615818252069857,3.993530035018921,73416341,5.2209448325587005,0.0,0.78132584
2021-08-30,4.025478226711958,4.0574264363800925,3.937620459698238,3.9855427742004395,116976397,5.23140791135602,0.0,0.77976319
2021-08-31,3.985542615135784,4.153270899625736,3.985542615135784,4.105348587036133,171674708,5.078740466970361,0.0,0.80320297
2021-09-01,4.0973618592066945,4.289051115826735,4.0813877544883574,4.273077011108398,305309779,4.879387838271534,0.0,0.83601865
2021-09-02,4.265090149175579,4.313012463330589,4.209180592235051,4.273077011108398,171365778,4.879387838271534,0.0,0.83601865
2021-09-03,4.281064092825833,4.336973266810171,4.177232225636801,4.265089988708496,168605001,4.888525225774556,0.0,0.834456
2021-09-06,4.233141939738905,4.2970383586122525,4.209180592235051,4.273077011108398,122703830,4.879387838271534,0.0,0.83601865
2021-09-07,4.281063603369452,4.376908217115506,4.225154054924601,4.320998668670654,175243925,4.825273414493889,0.0,0.84539456
2021-09-08,4.289050464088636,4.360934114824497,4.289050464088636,4.320998668670654,117176177,4.825273414493889,0.0,0.84539456
2021-09-09,4.305025177957048,4.3928829434651036,4.281064211542929,4.360934734344482,149320345,4.781085081552839,0.0,0.85320782
2021-09-10,4.352947611820542,4.472753589756999,4.3050252968165,4.328986644744873,239032053,4.816369675178054,0.0,0.84695721
2021-09-13,4.305025060826458,4.44080513632116,4.265089990938577,4.392882823944092,250653837,4.746313715984826,0.0,0.85945843
2021-09-14,4.38489520811891,4.416843794502825,4.217167319506096,4.2331414222717285,222583515,4.925420136048935,0.0,0.82820539
2021-09-15,4.217167656763238,4.257102726444698,4.169244963781195,4.193206310272217,137537561,4.972328680542897,0.0,0.82039213
2021-09-16,4.209179993527663,4.384895120435913,4.145283583742845,4.177231788635254,208950034,4.991343802545349,0.0,0.81726683
2021-09-17,4.177232022802762,4.185218884047271,4.0813874027526715,4.113335609436035,138963300,5.068878880723926,0.0,0.80476562
2021-09-22,4.001517335424238,4.057426512972526,3.92164642889347,4.041452407836914,150402841,5.159036379982869,0.0,0.79070175
2021-09-23,4.065413697522126,4.113336012240029,3.9615818252069857,3.993530035018921,159328816,5.2209448325587005,0.0,0.78132584
2021-09-24,4.001517140102597,4.0174912444584825,3.937620341826365,3.953594446182251,147189729,5.273682033859997,0.0,0.77351258
2021-09-27,3.9456075425554404,4.00151709763401,3.8976852299963887,3.9136593341827393,156113708,5.32749486341124,0.0,0.76569933
2021-09-28,3.9296336718876304,4.073400618108138,3.9056723237578583,4.041452407836914,220838549,5.159036379982869,0.0,0.79070175
2021-09-29,4.001517058909572,4.105348544689686,3.9935298164673503,4.065413475036621,217570948,5.128629628456718,0.0,0.79538971
2021-09-30,4.065413217736269,4.081387320757029,3.953594115738293,4.0574259757995605,146523421,5.138725912526667,0.0,0.75713447
2021-10-08,4.049439471591293,4.137296855521986,4.041452228950671,4.089374542236328,136187001,5.098579204388039,0.0,0.76309615
2021-10-11,4.1133355951598425,4.201193353660496,4.10534835309039,4.169244766235352,182011374,5.000905720108788,0.0,0.77800038
2021-10-12,4.129309933757277,4.201193593068024,4.06541351697114,4.105348587036133,141374395,5.078740466970361,0.0,0.766077
2021-10-13,4.105348587036133,4.129309933757277,4.041452170249996,4.105348587036133,78080906,5.078740466970361,0.0,0.766077
2021-10-14,4.0973615646362305,4.113335668206146,4.057426115285107,4.0973615646362305,64747726,5.088640499767829,0.0,0.76458658
2021-10-15,4.07340027751012,4.137296692709859,4.065413416036491,4.081387519836426,103320299,5.108556807866073,0.0,0.76160573
2021-10-18,4.089374034754806,4.193205891081458,4.065413071511822,4.177231788635254,178255142,4.991343802545349,0.0,0.7794908
2021-10-19,4.153271152649085,4.257103026678489,4.129310185320889,4.241128921508789,123064084,4.916143881941362,0.0,0.79141418
2021-10-20,4.249115745690896,4.297038056476365,4.20918029627667,4.225154399871826,121067625,4.93473090607825,0.0,0.78843333
2021-10-21,4.233142112105128,4.35294771194458,4.225154868994383,4.35294771194458,189458677,4.789857673407645,0.0,0.81228009
2021-10-22,4.352946815549714,4.376908159094915,4.289050407232693,4.336972713470459,125411540,4.807500848516007,0.0,0.80929924
2021-10-25,4.313012463330589,4.313012463330589,4.209180592235051,4.273077011108398,135951374,4.879387838271534,0.0,0.79737586
2021-10-26,4.24911642074585,4.313012845277666,4.225155071120053,4.24911642074585,92958735,4.90690250288322,0.0,0.7929046
2021-10-27,4.249115884591159,4.281064092825833,4.201193572239148,4.265089988708496,122936637,4.888525225774556,0.0,0.79588544
2021-10-28,4.257102746223485,4.29703819694317,4.233141780473822,4.265089988708496,118947666,4.888525225774556,0.0,0.79588544
2021-10-29,4.305024566379645,4.3689209755436815,4.257102259506619,4.320998668670654,269032402,4.825273414493889,0.0,0.8063184
2021-11-01,4.313011961294517,4.5845717098965935,4.297037858435572,4.48872709274292,332899315,4.644969402062539,0.0,0.83761726
2021-11-02,4.512688734590051,4.528662838500791,4.376908660922416,4.4088568687438965,197479334,4.729117007134835,0.0,0.82271304
2021-11-03,4.432817765560357,4.440804626279542,4.281063603369452,4.320998668670654,125114226,4.825273414493889,0.0,0.8063184
2021-11-04,4.344960509295181,4.352947370927508,4.249115884591159,4.265089988708496,88397145,4.888525225774556,0.0,0.79588544
2021-11-05,4.249116396820992,4.3289869270360475,4.23314229077798,4.305025577545166,117016704,4.843176799866819,0.0,0.80333755
2021-11-08,4.320999462130872,4.432818579553792,4.3050253569065555,4.313012599945068,118076999,4.8342079965788995,0.0,0.80482797
2021-11-09,4.344960509295181,4.3609346134125175,4.201193572239148,4.265089988708496,105914789,4.888525225774556,0.0,0.79588544
2021-11-10,4.249115985096608,4.313012403077314,4.2251546379274965,4.289051055908203,103806527,4.861215156503897,0.0,0.80035671
2021-11-11,4.289050464088636,4.328985910242479,4.249115398787434,4.320998668670654,132222509,4.825273414493889,0.0,0.8063184
2021-11-12,4.320999162692833,4.328986405177844,4.249115884591159,4.265089988708496,98848358,4.888525225774556,0.0,0.79588544
2021-11-15,4.249116044457242,4.289051115826735,4.233141939738905,4.273077011108398,63882853,4.879387838271534,0.0,0.79737586
2021-11-16,4.273076547493794,4.289050650478994,4.1932060325677964,4.217167377471924,73968756,4.944076944012358,0.0,0.78694291
2021-11-17,4.2091801105976145,4.217167352469188,4.137296457164071,4.1452836990356445,112189023,5.029812556580995,0.0,0.77352911
2021-11-18,4.121322888166724,4.177232445952529,4.113336026113155,4.129310131072998,77714438,5.049269572441182,0.0,0.77054826
2021-11-19,4.129309698446082,4.177232008304804,4.0973614918736025,4.169244766235352,118058076,5.000905720108788,0.0,0.77800038
2021-11-22,4.161258142150345,4.16924500382227,4.097361725364209,4.105348587036133,162773436,5.078740466970361,0.0,0.766077
2021-11-23,4.105348783206881,4.153271098086412,4.09736192115331,4.129310131072998,96433256,5.049269572441182,0.0,0.77054826
2021-11-24,4.121322514413171,4.177232067128664,4.121322514413171,4.153270721435547,90744688,5.020139884547029,0.0,0.77501953
2021-11-25,4.145283801732323,4.193206111591044,4.137296559662871,4.169244766235352,74744680,5.000905720108788,0.0,0.77800038
2021-11-26,4.153270677363907,4.169244780705589,4.113335609436035,4.113335609436035,66432276,5.068878880723926,0.0,0.76756742
2021-11-29,4.081387579068383,4.121322648721447,4.057426232594399,4.065413475036621,85555037,5.128629628456718,0.0,0.75862489
2021-11-30,4.07340007882032,4.097361423777789,4.025477769758041,4.0574259757995605,100413286,5.138725912526667,0.0,0.75713447
2021-12-01,4.0813874460615365,4.169244824946735,4.05742610036842,4.153270721435547,94226652,5.020139884547029,0.0,0.77501953
2021-12-02,4.145283470200218,4.233141221674171,4.12132212676091,4.209179878234863,132858867,4.9534590117691835,0.0,0.78545249
2021-12-03,4.209180414315337,4.217167656763238,4.129309894099736,4.193206310272217,102186312,4.972328680542897,0.0,0.78247164
2021-12-06,4.20918029627667,4.31301216007152,4.201193434905428,4.225154399871826,132347128,4.93473090607825,0.0,0.78843333
2021-12-07,4.2650900895917845,4.328986507572491,4.233141880601432,4.289051055908203,197572002,4.861215156503897,0.0,0.80035671
2021-12-08,4.289050814252451,4.297038056476365,4.201193434905428,4.225154399871826,144618694,4.93473090607825,0.0,0.78843333
2021-12-09,4.225154696953388,4.2970383586122525,4.209180592235051,4.273077011108398,144085858,4.879387838271534,0.0,0.79737586
2021-12-10,4.23314164209574,4.273076710657294,4.193206192681514,4.225154399871826,114703245,4.93473090607825,0.0,0.78843333
2021-12-13,4.233141480457124,4.297037892397922,4.217167377471924,4.217167377471924,153102484,4.944076944012358,0.0,0.78694291
2021-12-14,4.201193190930513,4.225154154505432,4.113335435832962,4.161257743835449,147794263,5.0105043435215,0.0,0.77650995
2021-12-15,4.145283881896046,4.241128503466983,4.12930977830089,4.225154399871826,138458248,4.93473090607825,0.0,0.78843333
2021-12-16,4.2491156283208085,4.28106383462864,4.201193318859062,4.2571024894714355,106289460,4.8976974483385645,0.0,0.79439502
2021-12-17,4.257102444508595,4.273076547493794,4.209180135552996,4.217167377471924,73194217,4.944076944012358,0.0,0.78694291
2021-12-20,4.209179878234863,4.233141221674171,4.193205776226202,4.209179878234863,53582056,4.9534590117691835,0.0,0.78545249
2021-12-21,4.217168208479942,4.281064633011758,4.201194102346988,4.24911642074585,75388495,4.90690250288322,0.0,0.7929046
2021-12-22,4.24911564229143,4.2571025034683165,4.19320609064257,4.201193332672119,99985316,4.962875628182196,0.0,0.78396206
2021-12-23,4.209180077696954,4.241128283228218,4.201193216740464,4.2331414222717285,71297934,4.925420136048935,0.0,0.78992375
2021-12-24,4.233141480457124,4.2491155834423235,4.201193274486725,4.217167377471924,74809230,4.944076944012358,0.0,0.78694291
2021-12-27,4.225154318163525,4.233141560232976,4.153270662949112,4.169244766235352,70262261,5.000905720108788,0.0,0.77800038
2021-12-28,4.169244824946735,4.185218928457923,4.121322514413171,4.153270721435547,97343446,5.020139884547029,0.0,0.77501953
2021-12-29,4.153270899625736,4.161258142150345,4.089374482839599,4.105348587036133,104196500,5.078740466970361,0.0,0.766077
2021-12-30,4.10534848510999,4.1213225889099245,4.057426173710185,4.081387519836426,122403994,5.108556807866073,0.0,0.76160573
2021-12-31,4.081387262421913,4.113335468006798,4.057425917806923,4.073400020599365,108318819,5.11857413820411,0.0,0.74054004
2022-01-04,4.081387090129822,4.129309396484152,4.057425746526339,4.121322154998779,114587296,5.059056102836051,0.0,0.74925228
2022-01-05,4.121323190829485,4.24911642074585,4.105349084696531,4.24911642074585,217698405,4.90690250288322,0.0,0.77248491
2022-01-06,4.273076547493794,4.289050650478994,4.201193274486725,4.217167377471924,122707590,4.944076944012358,0.0,0.76667675
2022-01-07,4.225154483344039,4.416844111125607,4.225154483344039,4.4088568687438965,287432511,4.729117007134835,0.0,0.80152569
2022-01-10,4.416843877637396,4.496714392968894,4.360934326479018,4.472753047943115,242682515,4.661558502450362,0.0,0.81314201
2022-01-11,4.4967145919799805,4.576585110846308,4.416844073113653,4.4967145919799805,231772865,4.636718558297334,0.0,0.81749813
2022-01-12,4.496714392968894,4.512688496035193,4.424830738744217,4.472753047943115,148058623,4.661558502450362,0.0,0.81314201
2022-01-13,4.440805197003992,4.568598031755774,4.43281833525835,4.504701614379883,123475176,4.628497464392036,0.0,0.81895017
2022-01-14,4.488727448698228,4.496714691187415,4.352947373203526,4.392882823944092,181702593,4.746313715984826,0.0,0.79862161
2022-01-17,4.400870007214866,4.448792318947088,4.320999106808483,4.4088568687438965,156391958,4.729117007134835,0.0,0.80152569
2022-01-18,4.408856830800683,4.528662799526511,4.392882727027417,4.4967145919799805,180439540,4.636718558297334,0.0,0.81749813
2022-01-19,4.496714533215275,4.528662740344296,4.464766326086256,4.512688636779785,108242261,4.620305471568802,0.0,0.8204022
2022-01-20,4.512689009481731,4.656455953436,4.480740799714116,4.616520881652832,255633060,4.516388105783931,0.0,0.83927872
2022-01-21,4.592559080458548,4.624507287071785,4.53664952845905,4.584571838378906,174008756,4.547861989086534,0.0,0.83347056
2022-01-24,4.584572632263337,4.664443543479888,4.528663451435028,4.57658576965332,134537841,4.555797935275974,0.0,0.83201852
2022-01-25,4.5606108295307966,4.648468587289837,4.520675381225962,4.5446367263793945,146082417,4.587825442455267,0.0,0.82621036
2022-01-26,4.536649586556726,4.592559139272218,4.512688621716279,4.568597793579102,84335595,4.56376353140639,0.0,0.83056648
2022-01-27,4.568597808829235,4.568597808829235,4.480740429650766,4.512688636779785,97449116,4.620305471568802,0.0,0.8204022
2022-01-28,4.520675298460811,4.592558951752394,4.4487920260218825,4.48872709274292,113921317,4.644969402062539,0.0,0.81604609
2022-02-07,4.5526237697310545,4.704377946169114,4.5526237697310545,4.624507427215576,166672671,4.508588282785789,0.0,0.84073075
2022-02-08,4.624506668527316,4.744312617728811,4.624506668527316,4.704377174377441,184344631,4.43204259079401,0.0,0.85525115
2022-02-09,4.712365209513828,4.784248486466362,4.672429759432559,4.6963911056518555,154563395,4.439579142995169,0.0,0.85379911
2022-02-10,4.688403216978239,4.752299623617735,4.640480911998616,4.744312763214111,98675260,4.394735558259197,0.0,0.86251134
2022-02-11,4.736326237334563,4.864119450768121,4.704378029189344,4.8082098960876465,186772861,4.336333157370119,0.0,0.87412766
2022-02-14,4.808209462916627,4.832170807293209,4.6404811948385065,4.664442539215088,171923345,4.46998753328164,0.0,0.84799095
2022-02-15,4.656455796073968,4.6963912473602445,4.464766543946295,4.504701614379883,279434474,4.628497464392036,0.0,0.81895017
2022-02-16,4.520675541344912,4.576585094781423,4.472753230193334,4.552623748779297,154711450,4.579776662982647,0.0,0.8276624
2022-02-17,4.568597793579102,4.640481449805782,4.528662725227466,4.568597793579102,104448208,4.56376353140639,0.0,0.83056648
2022-02-18,4.5446369082620395,4.640481531006284,4.536649665940348,4.624507427215576,100013013,4.508588282785789,0.0,0.84073075
2022-02-21,4.600546218973072,4.608533080020253,4.48872711749129,4.560610771179199,138486916,4.571756075252392,0.0,0.82911444
2022-02-22,4.528662565285163,4.600546218973072,4.512688462338145,4.560610771179199,91198993,4.571756075252392,0.0,0.82911444
2022-02-23,4.5526239274118,4.584572136099746,4.4807406482902685,4.504701614379883,135824894,4.628497464392036,0.0,0.81895017
2022-02-24,4.4967143475636115,4.512688450468613,4.416843833038602,4.4328179359436035,136494486,4.703554330742372,0.0,0.80588181
2022-02-25,4.464766363213398,4.488727328333077,4.384895463874004,4.424830913543701,127353465,4.712044461672304,0.0,0.80442977
2022-02-28,4.416843935381793,4.4567790031433105,4.360934383492472,4.4567790031433105,126671668,4.678266520573436,0.0,0.81023793
2022-03-01,4.4088571801964624,4.5526241255491815,4.392883075157272,4.528663158416748,161019999,4.60400768850499,0.0,0.82330628
2022-03-02,4.488727450912548,4.592559318207092,4.480740589272106,4.5206756591796875,125697413,4.61214242558233,0.0,0.82185424
2022-03-03,4.560610954077177,4.6564555756030215,4.5366496082693795,4.640481472015381,144962859,4.493068257192019,0.0,0.84363483
2022-03-04,4.608533579011356,4.656455893041221,4.528663055628248,4.632494926452637,139506795,4.500814427435547,0.0,0.84218279
2022-03-07,4.6005463225381895,4.68840370029826,4.552623631765669,4.584571838378906,132404978,4.547861989086534,0.0,0.83347056
2022-03-08,4.560610805234092,4.6404813205655895,4.456778944876816,4.472753047943115,147655903,4.661558502450362,0.0,0.81314201
2022-03-09,4.49671448799073,4.528662694798439,4.217167487996941,4.368921279907227,172224806,4.772345085705629,0.0,0.7942655
2022-03-10,4.424830523988533,4.440804626279542,4.273076361797627,4.320998668670654,186261998,4.825273414493889,0.0,0.78555326
2022-03-11,4.233141721820291,4.297038137404304,4.137296717591594,4.281064033508301,179950950,4.870284545338505,0.0,0.77829306
2022-03-14,4.217167352469188,4.265089661140665,4.137296457164071,4.1452836990356445,144886005,5.029812556580995,0.0,0.7536084
2022-03-15,4.137296773407469,4.137296773407469,3.8737238651412413,3.905672073364258,319894506,5.338389810601861,0.0,0.71004722
2022-03-16,3.969568744300306,4.065413755966686,3.84177590321541,4.041452407836914,223237809,5.159036379982869,0.0,0.73473189
2022-03-17,4.113335889305502,4.16125820259116,4.057426333379223,4.089374542236328,220806655,5.098579204388039,0.0,0.74344412
2022-03-18,4.097361725364209,4.209180454739948,4.073400378643065,4.105348587036133,293199291,5.078740466970361,0.0,0.7463482
2022-03-21,4.145284037953811,4.209180454739948,4.057426274446531,4.105348587036133,192156966,5.078740466970361,0.0,0.7463482
2022-03-22,4.097361164174235,4.225153980243524,4.0893739227435875,4.209179878234863,123029421,4.9534590117691835,0.0,0.76522471
2022-03-23,4.185218811035156,4.22515425911901,4.153270604909136,4.185218811035156,122569957,4.981818380684149,0.0,0.76086859
2022-03-24,4.169244687663668,4.273076547493794,4.145283723612198,4.217167377471924,122569495,4.944076944012358,0.0,0.76667675
2022-03-25,4.217167516332968,4.249115723355343,4.145283860106288,4.153270721435547,126228167,5.020139884547029,0.0,0.75506044
2022-03-28,4.113335574610387,4.217167435878556,4.09736147140395,4.201193332672119,132173871,4.962875628182196,0.0,0.76377267
2022-03-29,4.201193730302232,4.289051115826735,4.185219244731197,4.273077011108398,108334865,4.879387838271534,0.0,0.77684103
2022-03-30,4.28905125168224,4.328986705169385,4.241128936009293,4.313012599945068,128854357,4.8342079965788995,0.0,0.78410122
2022-03-31,4.23314229077798,4.336973789631188,4.185219591796217,4.305025577545166,232830624,4.843176799866819,0.0,0.7611941
2022-04-01,4.289051015309907,4.520675718723855,4.281064153564265,4.504701614379883,289931254,4.628497464392036,0.0,0.79649995
2022-04-06,4.464767027143972,4.600547119188832,4.44080567760846,4.57658576965332,245379807,4.555797935275974,0.0,0.80921006
2022-04-07,4.536649426332344,4.61652032192009,4.520675323385326,4.560610771179199,206509676,4.571756075252392,0.0,0.80638559
2022-04-08,4.56061087384531,4.6005463225381895,4.504701321845812,4.584571838378906,140484517,4.547861989086534,0.0,0.81062229
2022-04-11,4.576585473534321,4.592559578573511,4.496714948338366,4.528663158416748,115588204,4.60400768850499,0.0,0.80073665
2022-04-12,4.544636843908806,4.584571912393745,4.464766326086256,4.512688636779785,174309345,4.620305471568802,0.0,0.79791219
2022-04-13,4.5206756591796875,4.6085334223406615,4.504701555046118,4.5206756591796875,132751924,4.61214242558233,0.0,0.79932442
2022-04-14,4.584571889712849,4.632494581021965,4.376908544401576,4.440804958343506,242191626,4.695094739710747,0.0,0.78520208
2022-04-15,4.408856659166149,4.608533138985002,4.3689212108613145,4.5446367263793945,250098338,4.587825442455267,0.0,0.80356112
2022-04-18,4.472752917918691,4.496714262247905,4.336972855375987,4.376908302307129,223397266,4.763636466637804,0.0,0.77390421
2022-04-19,4.392882532611617,4.5206753571420135,4.376908429545318,4.472753047943115,191432733,4.661558502450362,0.0,0.79085102
2022-04-20,4.47275328438686,4.49671463067931,4.400870007214866,4.4088568687438965,92759539,4.729117007134835,0.0,0.77955314
2022-04-21,4.3928829434651036,4.48074070897316,4.344960629784172,4.360934734344482,122461136,4.781085081552839,0.0,0.77107974
2022-04-22,4.33697298145324,4.512688496035193,4.33697298145324,4.472753047943115,171363704,4.661558502450362,0.0,0.79085102
2022-04-25,4.400869763728146,4.512688484916741,4.328986109680577,4.3449602127075195,209054367,4.798663043914854,0.0,0.76825527
2022-04-26,4.344960509295181,4.376908717529854,4.249115884591159,4.265089988708496,160822831,4.888525225774556,0.0,0.75413293
2022-04-27,4.241129177253007,4.320999707917777,4.209180964987098,4.24911642074585,155465540,4.90690250288322,0.0,0.75130847
2022-04-28,4.249115481491713,4.384895163181769,4.217167276287858,4.376908302307129,154282346,4.763636466637804,0.0,0.77390421
2022-04-29,4.3689209755436815,4.3689209755436815,4.217167194205416,4.320998668670654,201624790,4.825273414493889,0.0,0.76401857
2022-05-05,4.4487920837699955,4.5206753571420135,4.424830738744217,4.472753047943115,275354085,4.661558502450362,0.0,0.79085102
2022-05-06,4.432818074375311,4.464766281183021,4.360934418631633,4.368921279907227,112717448,4.772345085705629,0.0,0.77249198
2022-05-09,4.336973266810171,4.352947370927508,4.2411286421061485,4.265089988708496,104286386,4.888525225774556,0.0,0.75413293
2022-05-10,4.2251547718097635,4.368921716821889,4.153271108877348,4.328986644744873,141336672,4.816369675178054,0.0,0.76543081
2022-05-11,4.313012463330589,4.344960672767263,4.241128801671725,4.273077011108398,138214907,4.879387838271534,0.0,0.75554517
2022-05-12,4.257102726444698,4.273076830487818,4.153270859738075,4.193206310272217,147425899,4.972328680542897,0.0,0.74142283
2022-05-13,4.1932060325677964,4.265089686427523,4.185218790648868,4.217167377471924,119877342,4.944076944012358,0.0,0.74565953
2022-05-16,4.225154518358457,4.233141760806358,4.153270859738075,4.193206310272217,114943587,4.972328680542897,0.0,0.74142283
2022-05-17,4.209180193849007,4.241128400261879,4.137296538993711,4.201193332672119,150280098,4.962875628182196,0.0,0.74283506
2022-05-18,4.209180156056,4.217167398013834,4.145283743803961,4.185218811035156,142248636,4.981818380684149,0.0,0.74001059
2022-05-19,4.129310131072998,4.1452842360328415,4.001517291394248,4.129310131072998,165223196,5.049269572441182,0.0,0.73012496
2022-05-20,4.129309620626998,4.233141480457124,4.10534827572287,4.217167377471924,156705465,4.944076944012358,0.0,0.74565953
2022-05-23,4.201193353660496,4.209180214877284,4.145283801732323,4.169244766235352,109794542,5.000905720108788,0.0,0.73718613
2022-05-24,4.177231788635254,4.2171672351770875,4.16125768618905,4.177231788635254,128189681,4.991343802545349,0.0,0.73859836
2022-05-25,4.177232089086358,4.249115745690896,4.169244846862444,4.225154399871826,100398386,4.93473090607825,0.0,0.74707176
2022-05-26,4.22515447944595,4.297038137404304,4.201193514028286,4.281064033508301,97684904,4.870284545338505,0.0,0.7569574
2022-05-27,4.305025601784823,4.313012845277666,4.233142314612896,4.24911642074585,89896135,4.90690250288322,0.0,0.75130847
2022-05-30,4.265089542515701,4.281063644961906,4.16125768618905,4.177231788635254,108057242,4.991343802545349,0.0,0.73859836
2022-05-31,4.169244963781195,4.217167656763238,4.153270859738075,4.193206310272217,129511959,4.972328680542897,0.0,0.74142283
2022-06-01,4.177232445952529,4.177232445952529,4.113336026113155,4.129310131072998,149246256,5.049269572441182,0.0,0.73012496
2022-06-02,4.105348646664881,4.121322751093433,4.0654135760198455,4.089374542236328,121974928,5.098579204388039,0.0,0.72306379
2022-06-06,4.081387698939788,4.089374560763905,4.009504038259276,4.033465385437012,271108629,5.169252245297495,0.0,0.71317815
2022-06-07,4.025478066053462,4.105348587036133,4.001517100185004,4.105348587036133,204560860,5.078740466970361,0.0,0.72588825
2022-06-08,4.113335294366043,4.121322154998779,4.081387090129822,4.121322154998779,142037945,5.059056102836051,0.0,0.72871272
2022-06-09,4.1133355376779415,4.201193294950825,4.105348295720107,4.185218811035156,171465191,4.981818380684149,0.0,0.74001059
2022-06-10,4.1692447454065835,4.209180193849007,4.153270642200147,4.201193332672119,130818674,4.962875628182196,0.0,0.74283506
2022-06-13,4.169244840274512,4.177232082485805,4.057426115285107,4.0973615646362305,212592769,5.088640499767829,0.0,0.72447602
2022-06-14,4.0654133425503485,4.153270721435547,4.0494392390391605,4.153270721435547,159989102,5.020139884547029,0.0,0.73436166
2022-06-15,4.153270330778232,4.281063527700155,4.129309368191557,4.209179878234863,251176191,4.9534590117691835,0.0,0.7442473
2022-06-16,4.217167293598009,4.241128257172928,4.153270502075377,4.161257743835449,140425753,5.0105043435215,0.0,0.73577389
2022-06-17,4.153270560054564,4.1772319048166295,4.121322354273579,4.1452836990356445,101368237,5.029812556580995,0.0,0.73294942
2022-06-20,4.145284037953811,4.153270899625736,4.089374482839599,4.105348587036133,188724058,5.078740466970361,0.0,0.72588825
2022-06-21,4.113335266182896,4.209179878234863,4.097361164174235,4.209179878234863,209634675,4.9534590117691835,0.0,0.7442473
2022-06-22,4.201193046441967,4.209179907074703,4.105348052880669,4.121322154998779,154674271,5.059056102836051,0.0,0.72871272
2022-06-23,4.121322888166724,4.1452842360328415,4.105348783206881,4.129310131072998,165980817,5.049269572441182,0.0,0.73012496
2022-06-24,4.137296574022225,4.145283816119399,4.0813874027526715,4.113335609436035,160766063,5.068878880723926,0.0,0.72730049
2022-06-27,4.1293097565951,4.161257963617476,4.113335653083912,4.153270721435547,190457572,5.020139884547029,0.0,0.73436166
2022-06-28,4.169244687663668,4.225154238538195,4.145283723612198,4.217167377471924,166162842,4.944076944012358,0.0,0.74565953
2022-06-29,4.209180964987098,4.273077389518915,4.193206858854144,4.24911642074585,145528481,4.90690250288322,0.0,0.75130847
2022-06-30,4.249116396820992,4.313012820993036,4.241129153373121,4.305025577545166,143056214,4.843176799866819,0.0,0.76387632
2022-07-01,4.305025220545072,4.344960672767263,4.273077011108398,4.273077011108398,90434288,4.879387838271534,0.0,0.75820748
2022-07-04,4.281064633011758,4.281064633011758,4.209180964987098,4.24911642074585,115008034,4.90690250288322,0.0,0.75395585
2022-07-05,4.249115825716295,4.313012241300307,4.241128583341954,4.281064033508301,93577565,4.870284545338505,0.0,0.75962469
2022-07-06,4.273076592625351,4.289050695779267,4.217167422012977,4.2571024894714355,90991430,4.8976974483385645,0.0,0.75537306
2022-07-07,4.265089849286052,4.265089849286052,4.20918029627667,4.225154399871826,65972988,4.93473090607825,0.0,0.74970422
2022-07-08,4.241128283228218,4.249115525037361,4.18521873312218,4.2331414222717285,100418426,4.925420136048935,0.0,0.75112143
2022-07-11,4.217167538500584,4.241128503466983,4.201193434905428,4.225154399871826,122323853,4.93473090607825,0.0,0.74970422
2022-07-12,4.248112818670866,4.340280656098548,4.239733706429407,4.264870643615723,138586478,10.68965598481767,0.2474,0.72136001
2022-07-13,4.264870458801484,4.2732491711417975,4.097291817076719,4.105670928955078,244316073,11.104153447486102,0.0,0.69443302
2022-07-14,4.055397054899205,4.055397054899205,3.912955363370232,3.9548497200012207,360341968,11.527618804182001,0.0,0.66892324
2022-07-15,3.9799871898614185,3.9883663020393954,3.896198065771948,3.9045767784118652,224824276,11.676041370748285,0.0,0.66041997
2022-07-18,3.9213345585074806,3.979987144470215,3.912955845963121,3.979987144470215,143587253,11.454810868759372,0.0,0.67317487
2022-07-19,3.979987629168746,4.030261109171568,3.9632298025011385,4.005124568939209,104678446,11.38291686444971,0.0,0.6774265
2022-07-20,4.021881850467655,4.038639674863852,4.005124026071458,4.0302605628967285,80034462,11.311923705308132,0.0,0.68167813
2022-07-21,4.021881409779212,4.021881409779212,3.9548497200012207,3.9548497200012207,93842271,11.527618804182001,0.0,0.66892324
2022-07-22,3.963229179382324,3.9883661152006313,3.9045765954983005,3.963229179382324,91993882,11.503245948321684,0.0,0.67034045
2022-07-25,3.954850014709168,4.013502597808838,3.9380921909004103,4.013502597808838,89111178,11.359155473049837,0.0,0.67884371
2022-07-26,4.0051242319324025,4.030260770049676,3.9883664066748645,4.021882057189941,70479858,11.335489045109739,0.0,0.68026092
2022-07-27,4.013503174192051,4.02188228706878,3.9799875217613185,3.9967453479766846,58912135,11.406781275939814,0.0,0.67600929
2022-07-28,4.005124081179402,4.013502793723762,3.971608032387801,3.979987144470215,75781578,11.454810868759372,0.0,0.67317487
2022-07-29,3.9799874421021584,3.98836655481118,3.921334851753258,3.9297139644622803,124809048,11.601353282270832,0.0,0.6646716
2022-08-01,3.938092537531025,3.938092537531025,3.8961981740906095,3.9129559993743896,100838485,11.651038245073291,0.0,0.66183718
2022-08-02,3.8961979802415625,3.9045766926975483,3.7872719215473953,3.837545394897461,147147497,11.879989761324545,0.0,0.64908229
2022-08-03,3.8291667060050143,3.845924530558159,3.778893232345581,3.778893232345581,115437761,12.064378958836585,0.0,0.63916182
2022-08-04,3.7956508496404324,3.804029561690466,3.736998267138075,3.787271738052368,122266343,12.037689173960615,0.0,0.64057903
2022-08-05,3.78727236184461,3.829167127609253,3.7621354224782046,3.829167127609253,82066951,6.4609350220361,0.0,0.64766508
2022-08-08,3.8124085760961517,3.8459242225179975,3.787271641510757,3.8040294647216797,75791929,6.503629961186458,0.0,0.64341345
2022-08-09,3.8040297694062715,3.81240888145187,3.7705141202999823,3.778893232345581,68292915,6.546890446185944,0.0,0.63916182
2022-08-10,3.7872720749303426,3.7956511872637293,3.753756424672929,3.7705142498016357,55831840,6.5614391992555285,0.0,0.63774461
2022-08-11,3.78727236184461,3.837545841039323,3.770514535446372,3.829167127609253,110306890,6.4609350220361,0.0,0.64766508
2022-08-12,3.8207881450653076,3.837545972035581,3.795651604378953,3.8207881450653076,79463171,6.475103842633266,0.0,0.64624787
2022-08-15,3.7956508496404324,3.8207873853285634,3.7788930260023346,3.787271738052368,99626968,6.532406891067902,0.0,0.64057903
2022-08-16,3.787271847185378,3.8040296713063646,3.778893134893906,3.7956509590148926,65558685,6.517986049597384,0.0,0.64199624
2022-08-17,3.7956507528852286,3.8124085760961517,3.762134706925362,3.8040294647216797,97088717,6.503629961186458,0.0,0.64341345
2022-08-18,3.787271944853127,3.7956510568987256,3.7621350082543836,3.778893232345581,88023965,6.546890446185944,0.0,0.63916182
2022-08-19,3.7705139144142703,3.804029561690466,3.762134802826206,3.787271738052368,89763062,6.532406891067902,0.0,0.64057903
2022-08-22,3.7705141202999823,3.7956510568987256,3.7621350082543836,3.778893232345581,92802340,6.546890446185944,0.0,0.63916182
2022-08-23,3.7872720908117916,3.7872720908117916,3.68672513961792,3.68672513961792,281822149,6.710562643832995,0.0,0.62357251
2022-08-24,3.68672513961792,3.7118616776473536,3.6783460272493964,3.68672513961792,112325788,6.710562643832995,0.0,0.62357251
2022-08-25,3.6867251806045593,3.728619544298726,3.6615882427576008,3.720240831375122,87072614,6.650107109021566,0.0,0.62924135
2022-08-26,3.720240722629346,3.736998547524782,3.6951037855171616,3.7118616104125977,67572272,6.665119176479747,0.0,0.62782414
2022-08-29,3.6783459606217255,3.7118616104125977,3.669967247943038,3.7118616104125977,91393952,6.665119176479747,0.0,0.62782414
2022-08-30,3.70348289773391,3.7286194353080337,3.6951037855171616,3.7118616104125977,69536552,6.665119176479747,0.0,0.62782414
2022-08-31,3.7034828220874045,3.787271944853127,3.695103710041806,3.778893232345581,171337773,6.546890446185944,0.0,0.63916182
2022-09-01,3.7621352672576904,3.8040300312938133,3.7453774415508576,3.7621352672576904,90324254,6.576052757941787,0.0,0.6363274
2022-09-02,3.770514097985861,3.778893209981872,3.7118615126279386,3.728619337081909,84965103,6.635163786754915,0.0,0.63065856
2022-09-05,3.7202407744155153,3.7705142498016357,3.7034829492868084,3.7705142498016357,108698108,6.5614391992555285,0.0,0.63774461
2022-09-06,3.7705143798801473,3.8040300312938133,3.7453774415508576,3.7621352672576904,94694719,6.576052757941787,0.0,0.6363274
2022-09-07,3.7537562735318906,3.7537562735318906,3.7118615126279386,3.728619337081909,100762940,6.635163786754915,0.0,0.63065856
2022-09-08,3.7369983196258545,3.762134855667039,3.7286192079201017,3.7369983196258545,101196763,6.620286626855361,0.0,0.63207577
2022-09-09,3.745376991375659,3.8207873977615017,3.736998279298361,3.812408685684204,199118816,6.489335755870037,0.0,0.64483066
2022-09-13,3.812408997100658,3.9045768351698222,3.795651172039168,3.8543033599853516,176795045,6.418799375484037,0.0,0.65191671
2022-09-14,3.8207874954273513,3.8459244313778527,3.787271847185378,3.7956509590148926,97396822,6.517986049597384,0.0,0.64199624
2022-09-15,3.820787709862371,3.8794402973466195,3.820787709862371,3.8543033599853516,128469045,6.418799375484037,0.0,0.65191671
2022-09-16,3.8459243205547256,3.854303032604759,3.7788930260023346,3.787271738052368,124254858,6.532406891067902,0.0,0.64057903
2022-09-19,3.795651604378953,3.8291672583194996,3.762135550900296,3.8207881450653076,95947401,6.475103842633266,0.0,0.64624787
2022-09-20,3.8291667060050143,3.8291667060050143,3.7705141202999823,3.778893232345581,82093737,6.546890446185944,0.0,0.63916182
2022-09-21,3.78727236184461,3.854303667437561,3.7621354224782046,3.829167127609253,92232438,6.4609350220361,0.0,0.64766508
2022-09-22,3.8124094313492263,3.837545972035581,3.787272491124761,3.8207881450653076,61007350,6.475103842633266,0.0,0.64624787
2022-09-23,3.820787709862371,3.8794402973466195,3.812408997100658,3.8543033599853516,101964580,6.418799375484037,0.0,0.65191671
2022-09-26,3.8459243205547256,3.8626821441928234,3.7788930260023346,3.787271738052368,102256624,6.532406891067902,0.0,0.64057903
2022-09-27,3.770514023064391,3.8040296713063646,3.736998374822418,3.7956509590148926,85523049,6.517986049597384,0.0,0.64199624
2022-09-28,3.7872717503762456,3.84592433306946,3.753756102990989,3.812408685684204,110792116,6.489335755870037,0.0,0.64483066
2022-09-29,3.8207877251877562,3.837545550316463,3.745377312339542,3.7705142498016357,89153286,6.5614391992555285,0.0,0.63774461
2022-09-30,3.762134855667039,3.7872717912462606,3.7369983196258545,3.7369983196258545,105182675,6.620286626855361,0.0,0.60908304
2022-10-10,3.5610412465288728,3.5861781840658264,3.49400994581442,3.5526621341705322,261145922,6.9637919581610435,0.0,0.57903859
2022-10-11,3.5442834791427136,3.561041304594577,3.4940100027871237,3.5023887157440186,159049122,7.063750487999284,0.0,0.57084464
2022-10-12,3.494009904710156,3.527525554673097,3.443736429765744,3.51914644241333,139252282,7.030113808800185,0.0,0.57357596
2022-10-13,3.4940099716186523,3.502388684500804,3.452115208593681,3.4940099716186523,161832720,7.080689580441817,0.0,0.56947899
2022-10-14,3.510767729691626,3.5359042673948005,3.494009904710156,3.51914644241333,133521281,7.030113808800185,0.0,0.57357596
2022-10-17,3.4856308591984297,3.5107677969210265,3.4604943210139036,3.4940099716186523,111396590,7.080689580441817,0.0,0.56947899
2022-10-18,3.510767447458006,3.519146159506138,3.468872688603254,3.485630512237549,95208930,7.097711565566519,0.0,0.56811333
2022-10-19,3.4772519955315047,3.4856307080503286,3.452115058898926,3.452115058898926,102040416,7.16662092018769,0.0,0.5626507
2022-10-20,3.4437365531921387,3.4521152662141423,3.4269787276100536,3.4437365531921387,86173305,7.184057089694476,0.0,0.56128504
2022-10-21,3.4437366835253944,3.4521153968645026,3.4269788573090847,3.4353575706481934,66578125,7.201579309059227,0.0,0.55991939
2022-10-24,3.435357203510378,3.4437363154921004,3.334810256958008,3.334810256958008,176676008,7.418712938279033,0.0,0.5435315
2022-10-25,3.3264315128326416,3.351568250740914,3.3096736875604598,3.3264315128326416,114775277,7.437399478858506,0.0,0.54216585
2022-10-26,3.318052699049048,3.3264316119347663,3.2845370475061753,3.30967378616333,153699499,7.47505693867169,0.0,0.53943453
2022-10-27,3.3180527687072754,3.334810594830521,3.3012949425840303,3.3180527687072754,107456388,7.456180393911815,0.0,0.54080019
2022-10-28,3.3180527687072754,3.334810594830521,3.3012949425840303,3.3180527687072754,128736723,7.456180393911815,0.0,0.54080019
2022-10-31,3.3096735324786457,3.3096735324786457,3.2342631225183083,3.251021146774292,156422469,7.609916664044886,0.0,0.52987493
2022-11-01,3.2510212584193208,3.2929158210754395,3.2175054085253936,3.2929158210754395,165806257,7.513098221842829,0.0,0.53670322
2022-11-02,3.2761578714691253,3.3431891691707056,3.267778959256428,3.334810256958008,114940926,7.418712938279033,0.0,0.5435315
2022-11-03,3.3180526290372265,3.334810454455068,3.292915890910464,3.3012948036193848,87520572,7.494029304161574,0.0,0.53806887
2022-11-04,3.3012946607681184,3.410220721039755,3.292915748421764,3.393462896347046,161246328,7.290487845507849,0.0,0.5530911
2022-11-07,3.3850840919992646,3.4437366835253944,3.3683262657829554,3.4353575706481934,122131994,7.201579309059227,0.0,0.55991939
2022-11-08,3.435357191508573,3.4437363034610224,3.401841542774874,3.4185993671417236,75994125,7.236881934101863,0.0,0.55718807
2022-11-09,3.426978479094173,3.468872840242273,3.410220654727323,3.4185993671417236,88270715,7.236881934101863,0.0,0.55718807
2022-11-10,3.3850840919992646,3.4353575706481934,3.3683262657829554,3.4353575706481934,77415126,7.201579309059227,0.0,0.55991939
2022-11-11,3.477252099973278,3.594556875526522,3.460494274894243,3.569420337677002,226609031,6.931097393842084,0.0,0.5817699
2022-11-14,3.5945568084716797,3.678345932303805,3.5777989837052546,3.5945568084716797,215799153,6.882628740681626,0.0,0.58586687
2022-11-15,3.6029359625557285,3.6364516124786417,3.561041200383056,3.628072500228882,132166203,6.819047854870387,0.0,0.5913295
2022-11-16,3.61131483220213,3.61131483220213,3.544283529443365,3.5610413551330566,136745629,6.9474059784053255,0.0,0.58040424
2022-11-17,3.5526623809379854,3.5777993202209473,3.535904554595376,3.5777993202209473,94600625,6.914865196651718,0.0,0.58313556
2022-11-18,3.5777990401063633,3.5777990401063633,3.5275255650145674,3.544283390045166,89077680,6.980254476684138,0.0,0.57767293
2022-11-21,3.5191465411958816,3.5275256536908506,3.4772521773352607,3.5023887157440186,76223592,7.063750487999284,0.0,0.57084464
2022-11-22,3.502388582853295,3.6699672305515847,3.4856307580372716,3.6196937561035156,200382794,6.834832355163608,0.0,0.58996384
2022-11-23,3.66158834035687,3.753756582201689,3.6448305145249105,3.7034831047058105,229435238,6.680197884138922,0.0,0.60362041
2022-11-24,3.7286193170043425,3.7286193170043425,3.636451482772827,3.636451482772827,126085996,6.803335646633054,0.0,0.59269516
2022-11-25,3.6448299941692595,3.7621347582459137,3.6364512822185118,3.753756046295166,192991210,6.590731974822277,0.0,0.61181436
2022-11-28,3.6951037433596414,3.7034828554807926,3.6280724445426586,3.6783459186553955,142445550,6.7258492124208935,0.0,0.59952344
2022-11-29,3.7034827265804444,3.8459244313778527,3.7034827265804444,3.7956509590148926,239444546,6.517986049597384,0.0,0.61864264
2022-11-30,3.762134855667039,3.812408726825482,3.7286192079201017,3.7369983196258545,122042400,6.620286626855361,0.0,0.60908304
2022-12-01,3.7872718785217674,3.8207875270410536,3.6867249329639082,3.695103645324707,169371497,6.695346700572989,0.0,0.60225476
2022-12-02,3.695103951652897,3.7118617773017824,3.653209587299723,3.6699674129486084,111125837,6.741204271381481,0.0,0.59815778
2022-12-05,3.6951034140816708,3.8291663993070744,3.6951034140816708,3.8040294647216797,190906113,6.503629961186458,0.0,0.6200083
2022-12-06,3.7956509590148926,3.837545319548338,3.7621349112348765,3.7956509590148926,119962923,6.517986049597384,0.0,0.61864264
2022-12-07,3.812408726825482,3.820787438993198,3.720240495752386,3.7369983196258545,121766200,6.620286626855361,0.0,0.60908304
2022-12-08,3.736998599544222,3.8040299000590494,3.736998599544222,3.7705142498016357,151626497,6.5614391992555285,0.0,0.61454567
2022-12-09,3.7621348070737466,3.904576507927413,3.7621348070737466,3.89619779586792,217403705,6.349780297662969,0.0,0.63503052
2022-12-12,3.8626823551113034,3.8626823551113034,3.7621350082543836,3.778893232345581,152274312,6.546890446185944,0.0,0.61591133
2022-12-13,3.7788932090914096,3.8543032193474827,3.7788932090914096,3.837545394897461,102817988,6.446829276051093,0.0,0.62547093
2022-12-14,3.820787581513874,3.8961979915264147,3.804029757015315,3.862682342529297,88653552,6.40487562945706,0.0,0.6295679
2022-12-15,3.8375451111435255,3.854302934354448,3.778892929674306,3.8040294647216797,72551462,6.503629961186458,0.0,0.6200083
2022-12-16,3.7872719325167568,3.862682342529297,3.778893220036503,3.862682342529297,93907090,6.40487562945706,0.0,0.6295679
2022-12-19,3.854303799005854,3.862682912260046,3.795651604378953,3.8207881450653076,88595289,6.475103842633266,0.0,0.62273961
2022-12-20,3.8040296151197293,3.8375452628666666,3.7286192079201017,3.7369983196258545,90696232,6.620286626855361,0.0,0.60908304
2022-12-21,3.7621347582459137,3.8040295166137317,3.7453769348063917,3.753756046295166,53949354,6.590731974822277,0.0,0.61181436
2022-12-22,3.7872717912462606,3.7956509029520134,3.7286192079201017,3.7369983196258545,49600058,6.620286626855361,0.0,0.60908304
2022-12-23,3.7118616104125977,3.7537563724202183,3.6951037855171616,3.7118616104125977,51526833,6.665119176479747,0.0,0.60498607
2022-12-26,3.7118618178527485,3.7453774695166677,3.7034831047058105,3.7034831047058105,65416695,6.680197884138922,0.0,0.60362041
2022-12-27,3.728619262992903,3.837545319548338,3.720240550701431,3.7956509590148926,90657564,6.517986049597384,0.0,0.61864264
2022-12-28,3.78727205973939,3.887819010108332,3.7788933469776778,3.8543033599853516,103002988,6.418799375484037,0.0,0.62820224
2022-12-29,3.837545972035581,3.854303799005854,3.787272491124761,3.8207881450653076,76669043,6.475103842633266,0.0,0.62273961
2022-12-30,3.8459245494703644,3.9129558480125666,3.837545437383562,3.871061086654663,103847922,6.391012553454714,0.0,0.63093355
2023-01-03,3.871061128776077,3.929713715407736,3.8207876543223946,3.9045767784118652,108619996,6.336154058177508,0.0,0.6291797
2023-01-04,3.9297142476936533,4.005124669357666,3.887819480205177,3.9883668422698975,138367886,6.203040236368963,0.0,0.64268141
2023-01-05,3.9967446196001903,4.021881554111269,3.9380920387663525,3.9716076850891113,109062005,6.229215461759514,0.0,0.63998107
2023-01-06,3.971607891629733,3.9883661152006313,3.929713531316608,3.963229179382324,72795160,6.242384399242784,0.0,0.6386309
2023-01-09,3.963229901869189,4.021882496445434,3.946472074781421,3.9883668422698975,79447511,6.203040236368963,0.0,0.64268141
2023-01-10,3.988366256552629,4.021881905806176,3.9548502077610275,3.979987144470215,74516092,6.216100480217304,0.0,0.64133124
2023-01-11,3.996745053048308,4.063776352963389,3.979987228069538,4.047018527984619,112289880,6.113142262365749,0.0,0.65213261
2023-01-12,4.055396700845174,4.0889123430391034,4.00512323755428,4.072154521942139,96905752,6.075407960747206,0.0,0.65618312
2023-01-13,4.080533646776581,4.105670580741677,4.055397112349494,4.097291469573975,84712121,6.038135237318716,0.0,0.66023363
2023-01-16,4.10567084087736,4.114049553037927,4.013502609882899,4.038639545440674,149510869,6.125825224469373,0.0,0.65078244
2023-01-17,4.030261109171568,4.038640222274424,3.9716085160658907,4.005124568939209,106699840,6.177086273886507,0.0,0.64538175
2023-01-18,4.00512323755428,4.080533232721636,3.9799863061398475,4.072154521942139,105004513,6.075407960747206,0.0,0.65618312
2023-01-19,4.055397640243036,4.072155465221806,4.030260703005848,4.047018527984619,52801754,6.113142262365749,0.0,0.65213261
2023-01-20,4.072155280517734,4.105670928955078,4.047018344420704,4.105670928955078,75051314,6.025811719473705,0.0,0.66158381
2023-01-30,4.139186422160277,4.155944245750479,4.063776016235352,4.063776016235352,87277036,6.08793395629096,0.0,0.65483295
2023-01-31,4.063776211689122,4.105670972448637,4.0302605628967285,4.0302605628967285,74021676,6.13856092277524,0.0,0.64943227
2023-02-01,4.047019037308028,4.055398150620969,3.963229901869189,3.9883668422698975,111874114,6.203040236368963,0.0,0.64268141
2023-02-02,3.9967446196001903,4.00512373094989,3.9632289732774315,3.9716076850891113,67882421,6.229215461759514,0.0,0.63998107
2023-02-03,3.9716079782765448,3.979987090244798,3.912955792650973,3.9213345050811768,80181352,6.3090766594745915,0.0,0.63188004
2023-02-06,3.89619779586792,3.929713443181955,3.8710608606133774,3.89619779586792,85253777,6.349780297662969,0.0,0.62782953
2023-02-07,3.9129559993743896,3.9548503628148057,3.8961981740906095,3.9129559993743896,72347668,6.3225857903731795,0.0,0.63052987
2023-02-08,3.9297140244429882,3.9464718505787286,3.862682719900026,3.8794405460357666,78843901,6.3772081841235435,0.0,0.62512919
2023-02-09,3.8794407392303194,3.8961985662005927,3.787272491124761,3.8207881450653076,218316806,6.475103842633266,0.0,0.61567799
2023-02-10,3.820787915563987,3.8543035674913657,3.7956513763874957,3.8459248542785645,163983156,6.432782994310698,0.0,0.6197285
2023-02-13,3.829166509376832,3.84592433306946,3.770513926683617,3.812408685684204,126804654,6.489335755870037,0.0,0.61432782
2023-02-14,3.820787612748011,3.904576735925764,3.8124089001992636,3.871061086654663,109122823,6.391012553454714,0.0,0.62377902
2023-02-15,3.879439980454716,3.887818692532014,3.8040295740688737,3.812408685684204,99079104,6.489335755870037,0.0,0.61432782
2023-02-16,3.8124092023511853,3.862682680242254,3.8040300896002974,3.8459248542785645,154055500,6.432782994310698,0.0,0.6197285
2023-02-17,3.8291672583194996,3.8710616259761275,3.8207881450653076,3.8207881450653076,65777125,6.475103842633266,0.0,0.61567799
2023-02-20,3.82078755869044,3.9297136170494293,3.812408846260236,3.9213345050811768,199191647,6.3090766594745915,0.0,0.63188004
2023-02-21,3.9213349426983592,3.9213349426983592,3.8710614638925196,3.887819290161133,100778031,6.363464490906068,0.0,0.62647936
2023-02-22,3.8794402973466195,3.887819010108332,3.837545534923861,3.8543033599853516,98188571,6.418799375484037,0.0,0.62107867
2023-02-23,3.8543035674913657,3.9129561581333223,3.8459248542785645,3.8459248542785645,125586737,6.432782994310698,0.0,0.6197285
2023-02-24,3.8459242225179975,3.86268204572892,3.7956507528852286,3.8040294647216797,114600660,6.503629961186458,0.0,0.61297765
2023-02-27,3.7956510568987256,3.81240888145187,3.7705141202999823,3.778893232345581,78174700,6.546890446185944,0.0,0.60892713
2023-02-28,3.787271738052368,3.804029561690466,3.7705139144142703,3.787271738052368,96011143,6.532406891067902,0.0,0.61027731
2023-03-01,3.787272263636608,3.8543035674913657,3.778893550423806,3.8459248542785645,179957320,6.432782994310698,0.0,0.6197285
2023-03-02,3.8459243248968664,3.9129556195249373,3.8207873896423243,3.89619779586792,151536710,6.349780297662969,0.0,0.62782953
2023-03-03,3.9045763076349362,4.097291469573975,3.8961975960052446,4.097291469573975,359099626,6.038135237318716,0.0,0.66023363
2023-03-06,4.063775912245708,4.097291558568467,3.9632289732774315,3.9716076850891113,230299587,6.229215461759514,0.0,0.63998107
2023-03-07,3.9716079244407627,4.17270221403442,3.963229212124134,4.080533981323242,392218620,6.062931987145779,0.0,0.65753329
2023-03-08,4.038639686085804,4.072155334971325,3.9883662127575223,4.0553975105285645,140472768,6.100511709584663,0.0,0.65348278
2023-03-09,4.038639545440674,4.080533905319584,4.021881721581503,4.038639545440674,160999824,6.125825224469373,0.0,0.65078244
2023-03-10,4.0051242800060205,4.072155581840753,3.938092578633213,3.946471691131592,159502715,6.268890780490098,0.0,0.63593056
2023-03-13,3.9297138185044447,4.030260770049676,3.9213347061066406,4.021882057189941,130223441,6.151348957578744,0.0,0.64808209
2023-03-14,3.9883661152006313,4.0135026514808985,3.929713531316608,3.963229179382324,133446808,6.242384399242784,0.0,0.6386309
2023-03-15,3.988366340327955,4.072155465221806,3.9464715781119972,4.047018527984619,181717661,6.113142262365749,0.0,0.65213261
2023-03-16,4.005123643957312,4.147564937966157,3.9967445327896094,4.097291469573975,273000062,6.038135237318716,0.0,0.66023363
2023-03-17,4.105671003301358,4.189460125911987,4.072155354257107,4.1475653648376465,237021730,5.964945172351354,0.0,0.66833466
2023-03-20,4.147565345194723,4.20621793051341,4.038639686085804,4.0553975105285645,228069271,6.100511709584663,0.0,0.65348278
2023-03-21,4.063776211689122,4.1140496848777115,3.9716079777410163,4.0302605628967285,150928089,6.13856092277524,0.0,0.64943227
2023-03-22,4.038639545440674,4.080533905319584,4.0051238977223305,4.038639545440674,148801781,6.125825224469373,0.0,0.65078244
2023-03-23,4.021881990285495,4.08053417794216,4.0135028780270785,4.047018527984619,117875043,6.113142262365749,0.0,0.65213261
2023-03-24,4.047018387838622,4.047018387838622,3.9045766806827205,3.9213345050811768,238414751,6.3090766594745915,0.0,0.63188004
2023-03-27,3.921334528505227,3.921334528505227,3.837545406012433,3.862682342529297,128807517,6.40487562945706,0.0,0.62242885
2023-03-28,3.86268275052726,3.9213349426983592,3.8375458113552927,3.887819290161133,149316391,6.363464490906068,0.0,0.67243667
2023-03-29,3.9213343315844305,3.9213343315844305,3.8626821485538843,3.89619779586792,94632181,6.349780297662969,0.0,0.67388588
2023-03-30,3.996744786023727,4.0637760814604125,3.9548500266067803,4.038639545440674,334922067,6.125825224469373,0.0,0.69852257
2023-03-31,3.979986914153008,3.988366025750533,3.8878186842703952,3.89619779586792,338791480,6.349780297662969,0.0,0.61485524
2023-04-03,3.896198372171507,3.904577085470332,3.862682719900026,3.8794405460357666,161889736,6.3772081841235435,0.0,0.6122107
2023-04-04,3.879439718250239,3.9967444761702144,3.871060607201238,3.9548497200012207,252886701,6.255610643023969,0.0,0.62411112
2023-04-06,3.929713757439532,3.971608120163335,3.921334645171933,3.9380924701690674,118391351,6.282229324832965,0.0,0.62146658
2023-04-07,3.9380926776332177,3.954850503513177,3.9129561385823206,3.9297139644622803,89742844,6.295623606128108,0.0,0.62014432
2023-04-10,3.912955792650973,3.946471441447885,3.9045766806827205,3.9213345050811768,117452801,6.3090766594745915,0.0,0.61882205
2023-04-11,3.9213345050811763,3.9297136170494293,3.8961979682525167,3.9213345050811768,127418601,6.3090766594745915,0.0,0.61882205
2023-04-12,3.9213343670916525,4.038639533290993,3.9045765432828943,4.013502597808838,272725040,6.164191849161066,0.0,0.63336701
2023-04-13,4.013503095382752,4.139186989299111,4.005124382208641,4.130807876586914,254466152,5.989143223102756,0.0,0.65187878
2023-04-14,4.130807540315521,4.155944476867735,4.072155354257107,4.1475653648376465,152631315,5.964945172351354,0.0,0.65452332
2023-04-17,4.1308075905204165,4.323522774636106,4.10567105320075,4.315144062042236,316501927,5.73329641937638,0.0,0.6809687
2023-04-18,4.298386400802527,4.465964654434214,4.281628575439358,4.449206829071045,404156684,5.560541676406061,0.0,0.70212501
2023-04-19,4.449206578734764,4.608406110496482,4.440827866293648,4.532995700836182,305554802,5.457759422855028,0.0,0.71534771
2023-04-20,4.507859219116602,4.532995756285482,4.38217533465804,4.482722282409668,175592710,5.5189678149548715,0.0,0.70741409
2023-04-21,4.4659647941589355,4.591648688083954,4.407312603321856,4.4659647941589355,221003007,5.5396764507319025,0.0,0.70476955
2023-04-24,4.499479977255553,4.574890385663224,4.407312144244003,4.491101264953613,233691552,5.508671156684669,0.0,0.70873636
2023-04-25,4.482722268065934,4.725710924123885,4.482722268065934,4.6754374504089355,277814160,5.291483473452549,0.0,0.73782629
2023-04-26,4.6335432007433655,4.641921913462681,4.465964551438371,4.574890613555908,206042071,5.4077795710989545,0.0,0.72195905
2023-04-27,4.524616945585876,4.633543003056151,4.482722185162526,4.608406066894531,132995502,5.36845053167625,0.0,0.72724813
2023-04-28,4.524616818812359,4.650300697022876,4.465964235770643,4.616785049438477,163141876,5.358707354809391,0.0,0.7285704
2023-05-04,4.5832693779334965,4.859774092472526,4.51623807727121,4.809500217437744,243428065,5.143985628756289,0.0,0.7589826
2023-05-05,4.809500555530606,4.943563565817456,4.73409053675348,4.792742729187012,188471978,5.161971213129695,0.0,0.75633806
2023-05-08,4.792742101913712,5.153035920452936,4.792742101913712,4.9686994552612305,336145648,4.979170147593338,0.0,0.78410571
2023-05-09,5.0022153791254835,5.018973204198977,4.667058877655619,4.692195415496826,384133202,5.272585177994008,0.0,0.74047082
2023-05-10,4.692195581864968,4.717332520135504,4.491101673852992,4.516238212585449,366385297,5.478010422713483,0.0,0.71270317
2023-05-11,4.5329962467673806,4.60840666550973,4.482722767451846,4.507859706878662,134545912,5.488192093078802,0.0,0.7113809
2023-05-12,4.516238323462751,4.524617436271337,4.365417888751006,4.390554428100586,210616470,5.634823666382121,0.0,0.69286913
2023-05-15,4.398933241478511,4.566511490862468,4.340280654425095,4.549753665924072,229131661,5.437657028619639,0.0,0.71799225
2023-05-16,4.524616770707828,4.583268953587936,4.46596418828969,4.474343299865723,137616225,5.529303037775948,0.0,0.70609182
2023-05-17,4.465964241201639,4.482722065014217,4.373796010463437,4.424069881439209,120865410,5.59213589816799,0.0,0.69815821
2023-05-18,4.424070178655136,4.633543190154112,4.424070178655136,4.549753665924072,246429874,5.437657028619639,0.0,0.71799225
2023-05-19,4.532995907953343,4.600027208697204,4.465964607209481,4.5246171951293945,113218236,5.4678658841308865,0.0,0.71402544
2023-05-22,4.507859110042652,4.600026943482487,4.491101285822859,4.583269119262695,109151777,5.39789380816021,0.0,0.72328132
2023-05-23,4.5581330363090276,4.65030127845912,4.457586080984246,4.4659647941589355,154714905,5.5396764507319025,0.0,0.70476955
2023-05-24,4.45758570365757,4.4659644161230165,4.331901820371468,4.340280532836914,153706577,5.700092381777297,0.0,0.68493551
2023-05-25,4.331901886768033,4.357038424087699,4.256491475732919,4.315144062042236,106044702,5.73329641937638,0.0,0.6809687
2023-05-26,4.306764551560253,4.3989327787961505,4.281628016565566,4.3570380210876465,64151100,5.678169407808877,0.0,0.68758005
2023-05-29,4.348659132086051,4.440827355566627,4.348659132086051,4.4156904220581055,113635451,5.602747845821346,0.0,0.69683594
2023-05-30,4.40731189015306,4.424069713328858,4.290006728384455,4.3570380210876465,114618617,5.678169407808877,0.0,0.68758005
2023-05-31,4.32352290472832,4.348659842342399,4.298386366652311,4.306765079498291,75437326,5.744450775309538,0.0,0.67964644
2023-06-01,4.306764743825114,4.365417327327816,4.256491272053386,4.323522567749023,95875539,5.722185928794748,0.0,0.68229097
2023-06-02,4.323522247159301,4.398932648994221,4.298385712906333,4.365417003631592,107823356,5.667270727955379,0.0,0.68890232
2023-06-05,4.357038518384977,4.440828043365433,4.331901980521292,4.407312393188477,96121856,5.613398323712155,0.0,0.69551367
2023-06-06,4.382175575554975,4.474343815829667,4.357038637466213,4.373796463012695,134600858,5.656413189140254,0.0,0.69022459
2023-06-07,4.398932945951323,4.440827705251787,4.3570381866508585,4.424069881439209,82549337,5.59213589816799,0.0,0.69815821
2023-06-08,4.424070178655136,4.583269315800863,4.36541759160172,4.549753665924072,152132658,5.437657028619639,0.0,0.71799225
2023-06-09,4.549753354731642,4.6335428732306765,4.516237707147242,4.616785049438477,131108920,5.358707354809391,0.0,0.7285704
2023-06-12,4.608406263509294,4.616785375766672,4.507859313649136,4.574890613555908,145097109,5.4077795710989545,0.0,0.72195905
2023-06-13,4.558132454311106,4.6167850371973085,4.558132454311106,4.591648101806641,62690407,5.388043563326585,0.0,0.72460359
2023-06-14,4.5916486046161955,4.600027317638576,4.382175585061694,4.398933410644531,164970052,5.624090589808473,0.0,0.6941914
2023-06-15,4.432448294356851,4.432448294356851,4.3486591809502775,4.365417003631592,124695892,5.667270727955379,0.0,0.68890232
2023-06-16,4.3737962378289525,4.398933174623545,4.2732492897266905,4.2900071144104,163641480,5.766890203257892,0.0,0.6770019
2023-06-19,4.290007170694597,4.298386282915413,4.206218046176746,4.239733695983887,144977251,5.835272159530943,0.0,0.66906828
2023-06-20,4.231355381761392,4.248113208243021,4.147565849815147,4.172702789306641,135404043,5.929010823248913,0.0,0.65849013
2023-06-21,4.172702581958015,4.239733884553633,4.147565643715619,4.181081295013428,90697453,5.91712962613432,0.0,0.6598124
2023-06-26,4.1643229704842,4.172702082073886,4.055397316584508,4.0889129638671875,124602694,6.050507853461755,0.0,0.64526743
2023-06-27,4.080534407797407,4.164323537411073,4.055397868682349,4.15594482421875,106270818,5.952918300509612,0.0,0.65584559
2023-06-28,4.147565572041479,4.172702509849484,4.114049921322855,4.139186859130859,85470370,5.977019362009395,0.0,0.65320105
2023-06-29,4.139186434791206,4.139186434791206,4.080533852277502,4.0889129638671875,86596535,6.050507853461755,0.0,0.64526743
2023-06-30,4.088912757944283,4.122428403539071,4.055397112349494,4.097291469573975,114058245,6.038135237318716,0.0,0.64735711
2023-07-03,4.105671483380124,4.18946061578827,4.0889136568984945,4.172702789306641,162563605,5.929010823248913,0.0,0.65927165
2023-07-04,4.155944962825012,4.206218442269899,4.130808023333518,4.172702789306641,103353025,5.929010823248913,0.0,0.65927165
2023-07-05,4.172702641071728,4.172702641071728,4.122429163412802,4.130807876586914,81215304,5.989143223102756,0.0,0.65265246
2023-07-06,4.12242875317375,4.172702225829766,4.088913104736406,4.105670928955078,95837005,6.025811719473705,0.0,0.64868095
2023-07-07,4.105670787508527,4.114049499560181,4.072155140225848,4.0889129638671875,62137366,6.050507853461755,0.0,0.64603327
2023-07-10,4.1140492923713685,4.130807115168762,4.088912757944283,4.097291469573975,58963901,6.038135237318716,0.0,0.64735711
2023-07-11,4.114049921322855,4.155944684490172,4.097292095963542,4.139186859130859,92387674,5.977019362009395,0.0,0.6539763
2023-07-12,4.139186998296016,4.20621830198695,4.1308078855656065,4.15594482421875,117293579,5.952918300509612,0.0,0.65662398
2023-07-13,4.198281134738748,4.295504605339225,4.171765489501569,4.286665916442871,155202187,11.787715904375967,0.2579,0.64206175
2023-07-14,4.286665916442871,4.366212430702523,4.268988960102046,4.286665916442871,114261482,11.787715904375967,0.0,0.64206175
2023-07-17,4.2689889520458975,4.286665908353363,4.198281126816034,4.224796772003174,72539100,11.960338621457849,0.0,0.63279488
2023-07-18,4.2247968985483695,4.251312123077836,4.189442563422587,4.207119941711426,79250937,12.010591734982667,0.0,0.6301472
2023-07-19,4.198281126816034,4.233635039430966,4.180604170508568,4.224796772003174,52924517,11.960338621457849,0.0,0.63279488
2023-07-20,4.224796205650328,4.268988379768893,4.21595751795552,4.2336344718933105,90445592,11.935371448684053,0.0,0.63411872
2023-07-21,4.215957766288835,4.242473409483289,4.189442123094379,4.1982808113098145,79078352,12.035879035027017,0.0,0.62882337
2023-07-24,4.189442123094379,4.233634721267855,4.171765168115359,4.1982808113098145,48178802,12.035879035027017,0.0,0.62882337
2023-07-25,4.24247355366501,4.392727465367178,4.24247355366501,4.383889198303223,162573511,5.882904159617442,0.0,0.65662398
2023-07-26,4.375050761891348,4.401566407514859,4.313181624522972,4.348535537719727,72992492,5.9307322606184085,0.0,0.65132862
2023-07-27,4.357373902227132,4.428082151645507,4.348535634457272,4.401566505432129,97284678,5.859277593141362,0.0,0.65927165
2023-07-28,4.3750502890872,4.631366342789983,4.357373334399141,4.622528076171875,215154147,5.57919813033518,0.0,0.69236762
2023-07-31,4.613689638332641,4.746267016409551,4.534143548647989,4.587174415588379,155685435,5.622197384158548,0.0,0.68707227
2023-08-01,4.56949714283097,4.631366272575278,4.534143233990841,4.5606584548950195,84712721,5.654885200254193,0.0,0.68310075
2023-08-02,4.534143698197245,4.534143698197245,4.348535447058045,4.3573737144470215,228509579,5.918702799003073,0.0,0.65265246
2023-08-03,4.348535634457272,4.436920419415367,4.330858677465653,4.401566505432129,122199048,5.859277593141362,0.0,0.65927165
2023-08-04,4.428082247807239,4.534143992060225,4.428082247807239,4.454597473144531,139836580,5.789524228727823,0.0,0.66721469
2023-08-07,4.428082060238033,4.463435973491472,4.392727725532704,4.410404682159424,96030543,5.847535965196893,0.0,0.66059549
2023-08-08,4.401566379239057,4.46343593766187,4.401566379239057,4.419243335723877,72261529,5.835840672433932,0.0,0.66191933
2023-08-09,4.401566379239057,4.42808202469223,4.3927276902707035,4.419243335723877,50014659,5.835840672433932,0.0,0.66191933
2023-08-10,4.4192433711987285,4.436920327825447,4.375050768905985,4.410404682159424,45627171,5.847535965196893,0.0,0.66059549
2023-08-11,4.4104046750881025,4.428082053138369,4.330858581121349,4.348535537719727,78647974,5.9307322606184085,0.0,0.65132862
2023-08-14,4.313181047403301,4.330858001636436,4.260150184703895,4.295504093170166,86669510,6.003951908928686,0.0,0.64338559
2023-08-15,4.286665766133799,4.410404456180758,4.286665766133799,4.3750505447387695,111283079,5.89478903986923,0.0,0.65530014
2023-08-16,4.357373452616356,4.3662121409261045,4.286665631945788,4.33085823059082,92934872,5.954939789493341,0.0,0.64868095
2023-08-17,4.313181561680049,4.330858518020874,4.242473736316751,4.286665916442871,106944974,6.016330757448173,0.0,0.64206175
2023-08-18,4.277826927516373,4.419242554392348,4.277826927516373,4.322019100189209,145068518,5.967118469900091,0.0,0.64735711
2023-08-21,4.330858253633443,4.348535208895137,4.26015043258667,4.26015043258667,81455796,6.053776834434665,0.0,0.63809024
2023-08-22,4.286665978899461,4.348535537719727,4.26015075472784,4.348535537719727,95889082,5.9307322606184085,0.0,0.65132862
2023-08-23,4.330857877187093,4.366211784637451,4.304342235873414,4.313180923461914,74106300,5.979345744509141,0.0,0.64603327
2023-08-24,4.322019956739423,4.3396969136021895,4.2601508184456875,4.268989086151123,102019215,6.041242898386513,0.0,0.63941407
2023-08-25,4.260150692657575,4.313181561680049,4.242473736316751,4.286665916442871,101164736,6.016330757448173,0.0,0.64206175
2023-08-28,4.436920419415367,4.5253052043734625,4.357373902227132,4.401566505432129,188491232,5.859277593141362,0.0,0.65927165
2023-08-29,4.392727718489725,4.392727718489725,4.304342935497838,4.348535537719727,140770233,5.9307322606184085,0.0,0.65132862
2023-08-30,4.33085823059082,4.375050407783998,4.277827365087894,4.33085823059082,126678820,5.954939789493341,0.0,0.64868095
2023-08-31,4.330858001636436,4.348534955869571,4.260150184703895,4.295504093170166,106306777,6.003951908928686,0.0,0.64338559
2023-09-01,4.30434258711343,4.348535185758462,4.30434258711343,4.33085823059082,95507156,5.954939789493341,0.0,0.64868095
2023-09-04,4.3573737773010635,4.46343593766187,4.348535509784597,4.419243335723877,166131406,5.835840672433932,0.0,0.66191933
2023-09-05,4.410404711126553,4.410404711126553,4.3220199274124536,4.339696884155273,92388698,5.94281137333859,0.0,0.65000478
2023-09-06,4.322019892096216,4.366212494318104,4.304342935497838,4.348535537719727,87789941,5.9307322606184085,0.0,0.65132862
2023-09-07,4.339696884155273,4.40156644348109,4.3220199274124536,4.339696884155273,90894753,5.94281137333859,0.0,0.65000478
2023-09-08,4.33085823059082,4.348535185758462,4.313181275423179,4.33085823059082,40524015,5.954939789493341,0.0,0.64868095
2023-09-11,4.330857877187093,4.339696143323772,4.286665282148235,4.313180923461914,70358592,5.979345744509141,0.0,0.64603327
2023-09-12,4.313180923461914,4.313180923461914,4.2955039697367345,4.313180923461914,50341089,5.979345744509141,0.0,0.64603327
2023-09-13,4.313181275423179,4.339696497448713,4.295504320255537,4.33085823059082,68695885,5.954939789493341,0.0,0.64868095
2023-09-14,4.330858366162219,4.383889233325201,4.313181410441224,4.3750505447387695,125956823,5.89478903986923,0.0,0.65530014
2023-09-15,4.375050768905985,4.472274241078886,4.366212501318571,4.410404682159424,172422815,5.847535965196893,0.0,0.66059549
2023-09-18,4.392727725532704,4.410404682159424,4.357373812279266,4.410404682159424,84294582,5.847535965196893,0.0,0.66059549
2023-09-19,4.392727786780972,4.4899512603094704,4.383889519070324,4.472274303436279,118975008,5.766640919181593,0.0,0.66986236
2023-09-20,4.472273928142076,4.534143482732362,4.445758705783281,4.525304794311523,103095691,5.699063637087825,0.0,0.6778054
2023-09-21,4.5164670346847275,4.54298226002202,4.445759205182736,4.454597473144531,80867266,5.789524228727823,0.0,0.66721469
2023-09-22,4.4722742679084035,4.498789913733497,4.41924339771011,4.481112957000732,76374439,5.7552666597499895,0.0,0.6711862
2023-09-25,4.481112992598823,4.5164669063452045,4.436920389689897,4.472274303436279,87377407,5.766640919181593,0.0,0.66986236
2023-09-26,4.472274077979743,4.525304945925921,4.428081898750532,4.436920166015625,94338554,5.812590498593429,0.0,0.66456701
2023-09-27,4.454597412566509,4.463436101860014,4.383889584026072,4.392727851867676,84987679,5.871067106748885,0.0,0.65794782
2023-09-28,4.4104048090027845,4.436920455431399,4.383889584026072,4.392727851867676,65054202,5.871067106748885,0.0,0.65794782
2023-10-09,4.3750505097874015,4.401566153882999,4.330858331563893,4.383889198303223,64731240,5.882904159617442,0.0,0.63562492
2023-10-10,4.401566315747547,4.428081960818239,4.348535447058045,4.3573737144470215,69777700,5.918702799003073,0.0,0.63178042
2023-10-11,4.375050761891348,4.392727718489725,4.313181624522972,4.348535537719727,90116845,5.9307322606184085,0.0,0.63049891
2023-10-12,4.401566475943516,4.472274303436279,4.383889519070324,4.472274303436279,162418912,5.766640919181593,0.0,0.64843994
2023-10-13,4.445758953516871,4.542982002852545,4.428081997142032,4.489951133728027,130447503,5.743937791720785,0.0,0.65100294
2023-10-16,4.498789537368129,4.5518204031299,4.4545969385073905,4.534143447875977,89536131,5.687954140948353,0.0,0.65741045
2023-10-17,4.52530463528885,4.5606585448261185,4.498789413861822,4.551820278167725,74285584,5.665865175674605,0.0,0.65997346
2023-10-18,4.542981714777009,4.578335625284858,4.516466492622053,4.534143447875977,77866510,5.687954140948353,0.0,0.65741045
2023-10-19,4.534143763601151,4.534143763601151,4.410404646755524,4.419243335723877,90879492,5.835840672433932,0.0,0.64075093
2023-10-20,4.401566407514859,4.401566407514859,4.339696848694594,4.348535537719727,106199600,5.9307322606184085,0.0,0.63049891
2023-10-23,4.330858645896754,4.366212559622287,4.23363517242559,4.268989086151123,105138500,6.041242898386513,0.0,0.6189654
2023-10-24,4.286665621660034,4.295504309948575,4.171765202620135,4.189442157745361,132028898,6.155950847136041,0.0,0.60743188
2023-10-25,4.224796454504269,4.233634721267855,4.180603856330794,4.1982808113098145,120006378,6.142990704796096,0.0,0.60871338
2023-10-26,4.189442313495849,4.260150558077323,4.171765357713449,4.242473602294922,95002372,6.079000700452012,0.0,0.61512089
2023-10-27,4.2336344718933105,4.277827067463702,4.198280564017728,4.2336344718933105,101758012,6.0916926511292635,0.0,0.61383939
2023-10-30,4.207120209349093,4.207120209349093,4.003834982066227,4.030350208282471,288566250,6.398947651497109,0.0,0.58436485
2023-10-31,4.021511904043625,4.0568658196502225,3.986157988437028,4.039188861846924,116710174,6.3849453150372115,0.0,0.58564635
2023-11-01,4.048026876659111,4.092219479127328,4.030349919962203,4.07454252243042,122398139,6.329544938609832,0.0,0.59077236
2023-11-02,4.0745421480870805,4.145249968378525,4.065703459824723,4.127573013305664,113313442,6.248223815027193,0.0,0.59846137
2023-11-03,4.127573173815803,4.136411440970003,4.092219262295263,4.101057529449463,78925600,6.288621852974133,0.0,0.59461686
2023-11-06,4.109896344338791,4.118734611764562,4.065703742854292,4.083380699157715,101084522,6.315845104846517,0.0,0.59205386
2023-11-07,4.074542558017564,4.083380825717266,4.039188644314965,4.065703868865967,79890165,6.343305078732535,0.0,0.58949086
2023-11-08,4.048027166243941,4.065704124205411,4.021511940027697,4.030350208282471,72324271,6.398947651497109,0.0,0.58436485
2023-11-09,4.030349919962203,4.083380790052928,4.021511652339694,4.07454252243042,73871968,6.329544938609832,0.0,0.59077236
2023-11-10,4.065704087825912,4.083381045629211,4.021511904043625,4.039188861846924,71321347,6.3849453150372115,0.0,0.58564635
2023-11-13,4.030349468941312,4.048026423660061,3.959641650066317,4.003834247589111,129660512,6.4413255907207745,0.0,0.58052034
2023-11-14,3.9949955595038147,4.0215112023078605,3.9684799166997693,4.003834247589111,102504325,6.4413255907207745,0.0,0.58052034
2023-11-15,4.021511940027697,4.048027166243941,4.003834982066227,4.030350208282471,90874479,6.398947651497109,0.0,0.58436485
2023-11-16,4.030349378639093,4.04802633296178,4.012672424316406,4.012672424316406,59512800,6.427138144572954,0.0,0.58180184
2023-11-17,4.012672674583277,4.021511363021799,3.97731876373291,3.97731876373291,68161595,6.484267802511964,0.0,0.57667584
2023-11-20,3.9861573273148343,4.00383428218633,3.9684799509914903,3.994995594024658,61421883,6.45557658150469,0.0,0.57923884
2023-11-21,3.9949954358972173,4.039188032052677,3.9949954358972173,4.021511077880859,95683938,6.413012298250358,0.0,0.58308335
2023-11-22,4.012672548896154,4.030349503767649,3.994995594024658,3.994995594024658,50624666,6.45557658150469,0.0,0.57923884
2023-11-23,3.9949955595038147,4.012672514222563,3.9861572928703626,4.003834247589111,46603962,6.4413255907207745,0.0,0.58052034
2023-11-24,4.003834157880981,4.021511112203667,3.99499546999372,4.012672424316406,72667074,6.427138144572954,0.0,0.58180184
2023-11-27,4.012672722250584,4.021511410794103,3.915449255531211,3.933126211166382,131209352,6.557124947269843,0.0,0.57026833
2023-11-28,3.933126211166382,3.9596418553450716,3.906610988439559,3.933126211166382,86817041,6.557124947269843,0.0,0.57026833
2023-11-29,3.9331266083913117,3.9331266083913117,3.8270648638686127,3.8447418212890625,173181350,6.70786263389544,0.0,0.55745331
2023-11-30,3.844741569348353,3.9066111269916535,3.8359033019432425,3.8800954818725586,121728934,6.6467436485747475,0.0,0.56257932
2023-12-01,3.880095558504559,3.924288160758562,3.880095558504559,3.906611204147339,89850487,6.601629558790188,0.0,0.56642382
2023-12-04,3.9066108520363954,3.9242878070543576,3.8800952087835254,3.8889338970184326,60524182,6.631637534331112,0.0,0.56386082
2023-12-05,3.8889344255661418,3.8889344255661418,3.8447418212890625,3.8447418212890625,62398335,6.70786263389544,0.0,0.55745331
2023-12-06,3.844741434820468,3.8535801233681934,3.782872300793856,3.8359031677246094,70403341,6.723318830620581,0.0,0.55617181
2023-12-07,3.8359032027886766,3.844741469965326,3.7828723353731672,3.8270645141601562,85013557,6.738846419906663,0.0,0.5548903
2023-12-08,3.827064265431039,3.9066107721103402,3.8093873107747322,3.8624181747436523,105931464,6.6771641063209515,0.0,0.56001631
2023-12-11,3.8447413097561425,3.871256953084934,3.782872177742051,3.8535799980163574,110281993,6.692478166607541,0.0,0.55873481
2023-12-12,3.8447412099170872,3.8977720737457275,3.8270642553075405,3.8977720737457275,87122126,6.61660033271674,0.0,0.56514232
2023-12-13,3.897772693550412,3.897772693550412,3.8447418212890625,3.8447418212890625,65207314,6.70786263389544,0.0,0.55745331
2023-12-14,3.8624185530312025,3.8712572419509437,3.809387683868408,3.809387683868408,64121483,6.770116916483131,0.0,0.5523273
2023-12-15,3.8270644791768835,3.871257079011778,3.818226212081025,3.8359031677246094,77276387,6.723318830620581,0.0,0.55617181
2023-12-18,3.8182263727881494,3.8359033291757476,3.79171072748081,3.809387683868408,86150229,6.770116916483131,0.0,0.5523273
2023-12-19,3.800549303815992,3.8182262596799412,3.765195392088093,3.791710615158081,89564218,6.801679404778306,0.0,0.5497643
2023-12-20,3.79171059263293,3.8182262369972704,3.7563566811150553,3.765195369720459,80325344,6.849578167285046,0.0,0.54591979
2023-12-21,3.756356793274725,3.7917107058482187,3.738679836987978,3.782872438430786,70828007,6.8175706212018685,0.0,0.5484828
2023-12-22,3.791710615158081,3.8093875710220306,3.7563567034301824,3.791710615158081,94891867,6.801679404778306,0.0,0.5497643
2023-12-25,3.800549394717533,3.8093876621349656,3.7740337495614718,3.782872438430786,66734600,6.8175706212018685,0.0,0.5484828
2023-12-26,3.7828726368902896,3.791710904771401,3.747518301010132,3.747518301010132,66051800,6.881887672983048,0.0,0.54335679
2023-12-27,3.7475180147722713,3.8093875710220306,3.721002791702283,3.791710615158081,85894753,6.801679404778306,0.0,0.5497643
2023-12-28,3.791710949027713,3.853580510725242,3.7828726810434428,3.8447418212890625,138359073,6.70786263389544,0.0,0.55745331
2023-12-29,3.8447418212890625,3.8624187787095123,3.8359035533047923,3.8447418212890625,66568075,6.70786263389544,0.0,0.55745331
2024-01-02,3.8447415610427957,3.87125720610461,3.8093876485949627,3.8182263374328613,81385705,6.754445054019401,0.0,0.54578028
2024-01-03,3.8093873996189895,3.862418264824719,3.8093873996189895,3.8535799980163574,99465801,6.692478166607541,0.0,0.5508338
2024-01-04,3.853580258205345,3.8800954818725586,3.8359033019432425,3.8800954818725586,95374926,6.6467436485747475,0.0,0.55462394
2024-01-05,3.871257042817578,3.986157464152552,3.8624183543524895,3.941964864730835,206139481,6.54242259507328,0.0,0.56346761
2024-01-08,3.9331263370756884,3.9596419821032107,3.8889341572989915,3.915449380874634,123719675,6.586727982226916,0.0,0.55967747
2024-01-09,3.9066111269916535,3.9066111269916535,3.853580258205345,3.8800954818725586,103809404,6.6467436485747475,0.0,0.55462394
2024-01-10,3.8712573051452637,3.9066112184975763,3.8624186160812397,3.8712573051452637,74885309,6.661918329665836,0.0,0.55336056
2024-01-11,3.8624187787095123,3.8889344255661418,3.8359035533047923,3.8447418212890625,86225997,6.70786263389544,0.0,0.54957042
2024-01-12,3.8359031677246094,3.8800953461076366,3.8359031677246094,3.8359031677246094,71175434,6.723318830620581,0.0,0.54830704
2024-01-15,3.83,3.88,3.81,3.87,70525242,6.66,0.0
2024-01-16,3.862418266086377,3.9508030414581303,3.853579999275128,3.95080304145813,158107182,6.527786814318549,0.0,0.56473099
2024-01-17,3.941965025902156,3.986157627130733,3.906611113500046,3.915449380874634,139403088,6.586727982226916,0.0,0.55967747
2024-01-18,3.8977724246735788,3.924288069701101,3.7917106874672495,3.915449380874634,154166827,6.586727982226916,0.0,0.55967747
2024-01-19,3.8889338970184326,3.9066108520363954,3.8624182537655627,3.8889338970184326,90074695,6.631637534331112,0.0,0.55588732
2024-01-22,3.8800951191361808,3.9419646709955156,3.8712568525573285,3.8977720737457275,164969666,6.61660033271674,0.0,0.5571507
2024-01-23,3.880095558504559,3.924288160758562,3.8624186018933355,3.906611204147339,114566147,6.601629558790188,0.0,0.55841409
2024-01-24,3.9242875488938465,3.9684797228056308,3.8977719073853168,3.959641456604004,153086037,6.513215977418032,0.0,0.56599437
2024-01-25,3.95964243225347,4.092219829559326,3.95080374242218,4.092219829559326,227006697,6.302202978860307,0.0,0.58494507
2024-01-26,4.083380449297653,4.145250003299808,4.048026538854095,4.118734359741211,145742279,6.261632275216808,0.0,0.58873521
2024-01-29,4.127572991393735,4.2601503644623095,4.118734303178299,4.1982808113098145,190795502,6.142990704796096,0.0,0.60010563
2024-01-30,4.180604142169262,4.242473699551935,4.10989631741871,4.154088497161865,154170591,6.208341497206935,0.0,0.59378873
2024-01-31,4.136411381526539,4.224796580509594,4.127573114499351,4.180603981018066,147809597,6.168965086647501,0.0,0.59757887
2024-02-01,4.1717655445698725,4.198281190157064,4.136411631421543,4.14525032043457,124680059,6.221578434688182,0.0,0.59252535
2024-02-02,4.154088497161865,4.2071197871766595,4.092219361231072,4.154088497161865,162281773,6.208341497206935,0.0,0.59378873
2024-02-05,4.154088649748702,4.242473855385312,4.136411692911758,4.207119941711426,218287182,6.130084323079417,0.0,0.60136901
2024-02-06,4.20711932200449,4.313181047403301,4.198280634162006,4.295504093170166,200782325,6.003951908928686,0.0,0.61400282
2024-02-07,4.286666036751723,4.295504725896142,4.127573425219234,4.207119941711426,245966237,6.130084323079417,0.0,0.60136901
2024-02-08,4.189442501144037,4.189442501144037,4.056865537563747,4.14525032043457,219024952,6.221578434688182,0.0,0.59252535
2024-02-19,4.162927090548183,4.242473602294922,4.127573178983381,4.242473602294922,212866395,6.079000700452012,0.0,0.60642254
2024-02-20,4.233635137200408,4.286666007347474,4.198281223769031,4.277827739715576,151548162,6.028760756438202,0.0,0.61147606
2024-02-21,4.260150631489385,4.410404547503074,4.24247367540237,4.366212368011475,177550217,5.906721392882148,0.0,0.62410986
2024-02-22,4.339696723155014,4.3750506353290435,4.3220197670679985,4.366212368011475,94992886,5.906721392882148,0.0,0.62410986
2024-02-23,4.375050768905985,4.463435973491472,4.366212501318571,4.410404682159424,117997168,5.847535965196893,0.0,0.63042676
2024-02-26,4.40156647334782,4.410404741053255,4.242473861582921,4.268989086151123,157439281,6.041242898386513,0.0,0.61021268
2024-02-27,4.242473736316751,4.304342872783695,4.242473736316751,4.286665916442871,96162490,6.016330757448173,0.0,0.61273944
2024-02-28,4.286665689834937,4.313181333670407,4.224796556638608,4.251311779022217,120786121,6.066362887628907,0.0,0.60768592
2024-02-29,4.251312003761222,4.286665916442871,4.242473736316751,4.286665916442871,101779411,6.016330757448173,0.0,0.61273944
2024-03-01,4.268989050631785,4.286666007347474,4.251312093916097,4.277827739715576,102602793,6.028760756438202,0.0,0.61147606
2024-03-04,4.260150812222255,4.268989079914779,4.189442563422587,4.207119941711426,159436447,6.130084323079417,0.0,0.60136901
2024-03-05,4.189442445842394,4.286665916442871,4.180604178397923,4.286665916442871,161339202,6.016330757448173,0.0,0.61273944
2024-03-06,4.2778273878483635,4.304342610014975,4.242473477324976,4.26015043258667,103296514,6.053776834434665,0.0,0.6089493
2024-03-07,4.242473826284199,4.304342964063163,4.242473826284199,4.277827739715576,81919214,6.028760756438202,0.0,0.61147606
2024-03-08,4.268988451094547,4.304342359560817,4.260150184703895,4.295504093170166,89970034,6.003951908928686,0.0,0.61400282
2024-03-11,4.295504093170166,4.313181047403301,4.251311496861412,4.295504093170166,85502522,6.003951908928686,0.0,0.61400282
2024-03-12,4.2955044696421245,4.2955044696421245,4.233634913677786,4.242473602294922,108188931,6.079000700452012,0.0,0.60642254
2024-03-13,4.242473444572894,4.242473444572894,4.189442157745361,4.189442157745361,101583798,6.155950847136041,0.0,0.59884225
2024-03-14,4.189442157745361,4.233634756284355,4.171765202620135,4.189442157745361,77082201,6.155950847136041,0.0,0.59884225
2024-03-15,4.189442157745361,4.215957801159128,4.162926935783449,4.189442157745361,85186860,6.155950847136041,0.0,0.59884225
2024-03-18,4.189442563422587,4.21595820940395,4.1629273388931205,4.207119941711426,76386616,6.130084323079417,0.0,0.60136901
2024-03-19,4.207119751547092,4.207119751547092,4.154088461981413,4.162927150726318,111607999,6.195160055947735,0.0,0.59505211
2024-03-20,4.162927025511828,4.198280936524305,4.136411381526539,4.180603981018066,68870160,6.168965086647501,0.0,0.59757887
2024-03-21,4.180604295730063,4.2247968985483695,4.1717656065856445,4.207119941711426,75562397,6.130084323079417,0.0,0.60136901
2024-03-22,4.207119534322442,4.207119534322442,4.154088247494908,4.189442157745361,74710130,6.155950847136041,0.0,0.59884225
2024-03-25,4.189442157745361,4.224796489447669,4.171765202620135,4.189442157745361,89346710,6.155950847136041,0.0,0.59884225
2024-03-26,4.198280878444814,4.26015043258667,4.189442190088039,4.26015043258667,107155667,6.053776834434665,0.0,0.6089493
2024-03-27,4.260150692657575,4.313181561680049,4.251312003761222,4.286665916442871,139706297,6.016330757448173,0.0,0.61273944
2024-03-28,4.268989079914779,4.277827769059199,4.198281252567007,4.207119941711426,129744536,6.130084323079417,0.0,0.60136901
2024-03-29,4.189442123094379,4.242473409483289,4.180603856330794,4.1982808113098145,55545253,6.142990704796096,0.0,0.60010563
2024-04-01,4.1982808113098145,4.215957766288835,4.171765168115359,4.1982808113098145,112695689,6.142990704796096,0.0,0.58370452
2024-04-02,4.1982808113098145,4.215957766288835,4.189442123094379,4.1982808113098145,131179167,6.142990704796096,0.0,0.58370452
2024-04-03,4.189442374057282,4.198281062802186,4.154088461981413,4.162927150726318,108283280,6.195160055947735,0.0,0.57878912
2024-04-08,4.1540882131363395,4.1982808113098145,4.136411258157319,4.1982808113098145,119654833,6.142990704796096,0.0,0.58370452
2024-04-09,4.198281190157064,4.215958146731229,4.14525032043457,4.14525032043457,140256068,6.221578434688182,0.0,0.57633141
2024-04-10,4.145249878102826,4.17176509940874,4.127572923414935,4.136411190032959,123870273,6.234873375776384,0.0,0.57510256
2024-04-11,4.127573173815803,4.136411440970003,4.083380573689193,4.101057529449463,112883368,6.288621852974133,0.0,0.57018715
2024-04-12,4.092219514868864,4.118734739419866,4.0480269120146675,4.065703868865967,141844508,6.343305078732535,0.0,0.56527175
2024-04-15,4.065703559501586,4.189442248045254,4.056865292474398,4.180603981018066,197355128,6.168965086647501,0.0,0.58124682
2024-04-16,4.180603610079937,4.268988379768893,4.171764922385129,4.2336344718933105,211865643,6.0916926511292635,0.0,0.58861993
2024-04-17,4.20711932200449,4.304342359560817,4.171764992086387,4.295504093170166,209406862,6.003951908928686,0.0,0.59722189
2024-04-18,4.27782774628135,4.392727754383733,4.268989057183994,4.339696884155273,201388477,5.94281137333859,0.0,0.60336615
2024-04-19,4.322019189598593,4.357373097048951,4.2955039697367345,4.313180923461914,116712466,5.979345744509141,0.0,0.59967959
2024-04-22,4.330858609862642,4.3750507909259175,4.2601507829998875,4.277827739715576,140341883,6.028760756438202,0.0,0.59476419
2024-04-23,4.268988960102046,4.339696785465345,4.242473736316751,4.286665916442871,138563566,6.016330757448173,0.0,0.59599304
2024-04-24,4.277827422857687,4.295504378264047,4.242473512044968,4.251311779022217,96499881,6.066362887628907,0.0,0.59107763
2024-04-25,4.251312093916097,4.295504696431265,4.22479686956851,4.277827739715576,158763706,6.028760756438202,0.0,0.59476419
2024-04-26,4.268988666534807,4.295504309948575,4.180603890908675,4.189442157745361,218082600,6.155950847136041,0.0,0.58247567
2024-04-29,4.189442157745361,4.224796489447669,4.162926935783449,4.189442157745361,149012587,6.155950847136041,0.0,0.58247567
2024-04-30,4.180604046330584,4.251311869460188,4.180604046330584,4.242473602294922,130014508,6.079000700452012,0.0,0.58984878
2024-05-06,4.286665916442871,4.313181561680049,4.260150692657575,4.286665916442871,162675732,6.016330757448173,0.0,0.59599304
2024-05-07,4.286665405327682,4.313181047403301,4.260150184703895,4.295504093170166,159269142,6.003951908928686,0.0,0.59722189
2024-05-08,4.286666007347474,4.313181653146954,4.277827739715576,4.277827739715576,79411551,6.028760756438202,0.0,0.59476419
2024-05-09,4.277827138937031,4.313181047403301,4.268988451094547,4.295504093170166,102505200,6.003951908928686,0.0,0.59722189
2024-05-10,4.295504640330137,4.44575898117705,4.277827683845317,4.419243335723877,253806031,5.835840672433932,0.0,0.61442581
2024-05-13,4.4015665411611815,4.41924349829629,4.366212626890963,4.392727851867676,144791331,5.871067106748885,0.0,0.61073926
2024-05-14,4.410404420946954,4.4369200650425515,4.366212242723446,4.383889198303223,111773731,5.882904159617442,0.0,0.60951041
2024-05-15,4.3750506353290435,4.41924323627252,4.357373679242029,4.366212368011475,98493358,5.906721392882148,0.0,0.6070527
2024-05-16,4.3750505747590545,4.481112731264654,4.3750505747590545,4.445758819580078,162214487,5.801034434530117,0.0,0.61811237
2024-05-17,4.445759078852441,4.481112992598823,4.392727786780972,4.472274303436279,186231209,5.766640919181593,0.0,0.62179892
2024-05-20,4.463435909891711,4.551820691765907,4.445758953516871,4.489951133728027,146997021,5.743937791720785,0.0,0.62425663
2024-05-21,4.481112957000732,4.507628181373933,4.463436000267968,4.481112957000732,96483714,5.7552666597499895,0.0,0.62302777
2024-05-22,4.481112356093,4.551820173542289,4.47227366818592,4.498789310455322,127159191,5.7326534363508115,0.0,0.62548548
2024-05-23,4.489951351833313,4.498790041176026,4.445759169475464,4.463436126708984,105216648,5.77805960875611,0.0,0.62057007
2024-05-24,4.463436126708984,4.534143955643067,4.445759169475464,4.463436126708984,119887271,5.77805960875611,0.0,0.62057007
2024-05-27,4.472273770982947,4.5606585448261185,4.472273770982947,4.551820278167725,145600306,5.665865175674605,0.0,0.63285859
2024-05-28,4.5518204031299,4.578335625284858,4.516466492622053,4.534143447875977,98827475,5.687954140948353,0.0,0.63040088
2024-05-29,4.525305138106698,4.534143827199027,4.445759043535203,4.481112957000732,118156543,5.7552666597499895,0.0,0.62302777
2024-05-30,4.463436126708984,4.498790041176026,4.436920480132751,4.463436126708984,97385851,5.77805960875611,0.0,0.62057007
2024-05-31,4.472274042617574,4.5076279543021505,4.445758819580078,4.445758819580078,101993957,5.801034434530117,0.0,0.61811237
2024-06-03,4.4634358107146515,4.472274077979743,4.401566254051506,4.436920166015625,127100510,5.812590498593429,0.0,0.61688352
2024-06-04,4.4369205157690335,4.472274430520029,4.401566601018038,4.454597473144531,125545125,5.789524228727823,0.0,0.61934122
2024-06-05,4.454597121997684,4.48111276669671,4.4192432100335655,4.436920166015625,89349294,5.812590498593429,0.0,0.61688352
2024-06-06,4.428082060238033,4.445759016864752,4.392727725532704,4.410404682159424,103988973,5.847535965196893,0.0,0.61319696
2024-06-07,4.410404833556518,4.463436126708984,4.40156656566571,4.463436126708984,145613394,5.77805960875611,0.0,0.62057007
2024-06-11,4.445759009736747,4.463435966335124,4.348535537719727,4.348535537719727,163269517,5.9307322606184085,0.0,0.604595
2024-06-12,4.339696177627277,4.348534865285644,4.2601500959611025,4.304342269897461,162205596,5.9916238957954375,0.0,0.59845074
2024-06-13,4.295504732171221,4.322019956739423,4.242473861582921,4.268989086151123,129051034,6.041242898386513,0.0,0.59353534
2024-06-14,4.2601503644623095,4.304342541183934,4.1982808113098145,4.1982808113098145,339752784,6.142990704796096,0.0,0.58370452
2024-06-17,4.198280936524305,4.215957892030543,4.162927025511828,4.180603981018066,191437525,6.168965086647501,0.0,0.58124682
2024-06-18,4.180603856330794,4.20711949952525,4.1540882131363395,4.1982808113098145,151222938,6.142990704796096,0.0,0.58370452
2024-06-19,4.198281002112985,4.260150558077323,4.189442313495849,4.242473602294922,157971259,6.079000700452012,0.0,0.58984878
2024-06-20,4.242473602294922,4.268988825242588,4.224796646512521,4.242473602294922,104969670,6.079000700452012,0.0,0.58984878
2024-06-21,4.242473512044968,4.268988734428577,4.233634823615857,4.251311779022217,114079647,6.066362887628907,0.0,0.59107763
2024-06-24,4.2601500959611025,4.32201922376237,4.233634454437829,4.304342269897461,151788601,5.9916238957954375,0.0,0.59845074
2024-06-25,4.304342269897461,4.330857911420735,4.286665316032553,4.304342269897461,118165884,5.9916238957954375,0.0,0.59845074
2024-06-26,4.3131815345983755,4.375050670676855,4.304342845757518,4.3573737144470215,130611408,5.918702799003073,0.0,0.60582385
2024-06-27,4.366212342087388,4.454597121997684,4.348535386105328,4.436920166015625,154809518,5.812590498593429,0.0,0.61688352
2024-06-28,4.445759043535203,4.489951224641168,4.41924339771011,4.481112957000732,130860663,5.7552666597499895,0.0,0.62302777
2024-07-01,4.48111286626655,4.534143735391068,4.472274177353189,4.489951133728027,126996107,5.743937791720785,0.0,0.62576182
2024-07-02,4.489950637214761,4.578335409315084,4.481112370730648,4.5606584548950195,143910581,5.654885200254193,0.0,0.63561634
2024-07-03,4.569497393511994,4.596012615870788,4.49878957195273,4.525304794311523,101726299,5.699063637087825,0.0,0.63068908
2024-07-04,4.542981940373099,4.596012808768285,4.5253049842413695,4.569497585296631,105147276,5.643946521163515,0.0,0.63684815
2024-07-05,4.569497585296631,4.569497585296631,4.569497585296631,4.569497585296631,0,5.643946521163515,0.0,0.61960275
2024-07-08,4.44575879461218,4.534143573327241,4.428081838869168,4.5164666175842285,123584956,5.710216012577234,0.0,0.62945727
2024-07-09,4.507628181373933,4.516466870466262,4.45459731117564,4.481112957000732,127293825,5.7552666597499895,0.0,0.62453001
2024-07-10,4.489950849015238,4.5518204031299,4.481112582114205,4.534143447875977,130350090,5.687954140948353,0.0,0.63192089
2024-07-11,4.581635695581233,4.590947732208144,4.441951593829411,4.4978251457214355,206234331,11.536686802811902,0.261,0.59496646
2024-07-12,4.497825397445534,4.590947989143916,4.479200879105857,4.58163595199585,161942920,11.325648860729693,0.0,0.60605279
2024-07-15,4.581636312114943,4.684071393056389,4.553699310387794,4.6747589111328125,152037648,11.100037667488127,0.0,0.61837093
2024-07-16,4.684071128721143,4.702695647473683,4.618885091065477,4.656134128570557,116747491,11.144438404726616,0.0,0.6159073
2024-07-17,4.656134391329239,4.7213204326635365,4.637509871525665,4.6747589111328125,115780183,11.100037667488127,0.0,0.61837093
2024-07-18,4.665446609968603,4.674758647323096,4.609572609667429,4.656134128570557,104427568,11.144438404726616,0.0,0.6159073
2024-07-19,4.65613434245353,4.65613434245353,4.553699262587352,4.637509822845459,141860892,11.189194628629725,0.0,0.61344368
2024-07-22,4.609572357765655,4.618884838654798,4.5257622499810175,4.572323322296143,127090997,11.348716252625314,0.0,0.60482097
2024-07-23,4.5630118574178855,4.693383497903087,4.553699375361436,4.646821975708008,178270556,11.166771671319266,0.0,0.61467549
2024-07-24,4.646821582961452,4.702695582490543,4.637509545735634,4.684071063995361,122671025,11.077970272239957,0.0,0.61960275
2024-07-25,4.693383497903087,4.721320500028851,4.5816363774872,4.646821975708008,134050470,11.166771671319266,0.0,0.61467549
2024-07-26,4.656134461040158,4.665446943103159,4.488513780298403,4.544387340545654,141290287,5.743348452525642,0.0,0.60112553
2024-07-29,4.516449966248677,4.628197077535315,4.497825447700904,4.618885040283203,108644626,5.650714354735207,0.0,0.61098005
2024-07-30,4.609572507483593,4.646821544162946,4.57232347080424,4.58163595199585,90720516,5.696655140972153,0.0,0.60605279
2024-07-31,4.590947732208144,4.609572249505486,4.488513109094524,4.4978251457214355,188336522,5.802804500932561,0.0,0.59496646
2024-08-01,4.4885133211066375,4.553698912704575,4.44195180364222,4.479200839996338,151170148,5.826932288220713,0.0,0.59250283
2024-08-02,4.469888950902433,4.507137988489657,4.451264432108821,4.488513469696045,105311801,5.8148427483202925,0.0,0.59373464
2024-08-05,4.469889015825082,4.497825572399486,4.432639977696836,4.46057653427124,138720121,5.851261557664129,0.0,0.5900392
2024-08-06,4.460576699521091,4.46988918141993,4.386078620504689,4.404703140258789,112082833,5.925484458066464,0.0,0.58264831
2024-08-07,4.404703140258789,4.44195217976699,4.3953906583599505,4.404703140258789,81176097,5.925484458066464,0.0,0.58264831
2024-08-08,4.4140149136319735,4.42332739497282,4.386078357696533,4.386078357696533,63545500,5.950646083237582,0.0,0.58018468
2024-08-09,4.404703140258789,4.44195217976699,4.386078620504689,4.404703140258789,82107000,5.925484458066464,0.0,0.58264831
2024-08-12,4.4047029921447765,4.432639992858297,4.376765991431255,4.395390510559082,71040683,5.938038938132974,0.0,0.5814165
2024-08-13,4.395390286177802,4.4885133211066375,4.386078249111042,4.479200839996338,142599982,5.826932288220713,0.0,0.59250283
2024-08-14,4.469889015825082,4.516450091463609,4.441952015207118,4.46057653427124,95277931,5.851261557664129,0.0,0.5900392
2024-08-15,4.460576844048189,4.525762887321422,4.451264805891208,4.51645040512085,128620637,5.778874483024823,0.0,0.59743009
2024-08-16,4.525762447544338,4.628197077535315,4.507137928996564,4.618885040283203,162686819,5.650714354735207,0.0,0.61098005
2024-08-19,4.618884932026731,4.712007522583008,4.590947932838079,4.712007522583008,162078838,5.539040393062153,0.0,0.62329819
2024-08-20,4.712007670912171,4.749256708307243,4.684071114887643,4.721320152282715,138845023,5.528114840375926,0.0,0.62453001
2024-08-21,4.702695633585178,4.739944670980251,4.6561341148195625,4.721320152282715,101899242,5.528114840375926,0.0,0.62453001
2024-08-22,4.721320463358351,4.80513058099752,4.7120079813742315,4.777194023132324,144761346,5.463458229583624,0.0,0.63192089
2024-08-23,4.7865060610728625,4.81444306298164,4.7306325012988895,4.777194023132324,114446383,5.463458229583624,0.0,0.63192089
2024-08-26,4.767881655623048,4.805130696366698,4.730632614879399,4.786506175994873,94161431,5.452829065779932,0.0,0.63315271
2024-08-27,4.786505750016423,4.8610038248737135,4.777193712681038,4.823754787445068,125107722,5.410722797919011,0.0,0.63807997
2024-08-28,4.814443279696261,4.842379838818977,4.730632714240909,4.758569717407227,96169500,5.484841359899409,0.0,0.62945727
2024-08-29,4.758569319971182,4.7678813575531445,4.5536991646452245,4.563011646270752,173825830,5.719906505461355,0.0,0.60358916
2024-08-30,4.553699298291594,4.590948337799796,4.404703140258789,4.404703140258789,307456038,5.925484458066464,0.0,0.58264831
2024-09-02,4.395390298056786,4.460576333874434,4.367453742737466,4.41401481628418,212353240,5.912984230073697,0.0,0.58388012
2024-09-03,4.414015297351863,4.414015297351863,4.283643655551369,4.311580657958984,222445242,6.053464395202853,0.0,0.57033016
2024-09-04,4.292955990471828,4.330205029708773,4.24639446940386,4.302268028259277,170677816,6.066567640268617,0.0,0.56909835
2024-09-05,4.320892547877749,4.348829549327245,4.283643508640805,4.302268028259277,131490635,6.066567640268617,0.0,0.56909835
2024-09-06,4.3115805414882855,4.44195217976699,4.302268059589447,4.404703140258789,176142051,5.925484458066464,0.0,0.58264831
2024-09-09,4.39539077709465,4.39539077709465,4.292956137701771,4.311580657958984,159027800,6.053464395202853,0.0,0.57033016
2024-09-10,4.320892810821533,4.348829813971109,4.274331730963709,4.320892810821533,134620183,6.040418298420506,0.0,0.57156198
2024-09-11,4.302268028994233,4.311580510826848,4.171896391642656,4.199833393096924,170632290,6.214532234278481,0.0,0.55554839
2024-09-12,4.199833294926886,4.246394370870881,4.143959293324391,4.22776985168457,139793383,6.173467552780897,0.0,0.55924383
2024-09-13,4.218457749308976,4.311580343809974,4.218457749308976,4.255706787109375,134863307,6.132941319890141,0.0,0.56293928
2024-09-18,4.28364344332606,4.339517001329546,4.274331405680596,4.330204963684082,107427340,6.027428313184155,0.0,0.57279379
2024-09-19,4.33951721632301,4.358141736580223,4.292956137701771,4.311580657958984,117273955,6.053464395202853,0.0,0.57033016
2024-09-20,4.3208923204412555,4.404702876334676,4.3022678018031115,4.386078357696533,147025607,5.950646083237582,0.0,0.58018468
2024-09-23,4.38607855497223,4.451264595159425,4.358141553736697,4.432640075683594,83463489,5.888138796375184,0.0,0.58634375
2024-09-24,4.460576154607514,4.609572294438631,4.441951637128625,4.600260257720947,215408882,5.67359204431847,0.0,0.60851642
2024-09-25,4.646821794882134,4.758569354993074,4.5909482368484476,4.665446758270264,215840283,5.594319548011882,0.0,0.61713912
2024-09-26,4.6654468071927955,4.805130481719971,4.656134325401079,4.805130481719971,272632417,5.431694331567381,0.0,0.63561634
2024-09-27,4.84237952109326,4.926190081049504,4.674758845224345,4.702695846557617,130864086,5.5500080914450916,0.0,0.62206638
2024-09-30,4.75856932464187,4.98206355535112,4.656134246878349,4.898253440856934,534112226,5.328429881209636,0.0,0.6276818
2024-10-08,5.382491719664287,5.391803757834777,4.963439344946039,5.0565619468688965,534711176,5.1616098594740905,0.0,0.6479681
2024-10-09,5.000688158910301,5.02862516024188,4.786505962180109,4.805130481719971,342051429,5.431694331567381,0.0,0.61574869
2024-10-10,4.842379535611819,5.149684775024892,4.842379535611819,5.075186252593994,349996457,5.142668406831365,0.0,0.65035472
2024-10-11,5.028625175623703,5.280056412202709,5.010000656026872,5.075186252593994,255569539,5.142668406831365,0.0,0.65035472
2024-10-14,5.205558463042055,5.2986810633379555,5.103123380694773,5.252119541168213,346349681,4.969422305683975,0.0,0.67302764
2024-10-15,5.214870304154702,5.242807305210461,5.103123188018799,5.103123188018799,209730582,5.1145149819777105,0.0,0.65393466
2024-10-16,5.0658742765957205,5.345242073955078,5.0658742765957205,5.280056476593018,242126428,4.943128944870899,0.0,0.67660757
2024-10-17,5.252119541168213,5.429052703752216,5.252119541168213,5.252119541168213,193372195,4.969422305683975,0.0,0.67302764
2024-10-18,5.289368581286573,5.3266176214049334,5.140372420813133,5.252119541168213,257503704,4.969422305683975,0.0,0.67302764
2024-10-21,5.214870620323883,5.214870620323883,5.075186494663399,5.158997058868408,234608664,5.059122868685035,0.0,0.66109452
2024-10-22,5.1310605001624685,5.205558582103102,5.121748017898092,5.158997058868408,136156561,5.059122868685035,0.0,0.66109452
2024-10-23,5.168309211730957,5.205558250327209,5.140372210761985,5.168309211730957,121695145,5.0500074455217545,0.0,0.66228784
2024-10-24,5.149685020647627,5.22418310258826,5.1310605001624685,5.158997058868408,96563959,5.059122868685035,0.0,0.66109452
2024-10-25,5.158996862342333,5.168309344251961,5.056561781554312,5.112435340881348,129829319,5.105199041109152,0.0,0.65512797
2024-10-28,5.0844988339290556,5.1031233538904095,5.01000075408364,5.047249794006348,106218318,5.171133006136128,0.0,0.64677479
2024-10-29,5.047249860915715,5.10312342154047,5.000688338373291,5.019312858581543,118701858,5.199914955565423,0.0,0.64319485
2024-10-30,5.010000673889053,5.037937231362115,4.879628592202845,4.907565593719482,145774879,5.318319134318204,0.0,0.62887512
2024-10-31,4.926189796734175,4.94481431520025,4.814442685937722,4.851691722869873,184512557,5.379566858498035,0.0,0.62171525
2024-11-01,4.851691920770724,4.954126998534246,4.842379439136057,4.898253440856934,183694976,5.328429881209636,0.0,0.6276818
2024-11-04,4.888941008587927,4.935502529144287,4.805130449203906,4.935502529144287,115221994,5.2882153024699585,0.0,0.63245505
2024-11-05,4.916877797648405,4.963438872152855,4.888940797710895,4.954126834869385,134223600,5.26833504065669,0.0,0.63484167
2024-11-06,4.94481470002069,4.963439219936181,4.8703166203587225,4.879628658294678,169843274,5.348767668136734,0.0,0.62529518
2024-11-07,4.861003702831526,4.991375774602166,4.851691665729932,4.982063293457031,153719764,5.2387933397548885,0.0,0.63842161
2024-11-08,5.000687974862156,5.028624975165525,4.898253343184766,4.92618989944458,169123784,5.298212316772996,0.0,0.63126174
2024-11-11,4.870316092034634,4.907565127824902,4.823754575275032,4.842379093170166,189553836,5.389912581774568,0.0,0.62052194
2024-11-12,4.84237940456768,4.8889409243215,4.777193809764606,4.795818328857422,160210008,5.4422411797692485,0.0,0.61455538
2024-11-13,4.777193859287118,4.842379454765935,4.767881377622392,4.833067417144775,117011372,5.400297108915368,0.0,0.61932862
2024-11-14,4.805130416194164,4.879628493337706,4.786505896908278,4.833067417144775,155928001,5.400297108915368,0.0,0.61932862
2024-11-15,4.833067726559681,4.935502811211769,4.805130723820531,4.888941287994385,213700687,5.338579144751223,0.0,0.62648849
2024-11-18,4.916877912143258,5.028625026408351,4.916877912143258,4.963438987731934,272891592,5.258450857260667,0.0,0.63603498
2024-11-19,4.972751567971947,5.019312644484739,4.888941008587927,4.935502529144287,185107763,5.2882153024699585,0.0,0.63245505
2024-11-20,4.935502644104805,4.972751683800091,4.90756564231155,4.944814682006836,114254360,5.2782564521522986,0.0,0.63364836
2024-11-21,4.935502529144287,4.954127048558117,4.916878009730457,4.935502529144287,76691329,5.2882153024699585,0.0,0.63245505
2024-11-22,4.935502126689369,4.963438681510303,4.833067056244365,4.842379093170166,144462701,5.389912581774568,0.0,0.62052194
2024-11-25,4.842379618463694,4.916878142169242,4.8330675805277385,4.879628658294678,148758296,5.348767668136734,0.0,0.62529518
2024-11-26,4.870316392511023,4.972751469275805,4.851691873466841,4.963438987731934,141089388,5.258450857260667,0.0,0.63603498
2024-11-27,4.944814616011246,5.000688174808462,4.9075655768131,4.972751617431641,118098478,5.248603189531574,0.0,0.6372283
2024-11-28,4.954127163952448,4.991376203647734,4.926190162159193,4.944814682006836,117650410,5.2782564521522986,0.0,0.63364836
2024-11-29,4.963439086243248,4.991376087385778,4.916878009730457,4.935502529144287,180687427,5.2882153024699585,0.0,0.63245505
2024-12-02,4.963439510842303,5.0100010353817845,4.888941426814019,5.000688552856445,210352304,5.219281249797373,0.0,0.64080823
2024-12-03,4.98206359018312,5.103123188018799,4.963439070827137,5.103123188018799,185643439,5.1145149819777105,0.0,0.65393466
2024-12-04,5.084498668662815,5.140372226730767,5.047249629950848,5.103123188018799,135089399,5.1145149819777105,0.0,0.65393466
2024-12-05,5.084498668662815,5.149684708430542,5.056561667607056,5.103123188018799,112817899,5.1145149819777105,0.0,0.65393466
2024-12-06,5.103123497412933,5.186934061617944,5.093811015148557,5.158997058868408,142965081,5.059122868685035,0.0,0.66109452
2024-12-09,5.140372210761985,5.224182769625335,5.121747691463859,5.168309211730957,117128073,5.0500074455217545,0.0,0.66228784
2024-12-10,5.224182819494222,5.261431858446045,5.158996779306746,5.2055583000183105,137861927,5.0138714227652,0.0,0.66706108
2024-12-11,5.19624563382255,5.224182634066604,5.084498520933444,5.093810558319092,153665297,5.123865464013791,0.0,0.65274134
2024-12-12,5.084498976927775,5.158997058868408,5.075186494663399,5.158997058868408,116458010,5.059122868685035,0.0,0.66109452
2024-12-13,5.1310602054269046,5.149684724842243,5.028625126620756,5.037937164306641,166103822,5.180691848424847,0.0,0.64558148
2024-12-16,5.0379374071503245,5.131060452759398,5.028625369015572,5.121747970581055,175428900,5.095916501537461,0.0,0.65632128
2024-12-17,5.103123188018799,5.158996746086751,5.084498668662815,5.103123188018799,127550785,5.1145149819777105,0.0,0.65393466
2024-12-18,5.131060600280762,5.205558683675017,5.112435635388595,5.131060600280762,158413291,5.086667656696914,0.0,0.65751459
2024-12-19,5.112435508022611,5.149684992835347,5.047249908698407,5.0565619468688965,168450410,5.1616098594740905,0.0,0.6479681
2024-12-20,5.056561831965234,5.1031233538904095,5.03793731200388,5.047249794006348,107504602,5.171133006136128,0.0,0.64677479
2024-12-23,5.047249662451278,5.242807338970134,5.037937180691537,5.2055583000183105,230863321,5.0138714227652,0.0,0.66706108
2024-12-24,5.196246339758304,5.252119903793557,5.158997297068135,5.242807865142822,225335030,4.978248425529322,0.0,0.67183433
2024-12-25,5.242807764272144,5.363867372707835,5.224183243285392,5.270744323730469,196203889,4.951862279202197,0.0,0.67541426
2024-12-26,5.270744277086983,5.280056759519752,5.186934155410081,5.233495235443115,138871863,4.9871068618237,0.0,0.67064102
2024-12-27,5.224182819494222,5.261431858446045,5.121747740354924,5.2055583000183105,181084108,5.0138714227652,0.0,0.66706108
2024-12-30,5.177621298847647,5.317305416940522,5.16830926113136,5.307992935180664,192001902,4.9171127992678185,0.0,0.68018751
2024-12-31,5.298681111591755,5.373179192506911,5.289368629455566,5.289368629455566,203856022,4.934426361334258,0.0,0.67885555
2025-01-02,5.289368432590988,5.363866954776979,5.131060238560136,5.140372276306152,191977579,5.077453265457913,0.0,0.65973286
2025-01-03,5.158996862342333,5.1869338640276395,5.0658742634639395,5.112435340881348,178764814,5.105199041109152,0.0,0.65614736
2025-01-06,5.121747691463859,5.214870287954488,5.056561651898635,5.168309211730957,166693030,5.0500074455217545,0.0,0.66331837
2025-01-07,5.158996779306746,5.214870337734481,5.112435258595183,5.2055583000183105,160012068,5.0138714227652,0.0,0.66809904
2025-01-08,5.2033582903393105,5.289443407099269,5.18422831506983,5.212923049926758,215159987,7.840131075898814,0.1477,0.65136668
2025-01-09,5.203358707496753,5.212923467851015,5.088578846677874,5.136403560638428,146074458,7.956929302284044,0.0,0.64180534
2025-01-10,5.117273075641886,5.174663000351966,5.050318391527415,5.098143100738525,126580697,8.016644333518121,0.0,0.63702467
2025-01-13,5.079013401905039,5.088578617923925,4.93553835428396,5.012058258056641,157853606,8.15433458585671,0.0,0.62626815
2025-01-14,5.0024936349836935,5.050318804197255,4.983363658517192,5.021623611450195,182276425,8.138801941827964,0.0,0.62746332
2025-01-15,5.0120581730874,5.09814329141957,5.002493413325268,5.040753364562988,168938915,8.107915036534079,0.0,0.62985366
2025-01-16,5.05031827525625,5.117272957829254,5.012057870235803,5.088578224182129,163104502,8.031713024627603,0.0,0.6358295
2025-01-17,5.07901319789624,5.1172731482457925,5.031188488006592,5.031188488006592,127547958,8.123329129374978,0.0,0.62865849
2025-01-20,5.040753193578892,5.079013143518822,4.9929280281066895,4.9929280281066895,155675975,8.185577634993036,0.0,0.62387781
2025-01-21,5.012058395169636,5.040753587916697,4.954668465770131,5.021623611450195,138369404,8.138801941827964,0.0,0.62746332
2025-01-22,5.021623185038506,5.031188400506834,4.935538070201868,4.954668045043945,143533268,8.248786725657926,0.0,0.61909714
2025-01-23,4.983363633263047,5.15553342058906,4.983363633263047,5.126838684082031,260371180,7.971774131863063,0.0,0.64061017
2025-01-24,5.126838684082031,5.165098636821146,5.0503187786038035,5.126838684082031,143308821,7.971774131863063,0.0,0.64061017
2025-01-27,5.117273141416278,5.203358257635174,5.117273141416278,5.174663066864014,149928170,7.898098769311435,0.0,0.64658601
2025-02-05,5.16509857479554,5.174663334818152,5.0311887418167105,5.050318717956543,176250026,8.092558565598171,0.0,0.63104882
2025-02-06,5.040753364562988,5.088578531657437,5.002493413325268,5.040753364562988,133840444,8.107915036534079,0.0,0.62985366
2025-02-07,5.0311888277307535,5.040753587916697,4.992928418703134,5.021623611450195,157580838,8.138801941827964,0.0,0.62746332
2025-02-10,5.0024936349836935,5.050318804197255,4.992928418703134,5.021623611450195,131227537,8.138801941827964,0.0,0.62746332
2025-02-11,5.031188604800856,5.079013315800709,5.0120581730874,5.040753364562988,203664768,8.107915036534079,0.0,0.62985366
2025-02-12,5.040753364562988,5.050318580419717,4.983363437706407,5.040753364562988,219294756,8.107915036534079,0.0,0.62985366
2025-02-13,5.040753501839323,5.079013454118988,5.02162352569949,5.050318717956543,231985848,8.092558565598171,0.0,0.63104882
2025-02-14,5.050318463181368,5.07901319789624,5.012058056737231,5.031188488006592,178637092,8.123329129374978,0.0,0.62865849
2025-02-17,5.031188802234246,5.1364034442195035,5.012058369770076,5.126838684082031,267647275,7.971774131863063,0.0,0.64061017
2025-02-18,5.117273091137448,5.260748131394393,5.117273091137448,5.2416181564331055,279148980,7.797210475898502,0.0,0.65495219
2025-02-19,5.22248814820981,5.251182882421694,5.184228198530913,5.203358173370361,164318659,7.854542900614383,0.0,0.65017152
2025-02-20,5.203358512905137,5.222488488992874,5.165098560729663,5.193793296813965,122666238,7.869007806889608,0.0,0.64897635
2025-02-21,5.203357965232665,5.212922724222504,5.088578120787242,5.117272853851318,187651521,7.9866759438556745,0.0,0.639415
2025-02-24,5.107708539281124,5.136403274841919,5.0694485878036675,5.079013347625732,174061287,8.046838470921788,0.0,0.63463433
2025-02-25,5.07901319789624,5.088578413530921,5.021623272371911,5.031188488006592,134653301,8.123329129374978,0.0,0.62865849
2025-02-26,5.0311887418167105,5.107708646376041,5.0311887418167105,5.050318717956543,173371828,8.092558565598171,0.0,0.63104882
2025-02-27,5.050318612064939,5.098143323364461,5.002493444670818,5.079013347625732,166130368,8.046838470921788,0.0,0.63463433
2025-02-28,5.069448249719189,5.117272957829254,5.069448249719189,5.088578224182129,165603216,8.031713024627603,0.0,0.6358295
2025-03-03,5.07901319789624,5.0981431730710165,5.021623272371911,5.031188488006592,177440203,8.123329129374978,0.0,0.62865849
2025-03-04,5.021623611450195,5.040753587916697,5.012058395169636,5.021623611450195,131622901,8.138801941827964,0.0,0.62746332
2025-03-05,5.021623336695601,5.117273213794694,5.002493361275782,5.10770845413208,229162231,8.001631331744594,0.0,0.63821983
2025-03-06,5.10770828266714,5.117273042008667,5.050318358334255,5.059883117675781,168078154,8.077261677691347,0.0,0.63224399
2025-03-07,5.0694485878036675,5.107708539281124,5.0407533961482756,5.079013347625732,158899105,8.046838470921788,0.0,0.63463433
2025-03-10,5.07901319789624,5.088578413530921,5.021623272371911,5.031188488006592,142080384,8.123329129374978,0.0,0.62865849
2025-03-11,5.0216233889441275,5.050318580419717,5.0216233889441275,5.040753364562988,122151249,8.107915036534079,0.0,0.62985366
2025-03-12,5.040753450018698,5.050318666037585,5.012058258056641,5.012058258056641,136099121,8.15433458585671,0.0,0.62626815
2025-03-13,5.0120581730874,5.040753364562988,5.002493413325268,5.040753364562988,164414130,8.107915036534079,0.0,0.62985366
2025-03-14,5.0407529575543695,5.17466277607403,5.03118819856453,5.117272853851318,300080731,7.9866759438556745,0.0,0.639415
2025-03-17,5.136403221377724,5.174663172456937,5.117273245838117,5.145968437194824,140101808,7.942139657249648,0.0,0.64300051
2025-03-18,5.165098636821146,5.174663396958617,5.098143491480389,5.126838684082031,111673910,7.971774131863063,0.0,0.64061017
2025-03-19,5.126838493284686,5.2033583959151954,5.117273277408574,5.184228420257568,161750056,7.883526088530153,0.0,0.64778118
2025-03-20,5.193793491047868,5.232053444654161,5.126838800284166,5.136403560638428,139227694,7.956929302284044,0.0,0.64180534
2025-03-21,5.126838291140855,5.165098240947575,5.088578341334135,5.098143100738525,150506955,8.016644333518121,0.0,0.63702467
2025-03-24,5.098142879777081,5.145968043009953,5.098142879777081,5.117272853851318,150452443,7.9866759438556745,0.0,0.639415
2025-03-25,5.117273245838117,5.174663172456937,5.117273245838117,5.145968437194824,144884330,7.942139657249648,0.0,0.64300051
2025-03-26,5.145968043009953,5.155532801999793,5.098142879777081,5.117272853851318,142366711,7.9866759438556745,0.0,0.639415
2025-03-27,5.117273075641886,5.145968266044215,5.098143100738525,5.098143100738525,134429636,8.016644333518121,0.0,0.63702467
2025-03-28,5.05031815020839,5.059882909155748,4.916407876188917,4.973797798156738,588777941,8.217061018271831,0.0,0.62148748
2025-03-31,5.02162310059104,5.050318290418885,4.954667961722448,4.983363151550293,428016031,8.201288719503735,0.0,0.61190169
2025-04-01,4.973798243334138,4.992928219035631,4.9259735321277045,4.935538291931152,296509477,8.280758365671314,0.0,0.60602931
2025-04-02,4.925973447690338,4.973798158076996,4.925973447690338,4.9642333984375,192909046,8.232892517274449,0.0,0.60955274
2025-04-03,4.935538103196794,4.9929280281066895,4.935538103196794,4.9929280281066895,174088287,8.185577634993036,0.0,0.61307616
2025-04-07,4.9068433742227135,4.935538108662146,4.725108383759511,4.849453449249268,480821560,8.427753854679644,0.0,0.59545903
2025-04-08,4.811193646815506,4.897278308868408,4.801628430979298,4.897278308868408,301724867,8.345451784104066,0.0,0.60133141
2025-04-09,4.8590179872551165,4.887713176481389,4.8111932800040735,4.8685832023620605,236352063,8.394639323442465,0.0,0.59780798
2025-04-10,4.887713176481389,4.887713176481389,4.849453228242732,4.8685832023620605,193947300,8.394639323442465,0.0,0.59780798
2025-04-11,4.868583795577806,4.878148555755615,4.839888602855149,4.878148555755615,157837052,8.378178633321536,0.0,0.59898246
2025-04-14,4.878148585683167,4.9259737551494664,4.859018609115571,4.916408538818359,176672897,8.312978809084681,0.0,0.60368036
2025-04-15,4.906843368789136,5.002493243638962,4.906843368789136,4.9929280281066895,213902554,8.185577634993036,0.0,0.61307616
2025-04-16,4.992928197468539,5.040753364562988,4.973798221849679,5.040753364562988,210850737,8.107915036534079,0.0,0.61894854
2025-04-17,5.031188604800856,5.050318580419717,4.992928197468539,5.040753364562988,122197084,8.107915036534079,0.0,0.61894854
2025-04-18,5.040753176028446,5.098143100738525,5.021623201125085,5.098143100738525,158545900,8.016644333518121,0.0,0.62599539
2025-04-21,5.088578757130259,5.155533446715708,5.021623611450195,5.021623611450195,175326362,8.138801941827964,0.0,0.61659959
2025-04-22,5.021623168120524,5.079013092453409,4.992927977906794,5.059883117675781,124490508,8.077261677691347,0.0,0.62129749
2025-04-23,5.059883340181849,5.079013315800709,5.031188604800856,5.040753364562988,103779695,8.107915036534079,0.0,0.61894854
2025-04-24,5.050318527872625,5.117273213794694,5.050318527872625,5.10770845413208,138428456,8.001631331744594,0.0,0.62716987
2025-04-25,5.117273213794694,5.155533164634331,5.079013262955057,5.10770845413208,114237495,8.001631331744594,0.0,0.62716987
2025-04-28,5.117273245838117,5.165098412734431,5.10770848611561,5.145968437194824,138987035,7.942139657249648,0.0,0.63186777
2025-04-29,5.145968043009953,5.1650980170841905,5.098142879777081,5.117272853851318,136641059,7.9866759438556745,0.0,0.62834434
2025-04-30,5.1308579492760735,5.150404056156487,4.954942987352349,5.00380802154541,317759642,10.444045769737517,0.1139,0.60133141
2025-05-06,4.984261914664996,5.00380802154541,4.954942987352349,5.00380802154541,167194192,10.444045769737517,0.0,0.60133141
2025-05-07,5.033127086927054,5.091765403747559,5.0038076955088435,5.091765403747559,205886540,10.263630755952825,0.0,0.61190169
2025-05-08,5.072219329497153,5.130857646680159,5.062446043625359,5.081992149353027,140305438,10.283368896320127,0.0,0.61072721
2025-05-09,5.0917656990242515,5.16017730562339,5.0819924126461125,5.140631198883057,184619639,10.166066768484562,0.0,0.61777406
2025-05-12,5.130857944488525,5.169950158212877,5.091765730764174,5.130857944488525,184556009,10.185431084900088,0.0,0.61659959
2025-05-13,5.121084436281211,5.199269326360068,5.111311616281308,5.189496040344238,179395401,10.070342012734901,0.0,0.62364644
2025-05-14,5.179723514106928,5.257907942604006,5.169950227536816,5.238361835479736,169018619,9.976401333340492,0.0,0.62951882
2025-05-15,5.238361389986996,5.277453600910966,5.218815284525011,5.228588104248047,120469346,9.995050089629466,0.0,0.62834434
2025-05-16,5.228588220576091,5.248134326472947,5.160177082945058,5.1992692947387695,125984081,10.051412426912142,0.0,0.62482092
2025-05-19,5.189496082866846,5.228588295218632,5.179723262786865,5.179723262786865,95053571,10.08934210355523,0.0,0.62247197
2025-05-20,5.199269326360068,5.238361538391533,5.169949934328506,5.189496040344238,101643908,10.070342012734901,0.0,0.62364644
2025-05-21,5.189495935252852,5.248134252112577,5.179723115450856,5.218815326690674,106506099,10.013766866347197,0.0,0.62716987
2025-05-22,5.2188156112824995,5.267680644989014,5.199269504596704,5.267680644989014,122409307,9.92087476861631,0.0,0.63304224
2025-05-23,5.306772977406704,5.306772977406704,5.218815728355467,5.238361835479736,144596849,9.976401333340492,0.0,0.62951882
2025-05-26,5.228588252375704,5.267680464407169,5.179723220344336,5.189496040344238,112298890,10.070342012734901,0.0,0.62364644
2025-05-27,5.199269221070765,5.248134252112577,5.189495935252852,5.218815326690674,91497909,10.013766866347197,0.0,0.62716987
2025-05-28,5.228588252375704,5.248134358391436,5.160177114328603,5.189496040344238,115437989,10.070342012734901,0.0,0.62364644
2025-05-29,5.179723337292005,5.199269443749049,5.160177230834961,5.160177230834961,114298099,10.127559124852748,0.0,0.62012301
2025-05-30,5.169949860820503,5.228588178033962,5.160177040959553,5.209042072296143,148143269,10.032554791204406,0.0,0.62599539
2025-06-03,5.179723324696559,5.2969999631536435,5.179723324696559,5.287226676940918,190914663,9.88419888027887,0.0,0.6353912
2025-06-04,5.287226751674808,5.306772858360603,5.248134538303219,5.267680644989014,114516861,9.92087476861631,0.0,0.63304224
2025-06-05,5.267680315172017,5.287226420634001,5.228588104248047,5.228588104248047,122475425,9.995050089629466,0.0,0.62834434
2025-06-06,5.248134656033895,5.277454049728275,5.218815728355467,5.238361835479736,130162725,9.976401333340492,0.0,0.62951882
2025-06-09,5.238361463910833,5.248134283771782,5.199269252435193,5.209042072296143,153453971,10.032554791204406,0.0,0.62599539
2025-06-10,5.218815728355467,5.306772977406704,5.209042441785355,5.238361835479736,221867918,9.976401333340492,0.0,0.62951882
2025-06-11,5.248134656033895,5.277454049728275,5.218815728355467,5.238361835479736,139740079,9.976401333340492,0.0,0.62951882
2025-06-12,5.238361792563018,5.257907899527151,5.218815685598885,5.248134613037109,149732121,9.95782384662519,0.0,0.63069329
2025-06-13,5.248134358391436,5.257907644407266,5.179723220344336,5.189496040344238,184481651,10.070342012734901,0.0,0.62364644
2025-06-16,5.189496113720911,5.296999931335449,5.160177187290722,5.296999931335449,275863369,9.865961993098328,0.0,0.63656567
2025-06-17,5.287226602757553,5.34586492116336,5.277453782697883,5.306772708892822,168786793,9.84779316295671,0.0,0.63774015
2025-06-18,5.306772897045686,5.394730610780924,5.277453969811238,5.384957790374756,203140956,9.704811445952496,0.0,0.64713595
2025-06-19,5.384957747603584,5.414276674605161,5.3458650682415785,5.394730567932129,145221182,9.687230778613646,0.0,0.78517578
2025-06-20,5.39473046183765,5.453368780703546,5.375184355549019,5.4240498542785645,191916879,9.634867194072081,0.0,0.78944304
2025-06-23,5.404503850910106,5.551099417858557,5.345865064911595,5.521780490875244,211457075,9.464338556442033,0.0,0.80366724
2025-06-24,5.521780161121452,5.551099086353876,5.424049633653515,5.482687950134277,262354070,9.531820974549552,0.0,0.79797756
2025-06-25,5.4826883840165825,5.502234491056986,5.4142767763671955,5.492461204528809,256710145,9.514860106232343,0.0,0.79939998
2025-06-26,5.482688235166228,5.541326554695458,5.424049915636999,5.531553268432617,248556885,9.447617597436249,0.0,0.80508966
2025-06-27,5.51200687101645,5.531552976494611,5.336091921713002,5.355638027191162,408557781,9.757941021157562,0.0,0.7794861
2025-06-30,5.326318667203835,5.355638058600986,5.296999741822601,5.345864772796631,204900868,9.775780387475223,0.0,0.66446629
2025-07-01,5.3458650682415785,5.414276674605161,5.336092247913034,5.394730567932129,189718040,9.687230778613646,0.0,0.67054002
2025-07-02,5.404503854276616,5.4338227812781925,5.384957747603584,5.394730567932129,180320963,9.687230778613646,0.0,0.67054002
2025-07-03,5.394730610780924,5.424050004031318,5.355638397124362,5.384957790374756,163837325,9.704811445952496,0.0,0.66932527
2025-07-04,5.38495742266634,5.512006875366701,5.37518413691159,5.482687950134277,285696312,9.531820974549552,0.0,0.68147274
2025-07-07,5.482688088405001,5.570645332336426,5.46314198241847,5.570645332336426,185066450,9.381318838706473,0.0,0.69240545
2025-07-08,5.570645626913614,5.629284413989966,5.560872806411522,5.619511127471924,189458586,9.29974135018938,0.0,0.69847919
2025-07-09,5.619511095404184,5.687922702592237,5.609737808941913,5.629284381866455,205807677,9.28359564998075,0.0,0.69969393
2025-07-10,5.639057084874204,5.72701479713905,5.639057084874204,5.658603191375732,228406023,9.235494738286185,0.0,0.70333817
2025-07-11,5.687922553815113,5.727014766609779,5.541326522827148,5.541326522827148,304159786,9.430954805626088,0.0,0.68876121
2025-07-14,5.560872480855132,5.678149116110078,5.551099194909258,5.580418586730957,221701978,9.364888885622864,0.0,0.6936202
2025-07-15,5.599964874224687,5.629284266997271,5.521780448185715,5.531553268432617,162580625,9.447617597436249,0.0,0.68754647
2025-07-16,5.5413265975361,5.551099417858557,5.482688277553532,5.521780490875244,172536799,9.464338556442033,0.0,0.68633172
2025-07-17,5.521780490875244,5.5413265975361,5.502234384214388,5.521780490875244,113869077,9.464338556442033,0.0,0.68633172
2025-07-18,5.5217803425077285,5.580418660914715,5.512007056431933,5.560872554779053,186062518,9.397805737354542,0.0,0.69119071
2025-07-21,5.570645481452103,5.580418767714944,5.512007161922874,5.531553268432617,164848277,9.447617597436249,0.0,0.68754647
2025-07-22,5.521780192761675,5.53155301255651,5.424049664733734,5.472914695739746,270923106,9.548842418589219,0.0,0.68025799
2025-07-23,5.4729149912151325,5.580418810857813,5.453368884554275,5.521780490875244,227238192,9.464338556442033,0.0,0.68633172
2025-07-24,5.53155301255651,5.541326298367262,5.453368590134158,5.472914695739746,213367509,9.548842418589219,0.0,0.68025799
2025-07-25,5.463141875944911,5.512006906950922,5.453368590134158,5.472914695739746,155719607,4.779902749144546,0.0,0.68025799
2025-07-28,5.472915065525988,5.5315533863047435,5.453368958599736,5.50223445892334,192555237,4.754432075785972,0.0,0.68390223
2025-07-29,5.502234055627865,5.580418477602214,5.472914664379526,5.482687950134277,237246956,4.771382255916883,0.0,0.68147274
2025-07-30,5.482688130236404,5.668376371533158,5.472914844160608,5.560872554779053,327796079,4.704297705495501,0.0,0.69119071
2025-07-31,5.560872365571665,5.648830073197369,5.482687943689224,5.609737396240234,273530678,4.663319893999493,0.0,0.69726444
2025-08-01,5.590191587961846,5.668376480016757,5.521780448185715,5.531553268432617,301901178,4.729232230174747,0.0,0.68754647
2025-08-04,5.521780560861214,5.639057202312778,5.512007274398943,5.629284381866455,213641771,4.64712709918669,0.0,0.69969393
2025-08-05,5.609737472670439,5.727014573107864,5.59996465280994,5.717241287231445,185877099,4.575633366817004,0.0,0.71062665
2025-08-06,5.727014868874227,5.785653189113302,5.7172415824930765,5.766107082366943,163142630,4.53685643126515,0.0,0.71670038
2025-08-07,5.756333428869691,5.8931566333841,5.72701450362797,5.863837242126465,195623048,4.461242514042447,0.0,0.72884785
2025-08-08,5.883383750915527,5.912703144182923,5.8051993235570665,5.883383750915527,142301913,4.446420819639579,0.0,0.73127734
2025-08-11,5.863837390209445,5.883383496202839,5.795425786224602,5.824745178222656,169812037,4.491183596804552,0.0,0.72398886
2025-08-12,5.824745031126895,5.942021664125605,5.824745031126895,5.863837242126465,147051291,4.461242514042447,0.0,0.72884785
2025-08-13,5.893157005310059,5.932249218776796,5.834518219094008,5.893157005310059,182104195,4.439046843046673,0.0,0.73249209
2025-08-14,5.883383382595244,6.010433302106948,5.873610562795222,5.981113910675049,188325653,4.373767226420788,0.0,0.7434248
2025-08-15,5.98111432875242,6.010433722233733,5.824745472894615,5.873610973358154,296116725,4.453818974163927,0.0,0.73006259
2025-08-18,5.844291431552441,5.951795250234278,5.8051992185801256,5.912703037261963,201219695,4.424372378443362,0.0,0.73492158
2025-08-19,5.9224759601385815,6.039752601088032,5.9127031397341,6.010433673858643,163759601,4.3524313584522965,0.0,0.74706904
2025-08-20,6.000660387438215,6.069071994333368,5.9713414602088255,6.010433673858643,153501477,4.3524313584522965,0.0,0.74706904
2025-08-21,5.981113986409278,6.1374832993328665,5.96156788054582,6.08861780166626,174323657,4.296541653976186,0.0,0.75678701
2025-08-22,6.098390653236618,6.157029437147212,6.03975233534195,6.0788445472717285,198945647,4.303449413218006,0.0,0.75557227
2025-08-25,6.0299798078425075,6.1374836288716725,5.971341487103676,6.127710342407227,197613872,4.2691312967191,0.0,0.761646
2025-08-26,6.108164235494283,6.254760270349336,6.08861812858134,6.127710342407227,173238643,4.2691312967191,0.0,0.761646
2025-08-27,6.108163793881735,6.117937079639584,5.854063956368615,5.863837242126465,257194324,4.461242514042447,0.0,0.72884785
2025-08-28,5.863837242126465,5.902929453126035,5.746560609127755,5.863837242126465,209290770,4.461242514042447,0.0,0.72884785
2025-08-29,5.854064283380354,5.971341388946152,5.844291463092503,5.902929782867432,191559731,4.431697642063499,0.0,0.73370683
2025-09-01,5.912702889172558,6.010433419155591,5.854064105166812,5.9517951011657715,195747396,4.39531259987026,0.0,0.73978056
2025-09-02,5.951795133105365,6.07884458975714,5.932249027003866,6.0690717697143555,207506223,4.310379081450743,0.0,0.75435752
2025-09-03,6.088617875815854,6.12771008801885,6.0397523775541435,6.0690717697143555,176137382,4.310379081450743,0.0,0.75435752
2025-09-04,6.069072047976756,6.293852511457968,5.971341512988393,6.2449870109558105,319496089,4.188959873592459,0.0,0.77622296
2025-09-05,6.205894544855096,6.225440651058737,6.039752409116184,6.059298515319824,183063786,4.3173314425521765,0.0,0.75314277
2025-09-08,6.029979484075885,6.157029405196325,6.010433378212427,6.08861780166626,144353266,4.296541653976186,0.0,0.75678701
2025-09-09,6.098390547796734,6.157029330693476,6.069071622364281,6.108163833618164,100370677,4.282792785619202,0.0,0.75921651
2025-09-10,6.117937119439594,6.147256044872047,6.049525516737339,6.108163833618164,112203388,4.282792785619202,0.0,0.75921651
2025-09-11,6.108164235494283,6.147256449320171,6.039752628291006,6.127710342407227,137183227,4.2691312967191,0.0,0.761646
2025-09-12,6.117937150967221,6.1472560765507644,6.06907165364009,6.098390579223633,93498425,4.289656370833884,0.0,0.75800176
2025-09-15,6.098390653236618,6.147256151156805,6.029979515367468,6.0788445472717285,105456147,4.303449413218006,0.0,0.75557227
2025-09-16,6.0788447392580975,6.108164132139381,6.010433599228339,6.029979705810547,105700474,4.3383230584991805,0.0,0.74949853
2025-09-17,6.0104334514098605,6.088617875815854,5.990887345308362,6.0690717697143555,110205246,4.310379081450743,0.0,0.75435752
2025-09-18,6.059298526769643,6.078844633010219,5.902929676845037,5.932249069213867,155356515,4.409794614956496,0.0,0.73735107
2025-09-19,5.902929782867432,5.971341388946152,5.863837569684146,5.902929782867432,118325836,4.431697642063499,0.0,0.73370683
2025-09-22,5.902929602196234,5.951795100187683,5.805199072229262,5.824745178222656,103047773,4.491183596804552,0.0,0.72398886
2025-09-23,5.795425932329078,5.961568070469388,5.746560899121652,5.912703037261963,153816605,4.424372378443362,0.0,0.73492158
2025-09-24,5.9322491009999565,6.029979632726493,5.902929708474028,5.922475814819336,119066775,4.417071646716046,0.0,0.73613632
2025-09-25,5.912702813292696,5.922475633157617,5.766106787191504,5.8442912101745605,131313561,4.476162986960166,0.0,0.72641835
2025-09-26,5.824745284408773,5.86383749710822,5.785653071709326,5.795425891876221,91980616,4.513904670348726,0.0,0.72034462
2025-09-29,5.805199071232719,5.814971891219775,5.648830223312406,5.697695255279541,144599131,4.5913301480558975,0.0,0.70819716
2025-09-30,5.707468842070502,5.717241662572594,5.580418913431656,5.619511127471924,121157786,4.655209217775626,0.0,0.6812361
2025-10-09,5.5999647243241855,5.609737544309487,5.502234194391532,5.570645332336426,128833567,4.696044791820922,0.0,0.67531231
2025-10-10,5.5510993749423605,5.6097376944715895,5.521780448185715,5.531553268432617,132011708,4.729232230174747,0.0,0.67057328
2025-10-13,5.492460769873114,5.521780161121452,5.404503528159927,5.482687950134277,175229709,4.771382255916883,0.0,0.66464949
2025-10-14,5.482688088405001,5.570645332336426,5.424049770445409,5.570645332336426,209315815,4.696044791820922,0.0,0.67531231
2025-10-15,5.551099268703257,5.580418660914715,5.4924609502962705,5.560872554779053,168587207,4.704297705495501,0.0,0.67412755
2025-10-16,5.55109951989348,5.629284413989966,5.531553412873346,5.619511127471924,190536094,4.655209217775626,0.0,0.6812361
2025-10-17,5.619510755887793,5.65860296734313,5.560872438704787,5.59019136428833,173510843,4.679625131818783,0.0,0.67768183
2025-10-20,5.570645406631737,5.5804186927633115,5.453368769148443,5.5510993003845215,183867898,4.712580082685228,0.0,0.67294279
2025-10-21,5.551099343017847,5.560872629224481,5.502234310032483,5.541326522827148,142002487,4.720891268947158,0.0,0.67175804
2025-10-22,5.541326301829461,5.619510724300662,5.531553016012602,5.599964618682861,160355711,4.6714580861321515,0.0,0.67886659
2025-10-23,5.609737404613346,5.863837242126465,5.609737404613346,5.863837242126465,362298939,4.461242514042447,0.0,0.71085506
2025-10-24,5.854063987731934,5.893156664956858,5.775879565313918,5.854063987731934,207603776,4.468690478071677,0.0,0.70967031
2025-10-27,5.824745472894615,5.951795401287057,5.7172416514844,5.873610973358154,185379494,4.453818974163927,0.0,0.71203982
2025-10-28,5.87361075049214,5.990887387935594,5.834518071995056,5.932249069213867,161202013,4.409794614956496,0.0,0.71914837
2025-10-29,5.9322490698562165,5.9322490698562165,5.79542586014144,5.805199146270752,177611252,4.506305355054896,0.0,0.70374651
2025-10-30,5.814972073127301,5.883383679240495,5.756333753322824,5.775879859924316,138261601,4.529180078953856,0.0,0.70019224
2025-10-31,5.736787769592727,5.766107163130903,5.580418913431656,5.619511127471924,236360316,4.655209217775626,0.0,0.6812361
2025-11-03,5.60973773450396,5.678149340784231,5.599964914187317,5.648830413818359,188860728,4.631047151992123,0.0,0.68479038
2025-11-04,5.639057082608321,5.805199220812522,5.639057082608321,5.785653114318848,222202381,4.52152928685906,0.0,0.701377
2025-11-05,5.785653146233033,5.834518179728794,5.7465609330300484,5.775879859924316,153550164,4.529180078953856,0.0,0.70019224
2025-11-06,5.766106784581699,5.795425710179115,5.707468467370947,5.717241287231445,146057775,4.575633366817004,0.0,0.69308369
2025-11-07,5.72701476494522,5.766106977728523,5.648830339378612,5.668376445770264,136695027,4.615078100453361,0.0,0.6871599
2025-11-10,5.648830223312406,5.707468541282523,5.639056937309424,5.697695255279541,110389471,4.5913301480558975,0.0,0.69071417
2025-11-11,5.697695255279541,5.727014647272562,5.668376329302445,5.697695255279541,91275950,4.5913301480558975,0.0,0.69071417
2025-11-12,5.707468393963025,5.795425635639912,5.707468393963025,5.73678731918335,168569940,4.560043547809955,0.0,0.69545321
2025-11-13,5.736787542062347,5.75633364830725,5.63905701083783,5.678149223327637,179635293,4.607134996122756,0.0,0.68834465
2025-11-14,5.668376329302445,5.746560753262601,5.658603043299463,5.697695255279541,193676651,4.5913301480558975,0.0,0.69071417
2025-11-17,5.68792247766882,5.697695297728687,5.560872554779053,5.560872554779053,228884769,4.704297705495501,0.0,0.67412755
2025-11-18,5.570645481452103,5.590191587961846,5.521780448185715,5.531553268432617,121158200,4.729232230174747,0.0,0.67057328
2025-11-19,5.531553016012602,5.619510724300662,5.531553016012602,5.599964618682861,152298698,4.6714580861321515,0.0,0.67886659
2025-11-20,5.590191614202168,5.834518179728794,5.580418793909392,5.775879859924316,316272312,4.529180078953856,0.0,0.70019224
2025-11-21,5.75633364830725,5.805199146927475,5.678149223327637,5.678149223327637,211323605,4.607134996122756,0.0,0.68834465
2025-11-24,5.687922584135994,5.7661070101421075,5.658603191375732,5.658603191375732,219416605,4.623049030875749,0.0,0.68597514
2025-11-25,5.668376622411997,5.7563338709074445,5.61951112190212,5.746561050415039,203257784,4.552287841457914,0.0,0.69663796
2025-11-26,5.736787617381846,5.785653116643635,5.629284264631409,5.658603191375732,172897573,4.623049030875749,0.0,0.68597514
2025-11-27,5.648830371132937,5.668376477634466,5.599964871871148,5.658603191375732,134873229,4.623049030875749,0.0,0.68597514
2025-11-28,5.639057011504958,5.6488302976365325,5.531553194137306,5.5510993003845215,245965697,4.712580082685228,0.0,0.67294279
2025-12-01,5.531553120363364,5.580418618337655,5.521780300378063,5.570645332336426,153144255,4.696044791820922,0.0,0.67531231
2025-12-02,5.560872629224481,5.590191555812512,5.521780416429816,5.541326522827148,113725100,4.720891268947158,0.0,0.67175804
2025-12-03,5.53155301255651,5.5510991181620986,5.463141875944911,5.472914695739746,171943775,4.779902749144546,0.0,0.66346473
2025-12-04,5.472914812255076,5.482688098273897,5.424049780208755,5.443595886230469,107342802,4.8056469559343125,0.0,0.65991045
2025-12-05,5.4338226318359375,5.463142024047107,5.394730419564997,5.4338226318359375,125374124,4.814290375753627,0.0,0.65872569
2025-12-08,5.424049780208755,5.463141992252183,5.414276494189934,5.443595886230469,121695559,4.8056469559343125,0.0,0.65991045
2025-12-09,5.443595992496922,5.443595992496922,5.394730493480752,5.414276599884033,130664171,4.831670402757095,0.0,0.65635618
2025-12-10,5.404503630312797,5.424049736175833,5.316545920921169,5.326318740844727,155935131,4.911459729098218,0.0,0.64569335
2025-12-11,5.326318635965964,5.355638027191162,5.296999710756679,5.355638027191162,119184230,4.884572084069687,0.0,0.64924763
2025-12-12,5.336092175972672,5.34586499616946,5.277453856744129,5.287226676940918,150413301,4.947773492309516,0.0,0.64095432
2025-12-15,5.2872267196592935,5.31654611251842,5.267680613091856,5.277453899383545,112849800,4.956935768412061,0.0,0.63976956
2025-12-16,5.277453600910966,5.296999706372951,5.218815284525011,5.228588104248047,117874500,5.003262731433349,0.0,0.63384577
2025-12-17,5.218815653742003,5.287226794690896,5.189496260466802,5.257907867431641,139150600,4.9753629503551045,0.0,0.63740004
2025-12-18,5.2481343592136085,5.326318783288787,5.238361539212175,5.3165459632873535,125525803,4.920487884548376,0.0,0.64450859
2025-12-19,5.296999931335449,5.336092143919657,5.277453825043345,5.296999931335449,129981356,4.93864457978286,0.0,0.64213908
2025-12-22,5.296999888833152,5.326318815028091,5.277453782697883,5.306772708892822,106572794,4.929549734844002,0.0,0.64332383
2025-12-23,5.30677263498169,5.336092026784207,5.2969998150581326,5.326318740844727,135820000,4.911459729098218,0.0,0.64569335
2025-12-24,5.32631893279417,5.345865039361607,5.257907792816107,5.277453899383545,143552424,4.956935768412061,0.0,0.63976956
2025-12-25,5.277453856744129,5.316546069563158,5.267680570531404,5.287226676940918,95521020,4.947773492309516,0.0,0.64095432
2025-12-26,5.2872267196592935,5.2970000059509825,5.257907792816107,5.277453899383545,79642258,4.956935768412061,0.0,0.63976956
2025-12-29,5.277453751249764,5.336092069306148,5.2481343592136085,5.3165459632873535,147727999,4.920487884548376,0.0,0.64450859
2025-12-30,5.326318709357554,5.365410920852529,5.287226497862578,5.336091995239258,143988644,4.902464204766216,0.0,0.64687811
2025-12-31,5.326318740844727,5.355638132647243,5.30677263498169,5.326318740844727,107640400,4.911459729098218,0.0,0.64794144
2026-01-05,5.336092026784207,5.3654109525708,5.287226529118652,5.326318740844727,154599700,4.911459729098218,0.0,0.64794144
2026-01-06,5.336092290296081,5.384957790374756,5.297000076639519,5.384957790374756,143586976,4.857976797285062,0.0,0.65507474
2026-01-07,5.375184313374229,5.394730419509497,5.306772708892822,5.306772708892822,156535459,4.929549734844002,0.0,0.64556367
2026-01-08,5.316546069563158,5.326318889759946,5.277453856744129,5.287226676940918,117765850,4.947773492309516,0.0,0.6431859
2026-01-09,5.2872266451814305,5.3067727514735346,5.257907718751241,5.296999931335449,152938472,4.93864457978286,0.0,0.64437479
2026-01-12,5.320000171661377,5.349999904632568,5.28000020980835,5.340000152587891,146165688,7.2022469852105475,0.123,0.63486372
2026-01-13,5.340000152587891,5.400000095367432,5.329999923706055,5.369999885559082,158350731,7.162011325815112,0.0,0.63843037
2026-01-14,5.360000133514404,5.360000133514404,5.260000228881836,5.28000020980835,215286500,7.284090619647153,0.0,0.62773042
2026-01-15,5.269999980926514,5.28000020980835,5.170000076293945,5.179999828338623,161967392,7.424710670759857,0.0,0.61584159
2026-01-16,5.190000057220459,5.199999809265137,5.139999866485596,5.170000076293945,152145601,7.439071456952397,0.0,0.6146527
2026-01-19,5.159999847412109,5.170000076293945,5.139999866485596,5.139999866485596,109127931,7.482490466735459,0.0,0.61108605
2026-01-20,5.150000095367432,5.210000038146973,5.130000114440918,5.190000057220459,143241907,7.410404542576734,0.0,0.61703047
2026-01-21,5.190000057220459,5.210000038146973,5.070000171661377,5.079999923706055,201161523,7.570866255435287,0.0,0.60395275
2026-01-22,5.079999923706055,5.139999866485596,5.050000190734863,5.090000152587891,129332859,4.654223829041611,0.0,0.60514163
2026-01-23,5.099999904632568,5.110000133514404,5.039999961853027,5.050000190734863,140982956,4.691088931731841,0.0,0.6003861
2026-01-26,5.039999961853027,5.099999904632568,5.010000228881836,5.079999923706055,178531589,4.663385896808682,0.0,0.60395275
2026-01-27,5.070000171661377,5.130000114440918,5.050000190734863,5.059999942779541,165001246,4.681818234762013,0.0,0.60157498
2026-01-28,5.050000190734863,5.099999904632568,5.039999961853027,5.039999961853027,179134602,4.700396860973395,0.0,0.59919722
2026-01-29,5.039999961853027,5.099999904632568,5.010000228881836,5.090000152587891,192185452,4.654223829041611,0.0,0.60514163
2026-01-30,5.090000152587891,5.130000114440918,5.050000190734863,5.059999942779541,175652342,4.681818234762013,0.0,0.60157498
2026-02-02,5.070000171661377,5.139999866485596,5.050000190734863,5.099999904632568,220926494,4.645098126076682,0.0,0.60633052
2026-02-03,5.079999923706055,5.090000152587891,5.010000228881836,5.03000020980835,190448147,4.709741354245913,0.0,0.59800833
2026-02-04,5.03000020980835,5.119999885559082,5.019999980926514,5.110000133514404,188830212,4.636007706658747,0.0,0.6075194
2026-02-05,5.119999885559082,5.210000038146973,5.110000133514404,5.190000057220459,193097930,4.564547155840947,0.0,0.61703047
2026-02-06,5.179999828338623,5.210000038146973,5.130000114440918,5.179999828338623,130518204,4.573359224916822,0.0,0.61584159
2026-02-09,5.159999847412109,5.190000057220459,5.139999866485596,5.179999828338623,103248095,4.573359224916822,0.0,0.61584159
2026-02-10,5.179999828338623,5.230000019073486,5.170000076293945,5.199999809265137,115119108,4.555769397873856,0.0,0.61821935
2026-02-11,5.210000038146973,5.210000038146973,5.150000095367432,5.190000057220459,95946005,4.564547155840947,0.0,0.61703047
2026-02-12,5.199999809265137,5.199999809265137,5.110000133514404,5.110000133514404,127778530,4.636007706658747,0.0,0.6075194
2026-02-13,5.119999885559082,5.130000114440918,5.059999942779541,5.070000171661377,110890357,4.672583668224429,0.0,0.60276387
2026-02-24,5.079999923706055,5.090000152587891,5.03000020980835,5.050000190734863,138906210,4.691088931731841,0.0,0.6003861
2026-02-25,5.039999961853027,5.059999942779541,5.010000228881836,5.010000228881836,218603585,4.728542698148197,0.0,0.59563057
2026-02-26,5.019999980926514,5.03000020980835,4.96999979019165,4.980000019073486,142882205,4.757028094230299,0.0,0.59206392
2026-02-27,4.980000019073486,5.0,4.960000038146973,4.96999979019165,111965829,4.766599798807332,0.0,0.59087503
2026-03-02,4.960000038146973,5.019999980926514,4.949999809265137,4.989999771118164,140690781,4.747495207738561,0.0,0.5932528
2026-03-03,4.989999771118164,5.070000171661377,4.96999979019165,5.039999961853027,233125401,4.700396860973395,0.0,0.59919722
2026-03-04,5.03000020980835,5.039999961853027,4.909999847412109,4.929999828338623,240432466,4.805274000989848,0.0,0.5861195
2026-03-05,4.920000076293945,4.989999771118164,4.920000076293945,4.980000019073486,148954732,4.757028094230299,0.0,0.59206392
2026-03-06,4.980000019073486,5.019999980926514,4.960000038146973,5.0,101890612,4.7379999999999995,0.0,0.59444168
2026-03-09,4.980000019073486,5.019999980926514,4.949999809265137,4.96999979019165,174668839,4.766599798807332,0.0,0.59087503
2026-03-10,4.980000019073486,4.989999771118164,4.949999809265137,4.980000019073486,106968566,4.757028094230299,0.0,0.59206392
2026-03-11,4.980000019073486,5.03000020980835,4.960000038146973,5.03000020980835,138768749,4.709741354245913,0.0,0.59800833
2026-03-12,5.019999980926514,5.059999942779541,5.010000228881836,5.059999942779541,168606197,4.681818234762013,0.0,0.60157498
2026-03-13,5.050000190734863,5.119999885559082,5.03000020980835,5.079999923706055,165637888,4.663385896808682,0.0,0.60395275
2026-03-16,5.079999923706055,5.130000114440918,5.070000171661377,5.110000133514404,150864000,4.636007706658747,0.0,0.6075194
2026-03-17,5.099999904632568,5.190000057220459,5.090000152587891,5.170000076293945,185358743,4.582204961393715,0.0,0.6146527
2026-03-18,5.170000076293945,5.170000076293945,5.079999923706055,5.130000114440918,168187845,4.617933620179228,0.0,0.60989717
2026-03-19,5.099999904632568,5.150000095367432,5.079999923706055,5.099999904632568,136564057,4.645098126076682,0.0,0.60633052
2026-03-20,5.079999923706055,5.130000114440918,5.050000190734863,5.050000190734863,125536940,4.691088931731841,0.0,0.6003861
2026-03-23,5.039999961853027,5.050000190734863,4.869999885559082,4.880000114440918,243137339,4.854508082878205,0.0,0.58017508
2026-03-24,4.920000076293945,5.03000020980835,4.909999847412109,5.019999980926514,182490601,4.7191235239064016,0.0,0.59681945
2026-03-25,5.03000020980835,5.079999923706055,4.960000038146973,5.079999923706055,127016810,4.663385896808682,0.0,0.60395275
2026-03-26,5.070000171661377,5.130000114440918,5.059999942779541,5.110000133514404,146832852,4.636007706658747,0.0,0.6075194
2026-03-27,5.099999904632568,5.119999885559082,5.050000190734863,5.059999942779541,107500316,4.681818234762013,0.0,0.60157498
2026-03-30,5.019999980926514,5.090000152587891,5.0,5.079999923706055,131010391,4.663385896808682,0.0,0.60395275
2026-03-31,5.090000152587891,5.170000076293945,5.079999923706055,5.130000114440918,191257340,4.617933620179228,0.0,0.60989717
2026-04-01,5.150000095367432,5.179999828338623,5.090000152587891,5.110000133514404,130281563,4.636007706658747,0.0,0.6075194
2026-04-02,5.110000133514404,5.190000057220459,5.099999904632568,5.179999828338623,192230559,4.573359224916822,0.0,0.61584159
2026-04-03,5.179999828338623,5.179999828338623,5.070000171661377,5.119999885559082,152816581,4.626953228420464,0.0,0.60870828
2026-04-07,5.110000133514404,5.119999885559082,5.019999980926514,5.070000171661377,135810355,4.672583668224429,0.0,0.60276387
2026-04-08,5.059999942779541,5.059999942779541,5.019999980926514,5.050000190734863,137903979,4.691088931731841,0.0,0.6003861
2026-04-09,5.039999961853027,5.059999942779541,5.010000228881836,5.019999980926514,88167655,4.7191235239064016,0.0,0.59681945
2026-04-10,5.019999980926514,5.03000020980835,4.989999771118164,5.0,97386704,4.7379999999999995,0.0,0.59444168
2026-04-13,4.989999771118164,5.0,4.949999809265137,4.989999771118164,123498300,4.747495207738561,0.0,0.5932528
2026-04-14,4.989999771118164,5.050000190734863,4.980000019073486,5.050000190734863,132718231,4.691088931731841,0.0,0.6003861
2026-04-15,5.050000190734863,5.130000114440918,5.039999961853027,5.110000133514404,171454169,4.636007706658747,0.0,0.6075194
