Date,Open,High,Low,Close,Volume,DividendYieldTTM,DivCash,PB
2016-04-11,2.805599033411802,2.840963691683381,2.805599033411802,2.8291754722595215,122391960,0.0,0.0,
2016-04-12,2.8291750834195395,2.8291750834195395,2.80559864781215,2.8173868656158447,83758834,0.0,0.0,
2016-04-13,2.823280896026743,2.8645397997728934,2.823280896026743,2.840963363647461,215464932,0.0,0.0,
2016-04-14,2.846857309341431,2.8586455273096925,2.829175122915681,2.8468573093414307,99800368,0.0,0.0,
2016-04-15,2.846857309341431,2.8586455273096925,2.8350690913731693,2.8468573093414307,129080346,0.0,0.0,
2016-04-18,2.8409633012232343,2.8409633012232343,2.8114926161873566,2.8173868656158447,107670958,0.0,0.0,
2016-04-19,2.8291750834195395,2.8291750834195395,2.80559864781215,2.8173868656158447,78375220,0.0,0.0,
2016-04-20,2.8232807502029913,2.8232807502029913,2.7407632280260468,2.770233631134033,236190561,0.0,0.0,
2016-04-21,2.7643399238586426,2.782022111181794,2.7584456740487253,2.7643399238586426,106287382,0.0,0.0,
2016-04-22,2.758445413680184,2.7761278803875946,2.752551445479896,2.770233631134033,77102084,0.0,0.0,
2016-04-25,2.7702338926152597,2.7702338926152597,2.7466574554821914,2.7643399238586426,83631641,0.0,0.0,
2016-04-26,2.7643396629337453,2.770233631134033,2.752551445479896,2.770233631134033,68081530,0.0,0.0,
2016-04-27,2.7702339585933857,2.7761282085436854,2.7584457397460938,2.7584457397460938,62943692,0.0,0.0,
2016-04-28,2.7643396629337453,2.7820218485878825,2.758445413680184,2.770233631134033,112618903,0.0,0.0,
2016-04-29,2.7643399238586426,2.7702338926152597,2.7525517052921082,2.7643399238586426,73167355,0.0,0.0,
2016-05-03,2.7702332209120404,2.7997039007092197,2.7643392535845437,2.793809652328491,140152661,0.0,0.0,
2016-05-04,2.78791624893213,2.7938102174518407,2.7702337812664206,2.782021999359131,116636601,0.0,0.0,
2016-05-05,2.782021436620266,2.7997039007092197,2.7702332209120404,2.793809652328491,85400071,0.0,0.0,
2016-05-06,2.7938103297483283,2.7997045795582456,2.7643399238586426,2.7643399238586426,100315934,0.0,0.0,
2016-05-09,2.770233590079688,2.770233590079688,2.7348689382422378,2.7407631874084473,101791746,0.0,0.0,
2016-05-10,2.734869236915657,2.776128142425177,2.734869236915657,2.7643399238586426,94298766,0.0,0.0,
2016-05-11,2.7643396629337453,2.7820218485878825,2.7466571962263346,2.770233631134033,70535078,0.0,0.0,
2016-05-12,2.7643399238586426,2.7702338926152597,2.7466574554821914,2.7643399238586426,58006979,0.0,0.0,
2016-05-13,2.7584456740487253,2.7702338926152597,2.7525517052921082,2.7643399238586426,99385279,0.0,0.0,
2016-05-16,2.758445413680184,2.7761278803875946,2.752551445479896,2.770233631134033,54009357,0.0,0.0,
2016-05-17,2.7702338926152597,2.776128142425177,2.7584456740487253,2.7643399238586426,40868832,0.0,0.0,
2016-05-18,2.7643399238586426,2.7643399238586426,2.7466574554821914,2.7643399238586426,77544320,0.0,0.0,
2016-05-19,2.758445413680184,2.7761278803875946,2.752551445479896,2.770233631134033,54522431,0.0,0.0,
2016-05-20,2.764340072881714,2.7820222611580956,2.7584458227540427,2.7761282920837402,65795138,0.0,0.0,
2016-05-23,2.7761274692927693,2.793809652328491,2.7702332209120404,2.793809652328491,52442025,0.0,0.0,
2016-05-24,2.7938098261122497,2.805598323606989,2.78791585841813,2.799704074859619,60254060,0.0,0.0,
2016-05-25,2.799704724113654,2.811492943288842,2.7938104739994025,2.8055989742279053,59984412,0.0,0.0,
2016-05-26,2.79970446342574,2.811492681503296,2.793810213860318,2.811492681503296,68156893,0.0,0.0,
2016-05-27,2.8114926161873566,2.823280833991051,2.80559864781215,2.8173868656158447,44217005,0.0,0.0,
2016-05-30,2.817387252835662,2.8291754722595215,2.805599033411802,2.8291754722595215,76208017,0.0,0.0,
2016-05-31,2.8232811041842014,2.8881164488360236,2.8232811041842014,2.876328229904175,172787262,0.0,0.0,
2016-06-01,2.870434045791626,2.876328295919485,2.858645826589223,2.870434045791626,95524605,0.0,0.0,
2016-06-02,2.864540076717082,2.870434045791626,2.858645826589223,2.870434045791626,47053178,0.0,0.0,
2016-06-03,2.876327903697178,2.8940100895629435,2.864539686102242,2.8881161212921143,79044070,0.0,0.0,
2016-06-06,2.8822224719506386,2.9116931625994327,2.8822224719506386,2.90579891204834,81097341,0.0,0.0,
2016-06-07,2.9057983472600775,2.9293747827753225,2.9057983472600775,2.9175865650177,84796628,0.0,0.0,
2016-06-08,2.923480992116631,2.923480992116631,2.876328118220121,2.894010305404663,77598783,0.0,0.0,
2016-06-13,2.876328295919485,2.899904734324291,2.870434045791626,2.870434045791626,83035859,0.0,0.0,
2016-06-14,2.870433868456408,2.894010305404663,2.864539899745993,2.894010305404663,65132116,0.0,0.0,
2016-06-15,2.876327903697178,2.8999043388870502,2.8704336543730715,2.8881161212921143,56408570,0.0,0.0,
2016-06-16,2.8822216987609863,2.888115947730878,2.8763277308443542,2.8822216987609863,58528996,0.0,0.0,
2016-06-17,2.8822218719680075,2.8940100895629435,2.876327903697178,2.8881161212921143,41423298,0.0,0.0,
2016-06-20,2.8940104778209172,2.905798696997351,2.8822222586444837,2.899904727935791,43816922,0.0,0.0,
2016-06-21,2.8999046389276972,2.923481076556922,2.894010388993738,2.9116928577423096,55775515,0.0,0.0,
2016-06-22,2.9116925092453125,2.9293746948242183,2.8940100426131345,2.9293746948242188,106533219,0.0,0.0,
2016-06-23,2.9293747152493625,2.9529514312744136,2.923480747033056,2.952951431274414,88152532,0.0,0.0,
2016-06-24,2.9470574244602465,2.9588456429159558,2.894010300882907,2.923480987548828,93732963,0.0,0.0,
2016-06-27,2.92348111354889,2.9411633014678955,2.9116928945851166,2.9411633014678955,68960600,0.0,0.0,
2016-06-28,2.9352690294153487,2.9470572471618652,2.9293747800154506,2.9470572471618652,86371954,0.0,0.0,
2016-06-29,2.9470571820048326,2.9529514312744136,2.935268964518944,2.952951431274414,132004219,0.0,0.0,
2016-06-30,2.949210190870106,2.9679156716604327,2.936739969447731,2.9616804122924805,130555666,9.25150461416298,0.274,
2016-07-01,2.961680751727733,2.9741509745793073,2.9554454916451633,2.9679160118103027,57887909,9.232067178102916,0.0,
2016-07-04,2.967915820022889,3.0053264861601257,2.9616805603432432,2.99285626411438,90321025,9.155133952985869,0.0,
2016-07-05,2.9866209266554757,2.999091148376465,2.98038596445175,2.999091148376465,81899369,9.136101120111933,0.0,
2016-07-06,2.992856186172739,3.0053264078937283,2.9866209266554757,2.999091148376465,65229241,9.136101120111933,0.0,
2016-07-07,2.999091148376465,3.0053264078937283,2.9866209266554757,2.999091148376465,49587827,9.136101120111933,0.0,
2016-07-08,2.992856114505182,2.9990910765596035,2.9616804122924805,2.9616804122924805,53920410,9.25150461416298,0.0,
2016-07-11,2.967915820022889,3.0053264861601257,2.9616805603432432,2.99285626411438,86118308,9.155133952985869,0.0,
2016-07-12,2.9990908458276664,3.111322829994586,2.992855884252925,3.0863823890686035,168865252,8.877707473009743,0.0,
2016-07-13,3.098853534735781,3.204850588974798,3.098853534735781,3.1549696922302246,181516113,8.684711002922867,0.0,
2016-07-14,3.142498785549732,3.167439228505402,3.1175583425940623,3.123793601989746,61801741,8.771386170503446,0.0,
2016-07-15,3.1362639178754175,3.179909545704895,3.123793696022204,3.1736745834350586,80561755,8.633525359850642,0.0,
2016-07-18,3.173675067733717,3.236026186514484,3.173675067733717,3.2297909259796143,157505034,8.483521264364635,0.0,
2016-07-19,3.2297909620768905,3.236026222681448,3.17991006649479,3.198615550994873,63662281,8.566206086091752,0.0,
2016-07-20,3.198615705966956,3.198615705966956,3.1424995470614854,3.1487348079681396,65385867,8.701907804576614,0.0,
2016-07-21,3.1424993307918583,3.1861452621938726,3.1362643676279043,3.1612048149108887,63348912,8.667581382502854,0.0,
2016-07-22,3.161204910207907,3.161204910207907,3.1175589774901513,3.1300292015075684,46008287,8.753911940119561,0.0,
2016-07-25,3.130029063797058,3.1674397342033678,3.1237941007194627,3.1362643241882324,57403695,8.736508523430025,0.0,
2016-07-26,3.130028793577794,3.1799096831465947,3.1237938310384705,3.1674394607543945,58359088,8.650520503862793,0.0,
2016-07-27,3.1674399960608937,3.173675256967548,3.0863833881560145,3.1487348079681396,108591252,8.701907804576614,0.0,
2016-07-28,3.1362643241882324,3.1487345476570026,3.1237941007194627,3.1362643241882324,57601949,8.736508523430025,0.0,
2016-07-29,3.130029243857938,3.1612049529800945,3.130029243857938,3.1549696922302246,57477802,8.684711002922867,0.0,
2016-08-01,3.1549691019984674,3.179909545704895,3.142498880145254,3.1736745834350586,65915457,8.633525359850642,0.0,
2016-08-02,3.1736745834350586,3.179909545704895,3.1549691019984674,3.1736745834350586,40282156,8.633525359850642,0.0,
2016-08-03,3.1612049529800945,3.173675177166238,3.142499468044081,3.1549696922302246,34647297,8.684711002922867,0.0,
2016-08-04,3.1549695107345976,3.1612047711257723,3.1237941007194627,3.1362643241882324,60691166,8.736508523430025,0.0,
2016-08-05,3.1362645834684355,3.1549697715611895,3.1300293225617812,3.1487348079681396,47287190,8.701907804576614,0.0,
2016-08-08,3.148734275822871,3.1674394607543945,3.142499015969994,3.1674394607543945,54241406,8.650520503862793,0.0,
2016-08-09,3.167439483633448,3.192379928597998,3.161204521049088,3.1799097061157227,64174456,8.616596863522032,0.0,
2016-08-10,3.186145067214966,3.192380029997366,3.167439584240634,3.186145067214966,56254056,8.599733980082256,0.0,
2016-08-11,3.179909661207188,3.260966254854026,3.179909661207188,3.236025810241699,144795908,8.467175976557954,0.0,
2016-08-12,3.242260488540184,3.3420225555584766,3.236025526590399,3.335787296295166,151850387,8.213952979085727,0.0,
2016-08-15,3.354493231012736,3.454255014226521,3.32955278520929,3.404374122619629,165111960,8.04846912034333,0.0,
2016-08-16,3.4043741253540856,3.410609088153172,3.2983770819475176,3.323317527770996,196556832,8.244773414226728,0.0,
2016-08-17,3.3170822800474244,3.323317242310952,3.273436354948569,3.2983767986297607,81241985,8.307116400825624,0.0,
2016-08-18,3.2983770931995635,3.310847316153844,3.260966424336723,3.2796719074249268,76711690,8.354494221805691,0.0,
2016-08-19,3.279672304948085,3.28590726852417,3.260966819592623,3.28590726852417,54005378,8.338640673906303,0.0,
2016-08-22,3.2796716145256375,3.3108470204703564,3.267201095371501,3.2983767986297607,69904193,8.307116400825624,0.0,
2016-08-23,3.285906958698571,3.3357878518584347,3.285906958698571,3.3295528888702393,77857750,8.229333161095147,0.0,
2016-08-24,3.323317367588897,3.3295526274010134,3.298376922967534,3.317082405090332,54358705,8.260271121981317,0.0,
2016-08-25,3.31708256497191,3.3420230107953883,3.3046123420601705,3.323317527770996,77467011,8.244773414226728,0.0,
2016-08-26,3.323317941921491,3.329553202811179,3.279672304948085,3.28590726852417,64105684,8.338640673906303,0.0,
2016-08-29,3.2859066671585446,3.292141926907096,3.248496000607885,3.2672011852264404,68648716,8.386382853892417,0.0,
2016-08-30,3.2672013871570798,3.2859068702452836,3.2672013871570798,3.2796719074249268,77990047,8.354494221805691,0.0,
2016-08-31,3.279672304948085,3.2921425294138587,3.267201783168708,3.28590726852417,58302553,8.338640673906303,0.0,
2016-09-01,3.2859069148057127,3.3233175841758817,3.2796719519008035,3.304612398147583,73965310,8.291441385186115,0.0,
2016-09-02,3.292142175024193,3.3295528443943625,3.2796719519008035,3.304612398147583,92841037,8.291441385186115,0.0,
2016-09-05,3.3046120816832674,3.310847043991089,3.2983768220619027,3.310847043991089,69012122,8.27582779752049,0.0,
2016-09-06,3.310847361052492,3.3233175841758817,3.292142175024193,3.304612398147583,74818759,8.291441385186115,0.0,
2016-09-07,3.304612615147089,3.310847578461421,3.285907130576911,3.292142391204834,62764170,8.322847782404805,0.0,
2016-09-08,3.298377354519166,3.298377354519166,3.2734369066346556,3.292142391204834,45880840,8.322847782404805,0.0,
2016-09-09,3.2859068702452836,3.3046123533334875,3.2734366472910033,3.2796719074249268,54127629,8.354494221805691,0.0,
2016-09-12,3.260966128822627,3.2672010910779608,3.2048499819569196,3.217320203781128,105331951,8.516404418745262,0.0,
2016-09-13,3.22355580329895,3.229790766211809,3.21108558015966,3.22355580329895,39952197,8.499930409754084,0.0,
2016-09-14,3.2173207381813653,3.223555998785923,3.1923802903903153,3.198615550994873,75832082,8.566206086091752,0.0,
2016-09-19,3.1986153570203704,3.22355580329895,3.1986153570203704,3.22355580329895,56765650,8.499930409754084,0.0,
2016-09-20,3.2173205208073328,3.2173205208073328,3.1986153348846313,3.211085557937622,38964913,8.532939875198513,0.0,
2016-09-21,3.21108558015966,3.23602602643824,3.204850319933229,3.22355580329895,33468677,8.499930409754084,0.0,
2016-09-22,3.236026308215051,3.2609667566653195,3.223556083989917,3.2484965324401855,53546588,8.43467115521833,0.0,
2016-09-23,3.248495840975017,3.267201024674389,3.24226058153287,3.2609660625457764,37562046,8.402418017993515,0.0,
2016-09-26,3.260966128822627,3.2672010910779608,3.2110852415257938,3.217320203781128,70078477,8.516404418745262,0.0,
2016-09-27,3.2110853656293723,3.236025810241699,3.198615143323209,3.236025810241699,41671890,8.467175976557954,0.0,
2016-09-28,3.229790743860324,3.229790743860324,3.204850297754342,3.211085557937622,33409468,8.532939875198513,0.0,
2016-09-29,3.2173205430725194,3.23602602643824,3.21108558015966,3.22355580329895,41633415,8.499930409754084,0.0,
2016-09-30,3.2173207022234607,3.2484964102706377,3.2173207022234607,3.2297909259796143,32329683,8.483521264364635,0.0,
2016-10-10,3.236026308215051,3.2547314958959537,3.236026308215051,3.2484965324401855,49021268,8.43467115521833,0.0,
2016-10-11,3.2547314958959537,3.2547314958959537,3.236026308215051,3.2484965324401855,48047380,8.43467115521833,0.0,
2016-10-12,3.242261149735768,3.242261149735768,3.2173207022234607,3.2297909259796143,47595592,8.483521264364635,0.0,
2016-10-13,3.2297904256053362,3.2360256851742104,3.1986150197015855,3.217320203781128,74560322,8.516404418745262,0.0,
2016-10-14,3.2110852415257938,3.217320203781128,3.1986150197015855,3.217320203781128,57357262,8.516404418745262,0.0,
2016-10-17,3.2235559192957792,3.2235559192957792,3.192380211668938,3.204850435256958,49181337,8.549540939124396,0.0,
2016-10-18,3.1923800967939395,3.22355580329895,3.1923800967939395,3.22355580329895,50151828,8.499930409754084,0.0,
2016-10-19,3.223555962758331,3.2484964102706377,3.2173207022234607,3.2297909259796143,53758805,8.483521264364635,0.0,
2016-10-20,3.2297909259796143,3.236026186514484,3.2173207022234607,3.2297909259796143,36166503,8.483521264364635,0.0,
2016-10-21,3.223555984238861,3.242261171340942,3.223555984238861,3.2422611713409424,38375623,8.450892310031842,0.0,
2016-10-24,3.2422611981222227,3.304612615147089,3.2422611981222227,3.292142391204834,111905459,8.322847782404805,0.0,
2016-10-25,3.292141836366233,3.2983767986297607,3.273436354948569,3.2983767986297607,48291401,8.307116400825624,0.0,
2016-10-26,3.292141549274978,3.2983765109947853,3.2672008104552033,3.2734360694885254,42966795,8.370409385841848,0.0,
2016-10-27,3.267201024674389,3.2734362841165363,3.248495840975017,3.2609660625457764,33182890,8.402418017993515,0.0,
2016-10-28,3.260966424336723,3.2983770931995635,3.2547311642027994,3.2796719074249268,69774703,8.354494221805691,0.0,
2016-10-31,3.2734366472910033,3.2859068702452836,3.2547311642027994,3.2796719074249268,34605010,8.354494221805691,0.0,
2016-11-01,3.273436354948569,3.304612058206829,3.273436354948569,3.2983767986297607,45687049,8.307116400825624,0.0,
2016-11-02,3.292142130379207,3.292142130379207,3.2672013871570798,3.2796719074249268,53759761,8.354494221805691,0.0,
2016-11-03,3.273436354948569,3.304612058206829,3.267201095371501,3.2983767986297607,59930782,8.307116400825624,0.0,
2016-11-04,3.292141549274978,3.3108467317479153,3.2609658487353954,3.2734360694885254,77756665,8.370409385841848,0.0,
2016-11-07,3.2672008104552033,3.2859062902416554,3.2609658487353954,3.2734360694885254,52866942,8.370409385841848,0.0,
2016-11-08,3.2796719519008035,3.3170826212709725,3.2796719519008035,3.304612398147583,110583546,8.291441385186115,0.0,
2016-11-09,3.304612753879632,3.304612753879632,3.2484965951268494,3.28590726852417,103052590,8.338640673906303,0.0,
2016-11-10,3.2983768220619027,3.3170823036124535,3.2921418597540812,3.310847043991089,55205334,8.27582779752049,0.0,
2016-11-11,3.3046121827796506,3.317082405090332,3.2921419604689692,3.317082405090332,61698906,8.260271121981317,0.0,
2016-11-14,3.3046123420601705,3.329552787883649,3.2983770819475176,3.323317527770996,95098880,8.244773414226728,0.0,
2016-11-15,3.3170823036124535,3.329552525541639,3.2921418597540812,3.310847043991089,107129810,8.27582779752049,0.0,
2016-11-16,3.3170823036124535,3.3170823036124535,3.2921418597540812,3.310847043991089,57714900,8.27582779752049,0.0,
2016-11-17,3.2983768220619027,3.310847043991089,3.2983768220619027,3.310847043991089,27757601,8.27582779752049,0.0,
2016-11-18,3.304612058206829,3.3108470204703564,3.292141836366233,3.2983767986297607,34525380,8.307116400825624,0.0,
2016-11-21,3.2921419604689692,3.3295526274010134,3.2921419604689692,3.317082405090332,73719501,8.260271121981317,0.0,
2016-11-22,3.3170829241262614,3.342023372650146,3.304612699864319,3.3420233726501465,95314630,8.198626085093007,0.0,
2016-11-23,3.3357874450374427,3.4230789974214315,3.3357874450374427,3.3669631481170654,137946984,8.137897207257266,0.0,
2016-11-24,3.3607280254364014,3.3731982477133737,3.335787580882456,3.3607280254364014,126076987,8.152995360712662,0.0,
2016-11-25,3.3731982939905194,3.472960370888494,3.3731982939905194,3.4667251110076904,202798619,7.903712905588729,0.0,
2016-11-28,3.472960494576089,3.591427760708512,3.46672523447322,3.4854307174682617,170117026,7.861295266228314,0.0,
2016-11-29,3.4791962108081353,3.5353123746320185,3.466725985215454,3.5103719234466553,106271649,7.805440733213629,0.0,
2016-11-30,3.510371622515054,3.535312071562362,3.460490724420438,3.472960948944092,90803767,7.889521478302431,0.0,
2016-12-01,3.46672523447322,3.510371163252607,3.4604902716839163,3.4854307174682617,66218707,7.861295266228314,0.0,
2016-12-02,3.4791952884730066,3.566486844480776,3.460490103699546,3.522841215133667,146017391,7.7778129432269525,0.0,
2016-12-05,3.5041357330466547,3.5540166221939513,3.4854305482731944,3.522841215133667,105846599,7.7778129432269525,0.0,
2016-12-06,3.516606287075351,3.5290765105385637,3.4667253932225006,3.491665840148926,94349849,7.847257227464626,0.0,
2016-12-07,3.4854299517953433,3.4854299517953433,3.435549071184394,3.460489511489868,89317200,7.917954933550223,0.0,
2016-12-08,3.460490724420438,3.4791959125491165,3.448020499896784,3.472960948944092,57853335,7.889521478302431,0.0,
2016-12-09,3.46672505743692,3.5851923175195397,3.460490094966019,3.5664868354797363,189174449,7.682630348561028,0.0,
2016-12-12,3.5602517127990723,3.6413083024681248,3.510370826022282,3.5602517127990723,205396055,7.6960850553058515,0.0,
2016-12-13,3.5415463531822877,3.5602518350225116,3.479195242570787,3.4979007244110107,101443283,7.833269769145239,0.0,
2016-12-14,3.4979007244110107,3.554016575304588,3.479195242570787,3.4979007244110107,89829923,7.833269769145239,0.0,
2016-12-15,3.485430323020903,3.485430323020903,3.3544928488145467,3.3731980323791504,154580548,8.12285544370323,0.0,
2016-12-16,3.3731983263691645,3.3856685489369163,3.329552696038813,3.3544931411743164,95002144,8.168149060638118,0.0,
2016-12-19,3.335787580882456,3.3731982477133737,3.335787580882456,3.3607280254364014,52795851,8.152995360712662,0.0,
2016-12-20,3.3607281965062143,3.3669634566188673,3.3046123420601705,3.323317527770996,61163615,8.244773414226728,0.0,
2016-12-21,3.329553069618639,3.366963741519416,3.317082845651713,3.3482582569122314,61169933,8.18335919681068,0.0,
2016-12-22,3.348257517508262,3.3607277387213577,3.3233170750820697,3.335787296295166,41642051,8.213952979085727,0.0,
2016-12-23,3.329552787883649,3.3420230107953883,3.310847304859257,3.323317527770996,52022519,8.244773414226728,0.0,
2016-12-26,3.3170829241262614,3.348258336124318,3.298377439076549,3.3420233726501465,43760279,8.198626085093007,0.0,
2016-12-27,3.335788111862376,3.354493596912089,3.3233178876004335,3.3420233726501465,43023362,8.198626085093007,0.0,
2016-12-28,3.3420232935855645,3.3482582569122314,3.3233178089783806,3.3482582569122314,36008194,8.18335919681068,0.0,
2016-12-29,3.3544931086982777,3.3981387386060806,3.3482578488179886,3.3856685161590576,64463499,8.09293640804638,0.0,
2016-12-30,3.3856686171919432,3.3981388400110943,3.360728171553641,3.391903877258301,93552353,8.078059105303305,0.0,
2017-01-03,3.3919036079089904,3.4480197547957983,3.379433386080093,3.423079013824463,76914207,8.004489493038939,0.0,
2017-01-04,3.410608791995566,3.435549532966901,3.4043738297378874,3.423079013824463,76188330,8.004489493038939,0.0,
2017-01-05,3.4230790138244633,3.4230790138244633,3.410608791995566,3.423079013824463,47084836,8.004489493038939,0.0,
2017-01-06,3.4168443455213517,3.4168443455213517,3.385668639610261,3.404374122619629,61004072,8.04846912034333,0.0,
2017-01-09,3.3919040587276075,3.42307946878661,3.3794338352412905,3.410609245300293,69641652,8.033755270486145,0.0,
2017-01-10,3.4043742822139245,3.4168445057002415,3.398139021813976,3.410609245300293,39418988,8.033755270486145,0.0,
2017-01-11,3.410609245300293,3.4293147291865584,3.398139021813976,3.410609245300293,51083949,8.033755270486145,0.0,
2017-01-12,3.410608791995566,3.429314273395682,3.398138570166669,3.423079013824463,49778430,8.004489493038939,0.0,
2017-01-13,3.4106096449291075,3.472961066980129,3.4106096449291075,3.4542555809020996,89714563,7.932244548286819,0.0,
2017-01-16,3.44801983592181,3.516605908937687,3.4293143540815856,3.4979007244110107,153474568,7.833269769145239,0.0,
2017-01-17,3.479195401706319,3.516606069784353,3.4729604390167608,3.504135847091675,65473410,7.8193315543805655,0.0,
2017-01-18,3.4979008844021164,3.516606069784353,3.491665624398997,3.504135847091675,67366009,7.8193315543805655,0.0,
2017-01-19,3.4979008844021164,3.529076292477031,3.466725179013641,3.504135847091675,77498635,7.8193315543805655,0.0,
2017-01-20,3.491665464693087,3.504135686815387,3.479195242570787,3.4979007244110107,54186619,7.833269769145239,0.0,
2017-01-23,3.4979008388210655,3.4979008388210655,3.460490171230529,3.4791953563690186,77252909,7.87538416026037,0.0,
2017-01-24,3.4791952884730066,3.5290761776203032,3.47296032598637,3.522841215133667,81902690,7.7778129432269525,0.0,
2017-01-25,3.529076360243524,3.554016806107794,3.5228413974342394,3.541546583175659,71469792,7.736732909335552,0.0,
2017-01-26,3.547782009806684,3.5976629038762873,3.5415467493911934,3.5851926803588867,81237606,7.64254600599519,0.0,
2017-02-03,3.5851926141360844,3.597662837423145,3.5415466839745844,3.5477819442749023,49766644,7.723135308305998,0.0,
2017-02-06,3.5540167835200913,3.5540167835200913,3.5166061149614505,3.529076337814331,68910766,7.764071212177203,0.0,
2017-02-07,3.5228412151336665,3.5290761776203032,3.5041357330466547,3.522841215133667,48720145,7.7778129432269525,0.0,
2017-02-08,3.5166059553334788,3.5290761776203032,3.4854305482731944,3.522841215133667,53181025,7.7778129432269525,0.0,
2017-02-09,3.5166061373113884,3.554016806107794,3.5166061373113884,3.541546583175659,48399741,7.736732909335552,0.0,
2017-02-10,3.5477816507534836,3.5664868354797363,3.5353114284981313,3.5664868354797363,56728301,7.682630348561028,0.0,
2017-02-13,3.572722715299748,3.62260361297784,3.5664874544331853,3.597663164138794,69762560,7.616054852805821,0.0,
2017-02-14,3.5914277470526113,3.616368192742124,3.585192486973451,3.610132932662964,59486922,7.5897482200991355,0.0,
2017-02-15,3.6101324640483217,3.7161294931265476,3.603897502092057,3.6911890506744385,166830491,7.4230822707370105,0.0,
2017-02-16,3.6974242747425357,3.7348349410727555,3.672483830522389,3.7036595344543457,90676280,7.398088227360996,0.0,
2017-02-17,3.7036594401796346,3.7098944024191898,3.6288381094237323,3.653778553009033,69312811,7.499086111125974,0.0,
2017-02-20,3.6475431985582647,3.74730526761751,3.6413082364809233,3.728599786758423,134592827,7.348603112972087,0.0,
2017-02-21,3.722364718962682,3.753540422894639,3.6849540526324622,3.7036595344543457,108818861,7.398088227360996,0.0,
2017-02-22,3.7036592426247172,3.7223644256591797,3.6849537622767308,3.7223644256591797,37758417,7.360912814211584,0.0,
2017-02-23,3.7223644256591797,3.7410699060071657,3.6911890214972343,3.7223644256591797,48387175,7.360912814211584,0.0,
2017-02-24,3.716129678296917,3.7223646405638617,3.697424196869,3.7098944187164307,40086094,7.385654929090947,0.0,
2017-02-27,3.70989493083414,3.70989493083414,3.660014036558806,3.6787195205688477,58252390,7.448243837780567,0.0,
2017-02-28,3.672483570178594,3.697424012630703,3.66624860822233,3.6911890506744385,41806275,7.4230822707370105,0.0,
2017-03-01,3.691189403334009,3.71612984816895,3.6537787360815965,3.6724839210510254,76740809,7.460890391634013,0.0,
2017-03-02,3.6787189658064006,3.7036594091829698,3.6724837063054894,3.6849539279937744,69702642,7.435642489814677,0.0,
2017-03-03,3.6724837606499983,3.6849539825228144,3.6475433169043665,3.6662487983703613,36972871,7.473578992287494,0.0,
2017-03-06,3.6537785764975452,3.7036594639888087,3.6537785764975452,3.6662487983703613,67914261,7.473578992287494,0.0,
2017-03-07,3.666248868124126,3.7098944968526086,3.666248868124126,3.7036595344543457,47867370,7.398088227360996,0.0,
2017-03-08,3.6974243658859667,3.7036596257514796,3.6724839210510254,3.6724839210510254,33034726,7.460890391634013,0.0,
2017-03-09,3.6724846157217166,3.6849548404979995,3.6537794272140984,3.6600143909454346,44655062,7.48630936200286,0.0,
2017-03-10,3.6600135387771826,3.678719020243177,3.6413083546247296,3.6662487983703613,49463501,7.473578992287494,0.0,
2017-03-13,3.6537794882402577,3.697425127029419,3.628839038271132,3.697425127029419,46721991,7.4105625019143195,0.0,
2017-03-14,3.6911901631939457,3.709895352013982,3.6911901631939457,3.697425127029419,41760393,7.4105625019143195,0.0,
2017-03-15,3.6911901631939457,3.703660388178508,3.672484677060294,3.697425127029419,41611412,7.4105625019143195,0.0,
2017-03-16,3.6911890506744385,3.734834676308866,3.684953791404648,3.6911890506744385,84611744,7.4230822707370105,0.0,
2017-03-17,3.6974243658859667,3.7036596257514796,3.6537787360815965,3.6724839210510254,47030536,7.460890391634013,0.0,
2017-03-20,3.678719020243177,3.6849539825228144,3.6475433169043665,3.6662487983703613,42421250,7.473578992287494,0.0,
2017-03-21,3.666248958499067,3.691189403334009,3.6537787360815965,3.6724839210510254,56903854,7.460890391634013,0.0,
2017-03-22,3.660013202393178,3.6662484614132875,3.5976620987596557,3.6163675785064697,71331032,7.576663435113523,0.0,
2017-03-23,3.6101330774657296,3.6537790078298014,3.6101330774657296,3.6413087844848633,39156906,7.524766951033593,0.0,
2017-03-24,3.628838561139925,3.647543747500544,3.616368337794987,3.6413087844848633,52243115,7.524766951033593,0.0,
2017-03-27,3.6350729065004304,3.7036592719004933,3.6288379445441663,3.6911890506744385,94537124,7.4230822707370105,0.0,
2017-03-28,3.691189187494685,3.6974241496820586,3.6724837063054894,3.6849539279937744,38946310,7.435642489814677,0.0,
2017-03-29,3.6849549020448564,3.697425127029419,3.678719938209383,3.697425127029419,55590681,7.4105625019143195,0.0,
2017-03-30,3.6849549020448564,3.703660388178508,3.6413092632556947,3.697425127029419,85453798,7.4105625019143195,0.0,
2017-03-31,3.6849540526324622,3.7285999786744926,3.6787190902341993,3.7036595344543457,81227052,7.398088227360996,0.0,
2017-04-05,3.7223651257965735,3.7597760935291524,3.7161301627168637,3.7473058700561523,94484600,7.311919803223701,0.0,
2017-04-06,3.7473048139185416,3.7535397752409945,3.7285993353241906,3.7410695552825928,68117097,7.324108679377457,0.0,
2017-04-07,3.7410707687335814,3.75977625339523,3.7286005447303467,3.7535409927368164,65405820,7.299773747780988,0.0,
2017-04-10,3.7660113934245407,3.7660113934245407,3.709895234120467,3.716130495071411,67252129,7.373260986485748,0.0,
2017-04-11,3.70989493083414,3.7161301912753477,3.6537790734311804,3.6787195205688477,72049735,7.448243837780567,0.0,
2017-04-12,3.67248456035562,3.74730620519892,3.666249596718282,3.716130495071411,66757220,7.373260986485748,0.0,
2017-04-13,3.7098942338567573,3.7161294931265476,3.678718829448384,3.6911890506744385,28028913,7.4230822707370105,0.0,
2017-04-14,3.6849539825228144,3.69742420439563,3.6600135387771826,3.6662487983703613,44194601,7.473578992287494,0.0,
2017-04-17,3.6600136986335543,3.678719180916538,3.628838291246655,3.6724839210510254,65386087,7.460890391634013,0.0,
2017-04-18,3.660013869384108,3.6662491295405144,3.6288384605427826,3.63507342338562,49381460,7.537674431478278,0.0,
2017-04-19,3.62883799035281,3.635072952387781,3.5851920668538915,3.5914273262023926,74943324,7.629278699333451,0.0,
2017-04-20,3.5851920668538915,3.6101325096208363,3.572721845470419,3.5914273262023926,45667740,7.629278699333451,0.0,
2017-04-21,3.591427280866003,3.697424012630703,3.591427280866003,3.6911890506744385,89239978,7.4230822707370105,0.0,
2017-04-24,3.6724842601276397,3.6974247072653066,3.647543812989973,3.6787195205688477,74906432,7.448243837780567,0.0,
2017-04-25,3.672484677060294,3.716130613163071,3.66624971322482,3.697425127029419,60689032,7.4105625019143195,0.0,
2017-04-26,3.69118912235378,3.741070008226637,3.69118912235378,3.728599786758423,88709284,7.348603112972087,0.0,
2017-04-27,3.7286007196596938,3.74730620519892,3.666249596718282,3.716130495071411,80916665,7.373260986485748,0.0,
2017-04-28,3.7036593438219945,3.741070008226637,3.69118912235378,3.728599786758423,57375903,7.348603112972087,0.0,
2017-05-02,3.7223645930586278,3.728599852559539,3.684953927993774,3.6849539279937744,37316034,7.435642489814677,0.0,
2017-05-03,3.6849539825228144,3.691189242115993,3.6537785764975452,3.6662487983703613,33584280,7.473578992287494,0.0,
2017-05-04,3.666248958499067,3.684954143468496,3.6413085136641254,3.6724839210510254,46872029,7.460890391634013,0.0,
2017-05-05,3.666248868124126,3.7098944968526086,3.6475433863022424,3.7036595344543457,75381423,7.398088227360996,0.0,
2017-05-08,3.6849549020448564,3.703660388178508,3.672484677060294,3.697425127029419,80890440,7.4105625019143195,0.0,
2017-05-09,3.697425127029419,3.716130613163071,3.678719938209383,3.697425127029419,56040641,7.4105625019143195,0.0,
2017-05-10,3.6974242747425357,3.716129756564419,3.6849540526324622,3.7036595344543457,59725684,7.398088227360996,0.0,
2017-05-11,3.7036588954073864,3.7473048139185416,3.7036588954073864,3.7410695552825928,102501317,7.324108679377457,0.0,
2017-05-12,3.734834957939296,3.847067254750345,3.722364735772907,3.840831995010376,166207225,7.133871003885443,0.0,
2017-05-15,3.847067093974949,3.915653461680523,3.828361612850325,3.834596872329712,107750157,7.145470804954032,0.0,
2017-05-16,3.8221275598930293,3.8221275598930293,3.7722466614464003,3.809657335281372,93721920,7.192247908032995,0.0,
2017-05-17,3.79718680801424,3.803421771166306,3.7597761371610927,3.7722463607788086,75508924,7.263576495131953,0.0,
2017-05-18,3.759775685066513,3.7847161293029785,3.7535404253506233,3.7847161293029785,44389714,7.239644682425942,0.0,
2017-05-19,3.7784813239308748,3.79718680801424,3.753540876695443,3.7722463607788086,51496171,7.263576495131953,0.0,
2017-05-22,3.7722466614464003,3.815892298930397,3.759776436834743,3.809657335281372,69332319,7.192247908032995,0.0,
2017-05-23,3.8096571038830103,3.9031839314464287,3.8096571038830103,3.8657729625701904,149463291,7.08784511281358,0.0,
2017-05-24,3.865772325294844,3.8907127688918273,3.834596919455385,3.859537363052368,90822893,7.099296475868376,0.0,
2017-05-25,3.8408318398883297,4.002945018817569,3.8408318398883297,3.9156534671783447,227593453,6.997554872940452,0.0,
2017-05-26,3.921887975174112,3.990474335033262,3.909417754955494,3.971768856048584,99068136,6.898689473903473,0.0,
2017-05-31,3.965533894596026,4.015414775470497,3.921887975174112,3.971768856048584,94955255,6.898689473903473,0.0,
2017-06-01,3.9530649031884693,4.009180762959126,3.940594679093479,3.9967105388641357,57503511,6.855637838557875,0.0,
2017-06-02,3.9904750305802703,4.027885697756871,3.9405941410114695,3.959299325942993,77859772,6.920416403090234,0.0,
2017-06-05,3.9592990887820863,3.9592990887820863,3.8158913912050876,3.834596872329712,192729878,7.145470804954032,0.0,
2017-06-06,3.8345976089061717,3.8533027963102837,3.8158921241884665,3.8470678329467773,83785991,7.122307479307468,0.0,
2017-06-07,3.8533022403717045,3.903183426651068,3.840832018130251,3.853302240371704,92100848,7.110784021280639,0.0,
2017-06-08,3.847067277907753,3.878242684854611,3.8096566111833927,3.853302240371704,74792503,7.110784021280639,0.0,
2017-06-09,3.8533021269453585,3.9281237555051693,3.8408319050709805,3.8720076084136963,147841410,7.076432375923293,0.0,
2017-06-12,3.8657727684184255,3.928124181871605,3.859537805461252,3.8907132148742676,96629483,7.0424106036007235,0.0,
2017-06-13,3.8907130999700197,3.915653843002862,3.878242877110381,3.9094185829162598,46252073,7.008714830316473,0.0,
2017-06-14,3.909418081979529,3.9156533412671704,3.859537196932506,3.8969478607177734,62066349,7.031143597326251,0.0,
2017-06-15,3.8844779212495117,3.890712883675932,3.828361772843987,3.840831995010376,61636044,7.133871003885443,0.0,
2017-06-16,3.8408321882941654,3.8533024110880985,3.7784810743244996,3.815891742706299,68010182,7.180497206812117,0.0,
2017-06-19,3.815891742706299,3.815891742706299,3.815891742706299,3.815891742706299,0,7.180497206812117,0.0,
2017-06-20,3.8221273848655657,3.859538056987383,3.8221273848655657,3.8470678329467773,48954437,7.122307479307468,0.0,
2017-06-21,3.859537363052368,3.865772325294844,3.8283616598993695,3.859537363052368,39904923,7.099296475868376,0.0,
2017-06-22,3.853302431391104,3.9530645115817777,3.847067468618067,3.9094185829162598,155174214,7.008714830316473,0.0,
2017-06-23,3.903184000928131,3.953064897232941,3.8969487402332326,3.9405946731567383,79015551,6.953265248681455,0.0,
2017-06-26,3.9530640776948913,4.021650147238138,3.9156534132221563,3.934358596801758,181655715,6.964286382607188,0.0,
2017-06-27,3.9343599277858425,3.9780058664261104,3.909419476366727,3.9655356407165527,90783288,6.909533158312242,0.0,
2017-06-28,3.971769457528898,4.015415383560502,3.95306427302503,3.9904749393463135,102707368,6.866350601487162,0.0,
2017-06-29,3.990475222503629,4.021650631326745,3.9842399623508644,4.015415668487549,91040280,6.823702017958334,0.0,
2017-06-30,4.033661175873549,4.033661175873549,3.9750133377539023,4.007595539093018,93221208,13.773845055355222,0.278,
2017-07-03,4.001079559326172,4.020628945132329,3.98153048424696,4.001079559326172,71036693,13.79627652525268,0.0,
2017-07-04,4.001079263146252,4.007595828174898,3.9359151664944085,3.98153018951416,101724828,13.864016439050458,0.0,
2017-07-05,3.9619811874858173,3.975014008073851,3.935915546309749,3.9684977531433105,94426795,13.909545483874341,0.0,
2017-07-06,3.9619811874858173,3.975014008073851,3.9424321119672423,3.9684977531433105,97696093,13.909545483874341,0.0,
2017-07-07,3.961980805155146,3.9880464438158834,3.9489479858247774,3.98153018951416,77136948,13.864016439050458,0.0,
2017-07-10,3.975013878283219,3.9815304437279364,3.955464803402953,3.9619810581207275,58024215,13.932424004617234,0.0,
2017-07-11,3.9619809041764587,4.0597272069606465,3.955464649711876,4.040177822113037,147590971,13.662764964916835,0.0,
2017-07-12,4.04017799226024,4.137924299160895,4.033661737521233,4.0857930183410645,113159916,13.510229165356154,0.0,
2017-07-13,4.105342388153076,4.137924283176136,4.0923095679984645,4.105342388153076,105748584,6.771664180854535,0.0,
2017-07-14,4.111859211855719,4.131408600156304,4.085793567939596,4.118375778198242,73939790,6.750233950764514,0.0,
2017-07-17,4.124891530897216,4.2552200453148545,4.105342455707086,4.248703479766846,227322254,6.5431725542601455,0.0,
2017-07-18,4.209604660637873,4.248703118419804,4.131407745074011,4.177022457122803,134249511,6.655458591704357,0.0,
2017-07-19,4.1639900966668675,4.248703586558576,4.150957275970217,4.196572303771973,145436001,6.624453956151963,0.0,
2017-07-20,4.183539193962861,4.229153907885357,4.1770226287013985,4.22263765335083,78960093,6.583562759153535,0.0,
2017-07-21,4.209604848823917,4.222637668667179,4.177022643852293,4.203088283538818,66447622,6.614184172356619,0.0,
2017-07-24,4.1900555564830855,4.2682527880012495,4.1835393017806215,4.216121196746826,99735131,6.593738344488431,0.0,
2017-07-25,4.216120978345973,4.365998557462088,4.216120978345973,4.339932918548584,154943411,6.405628962877434,0.0,
2017-07-26,4.320383999717241,4.476777838808773,4.30083461446733,4.405097484588623,164346551,6.310870553321285,0.0,
2017-07-27,4.392064384997521,4.411613770385682,4.339933104931678,4.3659987449646,98030034,6.3673861638330385,0.0,
2017-07-28,4.359482372781036,4.444195855967487,4.300834528924735,4.437679290771484,116361457,6.2645356228901825,0.0,
2017-07-31,4.424646297793367,4.463744755257107,4.372515021175046,4.392064094543457,71341437,6.329597975252166,0.0,
2017-08-01,4.392064538858624,4.4572289519506825,4.392064538858624,4.431163311004639,80796666,6.273747557658206,0.0,
2017-08-02,4.431162464369502,4.528908443877961,4.418129646386581,4.489809989929199,95767566,6.191798775974123,0.0,
2017-08-03,4.489810169346481,4.574523644984146,4.444195459946895,4.470261096954346,121573483,6.218876123128591,0.0,
2017-08-04,4.4507117138353065,4.50935955246552,4.437678895331581,4.470261096954346,64062752,6.218876123128591,0.0,
2017-08-07,4.457228660583496,4.496327119446711,4.418130201720282,4.457228660583496,66966506,6.2370594189710475,0.0,
2017-08-08,4.44419555382527,4.489810264188413,4.4181299162672145,4.4832940101623535,56241999,6.200797881420514,0.0,
2017-08-09,4.463745050451526,4.476777870467987,4.359482490319839,4.3659987449646,75945708,6.3673861638330385,0.0,
2017-08-10,4.352965738005336,4.38554794201068,4.268252566899909,4.339932918548584,120469044,6.405628962877434,0.0,
2017-08-11,4.294317817251059,4.339932525858878,4.2291534151366355,4.3073506355285645,165985986,6.454083345501452,0.0,
2017-08-14,4.287801252748857,4.313866889303868,4.2487027979163425,4.3073506355285645,81000405,6.454083345501452,0.0,
2017-08-15,4.326900168254884,4.483294314962711,4.326900168254884,4.437679290771484,131753349,6.2645356228901825,0.0,
2017-08-16,4.418130304512917,4.43767937903589,4.365998714088803,4.405097484588623,80476238,6.310870553321285,0.0,
2017-08-17,4.405097484588623,4.411613739187302,4.365998714088803,4.405097484588623,48875314,6.310870553321285,0.0,
2017-08-18,4.372514819386329,4.418129839685716,4.320383545173833,4.385547637939453,79356893,6.339003083560578,0.0,
2017-08-21,4.359482459490124,4.418130304512917,4.339933074240213,4.405097484588623,57213586,6.310870553321285,0.0,
2017-08-22,4.385547718613844,4.424646174992453,4.385547718613844,4.418129920959473,35916474,6.29225498057847,0.0,
2017-08-23,4.418130477598298,4.50284365506148,4.3985810915825185,4.4963274002075195,94911314,6.1828237860785995,0.0,
2017-08-24,4.496327311310855,4.594073618003319,4.476777925681585,4.528909206390381,91815085,6.138343414077202,0.0,
2017-08-25,4.535425926840527,4.659237878118659,4.528909361165752,4.639688491821289,168738538,5.991781570897497,0.0,
2017-08-28,4.659237486914546,4.724401584556142,4.581040569744632,4.6071062088012695,122298392,6.034156526908749,0.0,
2017-08-29,4.613622174945618,4.652720631087727,4.574523718803508,4.633171558380127,72719623,6.000209500059951,0.0,
2017-08-30,4.626655093505318,4.665753550491192,4.548458179533568,4.581040382385254,88084668,6.0684904911327395,0.0,
2017-08-31,4.574523940350535,4.574523940350535,4.46374482055267,4.554974555969238,191242417,6.103217407343899,0.0,
2017-09-01,4.5223929635018685,4.574524244347109,4.457228862445317,4.4637451171875,116079293,6.227954166324829,0.0,
2017-09-04,4.457228372604298,4.515875901746469,4.4181299162672145,4.4832940101623535,123184738,6.200797881420514,0.0,
2017-09-05,4.483293908995656,4.607105839966028,4.483293908995656,4.600589275360107,98073829,6.042704170287833,0.0,
2017-09-06,4.607106129404001,4.613622383692398,4.554974541462214,4.57452392578125,47455229,6.077135118547279,0.0,
2017-09-07,4.561490904450544,4.600589360630034,4.554974339723841,4.568007469177246,31125379,6.085804409817903,0.0,
2017-09-08,4.568007469177246,4.626654998083026,4.548458085724047,4.568007469177246,53729847,6.085804409817903,0.0,
2017-09-11,4.581040301642647,4.6201387579393955,4.522392461834068,4.548458099365234,59833845,6.111961326824065,0.0,
2017-09-12,4.554974353384571,4.561490918130817,4.489810259556656,4.548458099365234,66044986,6.111961326824065,0.0,
2017-09-13,4.535425662994385,4.56149130272322,4.528909097698708,4.535425662994385,63226804,6.129523900441541,0.0,
2017-09-14,4.541941832756996,4.548458397930998,4.450712095409496,4.457228660583496,77634327,6.2370594189710475,0.0,
2017-09-15,4.457228566722112,4.470261386068735,4.411613543645468,4.444195747375488,66276539,6.255350029623974,0.0,
2017-09-18,4.444195476791964,4.4702611138982125,4.379031073299439,4.385547637939453,87321584,6.339003083560578,0.0,
2017-09-19,4.398580537406714,4.437678993785322,4.365998335061085,4.418129920959473,71887296,6.29225498057847,0.0,
2017-09-20,4.418130123232167,4.4572285814007975,4.392064173726156,4.424646377563477,52005040,6.282987978648058,0.0,
2017-09-21,4.418129727179244,4.535425091170466,4.418129727179244,4.522392272949219,84666632,6.1471889924910466,0.0,
2017-09-22,4.52890975648357,4.607106997771748,4.51587693472337,4.561491966247559,82740326,6.094497196466455,0.0,
2017-09-25,4.515875786865369,4.626654899032409,4.515875786865369,4.620138645172119,107597013,6.017135444420053,0.0,
2017-09-26,4.607107549425483,4.626656629043093,4.587558159080855,4.594074726104736,45312797,6.051272923801852,0.0,
2017-09-27,4.587556942452054,4.594073507747732,4.515876277834291,4.535425662994385,56342676,6.129523900441541,0.0,
2017-09-28,4.541941534618988,4.561490918130817,4.496326824302901,4.548458099365234,59849839,6.111961326824065,0.0,
2017-09-29,4.52890882368534,4.568007591639928,4.515876004609449,4.5419416427612305,38255081,6.120730336618604,0.0,
2017-10-09,4.70485211881841,4.737434322441161,4.548458287173817,4.57452392578125,125540535,6.077135118547279,0.0,
2017-10-10,4.561491185088689,4.613622463201965,4.554974619961065,4.6071062088012695,48482991,6.034156526908749,0.0,
2017-10-11,4.607106503434068,4.659237784881234,4.581040862710484,4.626655578613281,54482878,6.008659933215155,0.0,
2017-10-12,4.626655282730285,4.665753741315242,4.594073389272951,4.6071062088012695,62969133,6.034156526908749,0.0,
2017-10-13,4.620138839371129,4.633171658366421,4.574523817524151,4.581040382385254,64711208,6.0684904911327395,0.0,
2017-10-16,4.594074138645662,4.659238246916648,4.561491929146681,4.646205425262451,79365335,5.983377284363112,0.0,
2017-10-17,4.6462053512221955,4.659238172668706,4.607106886882663,4.613623142242432,39442385,6.025633031329025,0.0,
2017-10-18,4.6201390263382205,4.730918147644649,4.594073387292817,4.7178850173950195,109125285,5.8924708630033065,0.0,
2017-10-19,4.691819456225962,4.750467300415039,4.691819456225962,4.750467300415039,81145247,5.852055859340653,0.0,
2017-10-20,4.737435175796434,4.737435175796434,4.69182014465332,4.69182014465332,30962206,5.925205814140208,0.0,
2017-10-23,4.66575413306648,4.68530351936385,4.639688491821289,4.639688491821289,43363455,5.991781570897497,0.0,
2017-10-24,4.646204767051786,4.6918194810159175,4.62665538197649,4.6657538414001465,40144036,5.9583083345128856,0.0,
2017-10-25,4.652721219336865,4.665754039698656,4.6136227582514895,4.626655578613281,44085612,6.008659933215155,0.0,
2017-10-26,4.620139819531947,4.620139819531947,4.53542632272716,4.561491966247559,100482307,6.094497196466455,0.0,
2017-10-27,4.581040576051167,4.711368771513777,4.568007756504906,4.652720928192139,124511823,5.974998378164488,0.0,
2017-10-30,4.66575457396614,4.737435249527498,4.66575457396614,4.72440242767334,117901641,5.884342078304042,0.0,
2017-10-31,4.704852300823804,4.717885120631689,4.652721021592261,4.6657538414001465,53846020,5.9583083345128856,0.0,
2017-11-01,4.665753367784802,4.685302750875662,4.56149081990529,4.600589275360107,136460564,6.042704170287833,0.0,
2017-11-02,4.600589643673646,4.613622463201965,4.541941800432746,4.6071062088012695,64544712,6.034156526908749,0.0,
2017-11-03,4.587556636519443,4.594073201380546,4.522392541542985,4.581040382385254,107653741,6.0684904911327395,0.0,
2017-11-06,4.54194202656758,4.568007977648921,4.496327311310855,4.528909206390381,92131001,6.138343414077202,0.0,
2017-11-07,4.52890975648357,4.587557609767957,4.502844112963171,4.561491966247559,83353515,6.094497196466455,0.0,
2017-11-08,4.568007469177246,4.59407310663024,4.541941520997344,4.568007469177246,63452741,6.085804409817903,0.0,
2017-11-09,4.561490727612959,4.581040110308279,4.5093594547279725,4.522392272949219,48312025,6.1471889924910466,0.0,
2017-11-10,4.502843668242782,4.515876488715804,4.424646745404653,4.431163311004639,157628563,6.273747557658206,0.0,
2017-11-13,4.437679275788424,4.502843373893782,4.411613636546281,4.457228660583496,189532880,6.2370594189710475,0.0,
2017-11-14,4.450712095409496,4.476777734651638,4.444195840962425,4.457228660583496,113817476,6.2370594189710475,0.0,
2017-11-15,4.457228660583496,4.4702614802045675,4.431163021341353,4.457228660583496,47821266,6.2370594189710475,0.0,
2017-11-16,4.4507118125781915,4.47026119613095,4.418129920959473,4.418129920959473,66192923,6.29225498057847,0.0,
2017-11-17,4.424646362516999,4.561491121005312,4.424646362516999,4.554974555969238,165293145,6.103217407343899,0.0,
2017-11-20,4.535425926840527,4.659237878118659,4.528909361165752,4.639688491821289,149193918,5.991781570897497,0.0,
2017-11-21,4.620139416250873,4.6983363399864455,4.600590029953503,4.639688491821289,141094123,5.991781570897497,0.0,
2017-11-22,4.69181935563969,4.809115041503184,4.685303101273344,4.802598476409912,184046864,5.788533048630237,0.0,
2017-11-23,4.802598767329229,4.893828819799782,4.704852460097604,4.776533126831055,165959693,5.820120841168257,0.0,
2017-11-24,4.7765337884111885,4.802599432519619,4.646205567869036,4.756984710693359,95742918,5.844038123037815,0.0,
2017-11-27,4.730917754275091,4.73743400813116,4.620138642179799,4.685302734375,135886354,5.933447970402794,0.0,
2017-11-28,4.665754039698656,4.665754039698656,4.587557117527907,4.626655578613281,81601943,6.008659933215155,0.0,
2017-11-29,4.6201390346899505,4.6722703128749945,4.6071062151436895,4.652720928192139,95347712,5.974998378164488,0.0,
2017-11-30,4.6331718542362115,4.6592374933287335,4.6201390346899505,4.652720928192139,63390499,5.974998378164488,0.0,
2017-12-01,4.652720649489899,4.652720649489899,4.541941534618988,4.548458099365234,98208889,6.111961326824065,0.0,
2017-12-04,4.52890975648357,4.581041354251348,4.509360679206761,4.561491966247559,57495477,6.094497196466455,0.0,
2017-12-05,4.561492018779781,4.685303982291042,4.54845919686949,4.659238338470459,134355691,5.966640463626985,0.0,
2017-12-06,4.652720928192139,4.685303132421255,4.6071062151436895,4.652720928192139,81167895,5.974998378164488,0.0,
2017-12-07,4.639688117271215,4.639688117271215,4.5289089955585915,4.587556838989258,96971020,6.059870422471969,0.0,
2017-12-08,4.561491121005312,4.574523940350535,4.541941736624014,4.554974555969238,70002444,6.103217407343899,0.0,
2017-12-11,4.554975400003968,4.574524788007758,4.470262213926162,4.561491966247559,101398975,6.094497196466455,0.0,
2017-12-12,4.548458018040066,4.548458018040066,4.509359562442387,4.515875816345215,61682833,6.1560594512758495,0.0,
2017-12-13,4.5158759766818815,4.587556636519443,4.489810338691298,4.581040382385254,64243118,6.0684904911327395,0.0,
2017-12-14,4.59407312040823,4.652720649489899,4.541941534618988,4.548458099365234,84307029,6.111961326824065,0.0,
2017-12-15,4.554974461837121,4.574523845814415,4.509359750434962,4.5419416427612305,62119654,6.120730336618604,0.0,
2017-12-18,4.548457988347523,4.6331714636196,4.541941423760331,4.620138645172119,103060405,6.017135444420053,0.0,
2017-12-19,4.62013985284008,4.72440242767334,4.62013985284008,4.72440242767334,108237036,5.884342078304042,0.0,
2017-12-20,4.717885002620735,4.822147869202772,4.698335928761365,4.737434387207031,115759107,5.868155150617205,0.0,
2017-12-21,4.756983786690053,4.770016606212755,4.698335943474431,4.7178850173950195,75339858,5.8924708630033065,0.0,
2017-12-22,4.724401857910574,4.730918423415246,4.691819651841102,4.711369037628174,49671859,5.900620345799795,0.0,
2017-12-25,4.7178854466639155,4.887312426601714,4.7178854466639155,4.822148323059082,127986863,5.765065306486507,0.0,
2017-12-26,4.828664745766677,4.9133782386779785,4.789566282283068,4.9133782386779785,92058930,5.658021558600795,0.0,
2017-12-27,4.880795370361981,5.01112387507613,4.854729731564536,4.887311935424805,133242227,5.688198414039563,0.0,
2017-12-28,4.887312014060317,4.958992677270075,4.828664170458976,4.919894218444824,93130720,5.650527992202964,0.0,
2017-12-29,4.919894031745986,5.037189403770645,4.887311828597899,5.004607200622559,110619617,5.554881509290432,0.0,
2018-01-02,5.011124123048385,5.213132989088325,4.978541917575807,5.076288223266602,218944346,5.47644238807832,0.0,1.14555498
2018-01-03,5.017639718819355,5.141451648339171,5.004606900487106,5.050221920013428,120573591,5.504708593068339,0.0,1.1396728
2018-01-04,5.056739266030242,5.056739266030242,4.945960137722459,4.958992958068848,145807324,5.605976906009965,0.0,1.11908516
2018-01-05,4.978541562394857,5.037189403770645,4.952475924167155,5.004607200622559,96189889,5.554881509290432,0.0,1.12937898
2018-01-08,5.017640400056692,5.037189785572704,4.9264106593448265,4.94596004486084,104700781,5.620749004813723,0.0,1.11614407
2018-01-09,4.94596006062716,4.958992880770399,4.887312214619109,4.926410675048828,117651152,5.6430537025264265,0.0,1.11173243
2018-01-10,4.939443260690638,5.069771766662598,4.9264104411661345,5.069771766662598,127600032,5.483481560808128,0.0,1.14408443
2018-01-11,5.069771865619928,5.174034423851063,5.030673095556318,5.128419399261475,111982967,5.420773504601317,0.0,1.15731934
2018-01-12,5.141452789306641,5.180551252979939,5.115387146857776,5.141452789306641,94287086,5.407032047015843,0.0,1.16026044
2018-01-15,5.134935479977052,5.271780230106086,5.115386096789945,5.258747100830078,161248070,5.286430297363387,0.0,1.18673026
2018-01-16,5.2522323662625,5.395593092565159,5.18706794779478,5.363010883331299,208347327,5.183655339280553,0.0,1.21025898
2018-01-17,5.376042718924228,5.6366990870178215,5.376042718924228,5.467272758483887,257634540,5.084802099339404,0.0,1.23378771
2018-01-18,5.506371886025043,5.8647749222298735,5.499855320295849,5.851741790771484,225922942,4.750722262530811,0.0,1.3205499
2018-01-19,5.864774492223515,5.929938901829768,5.7279297292134785,5.923422336578369,245084668,4.693232800289994,0.0,1.3367259
2018-01-22,5.832191995496616,6.086332434495648,5.806126357249574,5.903872966766357,263620402,4.708773402898351,0.0,1.33231426
2018-01-23,5.871290948253113,6.418669990110537,5.871290948253113,6.392604351043701,326806441,4.348775314940488,0.0,1.44260518
2018-01-24,6.340472104320381,6.438218711559862,6.236209553761326,6.3013739585876465,282666477,4.411736263027775,0.0,1.42201754
2018-01-25,6.255759746712937,6.288341330269274,6.04071806368098,6.216660976409912,280140242,4.47185395914164,0.0,1.40290045
2018-01-26,6.144980414827403,6.41866993333524,6.112398210918594,6.275308609008789,388802293,4.430061010878496,0.0,1.41613536
2018-01-29,6.255759339241093,6.386087529339068,6.1449802222943575,6.203628063201904,261756475,4.481248668807439,0.0,1.39995936
2018-01-30,6.184078015847521,6.242725853409705,6.079815469716437,6.11239767074585,171398755,4.54813339993433,0.0,1.37937172
2018-01-31,6.105882031026058,6.216661158432027,6.053750750064884,6.197112083435059,205587957,4.485960496714216,0.0,1.39848881
2018-02-01,6.17104605366368,6.301374247845067,6.112398210918594,6.275308609008789,265551685,4.430061010878496,0.0,1.41613536
2018-02-02,6.158013024131606,6.262275581180214,6.092849236703156,6.223177433013916,172179371,4.467171360488805,0.0,1.404371
2018-02-05,6.14498021894986,6.399120034139134,6.118914580944452,6.379570960998535,225975250,4.3576598128549895,0.0,1.43966409
2018-02-06,6.262275340177163,6.340472254954219,5.995102392658765,6.125430583953857,294827713,4.5384564593425845,0.0,1.38231281
2018-02-07,6.197112825228082,6.268793189766348,5.682315898024988,5.760512828826904,326500881,4.825959220311521,0.0,1.29996226
2018-02-08,5.675797679650505,5.740962080411035,5.408624755149142,5.532436370849609,261812272,5.024910931913852,0.0,1.24849317
2018-02-09,5.369526473594729,5.473789027030924,5.206616078487216,5.447723388671875,326684570,5.10304911181944,0.0,1.22937608
2018-02-12,5.408625711637396,5.480306067987263,5.310879093210603,5.402109146118164,152215740,5.146138156052709,0.0,1.21908226
2018-02-13,5.454239925153709,5.610633754491617,5.434690851849929,5.486822128295898,190720255,5.066685113890169,0.0,1.23819935
2018-02-14,5.493338334683739,5.571535244249049,5.376042659608877,5.5259199142456055,106593835,5.030836572266038,0.0,1.24702262
2018-02-22,5.669282329176589,5.7474792539602895,5.656249819106264,5.721413612365723,133865575,4.858939046097928,0.0,1.29113899
2018-02-23,5.740962136329697,5.7539946437364735,5.656248663097387,5.734445571899414,128760403,4.84789674109538,0.0,1.29408008
2018-02-26,5.799609753118733,5.832191956070736,5.6497324895748795,5.701863765716553,132240413,4.875598776518011,0.0,1.28672735
2018-02-27,5.675798160775996,5.695347234079777,5.434690851849929,5.486822128295898,170402494,5.066685113890169,0.0,1.23819935
2018-02-28,5.408625017805743,5.460756292364282,5.330428105967936,5.415141582489014,121379156,5.133753121044348,0.0,1.22202335
2018-03-01,5.363009345155295,5.460755944821965,5.330427766720178,5.369525909423828,124133585,5.177365836192242,0.0,1.21172953
2018-03-02,5.317395763340031,5.421658327883341,5.239198839932548,5.349977970123291,142127802,5.196283079154314,0.0,1.20731789
2018-03-05,5.323912435787133,5.395592794985116,5.252232076589149,5.297846794128418,110988364,5.247414861224494,0.0,1.19555353
2018-03-06,5.33042922179825,5.343461732439101,5.180551309977824,5.28481388092041,211040380,5.2603555444715715,0.0,1.19261244
2018-03-07,5.336944914419103,5.4868228191633595,5.317395838653822,5.3825602531433105,238380030,5.164828388825809,0.0,1.21467062
2018-03-08,5.382560361205064,5.415142569103937,5.304363435120124,5.3304290771484375,124499222,5.215340003148841,0.0,1.20290626
2018-03-09,5.356494245273952,5.40862552471839,5.330428605551733,5.376043319702148,103204820,5.171089283845321,0.0,1.21320007
2018-03-12,5.408624880226183,5.434690516842419,5.297845769243732,5.310878276824951,220477605,5.234539100869757,0.0,1.19849462
2018-03-13,5.304363435120124,5.402109437362817,5.304363435120124,5.3304290771484375,149310753,5.215340003148841,0.0,1.20290626
2018-03-14,5.3043624318422955,5.323911504302497,5.226165520547678,5.258747100830078,100541427,5.286430297363387,0.0,1.18673026
2018-03-15,5.213133301536303,5.271781150611213,5.206616735760442,5.252232074737549,75904410,5.292987743956298,0.0,1.18525971
2018-03-16,5.245714792887126,5.252231357773433,5.134935675635244,5.154484748840332,132890629,5.393361578236217,0.0,1.16320153
2018-03-19,5.154485305371258,5.2391987936782805,5.134936230055453,5.232682228088379,94398627,5.312762898303494,0.0,1.18084807
2018-03-20,5.193584131345648,5.304363579062603,5.187067876025221,5.28481388092041,100505345,5.2603555444715715,0.0,1.19261244
2018-03-21,5.310879523656057,5.356494864533896,5.258748238184764,5.28481388092041,95029042,5.2603555444715715,0.0,1.19261244
2018-03-22,5.284812918976309,5.310878556967476,5.154484729020473,5.239198207855225,108973024,5.306155426286213,0.0,1.18231862
2018-03-23,5.121902466887885,5.161000921050157,4.978541157565996,5.056738376617432,218483456,5.49761485161035,0.0,1.14114334
2018-03-26,5.030672851991547,5.030672851991547,4.8025983615399115,4.874279022216797,192810780,5.703407595931327,0.0,1.09996807
2018-03-27,4.9459606690309545,4.95247692454067,4.796083063583745,4.854730606079102,205996091,5.726373357398822,0.0,1.09555643
2018-03-28,4.796081555949522,4.991573820693256,4.776532174111708,4.841696262359619,211477621,5.741789342739886,0.0,1.09261534
2018-03-29,4.8612464572831815,5.1023537794911915,4.802598612687257,4.998091220855713,227998009,5.5621233730184745,0.0,1.12790843
2018-03-30,5.004606900487106,5.1219025762042465,4.991574082154857,5.050221920013428,137231642,5.504708593068339,0.0,1.1396728
2018-04-02,5.043705656429021,5.095837243595476,4.861246188890639,4.893828392028809,201129290,5.680624201143085,0.0,1.06817924
2018-04-03,4.835180945497734,4.893828791644685,4.789565919524889,4.861246585845947,96035745,5.718697767964034,0.0,1.06106752
2018-04-04,4.861246691682476,4.932927359564128,4.776533203342973,4.809115409851074,116117204,5.780688885746848,0.0,1.04968878
2018-04-09,4.8156315715883125,4.848213777466316,4.750467470559252,4.796082496643066,86691563,5.796397376287444,0.0,1.0468441
2018-04-10,4.796082524761184,5.108870522261412,4.783049704478964,5.089321136474609,201219024,5.462418121104686,0.0,1.11084951
2018-04-11,5.095837872783104,5.2261663907006435,5.069772231344988,5.180551052093506,247800636,5.366224504006341,0.0,1.13076231
2018-04-12,5.141452430096726,5.167518070724504,5.004607661437422,5.0241570472717285,141512766,5.533266523803482,0.0,1.09662609
2018-04-13,5.082804330218685,5.121902786823209,4.952475830810027,4.991574287414551,121104946,5.569385207807728,0.0,1.08951438
2018-04-16,4.9198944602979555,4.932927280547043,4.770016872069984,4.776533126831055,250951443,5.820120841168257,0.0,1.04257707
2018-04-17,4.756984141141996,4.828664498494431,4.711369114050213,4.743951320648193,147865071,5.860093858678451,0.0,1.03546536
2018-04-18,4.835181067159665,4.8416973220472075,4.743951323645412,4.7895660400390625,180797484,5.804283679899583,0.0,1.04542176
2018-04-19,4.783050060642151,4.88731263066368,4.783050060642151,4.828664779663086,129961047,5.757285143728638,0.0,1.05395581
2018-04-20,4.8221478609628035,4.82866411532915,4.737434379111819,4.802598476409912,118254817,5.788533048630237,0.0,1.04826644
2018-04-23,4.776532174111708,4.887311279496599,4.763499356462125,4.841696262359619,133386529,5.741789342739886,0.0,1.0568005
2018-04-24,4.887312214619109,5.08280482749465,4.887312214619109,4.926410675048828,247871027,5.6430537025264265,0.0,1.07529095
2018-04-25,4.906861334653553,4.9394432278849525,4.8482134918193385,4.867762565612793,128265268,5.711042727594565,0.0,1.06248987
2018-04-26,4.88079606467385,4.89382919665351,4.783050060642151,4.828664779663086,108203493,5.757285143728638,0.0,1.05395581
2018-04-27,4.8482133839210055,4.887311841364693,4.756983649885735,4.874279022216797,121154691,5.703407595931327,0.0,1.06391221
2018-05-02,4.9394432278849525,4.958992612405332,4.815631287861014,4.867762565612793,95696669,5.711042727594565,0.0,1.06248987
2018-05-03,4.867763427825512,4.887312815808618,4.770017420090924,4.854730606079102,91005298,5.726373357398822,0.0,1.05964518
2018-05-04,4.835179899176084,4.861245533883755,4.776532065720387,4.783048629760742,100251055,5.8121926310815315,0.0,1.04399941
2018-05-07,4.789566315905012,4.841697600915777,4.7374350308942486,4.828664779663086,114734151,5.757285143728638,0.0,1.05395581
2018-05-08,4.828664368611058,4.978541955621788,4.828664368611058,4.926410675048828,198242536,5.6430537025264265,0.0,1.07529095
2018-05-09,4.94596004486084,4.965509119649911,4.887312199039742,4.94596004486084,77435585,5.620749004813723,0.0,1.07955798
2018-05-10,4.958992016754721,5.011123288244739,4.8938279273921985,4.9394426345825195,106146416,5.628165373429759,0.0,1.07813564
2018-05-11,4.9589932354571316,5.095838012112299,4.926411027405153,5.04370641708374,201319980,5.511819622537407,0.0,1.10089312
2018-05-14,5.05022181222694,5.128418720551484,4.991573975620087,5.056738376617432,155262833,5.49761485161035,0.0,1.1037378
2018-05-15,5.089320266389212,5.115385902497393,5.017639611728268,5.056738376617432,115421935,5.49761485161035,0.0,1.1037378
2018-05-16,5.024156671799303,5.043705745445693,4.952476010066383,4.972025394439697,97296783,5.591282786103472,0.0,1.08524735
2018-05-17,4.97202568506423,4.985058505165925,4.9133778392431315,4.94596004486084,68734551,5.620749004813723,0.0,1.07955798
2018-05-18,4.945959748399042,5.043705737939369,4.926410364054822,5.037189483642578,95416947,5.518950615273816,0.0,1.09947077
2018-05-21,5.063255709476502,5.0893213511403825,4.958993142820984,4.985058784484863,181812807,5.576664429017911,0.0,1.08809203
2018-05-22,4.965509447271802,4.972026013116079,4.83518123765586,4.880795955657959,206200300,5.695792295470463,0.0,1.06533455
2018-05-23,4.880795393167624,4.880795393167624,4.789565656950293,4.802598476409912,139671498,5.788533048630237,0.0,1.04826644
2018-05-24,4.802598579371137,4.8156313991101625,4.737434480676014,4.750467300415039,144742148,5.852055859340653,0.0,1.0368877
2018-05-25,4.737434480676014,4.776532939893088,4.711368841197965,4.750467300415039,141853379,5.852055859340653,0.0,1.0368877
2018-05-28,4.7439509523114385,4.75046720668892,4.698335928761365,4.737434387207031,104471256,5.868155150617205,0.0,1.03404302
2018-05-29,4.724401764469428,4.730918329845213,4.613622638896593,4.698336124420166,220437407,5.916988326038694,0.0,1.02550896
2018-05-30,4.633173196066974,4.652722275684584,4.581041902783991,4.594074726104736,131976544,6.051272923801852,0.0,1.00275148
2018-05-31,4.620139416250873,4.66575413306648,4.594073775005683,4.639688491821289,117252650,5.991781570897497,0.0,1.01270788
2018-06-01,4.620139708329174,4.672270994115217,4.58755749934941,4.613623142242432,98406737,6.025633031329025,0.0,1.00701851
2018-06-04,4.626655274373956,4.711368756518492,4.62013901998503,4.67227029800415,149740409,5.949998229313767,0.0,1.01981959
2018-06-05,4.665753934540101,4.678786754608154,4.61362265426789,4.678786754608154,107542221,5.941711272183901,0.0,1.02124193
2018-06-06,4.65272168072606,4.678787324034454,4.626656037417666,4.646205425262451,89123709,5.983377284363112,0.0,1.01413022
2018-06-07,4.678786754608154,4.724401780209809,4.652721114472048,4.678786754608154,133816893,5.941711272183901,0.0,1.02124193
2018-06-08,4.659237296357004,4.659237296357004,4.574523817524151,4.581040382385254,141492104,6.0684904911327395,0.0,0.9999068
2018-06-11,4.568007469177246,4.59407310663024,4.522392448271054,4.568007469177246,108279702,6.085804409817903,0.0,0.99706211
2018-06-12,4.561491856456389,4.620139708329174,4.535426213563367,4.613623142242432,87024253,6.025633031329025,0.0,1.00701851
2018-06-13,4.600589275360107,4.613622093845046,4.554974255299369,4.600589275360107,88022346,6.042704170287833,0.0,1.00417382
2018-06-14,4.574523718803508,4.652720631087727,4.568007464809945,4.633171558380127,94708877,6.000209500059951,0.0,1.01128554
2018-06-15,4.620139295651376,4.724401857910574,4.607106475368977,4.711369037628174,167650498,5.900620345799795,0.0,1.02835365
2018-06-19,4.665754011276302,4.730918423415246,4.594073655086578,4.711369037628174,302287678,5.900620345799795,0.0,1.02835365
2018-06-20,4.672270014522236,4.691819087229836,4.607105920952054,4.633171558380127,90429539,6.000209500059951,0.0,1.01128554
2018-06-21,4.633171476935906,4.704851823239619,4.600589275360107,4.600589275360107,94894877,6.042704170287833,0.0,1.00417382
2018-06-22,4.574523638390229,4.6396877308149245,4.56149081990529,4.600589275360107,78167584,6.042704170287833,0.0,1.00417382
2018-06-25,4.639688424991093,4.639688424991093,4.48981083462661,4.4963274002075195,112771759,6.1828237860785995,0.0,0.98141634
2018-06-26,4.457228295345088,4.463744549258198,4.300834161980695,4.385547637939453,153779010,6.339003083560578,0.0,0.95723652
2018-06-27,4.352965635917297,4.359482200856306,4.248703082708498,4.281285285949707,125480119,6.493377138691003,0.0,0.93447904
2018-06-28,4.255220058173935,4.261736313014687,4.16399000458781,4.183539390563965,111661087,6.645091011382208,0.0,0.9131439
2018-06-29,4.196571713626774,4.2878014456740985,4.196571713626774,4.268252372741699,92141651,6.513204368499596,0.0,0.93163435
2018-07-02,4.255219910743496,4.26173616535848,4.033661660749154,4.053210735321045,136529582,6.85876008314629,0.0,0.8792502
2018-07-03,4.059727924023473,4.12489203381378,4.007596636191227,4.118375778198242,157022724,6.750233950764514,0.0,0.89338605
2018-07-04,4.111859211855719,4.18353988798855,4.092310134282119,4.118375778198242,98247953,6.750233950764514,0.0,0.89338605
2018-07-05,4.111858360819585,4.209604660637873,4.111858360819585,4.177022457122803,111535711,6.655458591704357,0.0,0.90610832
2018-07-06,4.170506281622456,4.255219763780047,4.137924077492021,4.209604740142822,97361163,6.603945433379765,0.0,0.91317625
2018-07-09,4.229153865403359,4.444195855967487,4.229153865403359,4.437679290771484,144781351,6.2645356228901825,0.0,0.96265175
2018-07-10,4.444195667499889,4.444195667499889,4.359482187905932,4.411613464355469,105903388,6.301549359347952,0.0,0.9569974
2018-07-11,4.300834161980695,4.444195476791964,4.281285089514461,4.385547637939453,133489423,0.0,0.0,0.95134306
2018-07-12,4.3725149947746536,4.574523845814415,4.3725149947746536,4.5419416427612305,155566884,0.0,0.0,0.98526911
2018-07-13,4.554974353384571,4.561490918130817,4.496326824302901,4.548458099365234,90655715,0.0,0.0,0.9866827
2018-07-16,4.52239305431579,4.574524336207876,4.379031718385602,4.431163311004639,134147679,0.0,0.0,0.96123816
2018-07-17,4.404612385424309,4.411420288580161,4.288880953343017,4.3365349769592285,119091496,6.710426678122834,0.291,0.90045398
2018-07-18,4.350150486083444,4.452266761734335,4.350150486083444,4.356958389282227,81652351,6.678971291436636,0.0,0.90469474
2018-07-19,4.37738177676653,4.390997259562899,4.295688879988317,4.322919845581055,93287019,6.731561314916908,0.0,0.89762681
2018-07-20,4.3161121032174465,4.663307063700125,4.295688717486134,4.615653038024902,256412526,6.304633333629485,0.0,0.95841099
2018-07-23,4.608845284179418,4.758615594135385,4.561190932338618,4.717769145965576,242622541,6.1681695521038815,0.0,0.97961477
2018-07-24,4.710961566913298,4.819885428699456,4.676922697795767,4.717769145965576,196239215,6.1681695521038815,0.0,0.97961477
2018-07-25,4.73138392375344,4.758614885142801,4.649691039585357,4.710960865020752,98920763,6.1770837911369085,0.0,0.97820119
2018-07-26,4.710961441239623,4.772231274169206,4.636076125949988,4.704153537750244,102591886,6.186022579083811,0.0,0.9767876
2018-07-27,4.663306713104248,4.724576541073104,4.6428836535270825,4.663306713104248,71380623,6.240207172782948,0.0,0.96830609
2018-07-30,4.663306868782722,4.772231047099057,4.636075905358311,4.73138427734375,112574503,6.150419897057495,0.0,0.98244194
2018-07-31,4.724576753139556,4.8062696443524295,4.6701148256643075,4.772231101989746,99076810,6.097776779474693,0.0,0.99092346
2018-08-01,4.7790384948032925,4.833500420161033,4.676922222448188,4.683730125427246,120944175,6.2129967399318335,0.0,0.97254684
2018-08-02,4.62926763154044,4.670114070542318,4.554382331061011,4.588420867919922,114742575,6.342051184418042,0.0,0.95275665
2018-08-03,4.588421749146792,4.7041535108549,4.58161417031504,4.649691581726074,101478706,6.258479619243347,0.0,0.96547892
2018-08-06,4.642883432870046,4.7518072777547085,4.629267952259463,4.690537452697754,103619987,6.203979883640666,0.0,0.97396043
2018-08-07,4.6973457625033666,4.758615268252825,4.636075932135216,4.751807689666748,127506302,6.1239852074149965,0.0,0.9866827
2018-08-08,4.738192022330774,4.74499960065027,4.6428836535270825,4.663306713104248,86148799,6.240207172782948,0.0,0.96830609
2018-08-09,4.636076249625958,4.731384628688845,4.636076249625958,4.717769145965576,86412538,6.1681695521038815,0.0,0.97961477
2018-08-10,4.704153156877259,4.717768638134929,4.649691231846578,4.663306713104248,68074166,6.240207172782948,0.0,0.96830609
2018-08-13,4.636076044524142,4.636076044524142,4.46588235570335,4.540767669677734,149819702,6.408607996908433,0.0,0.94286155
2018-08-14,4.527152411901305,4.5543833774925755,4.46588257701159,4.5475754737854,68926038,6.399014192891925,0.0,0.94427513
2018-08-15,4.5271525146945395,4.5407679977993265,4.459075099170603,4.472690582275391,73377263,6.506150931906397,0.0,0.92872569
2018-08-16,4.418228200489907,4.499921421430766,4.397805138718729,4.4931135177612305,85105710,6.476577964248623,0.0,0.93296645
2018-08-17,4.527151874882772,4.554382837243859,4.425035603719359,4.438651084899902,61018736,6.556045844422628,0.0,0.92165777
2018-08-20,4.459074874574924,4.547575347989068,4.438651488637071,4.533959865570068,84643758,6.41823061138658,0.0,0.94144796
2018-08-21,4.527152188257674,4.602037502243652,4.513536706134651,4.574806213378906,81167425,6.360925172064727,0.0,0.94992948
2018-08-22,4.567998030797362,4.574805608649651,4.52034368735671,4.561190128326416,35851706,6.379913834172337,0.0,0.9471023
2018-08-23,4.561190856832652,4.595229725386703,4.520344409339015,4.554383277893066,38415760,6.389449070141093,0.0,0.94568872
2018-08-24,4.533959476039718,4.7041531539645565,4.520343994790478,4.629268169403076,93100760,6.2860907891089655,0.0,0.96123816
2018-08-27,4.6496916083100395,4.704153537750244,4.615653064719264,4.704153537750244,101323846,6.186022579083811,0.0,0.9767876
2018-08-28,4.710961217084787,4.779038625645814,4.697345735372581,4.73138427734375,87395102,6.150419897057495,0.0,0.98244194
2018-08-29,4.710961215349769,4.7245766970569605,4.670114770228196,4.697345733642578,40319539,6.194987903825055,0.0,0.97537402
2018-08-30,4.697345932023149,4.731384475419314,4.649691581726074,4.649691581726074,41493370,6.258479619243347,0.0,0.96547892
2018-08-31,4.649691259769317,4.738192050784987,4.608844815751012,4.683730125427246,72820411,6.2129967399318335,0.0,0.97254684
2018-09-03,4.676922222448188,4.738192050784987,4.649691259769317,4.683730125427246,69002138,6.2129967399318335,0.0,0.97254684
2018-09-04,4.683730601466759,4.738192532359838,4.622460766902688,4.717769145965576,63117600,6.1681695521038815,0.0,0.97961477
2018-09-05,4.690537742333151,4.717768705235798,4.554382927819916,4.56799840927124,90470028,6.370405020487407,0.0,0.94851589
2018-09-06,4.547575248428842,4.588421694791588,4.533959766307927,4.540767669677734,49582472,6.408607996908433,0.0,0.94286155
2018-09-07,4.547575347989068,4.574806312827068,4.472690356993923,4.533959865570068,103132693,6.41823061138658,0.0,0.94144796
2018-09-10,4.499920594502419,4.561190093175475,4.479497211865631,4.506728172302246,64173954,6.457012468345604,0.0,0.93579362
2018-09-11,4.5135362972419815,4.554382739910668,4.452266470929615,4.47949743270874,49273416,6.496264466525949,0.0,0.93013928
2018-09-12,4.459074596209092,4.479497656253291,4.425035729977178,4.452266693115234,49235886,6.535996607076301,0.0,0.92448494
2018-09-13,4.486305241317309,4.520343780517578,4.459074280109629,4.520343780517578,55078569,6.437563471481821,0.0,0.93862079
2018-09-14,4.513536104317655,4.561190123084889,4.506728201854532,4.527151584625244,46615889,6.4278828433373265,0.0,0.94003438
2018-09-17,4.513536326008076,4.547574866139585,4.499920845031738,4.499920845031738,44795143,6.4667804172885965,0.0,0.93438003
2018-09-18,4.493113444343257,4.567998760390945,4.486305865403672,4.554383277893066,50973975,6.389449070141093,0.0,0.94568872
2018-09-19,4.540767723168362,4.649691581418818,4.540767723168362,4.615653038024902,93015921,6.304633333629485,0.0,0.95841099
2018-09-20,4.629268172269412,4.7313841193926,4.629268172269412,4.663306713104248,94663119,6.240207172782948,0.0,0.96830609
2018-09-21,4.683730603144949,4.922001713196898,4.629268672232357,4.90838623046875,208122082,5.9286288066253,0.0,1.01919517
2018-09-25,4.833500862121582,4.874347309874762,4.7722313528011675,4.833500862121582,124461331,6.020480978506964,0.0,1.00364573
2018-09-26,4.826692834967104,4.928808782558954,4.813077353646945,4.853923797607422,149199869,5.995149741399702,0.0,1.00788648
2018-09-27,4.840308316287263,4.86753927892758,4.792653969357367,4.853923797607422,73659178,5.995149741399702,0.0,1.00788648
2018-09-28,4.847115802745233,4.983270937984238,4.840308224523553,4.928808689117432,133449019,5.9040636055222375,0.0,1.02343592
2018-10-08,4.792654463252916,4.799462366923908,4.676922697795767,4.717769145965576,137349062,6.1681695521038815,0.0,0.94034643
2018-10-09,4.704153312186829,4.731384275601211,4.636075903650873,4.697345733642578,72889673,6.194987903825055,0.0,0.93627567
2018-10-10,4.697344562934094,4.75180647618944,4.6564981279925854,4.724575519561768,70139230,6.159283491080527,0.0,0.94170335
2018-10-11,4.5543833774925755,4.663307239857656,4.52034450819413,4.5475754737854,115828581,6.399014192891925,0.0,0.9064234
2018-10-12,4.588421897785157,4.738192532359838,4.547575449615348,4.717769145965576,117269523,6.1681695521038815,0.0,0.94034643
2018-10-15,4.710961286338065,4.710961286338065,4.615652912951551,4.636075973510742,73966142,6.276860035570893,0.0,0.92406338
2018-10-16,4.642883555272844,4.7313840192654855,4.622460171509205,4.670114517211914,93052856,6.231110584708503,0.0,0.93084798
2018-10-17,4.717768993137107,4.731384475419314,4.608845134879454,4.649691581726074,87386136,6.258479619243347,0.0,0.92677722
2018-10-18,4.642883848022082,4.66330690845479,4.5543830538305,4.581614017486572,91453258,6.351473495788711,0.0,0.91320801
2018-10-19,4.5611906199762196,4.765423171457593,4.540767559599297,4.751807689666748,145434075,6.1239852074149965,0.0,0.94713104
2018-10-22,4.7790383941589765,4.935616588574358,4.7790383941589765,4.89477014541626,175167172,5.945120840301539,0.0,0.97562638
2018-10-23,4.867539317322549,4.894770280177664,4.704153215573182,4.738192081451416,130806585,6.141583013047881,0.0,0.94441719
2018-10-24,4.751808114774742,4.942425201518326,4.745000210960923,4.867539882659912,129239392,5.978379366477432,0.0,0.9701987
2018-10-25,4.7654229163730335,4.9356165919577855,4.751807435311001,4.928808689117432,103736061,5.9040636055222375,0.0,0.98241099
2018-10-26,4.942424424679227,4.956039905548096,4.84030815585338,4.956039905548096,103395794,5.871623424061552,0.0,0.98783867
2018-10-29,4.956040891127146,4.983271858280147,4.779039280013907,4.819885730743408,112648161,6.037487530956813,0.0,0.96070025
2018-10-30,4.826692834967104,4.935616685528373,4.792653969357367,4.853923797607422,106277945,5.995149741399702,0.0,0.96748486
2018-10-31,4.867539882659912,4.88796294486393,4.806270046810417,4.867539882659912,69728591,5.978379366477432,0.0,0.9701987
2018-11-01,4.881154503593753,4.901577562190794,4.806269197961053,4.826692581176758,86718875,6.028973155134184,0.0,0.96205717
2018-11-02,4.881155490875244,4.915194036961303,4.8062701700959485,4.881155490875244,179192893,5.9617031365624555,0.0,0.97291254
2018-11-05,4.840309247072766,4.867540214949565,4.772231827380769,4.799462795257568,111898443,6.063178576726172,0.0,0.95662949
2018-11-06,4.792655221310075,4.792655221310075,4.724577796925879,4.7654242515563965,73958284,6.106486739453656,0.0,0.94984488
2018-11-07,4.758614411223455,4.7926532718794945,4.731383452546076,4.744998931884766,72605928,6.132772718758265,0.0,0.94577412
2018-11-08,4.772230215180778,4.813076653196845,4.731383452546076,4.744998931884766,79928579,6.132772718758265,0.0,0.94577412
2018-11-09,4.663307009487907,4.663307009487907,4.533959767009836,4.574806213378906,251421186,6.360925172064727,0.0,0.91185108
2018-11-12,4.554383152503721,4.581614116749767,4.520344284886813,4.574806213378906,110370514,6.360925172064727,0.0,0.91185108
2018-11-13,4.533959767009836,4.608845080995814,4.533959767009836,4.574806213378906,87710444,6.360925172064727,0.0,0.91185108
2018-11-14,4.567997995593956,4.574805573393783,4.493112692083939,4.506728172302246,126012425,6.457012468345604,0.0,0.89828187
2018-11-15,4.499921223314988,4.547575248428842,4.499921223314988,4.540767669677734,73260499,6.408607996908433,0.0,0.90506648
2018-11-16,4.547575347989068,4.561190830408068,4.499921321831923,4.533959865570068,102926724,6.41823061138658,0.0,0.90370956
2018-11-19,4.540767598910977,4.608845008454584,4.540767598910977,4.60203742980957,116422512,6.323286249587097,0.0,0.91727877
2018-11-20,4.581614116749767,4.59522959887279,4.547575249132859,4.574806213378906,102813975,6.360925172064727,0.0,0.91185108
2018-11-21,4.554383152503721,4.574806213378906,4.540767670380697,4.574806213378906,47286587,6.360925172064727,0.0,0.91185108
2018-11-22,4.5748063393305305,4.5748063393305305,4.540767795395188,4.554383277893066,38671237,6.389449070141093,0.0,0.90778032
2018-11-23,4.5475746427773,4.574805603392478,4.499920624010066,4.527151584625244,75741850,6.4278828433373265,0.0,0.90235264
2018-11-26,4.5339598918368935,4.588421821828409,4.520344409339015,4.554383277893066,75948698,6.389449070141093,0.0,0.90778032
2018-11-27,4.561190830408068,4.574806312827068,4.520344383151069,4.533959865570068,39209465,6.41823061138658,0.0,0.90370956
2018-11-28,4.5339598918368935,4.554383277893066,4.527152312897309,4.554383277893066,42131518,6.389449070141093,0.0,0.90778032
2018-11-29,4.574805473748437,4.574805473748437,4.506728074139716,4.513535976409912,49651350,6.447273302371298,0.0,0.89963879
2018-11-30,4.520343682162121,4.527151584625244,4.493112721546943,4.527151584625244,47541727,6.4278828433373265,0.0,0.90235264
2018-12-03,4.602037178806362,4.6292681411385805,4.554382832415642,4.608844757080078,144647923,6.313946668586909,0.0,0.91863569
2018-12-04,4.595229275913969,4.615652659972471,4.588421373021576,4.608844757080078,66629303,6.313946668586909,0.0,0.91863569
2018-12-05,4.561190632435172,4.588421596091244,4.5543830538305,4.581614017486572,49303055,6.351473495788711,0.0,0.91320801
2018-12-06,4.54076716373267,4.55438264433651,4.51353620252499,4.520343780517578,76707281,6.437563471481821,0.0,0.90099571
2018-12-07,4.533959033983205,4.540766936253401,4.499920496488168,4.513535976409912,41119891,6.447273302371298,0.0,0.89963879
2018-12-10,4.493113265240856,4.506728747196001,4.452266819375422,4.465882301330566,60397754,6.516069622195357,0.0,0.89014034
2018-12-11,4.4726897562262256,4.493112814802165,4.465881853621804,4.486305236816406,29035022,6.486406622802616,0.0,0.89421111
2018-12-12,4.506728299913737,4.52715168312883,4.493112819309897,4.520343780517578,44553212,6.437563471481821,0.0,0.90099571
2018-12-13,4.533959668779099,4.608844981142645,4.520344186951062,4.581614017486572,105924739,6.351473495788711,0.0,0.91320801
2018-12-14,4.5611903471159225,4.595229211866103,4.499920845031738,4.499920845031738,104739365,6.4667804172885965,0.0,0.89692495
2018-12-17,4.513536804250923,4.540767769088922,4.499921321831923,4.533959865570068,43432395,6.41823061138658,0.0,0.90370956
2018-12-18,4.513536326008076,4.540767287960752,4.493112942234233,4.499920845031738,36573368,6.4667804172885965,0.0,0.89692495
2018-12-19,4.5135365224852055,4.520344100960377,4.445459114640063,4.452266693115234,52500170,6.535996607076301,0.0,0.8874265
2018-12-20,4.459074664933117,4.4658822435132075,4.309304040746826,4.356958389282227,114380173,6.678971291436636,0.0,0.8684296
2018-12-21,4.329727268899866,4.329727268899866,4.2208030939954755,4.288880825042725,86485463,6.784986850202375,0.0,0.85486039
2018-12-24,4.268457440804814,4.295688403376242,4.2412264782333855,4.288880825042725,40935446,6.784986850202375,0.0,0.85486039
2018-12-25,4.248033930445763,4.302496178590352,4.220802968682802,4.275265216827393,61049050,6.806595269332706,0.0,0.85214655
2018-12-26,4.261649960844395,4.3093039841350675,4.254842057735049,4.282073020935059,41201946,6.795773882820325,0.0,0.85350347
2018-12-27,4.3229194657350725,4.3229194657350725,4.275265442444399,4.282073020935059,73316001,6.795773882820325,0.0,0.85350347
2018-12-28,4.29568853188018,4.350150458652244,4.288880953343017,4.3365349769592285,67021927,6.710426678122834,0.0,0.86435884
2019-01-02,4.336535175234821,4.350150657550366,4.241226799026007,4.254842281341553,51090055,6.839266434765418,0.0,0.82378024
2019-01-03,4.254842182140819,4.295688628135127,4.2344187968343165,4.261650085449219,37558542,6.8283409985624335,0.0,0.82509829
2019-01-04,4.227611834346643,4.3365357062078305,4.227611834346643,4.329728126525879,72729495,6.720976271401476,0.0,0.83827878
2019-01-07,4.227611245601588,4.336535102293835,4.295688656034243,4.316112041473389,60593977,6.742179007490767,0.0,0.83564268
2019-01-08,4.3093041381207735,4.336535102293835,4.282073173947712,4.316112041473389,45683190,6.742179007490767,0.0,0.83564268
2019-01-09,4.329727176375181,4.4046121595370025,4.316111695380425,4.363765716552734,84075583,6.668552321591699,0.0,0.84486902
2019-01-10,4.3501505843803665,4.356958487732982,4.3093041381207735,4.316112041473389,46828645,6.742179007490767,0.0,0.83564268
2019-01-11,4.322920222225182,4.3365357062078305,4.288881674577933,4.329728126525879,51793011,6.720976271401476,0.0,0.83827878
2019-01-14,4.329727268899866,4.329727268899866,4.282072922090528,4.288880825042725,37247365,6.784986850202375,0.0,0.83037049
2019-01-15,4.295688905524122,4.3569587407813595,4.275265843517522,4.343343257904053,66864142,6.699907944656129,0.0,0.84091487
2019-01-16,4.343342657369937,4.370573619359449,4.329727176375181,4.363765716552734,47817444,6.668552321591699,0.0,0.84486902
2019-01-17,4.377381451199678,4.445459184736971,4.336535005848518,4.390996932983398,100067690,6.627196612553411,0.0,0.85014121
2019-01-18,4.411419935686856,4.533959261121418,4.404612033075604,4.520343780517578,146663482,6.437563471481821,0.0,0.87518413
2019-01-21,4.527152187556819,4.595229598161396,4.513536705435904,4.540767669677734,98294720,6.408607996908433,0.0,0.87913828
2019-01-22,4.540767869591838,4.561190931363018,4.465882552320516,4.4931135177612305,48731253,6.476577964248623,0.0,0.86991194
2019-01-23,4.499920624010066,4.567998025548011,4.493112721546943,4.527151584625244,39620412,6.4278828433373265,0.0,0.87650218
2019-01-24,4.5475754737854,4.567998860288211,4.513536929105671,4.5475754737854,44052634,6.399014192891925,0.0,0.88045633
2019-01-25,4.574806142595778,4.656499358688628,4.574806142595778,4.636075973510742,102973899,6.276860035570893,0.0,0.89759095
2019-01-28,4.676922162910624,4.704153125242842,4.595229275913969,4.608844757080078,68790898,6.313946668586909,0.0,0.89231876
2019-01-29,4.6224602693312375,4.683730097300093,4.567998344300556,4.663306713104248,61726210,6.240207172782948,0.0,0.90286315
2019-01-30,4.649691133448275,4.71776853829595,4.622460171509205,4.670114517211914,70571604,6.231110584708503,0.0,0.9041812
2019-01-31,4.697345693955903,4.833500509877476,4.697345693955903,4.813077449798584,129708824,6.046027786487784,0.0,0.93186021
2019-02-01,4.833501088974908,4.833501088974908,4.74500028571334,4.806270122528076,79382478,6.054591035905724,0.0,0.93054216
2019-02-11,4.779039156081243,4.826693509672563,4.74500028571334,4.806270122528076,83390683,6.054591035905724,0.0,0.93054216
2019-02-12,4.819885858855796,4.840309247072766,4.765423923102198,4.799462795257568,54946010,6.063178576726172,0.0,0.92922412
2019-02-13,4.806270271642448,4.8743476898716285,4.76542382070494,4.840309143066406,101605677,6.012012691727522,0.0,0.93713241
2019-02-14,4.826693156889863,4.833500735694642,4.765423324553335,4.785846710205078,77092177,6.080428764663261,0.0,0.92658802
2019-02-15,4.772231633761181,4.772231633761181,4.642884379284908,4.656499862670898,103867070,6.249329079397562,0.0,0.9015451
2019-02-18,4.683729437169981,4.7518068338634265,4.683729437169981,4.744998931884766,104771328,6.132772718758265,0.0,0.91867973
2019-02-19,4.731383452546076,4.819884230556873,4.7109603958473585,4.744998931884766,111733075,6.132772718758265,0.0,0.91867973
2019-02-20,4.765422313202116,4.7926532718794945,4.724575875186048,4.744998931884766,58224106,6.132772718758265,0.0,0.91867973
2019-02-21,4.758614053037054,4.785845334283336,4.710960041247931,4.724575519561768,65659924,6.159283491080527,0.0,0.91472558
2019-02-22,4.710961217084787,4.7381921805091975,4.629268326811553,4.73138427734375,131210702,6.150419897057495,0.0,0.91604363
2019-02-25,4.765423452711905,5.064964394408041,4.745000066510906,5.024117946624756,353290186,5.792061474104051,0.0,0.97271971
2019-02-26,4.969655453515444,5.010501896673542,4.853923702258161,4.89477014541626,256273227,5.945120840301539,0.0,0.94767679
2019-02-27,4.901578576038822,5.071772281104319,4.867540029796961,4.935617446899414,225990872,5.89591886183983,0.0,0.95558508
2019-02-28,4.928808785291717,4.956040072565814,4.874346859980887,4.887962341308594,111538823,5.95340102235923,0.0,0.94635874
2019-03-01,4.915193514116318,4.996886730194092,4.874347068386779,4.996886730194092,169326103,5.82362610386201,0.0,0.96744752
2019-03-04,5.051348785168626,5.139849582122917,4.962847988214335,5.010502338409424,290704378,5.8078009019027315,0.0,0.97008362
2019-03-05,4.969655990600586,4.990079052077478,4.91519373588522,4.969655990600586,181278296,5.855536088421132,0.0,0.96217533
2019-03-06,4.935617468997778,5.003694886405036,4.935617468997778,4.990079402923584,160615875,5.831570532314759,0.0,0.96612947
2019-03-07,4.969656166003402,4.969656166003402,4.8879629433563645,4.901578426361084,175589591,5.936863081389833,0.0,0.94899484
2019-03-08,4.833500782480084,4.847116264840135,4.697345958879572,4.704153537750244,216825679,6.186022579083811,0.0,0.91077144
2019-03-11,4.704152493868698,4.7518068338634265,4.656498478492602,4.744998931884766,136330728,6.132772718758265,0.0,0.91867973
2019-03-12,4.75180771687718,4.8062696443524295,4.738192235008368,4.772231101989746,143567915,6.097776779474693,0.0,0.92395192
2019-03-13,4.765423143933608,4.765423143933608,4.683730253660375,4.73138427734375,134847485,6.150419897057495,0.0,0.91604363
2019-03-14,4.717768795631544,4.779038625645814,4.717768795631544,4.73138427734375,91739931,6.150419897057495,0.0,0.91604363
2019-03-15,4.72457687786855,4.8198852534663805,4.717768974445068,4.785846710205078,132540485,6.080428764663261,0.0,0.92658802
2019-03-18,4.785846984606399,4.867539882659912,4.772231501597481,4.867539882659912,135020980,5.978379366477432,0.0,0.9424046
2019-03-19,4.874347083667618,4.887962565620149,4.847116119762557,4.860731601715088,99548430,5.986753103119742,0.0,0.94108655
2019-03-20,4.853924023048171,4.881154986953231,4.813077577190579,4.860731601715088,85770554,5.986753103119742,0.0,0.94108655
2019-03-21,4.853923894575056,4.860731473061791,4.806269546693161,4.813077449798584,104998312,6.046027786487784,0.0,0.93186021
2019-03-22,4.8198852534663805,4.826693156889863,4.744999938901591,4.785846710205078,100406025,6.080428764663261,0.0,0.92658802
2019-03-25,4.738192762986841,4.758615825756461,4.656499862670898,4.656499862670898,150304511,6.249329079397562,0.0,0.9015451
2019-03-26,4.683730322513347,4.690537901160179,4.629268394863909,4.636075973510742,102504430,6.276860035570893,0.0,0.89759095
2019-03-27,4.6564992885210055,4.7245766970569605,4.649691385358064,4.697345733642578,87771376,6.194987903825055,0.0,0.90945339
2019-03-28,4.6701142612277025,4.6701142612277025,4.602036860111572,4.64288330078125,96738151,6.267656995622395,0.0,0.898909
2019-03-29,4.649691387070517,4.7381921805091975,4.6428838085237585,4.73138427734375,194162935,6.150419897057495,0.0,0.91604363
2019-04-01,4.744999842809231,4.867539505000701,4.744999842809231,4.860731601715088,265386854,5.986753103119742,0.0,0.90454384
2019-04-02,4.87434720993042,4.949232524918479,4.8335007630147615,4.87434720993042,201446080,5.970030190035517,0.0,0.90707758
2019-04-03,4.79946249100659,4.928809417912359,4.79946249100659,4.922001838684082,168313938,5.912228591889353,0.0,0.91594566
2019-04-04,4.935617514690142,5.0785802548782515,4.922002031082642,5.064964771270752,265980243,5.745350918343916,0.0,0.94254989
2019-04-08,5.105810842191326,5.194311641364466,4.996886981435899,5.024117946624756,230807672,5.792061474104051,0.0,0.93494868
2019-04-09,4.996887306973676,5.04454133684939,4.969656340010773,4.990079402923584,118824183,5.831570532314759,0.0,0.92861434
2019-04-10,4.962847836035526,5.01050218476936,4.915193487301692,4.976463317871094,128544285,5.8475262734276185,0.0,0.9260806
2019-04-11,4.990079254060467,5.037733607133297,4.915193934837083,4.922001838684082,107559028,5.912228591889353,0.0,0.91594566
2019-04-12,4.915194034576416,4.9356174219131255,4.88796306787329,4.915194034576416,85300354,5.920417341674242,0.0,0.91467879
2019-04-15,4.990079176788212,5.139849812915757,4.990079176788212,5.01731014251709,242884161,5.799920509877246,0.0,0.93368181
2019-04-16,4.990078747714454,5.28281209105718,4.976463266020748,5.262388706207275,329394039,5.52980815835116,0.0,0.97928906
2019-04-17,5.241965348618042,5.344081624161238,5.2215422882806175,5.282812118530273,220803363,5.508429856501481,0.0,0.98308967
2019-04-18,5.2487737779880455,5.269196840372839,5.139849912952553,5.167080879211426,177692359,5.631806561626938,0.0,0.96155291
2019-04-19,5.173887856315279,5.235157685576351,5.119425930135963,5.187503337860107,146022622,5.609634944737022,0.0,0.96535351
2019-04-22,5.180696261509072,5.194311744373511,5.003694659652651,5.01731014251709,209559383,5.799920509877246,0.0,0.93368181
2019-04-23,4.9968867314216325,5.071771719634838,4.983271249508442,5.030925273895264,112769055,5.784224256121562,0.0,0.93621555
2019-04-24,5.044541358947754,5.092195713650957,4.99007942478337,5.044541358947754,110143470,5.768611639665493,0.0,0.93874928
2019-04-25,5.030925853367939,5.04454133684939,4.969656340010773,4.990079402923584,83406803,5.831570532314759,0.0,0.92861434
2019-04-26,4.969656217297583,5.003694762851349,4.935617347125093,4.94242525100708,95710102,5.887797694880771,0.0,0.91974626
2019-05-06,4.9288093938906865,4.9560406845272444,4.806270046810417,4.867539882659912,177387537,5.978379366477432,0.0,0.90581071
2019-05-07,4.881155594003914,4.9015786571633,4.813078175774734,4.840309143066406,97083920,6.012012691727522,0.0,0.90074324
2019-05-08,4.779038680614805,4.826693029464995,4.724576753139556,4.772231101989746,104224090,6.097776779474693,0.0,0.88807456
2019-05-09,4.738192178764152,4.779038623885725,4.670114770228196,4.697345733642578,106032115,6.194987903825055,0.0,0.87413901
2019-05-10,4.717769892178077,4.779039736433236,4.670115857418523,4.7654242515563965,106521195,6.106486739453656,0.0,0.88680769
2019-05-13,4.697345637168745,4.76542304430653,4.676922252718068,4.738192081451416,84305137,6.141583013047881,0.0,0.88174022
2019-05-14,4.70415296236408,4.7518073071047935,4.6905374816693985,4.710960865020752,62811031,6.1770837911369085,0.0,0.87667274
2019-05-15,4.738192931325406,4.77903938293457,4.710961963585963,4.77903938293457,74547826,6.089089808280914,0.0,0.88934143
2019-05-16,4.758616346808594,4.779039736433236,4.738193281802719,4.7654242515563965,50478722,6.106486739453656,0.0,0.88680769
2019-05-17,4.765422787799474,4.779038268494155,4.710960865020752,4.710960865020752,73482999,6.1770837911369085,0.0,0.87667274
2019-05-20,4.710961118596302,4.75861514128341,4.710961118596302,4.738192081451416,55413439,6.141583013047881,0.0,0.88174022
2019-05-21,4.745000861931755,4.799463126057877,4.745000861931755,4.7654242515563965,69926234,6.106486739453656,0.0,0.88680769
2019-05-22,4.772231074662362,4.772231074662362,4.731384304671134,4.751807689666748,45600303,6.1239852074149965,0.0,0.88427395
2019-05-23,4.731384178428296,4.75861514128341,4.710961118596302,4.738192081451416,60843230,6.141583013047881,0.0,0.88174022
2019-05-24,4.738192235008368,4.785846583858558,4.738192235008368,4.772231101989746,65102550,6.097776779474693,0.0,0.88807456
2019-05-27,4.758615970611572,4.779039358621623,4.710961939619354,4.758615970611572,88120253,6.115223455667951,0.0,0.88554082
2019-05-28,4.75180771687718,4.792654162483617,4.744999813633427,4.772231101989746,63728299,6.097776779474693,0.0,0.88807456
2019-05-29,4.751807562878973,4.779038525734087,4.731384178428296,4.738192081451416,55788751,6.141583013047881,0.0,0.88174022
2019-05-30,4.731385003010665,4.7654238748211695,4.731385003010665,4.758615970611572,60512935,6.115223455667951,0.0,0.88554082
2019-05-31,4.751807689666748,4.772231074662362,4.738192207875903,4.751807689666748,55565266,6.1239852074149965,0.0,0.88427395
2019-06-03,4.75861529550224,4.8130775475961824,4.744999813633427,4.772231101989746,97015518,6.097776779474693,0.0,0.88807456
2019-06-04,4.772231700535024,4.840309118417526,4.758615892339789,4.819885730743408,110892214,6.037487530956813,0.0,0.89694263
2019-06-05,4.8335007630147615,4.92200156030804,4.819885280709542,4.87434720993042,107438026,5.970030190035517,0.0,0.90707758
2019-06-06,4.887962692235639,4.92200156030804,4.8607317276252004,4.87434720993042,76248528,5.970030190035517,0.0,0.90707758
2019-06-10,4.887962176585084,4.969655386416964,4.887962176585084,4.956039905548096,87025532,5.871623424061552,0.0,0.92228
2019-06-11,4.949232604504985,4.990079052077478,4.928809218409384,4.969655990600586,113964997,5.855536088421132,0.0,0.92481373
2019-06-12,4.949232930319904,4.956040834339515,4.915194059459313,4.935617446899414,81926834,5.89591886183983,0.0,0.91847939
2019-06-13,4.9356174219131255,4.942425325898271,4.881155488506874,4.915194034576416,56444522,5.920417341674242,0.0,0.91467879
2019-06-14,4.915194034576416,4.956040809249834,4.90838645521,4.915194034576416,63037008,5.920417341674242,0.0,0.91467879
2019-06-17,4.922001863979841,4.956040734152332,4.90838638083459,4.94242525100708,44197380,5.887797694880771,0.0,0.91974626
2019-06-18,4.935617592034601,5.017310494959779,4.9220021082137375,5.003695011138916,90558748,5.815702183130543,0.0,0.93114807
2019-06-19,5.071771522810025,5.099002485579631,5.037732981657358,5.078579425811768,105384196,5.729948782941129,0.0,0.94508362
2019-06-20,5.071772024076561,5.187503789595031,5.051348962290193,5.133041858673096,131668980,5.669153067752777,0.0,0.95521857
2019-06-21,5.105811197192054,5.146657647815342,5.024118295945477,5.044541358947754,163176498,5.768611639665493,0.0,0.93874928
2019-06-24,5.044541383550135,5.071772350765134,5.024118320448254,5.064964771270752,75338003,5.745350918343916,0.0,0.94254989
2019-06-25,5.064964139743324,5.064964139743324,4.9356168992904355,4.996886730194092,114291506,5.82362610386201,0.0,0.92988121
2019-06-26,4.976463595234901,5.064964394408041,4.9696560162470425,5.024117946624756,72967064,5.792061474104051,0.0,0.93494868
2019-06-27,5.030925875406658,5.0785802301098615,5.024118295945477,5.044541358947754,78863473,5.768611639665493,0.0,0.93874928
2019-06-28,5.044541383550135,5.064964771270752,5.003694932727638,5.064964771270752,65499525,5.745350918343916,0.0,0.94254989
2019-07-01,5.105810388581373,5.119425869966177,5.051348463042161,5.078579425811768,133672935,5.729948782941129,0.0,0.94381004
2019-07-02,5.071771649131872,5.0921950340271,5.05815616740795,5.0921950340271,69594154,5.714627936586832,0.0,0.94634036
2019-07-03,5.078579105885874,5.1126179695129395,5.071771203312997,5.1126179695129395,74416187,5.691800203638577,0.0,0.95013584
2019-07-04,5.10581111907959,5.139849989720945,5.092195635746793,5.10581111907959,70466708,5.699388269820246,0.0,0.94887068
2019-07-05,5.105810893212128,5.139849762347695,5.0921954104816445,5.133041858673096,58394064,5.669153067752777,0.0,0.95393133
2019-07-08,5.119425869966177,5.119425869966177,5.0036941158860095,5.078579425811768,94950186,5.729948782941129,0.0,0.94381004
2019-07-09,5.071772099865588,5.07858000364192,5.0309256510637566,5.037733554840088,62936293,5.776407124994072,0.0,0.93621907
2019-07-10,5.04199461380174,5.049096177299805,4.949676320054011,4.963879108428955,114972357,12.026884357160498,0.306,0.88434748
2019-07-11,4.992285085612588,5.020690662714183,4.970980733475797,4.999386310577393,101907694,11.94146567023445,0.0,0.89067328
2019-07-12,5.02069042914104,5.113008381115803,5.0064876412509856,5.091704368591309,78462464,11.72495409754452,0.0,0.90712037
2019-07-15,5.0846021646137824,5.113007736814441,5.034892582573194,5.098804950714111,57594491,11.708625957860722,0.0,0.90838553
2019-07-16,5.105906513074842,5.120109299175171,5.0846021646137824,5.098804950714111,46802175,11.708625957860722,0.0,0.90838553
2019-07-17,5.105907065147982,5.113008289655397,5.049095914603993,5.06329870223999,38642706,11.790732388272664,0.0,0.90205973
2019-07-18,5.0632986916679945,5.148515417306049,5.0490959040616525,5.134312629699707,93296363,11.62765189923616,0.0,0.91471134
2019-07-19,5.1343133884259355,5.1840233217046325,5.1059078090156,5.1485161781311035,59254632,11.595573935182024,0.0,0.91724166
2019-07-22,5.1485149659177,5.155616528408836,5.098805044343161,5.12721061706543,60843487,11.643758070186207,0.0,0.91344618
2019-07-23,5.134312528826202,5.191123678135407,5.1130081785246695,5.1769208908081055,77678764,11.531951377893465,0.0,0.9223023
2019-07-24,5.191123387080636,5.262137319735549,5.176920600549654,5.233731746673584,87377917,11.406774915039097,0.0,0.93242359
2019-07-25,5.219529525652709,5.2692394532075415,5.198225512858621,5.2621378898620605,61918840,11.34519871001802,0.0,0.93748423
2019-07-26,5.233731911892717,5.290543059810068,5.219529124913378,5.226630687713623,69205198,11.422272505371069,0.0,0.93115843
2019-07-29,5.226630522718663,5.240833309249646,5.176920600549654,5.233731746673584,67275206,11.406774915039097,0.0,0.93242359
2019-07-30,5.240833091287484,5.311847020988981,5.240833091287484,5.255035877227783,64147673,11.36053138261234,0.0,0.93621907
2019-07-31,5.240833309249646,5.269238882311611,5.219528960142601,5.233731746673584,40432251,11.406774915039097,0.0,0.93242359
2019-08-01,5.21952934473692,5.233732132314417,5.169819757526265,5.205326557159424,65168083,5.878593718181361,0.0,0.92736295
2019-08-02,5.1485151317426325,5.176920705379796,5.091703984468304,5.120109558105469,91861000,5.9764346158488335,0.0,0.91218102
2019-08-05,5.091704018355078,5.105906805268184,5.027791307935527,5.041994094848633,74530321,6.0690273380652675,0.0,0.89826425
2019-08-06,4.992284774780273,5.013588786969433,4.942574848636953,4.992284774780273,99847397,6.129458029835008,0.0,0.88940812
2019-08-07,5.020690350113266,5.034893137779761,4.970980423969945,4.992284774780273,60663711,6.129458029835008,0.0,0.88940812
2019-08-08,5.013588141016384,5.077500846591657,4.999385355179782,5.070399284362793,53333040,6.03502767412637,0.0,0.90332489
2019-08-09,5.077500846591657,5.1130076418726,5.041993712689589,5.070399284362793,70943346,6.03502767412637,0.0,0.90332489
2019-08-12,5.0632986012899055,5.105906963348389,5.049095813937078,5.105906963348389,52603765,5.993058670997192,0.0,0.90965069
2019-08-13,5.0703996686748445,5.08460245558795,5.013588521022422,5.041994094848633,53018256,6.0690273380652675,0.0,0.89826425
2019-08-14,5.07750142549785,5.091704212953769,5.027791500091553,5.027791500091553,58405956,6.086171234316855,0.0,0.89573392
2019-08-15,4.970980160283105,5.063298444528867,4.956777373369999,5.041994094848633,49240079,6.0690273380652675,0.0,0.89826425
2019-08-16,5.049095823267746,5.070399835025777,5.006487461130523,5.034893035888672,49354453,6.0775869083778895,0.0,0.89699908
2019-08-19,4.978082077359672,5.027791665782991,4.914169362391205,5.020690441131592,172571642,6.094779265678685,0.0,0.89446876
2019-08-20,4.9922850238000285,4.9922850238000285,4.956777883552076,4.963879108428955,94236350,6.164533690604879,0.0,0.88434748
2019-08-21,4.956777855930276,4.978082207684565,4.935473504175986,4.970980644226074,70888960,6.155727046642741,0.0,0.88561264
2019-08-22,4.970979621145664,4.978081183142578,4.92837126502752,4.93547248840332,65270924,6.200014298914558,0.0,0.87928683
2019-08-23,4.949675790852022,4.9851829273036765,4.9354730039955905,4.978081703186035,65933681,6.146946117902327,0.0,0.8868778
2019-08-26,4.92837145591822,4.956777027763882,4.899965884072557,4.92126989364624,74962459,6.217907300615049,0.0,0.87675651
2019-08-27,4.93547248840332,4.963878059148749,4.921269703030606,4.93547248840332,99179493,6.200014298914558,0.0,0.87928683
2019-08-28,4.921269703030606,4.942574050400235,4.914168479654806,4.93547248840332,54821970,6.200014298914558,0.0,0.87928683
2019-08-29,4.928371429443359,4.9567770011364285,4.914168643596824,4.928371429443359,67180223,6.208947608369719,0.0,0.87802167
2019-08-30,4.949675343284054,4.956776905380695,4.8928642009954,4.899965763092041,61106947,6.244941593365416,0.0,0.87296103
2019-09-02,4.8999664326851295,4.914169220198141,4.871560857659108,4.885763645172119,87590766,6.263094619863054,0.0,0.87043071
2019-09-03,4.885763645172119,4.892864869618042,4.86445929459202,4.885763645172119,66476398,6.263094619863054,0.0,0.87043071
2019-09-04,4.871561126155484,4.978082207684565,4.871561126155484,4.970980644226074,117546765,6.155727046642741,0.0,0.88561264
2019-09-05,4.985183110751331,5.077501398025895,4.985183110751331,5.034893035888672,117282361,6.0775869083778895,0.0,0.89699908
2019-09-06,5.056196854753798,5.063298417482993,5.027791281079317,5.049095630645752,50833093,6.060491271797605,0.0,0.89952941
2019-09-09,5.070399835025777,5.084602622404851,5.01358868550948,5.034893035888672,77434274,6.0775869083778895,0.0,0.89699908
2019-09-10,5.041994001799305,5.0561967884503,4.992284417831393,5.0135884284973145,57779802,6.103412842200832,0.0,0.8932036
2019-09-11,5.027790926852986,5.077500846591657,5.013588141016384,5.070399284362793,88213913,6.03502767412637,0.0,0.90332489
2019-09-12,5.084602070199396,5.091703632428259,5.056196498526191,5.070399284362793,57244948,6.03502767412637,0.0,0.90332489
2019-09-16,5.070399954155643,5.070399954155643,5.027791591017329,5.056197166442871,37246004,6.051979183700953,0.0,0.90079457
2019-09-17,5.049096239815778,5.056197464780583,4.992285085612588,4.999386310577393,41962466,6.120751248059869,0.0,0.89067328
2019-09-18,4.999385806667157,5.034892943775825,4.992284582418117,5.0064873695373535,43048183,6.112069748980057,0.0,0.89193844
2019-09-19,5.020690156656589,5.027791380905629,4.985183019547922,5.0064873695373535,29962376,6.112069748980057,0.0,0.89193844
2019-09-20,5.020690275674175,5.049095850586013,4.999385925179715,5.027791500091553,49103748,6.086171234316855,0.0,0.89573392
2019-09-23,5.013589037051852,5.034893388924861,4.935473531679067,4.963879108428955,80606051,6.164533690604879,0.0,0.88434748
2019-09-24,4.963878511728497,4.97808163701729,4.942574501037598,4.942574501037598,38433866,6.191105464080738,0.0,0.88055199
2019-09-25,4.93547274730747,4.985182668030202,4.921269961189708,4.956777095794678,42538832,6.173366162856303,0.0,0.88308231
2019-09-26,4.970980232428686,5.041994168024865,4.95677744530945,5.0064873695373535,82103866,6.112069748980057,0.0,0.89193844
2019-09-27,5.013588877859018,5.027791665782991,4.942574938239152,5.020690441131592,72706177,6.094779265678685,0.0,0.89446876
2019-09-30,4.9922850238000285,5.04199461380174,4.963879108428955,4.963879108428955,38601356,6.164533690604879,0.0,0.84982417
2019-10-08,4.963878787229336,5.05619707500339,4.956777562811959,5.027791500091553,67701231,6.086171234316855,0.0,0.86076612
2019-10-09,5.006486917408645,5.091703632428259,4.999385355179782,5.070399284362793,67450430,6.03502767412637,0.0,0.86806074
2019-10-10,5.070399284362793,5.084602070199396,5.041993712689589,5.070399284362793,46067145,6.03502767412637,0.0,0.86806074
2019-10-11,5.084602421748439,5.134312344924051,5.06329841083114,5.120109558105469,77965780,5.9764346158488335,0.0,0.87657114
2019-10-14,5.127210938972692,5.269239150122285,5.127210938972692,5.184022426605225,106448471,5.902752241764223,0.0,0.88751309
2019-10-15,5.18402232677561,5.233731911892717,5.162717976996027,5.226630687713623,65812672,5.854632138431402,0.0,0.89480771
2019-10-16,5.226630527978173,5.283441674159272,5.141413470085385,5.162717819213867,79819531,5.927110694703724,0.0,0.88386577
2019-10-17,5.169819547253732,5.198225121253382,5.148515197443418,5.155616760253906,47310679,5.9352743663772625,0.0,0.88265
2019-10-18,5.17692175754144,5.226631690820137,5.1059078090156,5.1485161781311035,54240424,5.9434600069777215,0.0,0.88143423
2019-10-21,5.148515190016689,5.226630687713623,5.141413627216444,5.226630687713623,57262465,5.854632138431402,0.0,0.89480771
2019-10-22,5.240833309249646,5.240833309249646,5.176920600549654,5.233731746673584,43975254,5.846688649919537,0.0,0.89602349
2019-10-23,5.2053266206206485,5.276340559373905,5.2053266206206485,5.240833759307861,72380761,5.838765624964458,0.0,0.89723926
2019-10-24,5.247934435250217,5.361557063998416,5.240833211427843,5.276340007781982,101318455,5.799474627273563,0.0,0.90331811
2019-10-25,5.269239232940188,5.290543244843714,5.226630870511972,5.28344202041626,45597843,5.791678962645105,0.0,0.90453389
2019-10-28,5.290543059810068,5.318948633768744,5.20532633793404,5.226630687713623,63839431,5.854632138431402,0.0,0.89480771
2019-10-29,5.226630788363755,5.24793479993244,5.155616852099538,5.184022426605225,66568442,5.902752241764223,0.0,0.88751309
2019-10-30,5.184022234635405,5.219529032142081,5.162717885234484,5.198225021362305,40361850,5.8866247371454925,0.0,0.88994463
2019-10-31,5.212428028436938,5.226630815764239,5.127210965851971,5.1769208908081055,57705825,5.910849449975545,0.0,0.88629731
2019-11-01,5.176920863668223,5.198225213858068,5.105906927404006,5.184022426605225,79660260,5.902752241764223,0.0,0.88751309
2019-11-04,5.162718167385098,5.226630880459647,5.162718167385098,5.212428092956543,77230367,5.870584582519077,0.0,0.89237617
2019-11-05,5.2053266206206485,5.290543347124556,5.176921045119346,5.240833759307861,73593839,5.838765624964458,0.0,0.89723926
2019-11-06,5.233732022057781,5.347354658905284,5.212428010450921,5.318948745727539,122760623,5.753016519397661,0.0,0.91061274
2019-11-07,5.304745958449247,5.3615574461835775,5.290543171170953,5.318948745727539,59192183,5.753016519397661,0.0,0.91061274
2019-11-08,5.354455798228829,5.361557361065814,5.212427927700673,5.219529151916504,69622182,5.862597776422861,0.0,0.89359194
2019-11-11,5.212427673853373,5.212427673853373,5.12721061706543,5.12721061706543,80065992,5.968157402809011,0.0,0.87778692
2019-11-12,5.148515251544781,5.162718038693852,5.113008114361527,5.141413688659668,46371759,5.951670465166792,0.0,0.88021846
2019-11-13,5.127210975067049,5.1414137624198775,5.077501388642733,5.105906963348389,48903880,5.993058670997192,0.0,0.8741396
2019-11-14,5.105906705219814,5.113007929226646,5.056196782687417,5.084602355957031,60508763,6.018169732417634,0.0,0.87049229
2019-11-15,5.084602043730684,5.0917036059225795,5.049095248634577,5.077500820159912,53524686,6.026586914275727,0.0,0.86927652
2019-11-18,5.077501580701255,5.105907156481362,5.063298792811201,5.091704368591309,52313902,6.009775467083121,0.0,0.87170806
2019-11-19,5.09170417599556,5.113008187714222,5.0703998256557385,5.105906963348389,51290190,5.993058670997192,0.0,0.8741396
2019-11-20,5.091703991157474,5.105906777994715,5.013588494242076,5.049095630645752,85215813,6.060491271797605,0.0,0.86441343
2019-11-21,5.027791563839413,5.06329870223999,5.006487551696001,5.06329870223999,48053485,6.043490972883476,0.0,0.86684497
2019-11-22,5.070399284362793,5.084602070199396,5.041993712689589,5.070399284362793,46313862,6.03502767412637,0.0,0.86806074
2019-11-25,5.077501197649722,5.127210782204186,5.070399634929857,5.120109558105469,38365893,5.9764346158488335,0.0,0.87657114
2019-11-26,5.134312344924051,5.162717918561214,5.105906771286887,5.120109558105469,60203458,5.9764346158488335,0.0,0.87657114
2019-11-27,5.134312179556566,5.141413403426564,5.084602257982026,5.12721061706543,42100896,5.968157402809011,0.0,0.87778692
2019-11-28,5.127210427709203,5.127210427709203,5.041993712689589,5.070399284362793,63302398,6.03502767412637,0.0,0.86806074
2019-11-29,5.049095657615761,5.091704018355078,5.034892870702656,5.041994094848633,46018795,6.0690273380652675,0.0,0.86319766
2019-12-02,5.0419943787301005,5.0632987296098415,5.027791591017329,5.056197166442871,41395789,6.051979183700953,0.0,0.8656292
2019-12-03,5.049095248634577,5.077500820159912,5.041993686442682,5.077500820159912,33905611,6.026586914275727,0.0,0.86927652
2019-12-04,5.063298060755055,5.084602070199396,5.056196498526191,5.070399284362793,34187614,6.03502767412637,0.0,0.86806074
2019-12-05,5.098804856035998,5.105906418264862,5.056196498526191,5.070399284362793,46576317,6.03502767412637,0.0,0.86806074
2019-12-06,5.077500846591657,5.091703632428259,5.041993712689589,5.070399284362793,47937687,6.03502767412637,0.0,0.86806074
2019-12-09,5.06329861064682,5.070399835025777,5.020690248509597,5.034893035888672,59056328,6.0775869083778895,0.0,0.86198189
2019-12-10,5.027791665782991,5.041994453706965,5.013588877859018,5.020690441131592,40067809,6.094779265678685,0.0,0.85955035
2019-12-11,5.034892870702656,5.056196881761739,5.006487296876444,5.041994094848633,45385153,6.0690273380652675,0.0,0.86319766
2019-12-12,5.041994067916558,5.056196854753798,5.027791281079317,5.049095630645752,39595300,6.060491271797605,0.0,0.86441343
2019-12-13,5.070400134491766,5.113008499145508,5.0632989096934,5.113008499145508,92567388,5.984734820040669,0.0,0.87535537
2019-12-16,5.113007615256019,5.113007615256019,5.056196472205349,5.077500820159912,91767217,6.026586914275727,0.0,0.86927652
2019-12-17,5.077501479274337,5.155616980419804,5.027791553341555,5.134312629699707,155634826,5.9599019785029554,0.0,0.87900269
2019-12-18,5.113008114361527,5.198225175877106,5.113008114361527,5.141413688659668,96256691,5.951670465166792,0.0,0.88021846
2019-12-19,5.141413634632928,5.1769207714430685,5.127210847633103,5.155616760253906,49810410,5.9352743663772625,0.0,0.88265
2019-12-20,5.155617742294297,5.17692175754144,5.1343133884259355,5.1485161781311035,49204400,5.9434600069777215,0.0,0.88143423
2019-12-23,5.155616888393866,5.176920900112527,5.098805400361394,5.105906963348389,66080113,5.993058670997192,0.0,0.8741396
2019-12-24,5.105906963348389,5.127210975067049,5.084602613008566,5.105906963348389,41199303,5.993058670997192,0.0,0.8741396
2019-12-25,5.098805593225749,5.113008381115803,5.077501580701255,5.091704368591309,42073274,6.009775467083121,0.0,0.87170806
2019-12-26,5.091704266880679,5.134312629699707,5.084602703766925,5.134312629699707,47499112,5.9599019785029554,0.0,0.87900269
2019-12-27,5.127211824262743,5.1627189678362715,5.1059078090156,5.1485161781311035,75777506,5.9434600069777215,0.0,0.88143423
2019-12-30,5.127211066585952,5.148515417306049,5.084602703766925,5.134312629699707,119030210,5.9599019785029554,0.0,0.87900269
2019-12-31,5.120109842093364,5.148515417306049,5.11300827897961,5.134312629699707,57475947,5.9599019785029554,0.0,0.8621356
2020-01-02,5.176920698764752,5.2479346327669205,5.176920698764752,5.1911234855651855,119303816,5.894677729221541,0.0,0.87167514
2020-01-03,5.1911234855651855,5.219529059166053,5.176920698764752,5.1911234855651855,70583061,5.894677729221541,0.0,0.87167514
2020-01-06,5.176920825842922,5.198225175877106,5.1272109015105976,5.141413688659668,82871277,5.951670465166792,0.0,0.86332804
2020-01-07,5.155616980419804,5.176920992518734,5.127211066585952,5.134312629699707,110643565,5.9599019785029554,0.0,0.8621356
2020-01-08,5.070399284362793,5.070399284362793,5.070399284362793,5.070399284362793,97110119,6.03502767412637,0.0,0.85140362
2020-01-09,5.105906705219814,5.113007929226646,5.063298345315393,5.084602355957031,84850301,6.018169732417634,0.0,0.85378851
2020-01-10,5.091703918585007,5.098805142591838,5.070399569322224,5.084602355957031,53099216,6.018169732417634,0.0,0.85378851
2020-01-13,5.091704368591309,5.091704368591309,5.091704368591309,5.091704368591309,73576436,6.009775467083121,0.0,0.85498095
2020-01-14,5.084602355957031,5.084602355957031,5.084602355957031,5.084602355957031,54632326,6.018169732417634,0.0,0.85378851
2020-01-15,5.091703632428259,5.091703632428259,5.063298060755055,5.070399284362793,43999214,6.03502767412637,0.0,0.85140362
2020-01-16,5.077501398025895,5.077501398025895,5.027791472888554,5.034893035888672,94107591,6.0775869083778895,0.0,0.84544141
2020-01-17,5.034893063130093,5.063298638041932,5.020690275674175,5.027791500091553,55320519,6.086171234316855,0.0,0.84424897
2020-01-20,5.034892870702656,5.049095657615761,5.02069008378955,5.041994094848633,73973111,6.0690273380652675,0.0,0.84663386
2020-01-21,5.034893451264981,5.034893451264981,4.992285085612588,4.999386310577393,89464895,6.120751248059869,0.0,0.8394792
2020-01-22,4.985183019547922,5.013588593786394,4.963878669558491,5.0064873695373535,87063279,6.112069748980057,0.0,0.84067165
2020-01-23,4.985182694793148,4.99228425720072,4.914168763823102,4.949675559997559,125598990,6.182223385973826,0.0,0.83113211
2020-02-03,4.5590990052190925,4.7295324483272845,4.495186294742945,4.573301792144775,193661464,6.6910082454124,0.0,0.76793268
2020-02-04,4.566200304608674,4.786343674894634,4.566200304608674,4.743735313415527,165419471,6.450612856383793,0.0,0.79655129
2020-02-05,4.743734620195722,4.807647322385155,4.6940250417115905,4.765038967132568,103625238,6.4217732973575234,0.0,0.80012862
2020-02-06,4.78634316719789,4.78634316719789,4.7082280154159335,4.750836372375488,143935209,6.44097114729707,0.0,0.79774373
2020-02-07,4.722431375484998,4.722431375484998,4.665620225961999,4.708228588104248,108238428,6.499259631810057,0.0,0.79058908
2020-02-10,4.686924264844192,4.708228615349179,4.658518689918319,4.701127052307129,69871729,6.50907743175814,0.0,0.78939664
2020-02-11,4.7082280154159335,4.750836372375488,4.686923667625596,4.750836372375488,94884207,6.44097114729707,0.0,0.79774373
2020-02-12,4.743734810238335,4.750836372375488,4.715329238931965,4.750836372375488,63123380,6.44097114729707,0.0,0.79774373
2020-02-13,4.750836977737989,4.750836977737989,4.686924264844192,4.701127052307129,91953637,6.50907743175814,0.0,0.78939664
2020-02-14,4.686923573295274,4.736633491391506,4.672720787927938,4.72243070602417,68854935,6.4797139237988395,0.0,0.79297396
2020-02-17,4.715329170452164,4.786343097686768,4.701126385005243,4.786343097686768,90992821,6.393189826861541,0.0,0.80370594
2020-02-18,4.779242257361228,4.78634348134334,4.743735121587241,4.757937908172607,84400248,6.431357573506589,0.0,0.79893617
2020-02-19,4.750836182048373,4.786342975448308,4.743734620195722,4.765038967132568,90909186,6.4217732973575234,0.0,0.80012862
2020-02-20,4.76503951005151,4.8076478701588075,4.715329587282425,4.800546646118164,122763401,6.374274068296761,0.0,0.80609083
2020-02-21,4.779242132648625,4.843154839925567,4.757937784015934,4.807647705078125,92576405,6.364859048985318,0.0,0.80728327
2020-02-24,4.807647322385155,4.807647322385155,4.757937405279917,4.765038967132568,88049784,6.4217732973575234,0.0,0.80012862
2020-02-25,4.722431209816032,4.743735220829204,4.694025636051037,4.715329647064209,88927576,6.489472060357802,0.0,0.79178152
2020-02-26,4.679822349922163,4.750836276758841,4.651416779187491,4.72243070602417,83820260,6.4797139237988395,0.0,0.79297396
2020-02-27,4.722431466800185,4.736634254455566,4.701127116006528,4.736634254455566,72598342,6.460283474751249,0.0,0.79535885
2020-02-28,4.694025548968302,4.7153295595862454,4.615910053253174,4.615910053253174,127946382,6.6292452944211755,0.0,0.77508733
2020-03-02,4.623012244390343,4.694026187140024,4.623012244390343,4.679823398590088,80439213,6.5387082788677455,0.0,0.78581931
2020-03-03,4.708228329926362,4.736633903130229,4.679822756722495,4.686923980712891,90153524,6.528802286088216,0.0,0.78701175
2020-03-04,4.686923980712891,4.708228329926362,4.665619970120562,4.686923980712891,87990524,6.528802286088216,0.0,0.78701175
2020-03-05,4.701126264943135,4.772140190364113,4.6727206947747435,4.765038967132568,166622327,6.4217732973575234,0.0,0.80012862
2020-03-06,4.729532599864792,4.757938174626292,4.701127025103292,4.708228588104248,83512044,6.499259631810057,0.0,0.79058908
2020-03-09,4.665619203337149,4.665619203337149,4.594604943377364,4.601706504821777,163968778,6.649707009331558,0.0,0.77270245
2020-03-10,4.58040317238467,4.651417448054206,4.58040317238467,4.637214660644531,122794471,6.598788764233501,0.0,0.77866466
2020-03-11,4.644315434040731,4.679822568427489,4.62301142430558,4.630112648010254,77763752,6.608910479348716,0.0,0.77747222
2020-03-12,4.6088085830345165,4.651417282366947,4.5804030092269965,4.644315719604492,102085127,6.58869935797687,0.0,0.7798571
2020-03-13,4.523591797246038,4.637214429480539,4.502287786504106,4.608808517456055,115368859,6.639460043545142,0.0,0.77389489
2020-03-16,4.608808302376002,4.644315436783731,4.530693148472806,4.559098720550537,138662141,6.7118529068185815,0.0,0.7655478
2020-03-17,4.537794019462892,4.594605159202474,4.48098287972331,4.580402374267578,121200343,6.680635782548043,0.0,0.76912512
2020-03-18,4.573301726108413,4.608808523599343,4.53069336594661,4.537794589996338,88296423,6.743363850681636,0.0,0.76197047
2020-03-19,4.509388345240407,4.537793914452859,4.374461722170714,4.409968852996826,156342078,6.938824517820698,0.0,0.74050651
2020-03-20,4.445476434948262,4.537794374946573,4.395766514471379,4.48808479309082,120448361,6.81805300272115,0.0,0.75362338
2020-03-23,4.395767406085319,4.424172983941994,4.353159039300309,4.381564617156982,95281504,6.983806624733766,0.0,0.73573674
2020-03-24,4.4241720176188455,4.530693080625752,4.4241720176188455,4.5235915184021,104887555,6.764536513855932,0.0,0.75958559
2020-03-25,4.566200329821106,4.580403117059229,4.516490743798253,4.530693531036377,112985481,6.753932878130555,0.0,0.76077803
2020-03-26,4.488084979246975,4.580402923074436,4.488084979246975,4.544896125793457,101523045,6.732827143471357,0.0,0.76316291
2020-03-27,4.56619987421979,4.615909793903898,4.56619987421979,4.594605445861816,75930244,6.659984270806155,0.0,0.77151001
2020-03-30,4.559098650619846,4.60880823168283,4.544895864798833,4.594605445861816,76898304,6.659984270806155,0.0,0.77151001
2020-03-31,4.608808597486709,4.623011723056157,4.488085077736762,4.502287864685059,98983311,6.796544539059701,0.0,0.72166052
2020-04-01,4.495186393630489,4.5448963182745,4.488085169322007,4.530693531036377,43243222,6.753932878130555,0.0,0.72621358
2020-04-02,4.509389108309295,4.566200256347656,4.502287884115077,4.566200256347656,36627994,6.701414366893288,0.0,0.73190491
2020-04-03,4.544896125793457,4.573301699066698,4.523591776527954,4.544896125793457,40748743,6.732827143471357,0.0,0.72849011
2020-04-07,4.594605516337136,4.601707078667134,4.537794372181674,4.559098720550537,92580536,6.7118529068185815,0.0,0.73076665
2020-04-08,4.54489586645193,4.551997090054457,4.50938873257592,4.5235915184021,52712476,6.764536513855932,0.0,0.72507532
2020-04-09,4.537794563164574,4.544896125793457,4.5164905525202155,4.544896125793457,35855750,6.732827143471357,0.0,0.72849011
2020-04-10,4.54489586645193,4.54489586645193,4.50938873257592,4.5235915184021,43371570,6.764536513855932,0.0,0.72507532
2020-04-13,4.502287579138339,4.516490365185859,4.480983230756495,4.48808479309082,39199447,6.81805300272115,0.0,0.71938399
2020-04-14,4.480983797360189,4.516490936279297,4.480983797360189,4.516490936279297,45282712,6.775171351325328,0.0,0.72393705
2020-04-15,4.502287864685059,4.523591875796928,4.495186301900334,4.502287864685059,34207632,6.796544539059701,0.0,0.72166052
2020-04-16,4.495186301900334,4.516490651633355,4.488085077736762,4.502287864685059,34828014,6.796544539059701,0.0,0.72166052
2020-04-17,4.516490486169574,4.52359171007299,4.4880849133136325,4.5093889236450195,83799802,6.7858418331469785,0.0,0.72279878
2020-04-20,4.502287605801714,4.509388829556963,4.480983257293701,4.480983257293701,49051290,6.828858365001107,0.0,0.71824572
2020-04-21,4.488085400223936,4.488085400223936,4.424172685053636,4.438375473022461,48393684,6.894414450961694,0.0,0.71141613
2020-04-22,4.424172183135554,4.445476531982422,4.4028678342886876,4.445476531982422,38164446,6.883401538586955,0.0,0.71255439
2020-04-23,4.445475983822939,4.445475983822939,4.402867291383165,4.409968852996826,48279509,6.938824517820698,0.0,0.70686306
2020-04-24,4.417071058639894,4.417071058639894,4.388665483108152,4.402868270874023,30728017,6.950014880623609,0.0,0.7057248
2020-04-27,4.4028678342886876,4.473882104697487,4.4028678342886876,4.445476531982422,68570875,6.883401538586955,0.0,0.71255439
2020-04-28,4.44547636733719,4.47388193900021,4.402867671221536,4.452577590942383,64716661,6.872423753433917,0.0,0.71369266
2020-04-29,4.459679218278478,4.559098720550537,4.459679218278478,4.559098720550537,103120718,6.7118529068185815,0.0,0.73076665
2020-04-30,4.559099032153438,4.594605830366837,4.551997469338066,4.566200256347656,51089825,6.701414366893288,0.0,0.73190491
2020-05-06,4.516490651633355,4.523591875796928,4.480983514952038,4.502287864685059,68585204,6.796544539059701,0.0,0.72166052
2020-05-07,4.488084819670083,4.502287605801714,4.473882033538452,4.480983257293701,53424259,6.828858365001107,0.0,0.71824572
2020-05-08,4.495186137217049,4.516490486169574,4.4880849133136325,4.5093889236450195,61514104,6.7858418331469785,0.0,0.72279878
2020-05-11,4.5164905792260095,4.544896152667212,4.5093890165551365,4.537794589996338,58023510,6.743363850681636,0.0,0.72735185
2020-05-12,4.537794496500961,4.566200069356904,4.495186137217049,4.5093889236450195,48662901,6.7858418331469785,0.0,0.72279878
2020-05-13,4.502287956560131,4.537794755344859,4.488085169322007,4.530693531036377,35654245,6.753932878130555,0.0,0.72621358
2020-05-14,4.523591588899054,4.523591588899054,4.48808479309082,4.48808479309082,32952700,6.81805300272115,0.0,0.71938399
2020-05-15,4.509388829556963,4.509388829556963,4.480983257293701,4.480983257293701,37046133,6.828858365001107,0.0,0.71824572
2020-05-18,4.4951860168040145,4.509388802851534,4.466780444708976,4.48808479309082,46842742,6.81805300272115,0.0,0.71938399
2020-05-19,4.5164905792260095,4.5519973767169395,4.502287792505409,4.537794589996338,90566886,6.743363850681636,0.0,0.72735185
2020-05-20,4.544896437096439,4.573302012315322,4.523592086371694,4.551997661590576,56138043,6.72232331272939,0.0,0.72962838
2020-05-21,4.544896245143848,4.587504606172618,4.544896245143848,4.566200256347656,58249844,6.701414366893288,0.0,0.73190491
2020-05-22,4.5661999470416115,4.5875042954234555,4.480983230756495,4.48808479309082,91066804,6.81805300272115,0.0,0.71938399
2020-05-25,4.488085104681733,4.516490678748865,4.473882317648168,4.4951863288879395,44170170,6.807281781258244,0.0,0.72052225
2020-05-26,4.509389088848631,4.523591875796928,4.495186301900334,4.502287864685059,41220734,6.796544539059701,0.0,0.72166052
2020-05-27,4.50938873257592,4.551997090054457,4.502287508973393,4.5235915184021,45633033,6.764536513855932,0.0,0.72507532
2020-05-28,4.544895934511672,4.6159098647059995,4.537794372181674,4.559098720550537,76503542,6.7118529068185815,0.0,0.73076665
2020-05-29,4.551997090054457,4.566199875880637,4.516490294799572,4.5235915184021,45138741,6.764536513855932,0.0,0.72507532
2020-06-01,4.544896125793457,4.573301699066698,4.530693339156836,4.544896125793457,54227179,6.732827143471357,0.0,0.72849011
2020-06-02,4.5377948739811345,4.55909922470588,4.530693649486998,4.551997661590576,87134941,6.72232331272939,0.0,0.72962838
2020-06-03,4.566200256347656,4.594605830366837,4.551997469338066,4.566200256347656,76167455,6.701414366893288,0.0,0.73190491
2020-06-04,4.580402923074436,4.580402923074436,4.544896125793457,4.544896125793457,42813356,6.732827143471357,0.0,0.72849011
2020-06-05,4.551997469338066,4.573301819163028,4.537794682328476,4.566200256347656,46514886,6.701414366893288,0.0,0.73190491
2020-06-08,4.559098912430077,4.573301699066698,4.537794563164574,4.544896125793457,91696039,6.732827143471357,0.0,0.72849011
2020-06-09,4.544896245143848,4.566200256347656,4.530693458134257,4.566200256347656,72764832,6.701414366893288,0.0,0.73190491
2020-06-10,4.566200136437816,4.566200136437816,4.537794563164574,4.544896125793457,53731556,6.732827143471357,0.0,0.72849011
2020-06-11,4.5448960590255165,4.559098845453487,4.502287699741603,4.5093889236450195,89894606,6.7858418331469785,0.0,0.72279878
2020-06-12,4.480983606392367,4.530693531036377,4.473882382083884,4.530693531036377,89559569,6.753932878130555,0.0,0.72621358
2020-06-15,4.495185948436912,4.502287510663229,4.44547636733719,4.452577590942383,93762002,6.872423753433917,0.0,0.71369266
2020-06-16,4.480983257293701,4.502287605801714,4.459679247406821,4.480983257293701,51717257,6.828858365001107,0.0,0.71824572
2020-06-17,4.473882033538452,4.509388829556963,4.46678047116207,4.480983257293701,41831653,6.828858365001107,0.0,0.71824572
2020-06-18,4.459680080413818,4.473882869198335,4.438375727926445,4.459680080413818,85707101,6.861478726779118,0.0,0.71483092
2020-06-19,4.459680080413818,4.473882869198335,4.438375727926445,4.459680080413818,71803561,6.861478726779118,0.0,0.71483092
2020-06-22,4.45967988700234,4.502288251508013,4.452578323607472,4.473882675170898,77732667,6.839696572693674,0.0,0.71710746
2020-06-23,4.466780376773893,4.480983162605402,4.44547636733719,4.452577590942383,54872662,6.872423753433917,0.0,0.71369266
2020-06-24,4.452577658661457,4.4951860168040145,4.452577658661457,4.48808479309082,68015306,6.81805300272115,0.0,0.71938399
2020-06-29,4.530694024336403,4.5448968131209195,4.438375727926445,4.459680080413818,113183120,6.861478726779118,0.0,0.71483092
2020-06-30,4.473882033538452,4.495186043425332,4.459679247406821,4.480983257293701,72609624,6.828858365001107,0.0,0.7298699
2020-07-01,4.480983797360189,4.5235921608904155,4.459679784905661,4.516490936279297,96127655,6.775171351325328,0.0,0.73565334
2020-07-02,4.51648979921534,4.644314857624996,4.509388237770926,4.601706504821777,215993087,6.649707009331558,0.0,0.74953359
2020-07-03,4.608808666087779,4.750836876305957,4.608808666087779,4.743735313415527,202862600,6.450612856383793,0.0,0.77266734
2020-07-06,4.78634453271749,5.169820531999465,4.78634453271749,5.1485161781311035,383175220,5.9434600069777215,0.0,0.83859854
2020-07-07,5.1840233217046325,5.368659587871819,5.013589506621398,5.1485161781311035,322148399,5.9434600069777215,0.0,0.83859854
2020-07-08,5.098805491373267,5.176920992518734,5.027791553341555,5.134312629699707,205258699,5.9599019785029554,0.0,0.83628516
2020-07-09,5.098805593225749,5.127211169005856,5.02779165377548,5.091704368591309,167854049,6.009775467083121,0.0,0.82934504
2020-07-10,5.091703177559606,5.099136491119148,4.846409501133099,4.868709087371826,231199968,12.857617671667471,0.32,0.7576304
2020-07-13,4.838977237051529,4.868709786680483,4.809244332982626,4.831543922424316,259124395,12.956520939292071,0.0,0.75184697
2020-07-14,4.8166773356540755,4.838976923651516,4.7349126522500296,4.772078514099121,170016228,13.117973607317671,0.0,0.74259346
2020-07-15,4.7795109729969765,4.801810558657815,4.682880380306378,4.690313339233398,137133675,13.346656283358579,0.0,0.7298699
2020-07-16,4.712613906063842,4.749779417316607,4.668015079896546,4.6828813552856445,158936811,13.367838142929322,0.0,0.72871321
2020-07-17,4.71261428635546,4.720047247429841,4.653149180000437,4.675448417663574,102994848,13.38909007390624,0.0,0.72755653
2020-07-20,4.6903142236971584,4.772078913952279,4.675447948599859,4.7572126388549805,129321880,13.158966132543378,0.0,0.74028009
2020-07-21,4.772079216470909,4.7869454925106325,4.705180797072165,4.734913349151611,92717719,13.220938881852293,0.0,0.73681003
2020-07-22,4.727479856979828,4.779511640050463,4.7051802682067425,4.712613582611084,104218516,13.283499464285734,0.0,0.73333996
2020-07-23,4.690314138398998,4.712613727859383,4.645715313918177,4.660581588745117,134702902,6.866095870368863,0.0,0.72524315
2020-07-24,4.653148948781348,4.653148948781348,4.519352111691038,4.549084663391113,188491331,7.034382159892714,0.0,0.70789284
2020-07-27,4.563951190660341,4.563951190660341,4.489619807315384,4.504486083984375,137949717,7.10402905090005,0.0,0.70095271
2020-07-28,4.526785274122755,4.541651549471272,4.489619408531484,4.519351959228516,100137177,7.08066118520732,0.0,0.70326608
2020-07-29,4.511918754947259,4.563950538635254,4.497052480402126,4.563950538635254,90518548,7.011469499748101,0.0,0.71020621
2020-07-30,4.563950939241151,4.578817215091187,4.534218387541076,4.549084663391113,74057521,7.034382159892714,0.0,0.70789284
2020-07-31,4.541651702686082,4.593683490941225,4.526785426836044,4.549084663391113,85267692,7.034382159892714,0.0,0.70789284
2020-08-03,4.549083889058058,4.578816435697137,4.541650929618245,4.571383476257324,103907415,7.000069052662147,0.0,0.7113629
2020-08-04,4.578816353864386,4.660581032880509,4.556517121503566,4.64571475982666,161780230,6.888068177735901,0.0,0.72292977
2020-08-05,4.6234159699265085,4.638282245542736,4.586250458105923,4.615983009338379,84226643,6.932434529170124,0.0,0.71830302
2020-08-06,4.615983411004074,4.645715964823746,4.571384580274566,4.601117134094238,74481825,6.9548327215754355,0.0,0.71598965
2020-08-07,4.601116557541322,4.623415792891822,4.571384007447351,4.593683242797852,65143605,6.9660876269975285,0.0,0.71483296
2020-08-10,4.586250458105923,4.638282245542736,4.563950867461596,4.615983009338379,74466758,6.932434529170124,0.0,0.71830302
2020-08-11,4.615982432140604,4.660581253412503,4.601116158383305,4.608549118041992,91468403,6.943616999702426,0.0,0.71714634
2020-08-12,4.578817143077824,4.6234159699265085,4.578817143077824,4.615983009338379,82367803,6.932434529170124,0.0,0.71830302
2020-08-13,4.615982432140604,4.638281665556591,4.601116158383305,4.608549118041992,43797623,6.943616999702426,0.0,0.71714634
2020-08-14,4.615982610251594,4.638281844528013,4.593683021535237,4.6308488845825195,66380599,6.910180141385647,0.0,0.7206164
2020-08-17,4.630849416873549,4.772079216470909,4.630849416873549,4.734913349151611,218170643,6.758307415643344,0.0,0.73681003
2020-08-18,4.734913219226447,4.734913219226447,4.682881431735148,4.697747707366943,98754592,6.811774917119973,0.0,0.73102659
2020-08-19,4.705180413225937,4.705180413225937,4.660581588745117,4.660581588745117,65140050,6.866095870368863,0.0,0.72524315
2020-08-20,4.668014567511116,4.668014567511116,4.601116158383305,4.608549118041992,84019731,6.943616999702426,0.0,0.71714634
2020-08-21,4.6308492619516235,4.6382822225028315,4.608549671418067,4.623415946960449,44669980,6.921289446396795,0.0,0.71945971
2020-08-24,4.6308492619516235,4.65314885248518,4.615982986409241,4.623415946960449,48965648,6.921289446396795,0.0,0.71945971
2020-08-25,4.630849284954606,4.645715560570834,4.60854969431028,4.615983009338379,42609369,6.932434529170124,0.0,0.71830302
2020-08-26,4.615982754928712,4.623415715107175,4.571383930538091,4.578816890716553,57902921,6.988704891186908,0.0,0.71251959
2020-08-27,4.586249749576864,4.593682709016677,4.556517202937785,4.571383476257324,59913844,7.000069052662147,0.0,0.7113629
2020-08-28,4.563950867461596,4.615983009338379,4.556517906873467,4.615983009338379,62830435,6.932434529170124,0.0,0.71830302
2020-08-31,4.623415391799292,4.653148293753816,4.593682844284692,4.608549118041992,123651057,6.943616999702426,0.0,0.71714634
2020-09-01,4.601116158383305,4.615982432140604,4.578816570527393,4.608549118041992,66114658,6.943616999702426,0.0,0.71714634
2020-09-02,4.593683265516057,4.601116580296289,4.563950715275043,4.586250305175781,74584841,6.977377567876446,0.0,0.71367627
2020-09-03,4.578816835720685,4.5936831103390015,4.534218011865737,4.556517601013184,79726674,7.022907141384575,0.0,0.70904952
2020-09-04,4.534217934529538,4.563950483259048,4.52678497456713,4.541651248931885,58605625,7.045895478549973,0.0,0.70673615
2020-09-07,4.541651248931885,4.571383797661395,4.52678497456713,4.541651248931885,56111389,7.045895478549973,0.0,0.70673615
2020-09-08,4.563950844790921,4.6308492619516235,4.549084569248539,4.623415946960449,93553747,6.921289446396795,0.0,0.71945971
2020-09-09,4.601116557541322,4.645715382682277,4.578816967750867,4.593683242797852,65387190,6.9660876269975285,0.0,0.71483296
2020-09-10,4.608549362270654,4.623415636815787,4.549084264090121,4.563950538635254,66209728,7.011469499748101,0.0,0.71020621
2020-09-11,4.571383476257324,4.608548982336216,4.541650929618245,4.571383476257324,56662390,7.000069052662147,0.0,0.7113629
2020-09-14,4.5713838756315,4.578816835720685,4.5416513263948675,4.556517601013184,52997826,7.022907141384575,0.0,0.70904952
2020-09-15,4.556517978536119,4.571384254386157,4.541651702686082,4.549084663391113,34416362,7.034382159892714,0.0,0.70789284
2020-09-16,4.549084286484053,4.586250150249816,4.5416513263948675,4.556517601013184,49398724,7.022907141384575,0.0,0.70904952
2020-09-17,4.556517202937785,4.578816435697137,4.541650929618245,4.571383476257324,52418473,7.000069052662147,0.0,0.7113629
2020-09-18,4.563950450907709,4.645715136554246,4.549084176648333,4.63828182220459,108166179,6.899106442132983,0.0,0.72177309
2020-09-21,4.638282245542736,4.653148875598933,4.593683418694052,4.615983009338379,56074279,6.932434529170124,0.0,0.71830302
2020-09-22,4.59368381841932,4.638282649148828,4.586250857184402,4.601117134094238,53503746,6.9548327215754355,0.0,0.71598965
2020-09-23,4.601116580296289,4.608549540636563,4.586250305175781,4.586250305175781,39903631,6.977377567876446,0.0,0.71367627
2020-09-24,4.586250150249816,4.586250150249816,4.5416513263948675,4.556517601013184,49089905,7.022907141384575,0.0,0.70904952
2020-09-25,4.549084264090121,4.586250127672926,4.549084264090121,4.563950538635254,47155291,7.011469499748101,0.0,0.71020621
2020-09-28,4.563951264599648,4.615983411004074,4.541652026454894,4.601117134094238,73086930,6.9548327215754355,0.0,0.71598965
2020-09-29,4.601116402218059,4.608549362270654,4.563950538635254,4.563950538635254,43619288,7.011469499748101,0.0,0.71020621
2020-09-30,4.563950162377598,4.608548982336216,4.549083889058058,4.571383476257324,58398855,7.000069052662147,0.0,0.69804018
2020-10-09,4.608549362270654,4.608549362270654,4.5565175785826595,4.563950538635254,68461246,7.011469499748101,0.0,0.69690515
2020-10-12,4.5565175129278925,4.638281844528013,4.5565175129278925,4.6308488845825195,121608144,6.910180141385647,0.0,0.70712037
2020-10-13,4.608549540636563,4.630849130537301,4.571384030055275,4.586250305175781,103045954,6.977377567876446,0.0,0.70031023
2020-10-14,4.586250305175781,4.593683265516057,4.563950715275043,4.586250305175781,62499758,6.977377567876446,0.0,0.70031023
2020-10-15,4.586250061589743,4.638281844528013,4.571383787258818,4.6308488845825195,119091909,6.910180141385647,0.0,0.70712037
2020-10-16,4.630849123307964,4.786945189049577,4.615982848210665,4.7572126388549805,316793069,6.726628054974252,0.0,0.72641579
2020-10-19,4.779511859553926,4.935607924814564,4.772078899248158,4.846410274505615,249065042,6.60282522268801,0.0,0.74003609
2020-10-20,4.831543266589897,4.831543266589897,4.690313497802943,4.720046043395996,171524891,6.779594882294098,0.0,0.72074067
2020-10-21,4.720046827493854,4.809244479090597,4.6903142769616055,4.77951192855835,107857573,6.69524430074018,0.0,0.72982087
2020-10-22,4.786944447077024,4.838976579072609,4.757211901490948,4.809243679046631,98489309,6.653852899868775,0.0,0.73436097
2020-10-23,4.786944447077024,4.868709124658686,4.772078174283987,4.809243679046631,109730081,6.653852899868775,0.0,0.73436097
2020-10-26,4.816677414369621,4.838977002731488,4.749779003723953,4.78694486618042,88851943,6.684848247590809,0.0,0.73095589
2020-10-27,4.7720788137936445,4.786945088578922,4.734912949610474,4.749779224395752,77686086,6.737155242004099,0.0,0.72528077
2020-10-28,4.742346839532971,4.749779800607353,4.653149180000437,4.675448417663574,78691581,6.844263296565491,0.0,0.71393052
2020-10-29,4.645715864486063,4.705180970841086,4.630849587897307,4.675448417663574,72525436,6.844263296565491,0.0,0.71393052
2020-10-30,4.660582141074818,4.749779800607353,4.645715864486063,4.675448417663574,83592549,6.844263296565491,0.0,0.71393052
2020-11-02,4.660581410813622,4.690313959332374,4.615982588035494,4.63828182220459,91313807,6.899106442132983,0.0,0.7082554
2020-11-03,4.660581588745117,4.742346277513263,4.645715313918177,4.660581588745117,81207869,6.866095870368863,0.0,0.71166047
2020-11-04,4.705179770599469,4.742345629810737,4.675447225006416,4.720046043395996,72448755,6.779594882294098,0.0,0.72074067
2020-11-05,4.772078758531752,4.772078758531752,4.697747385466137,4.727479934692383,88280724,6.768934071019435,0.0,0.72187569
2020-11-06,4.72747998943781,4.7646454991810305,4.682881165081975,4.749779224395752,92425300,6.737155242004099,0.0,0.72528077
2020-11-09,4.772078913952279,4.77951187428095,4.727480088660383,4.7572126388549805,95050398,6.726628054974252,0.0,0.72641579
2020-11-10,4.786945320107477,4.883576288105477,4.779512005135339,4.794378280639648,130952679,6.67448376554273,0.0,0.73209092
2020-11-11,4.7943774262965295,4.920740922785568,4.779511153441343,4.891008377075195,171022783,6.542618113268471,0.0,0.74684624
2020-11-12,4.8910096806253565,4.905875957442698,4.83154457335599,4.853844165802002,66053832,6.592712684403339,0.0,0.74117111
2020-11-13,4.831544014341473,4.846410289438771,4.742346363757681,4.7572126388549805,79007537,6.726628054974252,0.0,0.72641579
2020-11-16,4.75721224024747,4.779511473804983,4.7349126522500296,4.772078514099121,67980872,6.705673409491461,0.0,0.72868584
2020-11-17,4.77207874661502,4.846410119495016,4.764645432107049,4.816677570343018,64655586,6.643583576577481,0.0,0.73549599
2020-11-18,4.81667703408914,4.920740944535414,4.809243720408739,4.883575439453125,124421380,6.552576159975004,0.0,0.74571121
2020-11-19,4.876142438128952,4.950473807494957,4.861276164255751,4.94304084777832,140495067,6.473747837706539,0.0,0.75479141
2020-11-20,4.920740944535414,4.928174258215814,4.853842893611333,4.883575439453125,64883754,6.552576159975004,0.0,0.74571121
2020-11-23,4.86127592817943,5.0025057003363145,4.853842968823757,4.987639427185059,120170956,6.415860742776322,0.0,0.76160156
2020-11-24,4.972773774894577,5.024805914640244,4.928174949872557,4.93560791015625,94273599,6.48349718666914,0.0,0.75365639
2020-11-25,4.972773215126379,5.024805349014965,4.920741081237793,4.920741081237793,96244272,6.503085505151295,0.0,0.75138634
2020-11-26,4.943041134633904,5.017372508313522,4.90587527057412,5.009939193725586,108596641,6.387303071477711,0.0,0.76500663
2020-11-27,5.009939073491166,5.225500583648682,5.009939073491166,5.225500583648682,314683169,6.12381521880075,0.0,0.79792235
2020-11-30,5.329564971819711,5.6120245642411675,5.314698696136475,5.314698696136475,544102409,6.0210374716561885,0.0,0.81154264
2020-12-01,5.336998087201717,5.478227887507777,5.255233745792931,5.426196098327637,242532635,5.897317277173683,0.0,0.82856801
2020-12-02,5.418762759898899,5.485661179347521,5.299832551492442,5.433629035949707,178157794,5.8892500368139205,0.0,0.82970304
2020-12-03,5.455928650556283,5.485661202784929,5.359297678593192,5.426196098327637,104884241,5.897317277173683,0.0,0.82856801
2020-12-04,5.396463288546079,5.418762524433315,5.247800180057999,5.307265281677246,132734643,6.029470603340012,0.0,0.81040762
2020-12-07,5.307265039806844,5.329564629117774,5.173468567261107,5.180901527404785,109831126,6.176531213869534,0.0,0.7911122
2020-12-08,5.180901712860696,5.203201302969864,4.995073094897487,5.032238960266113,179035362,6.358998500005211,0.0,0.76841171
2020-12-09,5.032238705128582,5.076837528645769,4.995072841644287,4.995072841644287,119461605,6.406312983709399,0.0,0.76273658
2020-12-10,4.950473468495942,4.987639327853861,4.8464095585096345,4.891008377075195,169056423,6.542618113268471,0.0,0.74684624
2020-12-11,4.891008920465787,4.905875194972615,4.801811273424817,4.824110507965088,152931865,6.633347214406636,0.0,0.73663102
2020-12-14,4.846410850173332,4.8910096806253565,4.8092449809099795,4.853844165802002,119467271,6.592712684403339,0.0,0.74117111
2020-12-15,4.838977384062805,4.8464103444758875,4.727480142346896,4.77951192855835,167889052,6.69524430074018,0.0,0.72982087
2020-12-16,4.77951192855835,4.816677793943639,4.734913102759978,4.77951192855835,161375222,6.69524430074018,0.0,0.72982087
2020-12-17,4.779512005135339,4.801811595611787,4.6977476670816145,4.794378280639648,147317472,6.67448376554273,0.0,0.73209092
2020-12-18,4.764645576477051,4.7869451662367055,4.734913026424149,4.764645576477051,119173257,6.716134387410324,0.0,0.72755082
2020-12-21,4.757212483918629,4.786945033144875,4.705180345552726,4.727479934692383,150622019,6.768934071019435,0.0,0.72187569
2020-12-22,4.712613570622579,4.720046530568073,4.615982610251594,4.6308488845825195,222533332,6.910180141385647,0.0,0.70712037
2020-12-23,4.623415547945213,4.6531484509039025,4.593682999426461,4.63828182220459,147259490,6.899106442132983,0.0,0.7082554
2020-12-24,4.653148628551622,4.682881178205503,4.638281999284732,4.660581588745117,82402623,6.866095870368863,0.0,0.71166047
2020-12-25,4.660581588745117,4.682881178205503,4.645715313918177,4.660581588745117,61414322,6.866095870368863,0.0,0.71166047
2020-12-28,4.645715136554246,4.682880999422655,4.615982588035494,4.63828182220459,126705894,6.899106442132983,0.0,0.7082554
2020-12-29,4.660581032880509,4.668014346627388,4.623415173025933,4.64571475982666,118443086,6.888068177735901,0.0,0.70939042
2020-12-30,4.65314885248518,4.660581813036388,4.608549671418067,4.623415946960449,133344049,6.921289446396795,0.0,0.70598535
2020-12-31,4.630849138122226,4.697747553494059,4.61598286297737,4.668015003204346,182475675,6.855162200214372,0.0,0.69323614
2021-01-04,4.638281446079781,4.660581032880509,4.608548899972083,4.64571475982666,195559681,6.888068177735901,0.0,0.6899245
2021-01-05,4.623415391799292,4.638281665556591,4.578816570527393,4.608549118041992,181662875,6.943616999702426,0.0,0.68440511
2021-01-06,4.601116511756385,4.653148651123047,4.593683197086882,4.653148651123047,134654394,6.87706376891199,0.0,0.69102838
2021-01-07,4.668014108012449,4.742345469482097,4.638281208984701,4.690313339233398,179860737,6.822571902036335,0.0,0.69654778
2021-01-08,4.690313993837998,4.757212405717316,4.6828810338735956,4.712613582611084,183619260,6.790287266088553,0.0,0.69985941
2021-01-11,4.7274802180902356,4.831544146620407,4.720046903118098,4.794378280639648,268447356,6.67448376554273,0.0,0.71200209
2021-01-12,4.794377958951431,4.831543822438474,4.742346175397503,4.824110507965088,182731811,6.633347214406636,0.0,0.7164176
2021-01-13,4.8166770127992615,4.905874649930382,4.8092436991517165,4.891008377075195,153775528,6.542618113268471,0.0,0.72635252
2021-01-14,4.898441632730197,4.972772996126124,4.8612757738122845,4.868709087371826,150028042,6.5725841133124465,0.0,0.72304088
2021-01-15,4.920741886375924,5.076837959142408,4.920741886375924,4.972774028778076,291458989,6.4350400430045545,0.0,0.73849519
2021-01-18,5.017372707760623,5.054538573297798,4.9504742915696935,5.024806022644043,178620262,6.368405040073897,0.0,0.74622234
2021-01-19,5.017371967161219,5.225500145456282,4.980206107109987,5.166034698486328,260777117,6.194306052449889,0.0,0.76719605
2021-01-20,5.151168776768418,5.195767599208499,5.0099389951548625,5.039671897888184,184621220,6.349619707070461,0.0,0.7484301
2021-01-21,5.076837607257216,5.114003471316999,4.965340369517815,5.009939193725586,163653478,6.387303071477711,0.0,0.74401458
2021-01-22,4.987639327853861,4.987639327853861,4.838976599301993,4.891008377075195,177598912,6.542618113268471,0.0,0.72635252
2021-01-25,4.84641020644074,4.935607855496961,4.8018113819126285,4.913308620452881,152869097,6.512922853409201,0.0,0.72966415
2021-01-26,4.905875535095534,4.9876402277717835,4.891009259558031,4.957907676696777,109744112,6.45433559612391,0.0,0.73628743
2021-01-27,4.943041156892054,5.099137219542115,4.935607842270647,5.002506256103516,146314098,6.396793599399715,0.0,0.7429107
2021-01-28,4.97277337333063,5.039671782681421,4.913308278103226,4.950473785400391,130642751,6.464027765255981,0.0,0.73518355
2021-01-29,4.9727738817799905,5.084271123951552,4.920741740915939,5.024806022644043,189463191,6.368405040073897,0.0,0.74622234
2021-02-01,4.980206842223448,5.054538573297798,4.9058754655890615,5.024806022644043,161704624,6.368405040073897,0.0,0.74622234
2021-02-02,5.009939116150016,5.06197125414004,4.950474018127099,4.995072841644287,106160268,6.406312983709399,0.0,0.74180682
2021-02-03,4.980206912783048,5.017372778846789,4.9133088500842685,4.957907676696777,123751878,6.45433559612391,0.0,0.73628743
2021-02-04,4.94304124760988,5.032238898064084,4.913308697458479,4.92817497253418,164010476,6.4932759446129955,0.0,0.73187191
2021-02-05,4.9281747303938355,5.173468434310643,4.920741416001235,5.143735885620117,350270645,6.221159233595088,0.0,0.76388441
2021-02-08,5.180900993436977,5.218066853644724,5.069404121693557,5.158601760864258,223848348,6.20323131798389,0.0,0.76609217
2021-02-09,5.128869533538818,5.180901315738646,5.061971122779116,5.128869533538818,151509690,6.239191656318197,0.0,0.76167665
2021-02-10,5.299832397550042,5.47079474438843,5.232933980044596,5.322131633758545,355816523,6.012628435761043,0.0,0.79037751
2021-02-18,5.3741635420580325,5.381596502324471,5.262666302541817,5.277532577514648,215297542,6.063439596060206,0.0,0.78375423
2021-02-19,5.2626664018737515,5.329564817734168,5.240367166213586,5.284965991973877,147792322,6.05491124230458,0.0,0.78485811
2021-02-22,5.262666610305123,5.426195999009504,5.232934058620685,5.418762683868408,222151156,5.905407168921351,0.0,0.80472794
2021-02-23,5.418762612190614,5.559992408043534,5.403896336545042,5.485661029815674,229230426,5.833389964504469,0.0,0.81466285
2021-02-24,5.5005273193969115,5.5005273193969115,5.2775328297084,5.314698696136475,169187705,6.0210374716561885,0.0,0.78927363
2021-02-25,5.336997844353611,5.537692739984792,5.314698608416793,5.470794677734375,197964902,5.849241633987293,0.0,0.81245509
2021-02-26,5.40389635479294,5.589724978210084,5.35186421263775,5.396463394165039,246577711,5.929809518322723,0.0,0.8014163
2021-03-01,5.389030056154626,5.426195922455818,5.336997914220952,5.403896331787109,107780448,5.921653198964562,0.0,0.80252018
2021-03-02,5.389029681725747,5.389029681725747,5.188334797411489,5.2403669357299805,167406030,6.106442619851088,0.0,0.77823484
2021-03-03,5.225500470831628,5.567424774169922,5.203200882524382,5.567424774169922,272206580,5.747720229371408,0.0,0.82680552
2021-03-04,5.522826271925113,5.597158000961913,5.493093722086374,5.537692546844482,163670760,5.778580108827893,0.0,0.82239001
2021-03-05,5.500526662741075,5.604590580100521,5.366729843124716,5.545125484466553,184972358,5.770834238042214,0.0,0.82349389
2021-03-08,5.5748585274853095,5.649189903630455,5.418762460360524,5.455928325653076,179147495,5.865179688952309,0.0,0.81024734
2021-03-09,5.478227452386768,5.545125866807649,5.351863938231749,5.366730213165283,173335568,5.962662315593928,0.0,0.79700078
2021-03-10,5.366730213165283,5.441061942272908,5.277532563564076,5.366730213165283,122490683,5.962662315593928,0.0,0.79700078
2021-03-11,5.418762195664837,5.507959842681885,5.411329235633388,5.507959842681885,123425785,5.809773657394506,0.0,0.81797449
2021-03-12,5.4782274611082515,5.5153933257212335,5.426195675978022,5.448494911193848,96130370,5.873181588966248,0.0,0.80914346
2021-03-15,5.448494897328264,5.604590961201621,5.433628622408895,5.537692546844482,137211246,5.778580108827893,0.0,0.82239001
2021-03-16,5.574858496370124,5.671489462039463,5.515393395785903,5.634323596954346,134548249,5.679474998080997,0.0,0.83674044
2021-03-17,5.597158000961913,5.597158000961913,5.485660761846665,5.537692546844482,108270857,5.778580108827893,0.0,0.82239001
2021-03-18,5.515393257141113,5.574858356230513,5.485660707596414,5.515393257141113,78068321,5.801943489445229,0.0,0.81907837
2021-03-19,5.530259615220567,5.537692575498737,5.351863960825089,5.359297275543213,131545509,5.970932074626615,0.0,0.79589691
2021-03-22,5.344430986493434,5.46336118615105,5.329564711536232,5.448494911193848,101715849,5.873181588966248,0.0,0.80914346
2021-03-23,5.426195922455818,5.48566102498575,5.351864189853434,5.403896331787109,100063815,5.921653198964562,0.0,0.80252018
2021-03-24,5.396463389614259,5.411329665297495,5.247800278341927,5.314698696136475,117753311,6.0210374716561885,0.0,0.78927363
2021-03-25,5.322131246031836,5.344430835055743,5.247799873352051,5.247799873352051,82060735,6.097793508188773,0.0,0.77933872
2021-03-26,5.262665848989652,5.284965436747032,5.218067027914815,5.27009916305542,89785330,6.07199200810626,0.0,0.78265036
2021-03-29,5.284965900561744,5.366730235821382,5.255233350569156,5.359297275543213,132872486,5.970932074626615,0.0,0.79589691
2021-03-30,5.351863540750582,5.3890294025440975,5.307264719262318,5.381596088409424,100338784,5.9461913295425095,0.0,0.79920854
2021-03-31,5.359296869351149,5.463360786437988,5.351863555196411,5.463360786437988,104418737,5.857200586026722,0.0,0.78368133
2021-04-01,5.44106237444196,5.4930941636221,5.418762783050485,5.426196098327637,55874082,5.897317277173683,0.0,0.77835016
2021-04-02,5.426195917531455,5.448495153739958,5.284966121931051,5.322131633758545,108923424,6.012628435761043,0.0,0.7634229
2021-04-06,5.322131959391643,5.37416410446167,5.292399406334482,5.37416410446167,57429777,5.954414375518114,0.0,0.77088653
2021-04-07,5.381596088409424,5.41876195020294,5.351863540750582,5.381596088409424,62889638,5.9461913295425095,0.0,0.77195277
2021-04-08,5.381596188595597,5.411329091247886,5.3518636403832405,5.389029502868652,62735163,5.937989388064395,0.0,0.773019
2021-04-09,5.389030128471755,5.389030128471755,5.314698749311863,5.336997985839844,78650111,5.995880096807719,0.0,0.76555537
2021-04-12,5.344430856508864,5.448494778678287,5.3146983073176,5.41132926940918,114896859,5.91351928645322,0.0,0.7762177
2021-04-13,5.4336287355895525,5.493093836505669,5.381596595067971,5.455928325653076,102344710,5.865179688952309,0.0,0.7826151
2021-04-14,5.448494497861782,5.455927811996456,5.351863540750582,5.381596088409424,73927378,5.9461913295425095,0.0,0.77195277
2021-04-15,5.359297527705622,5.40389635479294,5.3369979369419775,5.396463394165039,72349144,5.929809518322723,0.0,0.77408523
2021-04-16,5.381596764029296,5.4113296698608115,5.359297527705622,5.396463394165039,61185593,5.929809518322723,0.0,0.77408523
2021-04-19,5.374163780522143,5.418762607419592,5.3592975048896605,5.403896331787109,72190231,5.921653198964562,0.0,0.77515147
2021-04-20,5.374163395079372,5.389029669645624,5.314698296814363,5.329564571380615,97016266,6.004242855380294,0.0,0.76448913
2021-04-21,5.314698696136475,5.359297523186183,5.307265381074871,5.314698696136475,74628386,6.0210374716561885,0.0,0.76235667
2021-04-22,5.329564794789498,5.329564794789498,5.26266637921709,5.292398929595947,73601445,6.04640739023864,0.0,0.75915797
2021-04-23,5.292399254474524,5.307265530576531,5.203201597862476,5.262666702270508,95398358,6.0805674784979304,0.0,0.75489304
2021-04-26,5.2849656811652626,5.299831955544407,5.210634309269536,5.225500583648682,87545871,6.12381521880075,0.0,0.74956187
2021-04-27,5.225500326364782,5.225500326364782,5.180901150983301,5.1883344650268555,53491540,6.167682560887941,0.0,0.74423071
2021-04-28,5.195767266632094,5.195767266632094,5.143735487669141,5.158601760864258,66565160,6.20323131798389,0.0,0.73996577
2021-04-29,5.158601739140027,5.180900971618839,5.128869192875006,5.166034698486328,103087400,6.194306052449889,0.0,0.74103201
2021-04-30,5.15116900413217,5.1586023187535766,4.980206666679243,5.002506256103516,198235923,6.396793599399715,0.0,0.71757488
2021-05-06,5.009939216284974,5.05453839513352,4.995072941482109,5.002506256103516,93786328,6.396793599399715,0.0,0.71757488
2021-05-07,5.017372125390268,5.143735628221595,4.972773304586256,5.106569766998291,117094777,6.266437444329684,0.0,0.73250214
2021-05-10,5.106569627461393,5.158601760864258,5.091703354266277,5.158601760864258,79637408,6.20323131798389,0.0,0.73996577
2021-05-11,5.136302471160889,5.173468333519942,5.106569923049619,5.136302471160889,51451813,6.230162686031899,0.0,0.73676707
2021-05-12,5.091703954845663,5.203201194180376,5.091703954845663,5.195767879486084,96909077,6.158858660014877,0.0,0.74529694
2021-05-13,5.180900971618839,5.210633872323771,5.128869192875006,5.166034698486328,61020635,6.194306052449889,0.0,0.74103201
2021-05-14,5.1660348773361155,5.203200738674042,5.128869370438111,5.1883344650268555,81495116,6.167682560887941,0.0,0.74423071
2021-05-17,5.173468644283113,5.255233333720563,5.158602369334481,5.195767879486084,85950093,6.158858660014877,0.0,0.74529694
2021-05-18,5.203201116715715,5.203201116715715,5.166035252677481,5.180901527404785,36126428,6.176531213869534,0.0,0.74316447
2021-05-19,5.180901851393283,5.180901851393283,5.128870063813877,5.151169300079346,44126294,6.212181766090874,0.0,0.73889954
2021-05-20,5.143735487669141,5.188334307254491,5.128869214474024,5.158601760864258,43586915,6.20323131798389,0.0,0.73996577
2021-05-21,5.158601901822933,5.1734681754242695,5.091703493396954,5.106569766998291,58429825,6.266437444329684,0.0,0.73250214
2021-05-24,5.1140039600462694,5.136303197061249,5.076838092434662,5.091704368591309,47624273,6.284732514596728,0.0,0.73036967
2021-05-25,5.084271558013954,5.203201770782471,5.039672728225761,5.203201770782471,128932318,6.150059407591983,0.0,0.74636317
2021-05-26,5.195767580828331,5.2552330316446785,5.173468346907142,5.218067169189453,102177610,6.132538919572918,0.0,0.74849564
2021-05-27,5.203201116715715,5.218067391443019,5.166035252677481,5.180901527404785,89402925,6.176531213869534,0.0,0.74316447
2021-05-28,5.180901306734228,5.232933443283557,5.166035032640123,5.218067169189453,86510687,6.132538919572918,0.0,0.74849564
2021-05-31,5.218067717755691,5.218067717755691,5.099137512499939,5.151169300079346,117881868,6.212181766090874,0.0,0.73889954
2021-06-01,5.143736131380032,5.143736131380032,5.076837716410075,5.099137306213379,90760806,6.275571352237858,0.0,0.73143591
2021-06-02,5.099137128699852,5.1065700887488905,5.024805756009756,5.076837539672852,115209763,6.303136499826241,0.0,0.72823721
2021-06-03,5.06197151078503,5.091704061303946,5.024805999856364,5.032238960266113,94778099,6.358998500005211,0.0,0.72183981
2021-06-04,5.032238638970981,5.091703736212125,5.0173723646606945,5.061971187591553,79502072,6.32164799326433,0.0,0.72610474
2021-06-07,5.047104857741563,5.054538172034877,5.02480562374149,5.039671897888184,67073223,6.349619707070461,0.0,0.72290604
2021-06-08,5.039671953346092,5.061971187591553,5.0173723646606945,5.061971187591553,86475767,6.32164799326433,0.0,0.72610474
2021-06-09,5.039671875689614,5.084270697933248,5.039671875689614,5.047104835510254,71099671,6.340268538678938,0.0,0.72397228
2021-06-10,5.039671875689614,5.076837383672676,5.032238561429043,5.047104835510254,78030972,6.340268538678938,0.0,0.72397228
2021-06-11,5.047105258414378,5.061971533741255,5.002506432433746,5.024806022644043,85234670,6.368405040073897,0.0,0.72077358
2021-06-15,5.017372352468358,5.024805666825407,4.965340215288828,4.980206489562988,68836961,6.425436388443402,0.0,0.71437618
2021-06-16,4.980206567138557,5.024805745095688,4.957907332599935,4.995072841644287,68426076,6.406312983709399,0.0,0.71650864
2021-06-17,4.995072841644287,5.054538294107147,4.9727736071056645,4.995072841644287,91433302,6.406312983709399,0.0,0.71650864
2021-06-18,4.980205933258082,4.995072205871632,4.957906701557705,4.965339660644531,71586487,6.444674923980166,0.0,0.71224371
2021-06-21,4.957907121651521,4.980206355241359,4.935607533621757,4.94304084777832,68428675,6.473747837706539,0.0,0.70904501
2021-06-22,4.957907676696777,4.980206912783048,4.943041401159275,4.957907676696777,57888995,6.45433559612391,0.0,0.71117748
2021-06-23,4.943040668458591,4.957906941792484,4.905874807903898,4.920741081237793,95673467,6.503085505151295,0.0,0.70584631
2021-06-24,4.928175125621771,4.97277395223428,4.905875535095534,4.957907676696777,84127194,6.45433559612391,0.0,0.71117748
2021-06-25,4.9504740947818915,5.017372508313522,4.943041134633904,5.009939193725586,88190760,6.387303071477711,0.0,0.71864111
2021-06-28,5.009939285192949,5.009939285192949,4.928174949872557,4.93560791015625,97915910,6.48349718666914,0.0,0.70797878
2021-06-29,4.935607777672341,4.935607777672341,4.898442268371582,4.898442268371582,89323967,6.532689015571055,0.0,0.70264761
2021-06-30,4.913308300031919,4.94304084777832,4.898442026158718,4.94304084777832,61928345,6.473747837706539,0.0,0.71141213
2021-07-01,4.943041233025623,5.0173726081848145,4.928174957993785,5.0173726081848145,108754260,6.377840056725817,0.0,0.72211006
2021-07-02,4.980205933258082,4.980205933258082,4.928174156330604,4.965339660644531,76840690,6.444674923980166,0.0,0.71462151
2021-07-05,4.95047418516359,4.957907499887237,4.891009085134231,4.93560791015625,89786249,6.48349718666914,0.0,0.71034234
2021-07-06,4.9281752014790765,4.980206989441257,4.90587561060959,4.972774028778076,72213326,6.4350400430045545,0.0,0.7156913
2021-07-07,4.980206912783048,5.002506503309286,4.935608086170539,4.957907676696777,63002656,6.45433559612391,0.0,0.71355172
2021-07-08,4.950473490377206,4.965339763298102,4.868709166532229,4.883575439453125,142634148,6.552576159975004,0.0,0.70285379
2021-07-09,4.8687097085789866,4.883575983154986,4.794377981259046,4.816677570343018,121347712,6.643583576577481,0.0,0.69322566
2021-07-12,4.846409723464809,4.861275996825993,4.7274795365753395,4.742345809936523,162291628,6.747715430821423,0.0,0.68252773
2021-07-13,4.749779224395752,4.7646454991810305,4.712613714652531,4.749779224395752,122634546,6.737155242004099,0.0,0.68359752
2021-07-14,4.749779417316607,4.749779417316607,4.6828813552856445,4.6828813552856445,133666432,6.833399689676331,0.0,0.67396939
2021-07-15,4.695423159529221,4.765972210776256,4.671907058301335,4.7502946853637695,137156676,13.599156321615244,0.326,0.64829436
2021-07-16,4.742456109548371,4.765972210776256,4.711101058723397,4.7502946853637695,67596758,13.599156321615244,0.0,0.64829436
2021-07-19,4.742455553971378,4.75029412886849,4.687584034565009,4.726778030395508,72965885,13.666814812244244,0.0,0.64508499
2021-07-20,4.718939121838115,4.726778070583522,4.687584074419787,4.695422649383545,69457092,13.75807990543327,0.0,0.64080582
2021-07-21,4.7032613330646535,4.71893885589027,4.632712293458563,4.64838981628418,111632192,13.897285415628033,0.0,0.63438706
2021-07-22,4.648390221018086,4.687584218385552,4.624874121622935,4.66406774520874,91218608,6.989606879850539,0.0,0.63652665
2021-07-23,4.66406718682025,4.66406718682025,4.624873567926759,4.6405510902404785,92311549,7.0250277102995184,0.0,0.63331727
2021-07-26,4.632712354669355,4.640551303076552,4.570002262538315,4.5935187339782715,96866639,7.096955925934885,0.0,0.62689851
2021-07-27,4.5935194307860465,4.601358006600672,4.530809329142281,4.546486854553223,92664165,7.170371551245486,0.0,0.62047976
2021-07-28,4.54648656524946,4.609196662902832,4.530809040836117,4.609196662902832,107066884,7.072816020713859,0.0,0.6290381
2021-07-29,4.609196400364536,4.624873923884893,4.546486306283111,4.562163829803467,77367366,7.145731985123466,0.0,0.62261934
2021-07-30,4.546486522070158,4.554325097311551,4.491615000253755,4.51513147354126,90801015,7.220166276671345,0.0,0.61620058
2021-08-02,4.499453653441432,4.554325176208402,4.452421079833317,4.538647651672363,92101748,7.182756297018964,0.0,0.61940996
2021-08-03,4.530809446872178,4.538648022890484,4.483776495635547,4.499454021453857,64432317,7.245323509154636,0.0,0.614061
2021-08-04,4.499452986073708,4.522969456280591,4.4759368896484375,4.4759368896484375,69940754,7.283391344367361,0.0,0.61085162
2021-08-05,4.4759371119903015,4.499453209583732,4.460259589000803,4.468098163604736,63652722,7.296169154372212,0.0,0.60978183
2021-08-06,4.468098234756487,4.468098234756487,4.421065665039029,4.452420711517334,70467514,7.32185975051093,0.0,0.60764224
2021-08-09,4.452421443998926,4.546486972690489,4.436743918180615,4.499454021453857,106524686,7.245323509154636,0.0,0.614061
2021-08-10,4.50729245969131,4.577841504757479,4.483775986742036,4.570002555847168,90477655,7.133475222741259,0.0,0.62368913
2021-08-11,4.5935189321648044,4.742455594292686,4.585679983419397,4.695422649383545,181694886,6.942931964661373,0.0,0.64080582
2021-08-12,4.671906287413419,4.695422384761031,4.640551241762185,4.64838981628418,60843056,7.013181184976376,0.0,0.63438706
2021-08-13,4.656228835685097,4.664067410326781,4.624873789555093,4.632712364196777,45154159,7.03691432516817,0.0,0.63224747
2021-08-16,4.6483906936133925,4.6719071691810905,4.61703564204426,4.624874591827393,59315931,7.048839779916931,0.0,0.63117768
2021-08-17,4.632712364196777,4.664067410326781,4.601357318066774,4.632712364196777,86991844,7.03691432516817,0.0,0.63224747
2021-08-18,4.617035030837726,4.711100546874357,4.609196455873968,4.695422649383545,140286186,6.942931964661373,0.0,0.64080582
2021-08-19,4.679744861935414,4.679744861935414,4.624873718936568,4.64838981628418,87504502,7.013181184976376,0.0,0.63438706
2021-08-20,4.64838981628418,4.671906287413419,4.624873718936568,4.64838981628418,101372192,7.013181184976376,0.0,0.63438706
2021-08-23,4.6405510902404785,4.66406718682025,4.624873567926759,4.6405510902404785,52952400,7.0250277102995184,0.0,0.63331727
2021-08-24,4.640551241762185,4.664067339109796,4.632712293458563,4.64838981628418,57825969,7.013181184976376,0.0,0.63438706
2021-08-25,4.656229388150252,4.656229388150252,4.609196813374797,4.617035388946533,62663507,7.060807911077833,0.0,0.63010789
2021-08-26,4.6091964086871275,4.624873932235793,4.5856799364733085,4.601357460021973,54940619,7.084865777814256,0.0,0.6279683
2021-08-27,4.593519434374167,4.617035535618103,4.5856804847717285,4.5856804847717285,56617061,7.109086668436474,0.0,0.62582872
2021-08-30,4.601357823520762,4.601357823520762,4.5072926747978,4.522970199584961,91450667,7.207653060148718,0.0,0.61727038
2021-08-31,4.530809332681418,4.5856804847717285,4.51513180725823,4.5856804847717285,90441376,7.109086668436474,0.0,0.62582872
2021-09-01,4.577841549050972,4.6954227935900485,4.577841549050972,4.66406774520874,146335993,6.989606879850539,0.0,0.63652665
2021-09-02,4.6562289478099155,4.687583994694967,4.6405514243673895,4.671906471252441,71793027,6.977879416164899,0.0,0.63759644
2021-09-03,4.671906581882858,4.734616677137932,4.640551534255321,4.7111005783081055,116685574,6.919826791663959,0.0,0.6429454
2021-09-06,4.703261852264404,4.726778325989661,4.687584327708123,4.703261852264404,72174559,6.931359772006868,0.0,0.64187561
2021-09-07,4.703261416812775,4.781649032336661,4.687583893707998,4.7581329345703125,121528379,6.851426903847943,0.0,0.64936416
2021-09-08,4.758133527844364,4.891392303959696,4.750294578423748,4.8757147789001465,209514625,6.686199147882445,0.0,0.66541105
2021-09-09,4.8443595071968915,4.9305860779711965,4.797326934169543,4.883553504943848,165714130,6.675466945738899,0.0,0.66648084
2021-09-10,4.883553361355666,4.9776185046446235,4.875714412524093,4.914908409118652,175959423,6.632880470268189,0.0,0.67076001
2021-09-13,4.907070237179974,4.938425287518748,4.852198712196278,4.930586338043213,142208550,6.611789707132046,0.0,0.6728996
2021-09-14,4.922747310903716,4.946263409610387,4.8051656960254165,4.82084321975708,134764141,6.762302467418283,0.0,0.6579225
2021-09-15,4.820843036382622,4.84435913419479,4.789487990111974,4.797326564788818,67027949,6.795451499857416,0.0,0.65471312
2021-09-16,4.81300463455062,4.852198633731121,4.742455959320068,4.742455959320068,98654734,6.874075432568466,0.0,0.64722457
2021-09-17,4.7581329345703125,4.77381045767509,4.718938939917552,4.7581329345703125,84533341,6.851426903847943,0.0,0.64936416
2021-09-22,4.66406774520874,4.6954227935900485,4.60919659743228,4.66406774520874,128779960,6.989606879850539,0.0,0.63652665
2021-09-23,4.687584074419787,4.750294169256443,4.671906550710624,4.695422649383545,74026698,6.942931964661373,0.0,0.64080582
2021-09-24,4.695422384761031,4.7032613330646535,4.64838981628418,4.64838981628418,61846162,7.013181184976376,0.0,0.63438706
2021-09-27,4.656229643396524,4.6719071691810905,4.624874591827393,4.624874591827393,70116777,7.048839779916931,0.0,0.63117768
2021-09-28,4.632712625448835,4.687584146161521,4.617035101499733,4.679745197296143,74859552,6.966191240248633,0.0,0.63866623
2021-09-29,4.656229278595561,4.742455850545943,4.632712804870304,4.703261852264404,108228725,6.931359772006868,0.0,0.64187561
2021-09-30,4.687584146161521,4.711100618976002,4.66406767334704,4.679745197296143,57994872,6.966191240248633,0.0,0.61611926
2021-10-08,4.687584184210143,4.742455705368216,4.679745235281136,4.734616756439209,71201261,6.885456981425815,0.0,0.62334344
2021-10-11,4.734616793989022,4.813004414992483,4.734616793989022,4.789488315582275,92298526,6.806572613182521,0.0,0.63056761
2021-10-12,4.773810863494873,4.805165912369908,4.750294389947764,4.773810863494873,64108837,6.828925764380571,0.0,0.62850356
2021-10-13,4.773811009151798,4.7894885340676625,4.703261960139567,4.742455959320068,63725920,6.874075432568466,0.0,0.62437546
2021-10-14,4.742455705368216,4.758133229444571,4.718939232362853,4.734616756439209,38116674,6.885456981425815,0.0,0.62334344
2021-10-15,4.734616756439209,4.758133229444571,4.711100657215505,4.734616756439209,53882747,6.885456981425815,0.0,0.62334344
2021-10-18,4.734616901376967,4.750294425933248,4.695422903095429,4.703261852264404,68014372,6.931359772006868,0.0,0.61921533
2021-10-19,4.703261708286498,4.742455705368216,4.687584184210143,4.734616756439209,48286041,6.885456981425815,0.0,0.62334344
2021-10-20,4.734616677137932,4.750294200951701,4.687584105696627,4.7111005783081055,48694649,6.919826791663959,0.0,0.62024736
2021-10-21,4.718939089805781,4.765971660614014,4.711100514895232,4.765971660614014,76387164,6.84015817160777,0.0,0.62747154
2021-10-22,4.7581329345703125,4.797326555441439,4.73461646302233,4.7581329345703125,69753938,6.851426903847943,0.0,0.62643951
2021-10-25,4.726778434404204,4.758133484235933,4.711100909488339,4.742455959320068,50925988,6.874075432568466,0.0,0.62437546
2021-10-26,4.742455553971378,4.75029412886849,4.711100506819637,4.726778030395508,51424230,6.896875586364742,0.0,0.62231141
2021-10-27,4.718939153324164,4.718939153324164,4.679745156898917,4.7111005783081055,61936942,6.919826791663959,0.0,0.62024736
2021-10-28,4.6954227212452455,4.711100618976002,4.671906622212418,4.679745197296143,37013570,6.966191240248633,0.0,0.61611926
2021-10-29,4.687583810239036,4.695422384761031,4.624873718936568,4.64838981628418,94430629,7.013181184976376,0.0,0.61199115
2021-11-01,4.648390078256053,4.711100546874357,4.632712554546889,4.695422649383545,106524145,6.942931964661373,0.0,0.61818331
2021-11-02,4.687584694965657,4.703262220750223,4.601358116259694,4.624874591827393,122893480,7.048839779916931,0.0,0.60889508
2021-11-03,4.632712354669355,4.632712354669355,4.5935187339782715,4.5935187339782715,71133670,7.096955925934885,0.0,0.60476698
2021-11-04,4.601357859200276,4.601357859200276,4.562164233819302,4.577841758728027,66869579,7.121259693576225,0.0,0.60270292
2021-11-05,4.570002955778789,4.577841905375105,4.538647904956907,4.546486854553223,62008120,7.170371551245486,0.0,0.59857482
2021-11-08,4.546486528507274,4.570002628046412,4.530809004220629,4.554325103759766,38027914,7.158030939224669,0.0,0.59960685
2021-11-09,4.562164233819302,4.577841758728027,4.546486708910576,4.577841758728027,35133311,7.121259693576225,0.0,0.60270292
2021-11-10,4.577841353323823,4.577841353323823,4.530808782762754,4.562163829803467,57396873,7.145731985123466,0.0,0.60063887
2021-11-11,4.562163838041134,4.6091964086871275,4.546486314492469,4.601357460021973,56216602,7.084865777814256,0.0,0.605799
2021-11-12,4.601358010194915,4.601358010194915,4.562164383527793,4.5856804847717285,47810978,7.109086668436474,0.0,0.60373495
2021-11-15,4.570002555847168,4.585680079886132,4.554325031808204,4.570002555847168,59755263,7.133475222741259,0.0,0.6016709
2021-11-16,4.570002809382825,4.577841758728027,4.5543252844741,4.577841758728027,59942205,7.121259693576225,0.0,0.60270292
2021-11-17,4.570002555847168,4.577841504757479,4.554325031808204,4.570002555847168,63723481,7.133475222741259,0.0,0.6016709
2021-11-18,4.562163980718514,4.577841504757479,4.54648645667955,4.570002555847168,56313819,7.133475222741259,0.0,0.6016709
2021-11-19,4.562164233819302,4.593519283636753,4.546486708910576,4.577841758728027,67439734,7.121259693576225,0.0,0.60270292
2021-11-22,4.577841577080566,4.577841577080566,4.554325103759766,4.554325103759766,60938702,7.158030939224669,0.0,0.59960685
2021-11-23,4.562163829803467,4.570002404672823,4.546486306283111,4.562163829803467,53565415,7.145731985123466,0.0,0.60063887
2021-11-24,4.562163829803467,4.577841353323823,4.546486306283111,4.562163829803467,52624948,7.145731985123466,0.0,0.60063887
2021-11-25,4.554325103759766,4.5621640527939205,4.546486528507274,4.554325103759766,45478816,7.158030939224669,0.0,0.59960685
2021-11-26,4.546486600831217,4.554325176208402,4.5229701271363245,4.538647651672363,76828814,7.182756297018964,0.0,0.5975428
2021-11-29,4.51513147354126,4.530808997805709,4.499453575495148,4.51513147354126,73776640,7.220166276671345,0.0,0.59444672
2021-11-30,4.51513147354126,4.522970048782653,4.499453575495148,4.51513147354126,52007649,7.220166276671345,0.0,0.59444672
2021-12-01,4.507292602600286,4.538647651672363,4.499453653441432,4.538647651672363,49591175,7.182756297018964,0.0,0.5975428
2021-12-02,4.522970379545966,4.554325430367848,4.51513180373134,4.546486854553223,57186602,7.170371551245486,0.0,0.59857482
2021-12-03,4.546486528507274,4.5621640527939205,4.515131479933983,4.554325103759766,65875045,7.158030939224669,0.0,0.59960685
2021-12-06,4.554325433925354,4.601358010194915,4.546486858104605,4.5856804847717285,94270243,7.109086668436474,0.0,0.60373495
2021-12-07,4.617035388946533,4.632712913871686,4.585680339096229,4.617035388946533,94587885,7.060807911077833,0.0,0.60786305
2021-12-08,4.617034983570638,4.624873932235793,4.5856799364733085,4.601357460021973,55954421,7.084865777814256,0.0,0.605799
2021-12-09,4.609196266490092,4.656228835685097,4.585679795001773,4.632712364196777,93233306,7.03691432516817,0.0,0.6099271
2021-12-10,4.609196662902832,4.624874187316175,4.577841614076146,4.609196662902832,85486973,7.072816020713859,0.0,0.60683103
2021-12-13,4.609196662902832,4.640551711729518,4.601357713805328,4.609196662902832,63285395,7.072816020713859,0.0,0.60683103
2021-12-14,4.601357603925097,4.6091965528354075,4.562163980718514,4.570002555847168,60670042,7.133475222741259,0.0,0.6016709
2021-12-15,4.554325031808204,4.577841504757479,4.554325031808204,4.570002555847168,38018322,7.133475222741259,0.0,0.6016709
2021-12-16,4.562164233819302,4.577841758728027,4.5543252844741,4.577841758728027,53249786,7.121259693576225,0.0,0.60270292
2021-12-17,4.562163980718514,4.585680079886132,4.562163980718514,4.570002555847168,42311129,7.133475222741259,0.0,0.6016709
2021-12-20,4.570002555847168,4.570002555847168,4.554325031808204,4.570002555847168,63387451,7.133475222741259,0.0,0.6016709
2021-12-21,4.554324889375979,4.632712507119302,4.546486314492469,4.601357460021973,106762844,7.084865777814256,0.0,0.605799
2021-12-22,4.609196662902832,4.624874187316175,4.593519138489489,4.609196662902832,57370431,7.072816020713859,0.0,0.60683103
2021-12-23,4.617035388946533,4.624874338299948,4.585680339096229,4.617035388946533,57441356,7.060807911077833,0.0,0.60786305
2021-12-24,4.609196266490092,4.632712364196777,4.59351874342509,4.632712364196777,59574164,7.03691432516817,0.0,0.6099271
2021-12-27,4.617034983570638,4.624873932235793,4.601357460021973,4.601357460021973,47805891,7.084865777814256,0.0,0.605799
2021-12-28,4.609196266490092,4.640551312620095,4.601357318066774,4.632712364196777,59356965,7.03691432516817,0.0,0.6099271
2021-12-29,4.617034983570638,4.632712507119302,4.593518885138463,4.601357460021973,47637464,7.084865777814256,0.0,0.605799
2021-12-30,4.601357460021973,4.6091964086871275,4.5856799364733085,4.601357460021973,47158395,7.084865777814256,0.0,0.605799
2021-12-31,4.5935187339782715,4.601357308603835,4.577841210945512,4.5935187339782715,49095391,7.096955925934885,0.0,0.58878998
2022-01-04,4.585679795001773,4.640551312620095,4.585679795001773,4.632712364196777,117036735,7.03691432516817,0.0,0.59381379
2022-01-05,4.632712515158639,4.7346166052926195,4.624873940261526,4.726778030395508,195597828,6.896875586364742,0.0,0.60587092
2022-01-06,4.703261960139567,4.773811009151798,4.703261960139567,4.742455959320068,153867183,6.874075432568466,0.0,0.60788044
2022-01-07,4.750294395884931,4.820843442832769,4.711100771632985,4.813004493713379,141718307,6.773315928248409,0.0,0.61692329
2022-01-10,4.805165513247298,4.84435913419479,4.76597151851817,4.797326564788818,112844779,6.795451499857416,0.0,0.61491377
2022-01-11,4.789488393918544,4.83652096728988,4.773810869461433,4.813004493713379,71682786,6.773315928248409,0.0,0.61692329
2022-01-12,4.813004231422246,4.813004231422246,4.726778038497976,4.765971660614014,107026338,6.84015817160777,0.0,0.61089473
2022-01-13,4.765971842390407,4.828681939193176,4.750294318189714,4.789488315582275,107062247,6.806572613182521,0.0,0.61390901
2022-01-14,4.7738108263469625,4.797326925929412,4.687584255720765,4.718939304351807,118637110,6.908332126657419,0.0,0.60486616
2022-01-17,4.703261924975654,4.742455923863121,4.67190687537835,4.687584400177002,72034721,6.954541447567117,0.0,0.60084712
2022-01-18,4.687583893707998,4.7581329345703125,4.671906370603221,4.7581329345703125,112733865,6.851426903847943,0.0,0.60988996
2022-01-19,4.734617009971297,4.765972059803026,4.726778434404204,4.742455959320068,72430393,6.874075432568466,0.0,0.60788044
2022-01-20,4.7424556718080275,4.82084329163509,4.7346167229344935,4.805165767669678,127875369,6.784365321866879,0.0,0.61591853
2022-01-21,4.789487980779867,4.797326555441439,4.742455411465535,4.7581329345703125,76722285,6.851426903847943,0.0,0.60988996
2022-01-24,4.765971660614014,4.789488132908954,4.718939089805781,4.765971660614014,85954618,6.84015817160777,0.0,0.61089473
2022-01-25,4.750294425933248,4.758133375102224,4.703261852264404,4.703261852264404,67131304,6.931359772006868,0.0,0.60285664
2022-01-26,4.695422759357491,4.750294280515564,4.687584184210143,4.734616756439209,64755898,6.885456981425815,0.0,0.60687568
2022-01-27,4.718939232362853,4.758133229444571,4.703261708286498,4.734616756439209,73611916,6.885456981425815,0.0,0.60687568
2022-01-28,4.742455594292686,4.765971692965607,4.695422649383545,4.695422649383545,85010812,6.942931964661373,0.0,0.60185188
2022-02-07,4.726778147842614,4.828681866726969,4.71893919896908,4.805165767669678,148000595,6.784365321866879,0.0,0.61591853
2022-02-08,4.805165533371053,4.969779713872168,4.805165533371053,4.961940765380859,254623169,6.570009909720829,0.0,0.63601375
2022-02-09,4.9619413883819865,4.99329643872076,4.891392338228904,4.930586338043213,140860200,6.611789707132046,0.0,0.63199471
2022-02-10,4.930585718978898,4.977618288581841,4.899230672576937,4.961940765380859,127601435,6.570009909720829,0.0,0.63601375
2022-02-11,4.938424526805979,5.0481671860869755,4.938424526805979,4.993295669555664,125807547,6.528754185089336,0.0,0.6400328
2022-02-14,4.977618835172633,4.993296360095157,4.891392261207907,4.907070159912109,123220300,6.643475421713535,0.0,0.62898042
2022-02-15,4.9149086265819095,4.9541026249106315,4.85219852828129,4.867876052856445,101825221,6.696965914091113,0.0,0.62395662
2022-02-16,4.867875980601398,4.9305860779711965,4.8443595071968915,4.883553504943848,70619622,6.675466945738899,0.0,0.62596614
2022-02-17,4.883553432920016,4.92274743008893,4.875714483973571,4.89923095703125,70371411,6.654105570020804,0.0,0.62797566
2022-02-18,4.891392116925006,4.938425064086914,4.875714592464926,4.938425064086914,75699483,6.6012948616093965,0.0,0.63299947
2022-02-21,4.922747357950225,4.930585933000145,4.844359364761108,4.914908409118652,82140743,6.632880470268189,0.0,0.62998519
2022-02-22,4.883553728320762,4.907070202800927,4.860037253840597,4.8757147789001465,65248069,6.686199147882445,0.0,0.62496138
2022-02-23,4.883553314683733,4.89139188965874,4.8051656960254165,4.82084321975708,103418583,6.762302467418283,0.0,0.61792805
2022-02-24,4.805166211198318,4.813004787013717,4.742456109548371,4.7502946853637695,95492006,6.862732137533389,0.0,0.6088852
2022-02-25,4.750294200951701,4.77381067356318,4.703261629510395,4.7111005783081055,106315057,6.919826791663959,0.0,0.6038614
2022-02-28,4.71893908171675,4.7346166052926195,4.679745085886251,4.726778030395508,85427824,6.896875586364742,0.0,0.60587092
2022-03-01,4.7424559641002455,4.797327114470241,4.718939489811906,4.781649589538574,98939603,6.817730866628787,0.0,0.61290425
2022-03-02,4.765971660614014,4.7973267078195025,4.750294137011269,4.765971660614014,53556620,6.84015817160777,0.0,0.61089473
2022-03-03,4.765971159324567,4.844358769093404,4.765971159324567,4.836520195007324,90359591,6.740383309812817,0.0,0.61993758
2022-03-04,4.820843442832769,4.83652096728988,4.750294395884931,4.813004493713379,102531962,6.773315928248409,0.0,0.61692329
2022-03-07,4.77381045767509,4.805165503884644,4.742455411465535,4.7581329345703125,95023924,6.851426903847943,0.0,0.60988996
2022-03-08,4.750294425933248,4.7816494750458105,4.695422903095429,4.703261852264404,109106610,6.931359772006868,0.0,0.60285664
2022-03-09,4.703261742576206,4.742455739943672,4.530808976479009,4.66406774520874,157397497,6.989606879850539,0.0,0.59783283
2022-03-10,4.703261598128951,4.718939121838115,4.648390078256053,4.695422649383545,92127793,6.942931964661373,0.0,0.60185188
2022-03-11,4.679745485874931,4.742455959320068,4.624874335560244,4.742455959320068,103246851,6.874075432568466,0.0,0.60788044
2022-03-14,4.687583994694967,4.750294088465071,4.664067522640357,4.671906471252441,105002685,6.977879416164899,0.0,0.59883759
2022-03-15,4.656228970925605,4.664067545794961,4.546486306283111,4.562163829803467,196285419,7.145731985123466,0.0,0.58477094
2022-03-16,4.562164238599341,4.624874338299948,4.515131663823885,4.617035388946533,132235742,7.060807911077833,0.0,0.59180427
2022-03-17,4.640551455784457,4.656228979333122,4.5700024129246435,4.601357460021973,134890000,7.084865777814256,0.0,0.58979474
2022-03-18,4.5935189321648044,4.711100546874357,4.57784140845564,4.695422649383545,145861263,6.942931964661373,0.0,0.60185188
2022-03-21,4.6954227935900485,4.703261742576206,4.648390221018086,4.66406774520874,69176285,6.989606879850539,0.0,0.59783283
2022-03-22,4.664067782356652,4.734616828667328,4.64839025804113,4.718939304351807,98331648,6.908332126657419,0.0,0.60486616
2022-03-23,4.71893908171675,4.726778030395508,4.6954226094621205,4.726778030395508,61110272,6.896875586364742,0.0,0.60587092
2022-03-24,4.703261566203037,4.781649184216758,4.695422617510841,4.765971660614014,89182059,6.84015817160777,0.0,0.61089473
2022-03-25,4.750294389947764,4.797326963260316,4.726778290182321,4.773810863494873,87597289,6.828925764380571,0.0,0.61189949
2022-03-28,4.758132585238487,4.860036291047171,4.718938593463265,4.836520195007324,128578144,6.740383309812817,0.0,0.61993758
2022-03-29,4.852198456258948,4.89139208022424,4.813004458511992,4.883553504943848,115875461,6.675466945738899,0.0,0.62596614
2022-03-30,4.8913922259016145,4.8913922259016145,4.82868212666416,4.852198600769043,104357034,6.718603808762714,0.0,0.6219471
2022-03-31,4.836521187026892,4.930586338043213,4.828682237551356,4.930586338043213,133049504,6.611789707132046,0.0,0.61110869
2022-04-01,4.891392116925006,4.969780113007074,4.891392116925006,4.938425064086914,141931589,6.6012948616093965,0.0,0.61208025
2022-04-06,4.922747545520282,4.97761869430542,4.899231071911174,4.97761869430542,116255577,6.549316450714798,0.0,0.61693803
2022-04-07,4.969780002422631,4.985457526533865,4.875714483973571,4.89923095703125,109384557,6.654105570020804,0.0,0.60722247
2022-04-08,4.907069611990376,4.938424658334331,4.875714191864784,4.9227471351623535,75469406,6.622318617006284,0.0,0.61013713
2022-04-11,4.92274743008893,4.92274743008893,4.883553432920016,4.89923095703125,74241341,6.654105570020804,0.0,0.60722247
2022-04-12,4.891392008084805,4.930586005253717,4.852198384697549,4.89923095703125,78907890,6.654105570020804,0.0,0.60722247
2022-04-13,4.891391754150391,4.938424697824057,4.883553179392539,4.891391754150391,57621837,6.664769791202802,0.0,0.60625091
2022-04-14,4.907070159912109,4.93842520975716,4.891392261207907,4.907070159912109,66516769,6.643475421713535,0.0,0.60819402
2022-04-15,4.914908553628747,4.914908553628747,4.875714555881791,4.883553504943848,70350417,6.675466945738899,0.0,0.60527935
2022-04-18,4.867876163553582,4.8757147391285764,4.765972064606907,4.781649589538574,104390538,6.817730866628787,0.0,0.59264913
2022-04-19,4.781649041653494,4.820843036382622,4.742455420706001,4.797326564788818,79831584,6.795451499857416,0.0,0.59459224
2022-04-20,4.797326963260316,4.8130044876978335,4.765971914385281,4.773810863494873,63304359,6.828925764380571,0.0,0.59167757
2022-04-21,4.7738107913815835,4.828681939193176,4.758133267180891,4.789488315582275,106671049,6.806572613182521,0.0,0.59362068
2022-04-22,4.789488039608488,4.9070696512293726,4.781649091068997,4.891391754150391,136336705,6.664769791202802,0.0,0.60625091
2022-04-25,4.852198638621915,4.883553688485248,4.781649589538574,4.781649589538574,137319137,6.817730866628787,0.0,0.59264913
2022-04-26,4.781649736188743,4.805166211198318,4.7346171599512825,4.7502946853637695,98050808,6.862732137533389,0.0,0.5887629
2022-04-27,4.742455850545943,4.758133375102224,4.648390329426586,4.703261852264404,130953810,6.931359772006868,0.0,0.58293357
2022-04-28,4.687584435223703,4.765972059803026,4.679745485874931,4.742455959320068,88501327,6.874075432568466,0.0,0.58779135
2022-04-29,4.750293986127106,4.77381045767509,4.687583893707998,4.7581329345703125,98344776,6.851426903847943,0.0,0.58973446
2022-05-05,4.765972210776256,4.789488685785831,4.7189396345387955,4.7502946853637695,107285790,6.862732137533389,0.0,0.5887629
2022-05-06,4.718939153324164,4.7424556259356425,4.687584105696627,4.7111005783081055,68318934,6.919826791663959,0.0,0.58390512
2022-05-09,4.69542297568549,4.711100874265817,4.67190687537835,4.687584400177002,55251769,6.954541447567117,0.0,0.58099046
2022-05-10,4.671906803151842,4.703261852264404,4.648390329426586,4.703261852264404,65868223,6.931359772006868,0.0,0.58293357
2022-05-11,4.703261518137493,4.703261518137493,4.6562289478099155,4.671906471252441,90965930,6.977879416164899,0.0,0.57904734
2022-05-12,4.664067522640357,4.679745046082883,4.6562289478099155,4.671906471252441,52150858,6.977879416164899,0.0,0.57904734
2022-05-13,4.671906803151842,4.71110080143338,4.664067853982867,4.703261852264404,59832557,6.931359772006868,0.0,0.58293357
2022-05-16,4.703261852264404,4.71110080143338,4.656229278595561,4.703261852264404,70227375,6.931359772006868,0.0,0.58293357
2022-05-17,4.687583994694967,4.718939041580019,4.664067522640357,4.671906471252441,79995091,6.977879416164899,0.0,0.57904734
2022-05-18,4.679745450886839,4.687584400177002,4.656229350579698,4.687584400177002,71264693,6.954541447567117,0.0,0.58099046
2022-05-19,4.671906471252441,4.679745046082883,4.648389999197831,4.671906471252441,51385233,6.977879416164899,0.0,0.57904734
2022-05-20,4.679745450886839,4.711100874265817,4.656229350579698,4.687584400177002,87123017,6.954541447567117,0.0,0.58099046
2022-05-23,4.687584146161521,4.6954227212452455,4.66406767334704,4.679745197296143,47917575,6.966191240248633,0.0,0.5800189
2022-05-24,4.679745046082883,4.695422569525409,4.664067522640357,4.671906471252441,77856451,6.977879416164899,0.0,0.57904734
2022-05-25,4.679745378539148,4.703261852264404,4.664067853982867,4.703261852264404,59155058,6.931359772006868,0.0,0.58293357
2022-05-26,4.6954226094621205,4.726778030395508,4.687584034565009,4.726778030395508,63270435,6.896875586364742,0.0,0.58584824
2022-05-27,4.726778253400399,4.74245577771592,4.711100729084878,4.718939304351807,54277555,6.908332126657419,0.0,0.58487668
2022-05-30,4.734616828667328,4.74245577771592,4.703261780036286,4.718939304351807,54881523,6.908332126657419,0.0,0.58487668
2022-05-31,4.718939449774306,4.726778399064469,4.687584400177002,4.687584400177002,81106906,6.954541447567117,0.0,0.58099046
2022-06-01,4.6954227212452455,4.703261670110624,4.66406767334704,4.679745197296143,80067139,6.966191240248633,0.0,0.5800189
2022-06-02,4.679745197296143,4.687584146161521,4.66406767334704,4.679745197296143,46114669,6.966191240248633,0.0,0.5800189
2022-06-06,4.679744709133971,4.679744709133971,4.617034619879091,4.6405510902404785,136824546,7.0250277102995184,0.0,0.57516112
2022-06-07,4.640551241762185,4.664067339109796,4.624873718936568,4.64838981628418,67043102,7.013181184976376,0.0,0.57613268
2022-06-08,4.656229019165039,4.664067594115604,4.648390070432826,4.656229019165039,58813118,7.001373829727532,0.0,0.57710423
2022-06-09,4.656229098263316,4.6954227212452455,4.640551574314213,4.679745197296143,112282423,6.966191240248633,0.0,0.5800189
2022-06-10,4.671906803151842,4.7189393768206855,4.664067853982867,4.703261852264404,103371496,6.931359772006868,0.0,0.58293357
2022-06-13,4.687583994694967,4.695422569525409,4.648389999197831,4.671906471252441,80578173,6.977879416164899,0.0,0.57904734
2022-06-14,4.65622905806909,4.726778102121874,4.65622905806909,4.7111005783081055,92012155,6.919826791663959,0.0,0.58390512
2022-06-15,4.711100909488339,4.7894885340676625,4.703261960139567,4.742455959320068,127447486,6.874075432568466,0.0,0.58779135
2022-06-16,4.742455850545943,4.758133375102224,4.703261852264404,4.703261852264404,97852914,6.931359772006868,0.0,0.58293357
2022-06-17,4.695422680712685,4.726778102121874,4.687584105696627,4.7111005783081055,63263870,6.919826791663959,0.0,0.58390512
2022-06-20,4.711100546874357,4.711100546874357,4.679745125674381,4.695422649383545,75336522,6.942931964661373,0.0,0.58196201
2022-06-21,4.6954226094621205,4.742455553971378,4.687584034565009,4.726778030395508,88925568,6.896875586364742,0.0,0.58584824
2022-06-22,4.726778325989661,4.750294425933248,4.695422903095429,4.703261852264404,83925654,6.931359772006868,0.0,0.58293357
2022-06-23,4.711100657215505,4.742455705368216,4.703261708286498,4.734616756439209,58771529,6.885456981425815,0.0,0.58681979
2022-06-24,4.7424556259356425,4.750294200951701,4.703261629510395,4.7111005783081055,82754142,6.919826791663959,0.0,0.58390512
2022-06-27,4.71110080143338,4.726778325989661,4.687584327708123,4.703261852264404,139984145,6.931359772006868,0.0,0.58293357
2022-06-28,4.703261780036286,4.726778253400399,4.6954228309876935,4.718939304351807,111392252,6.908332126657419,0.0,0.58487668
2022-06-29,4.711100909488339,4.7502945348871615,4.703261960139567,4.742455959320068,108542279,6.874075432568466,0.0,0.58779135
2022-06-30,4.742456109548371,4.765972210776256,4.7346171599512825,4.7502946853637695,76371534,6.862732137533389,0.0,0.59199422
2022-07-01,4.758133085703465,4.781649184216758,4.750294137011269,4.765971660614014,70856777,6.84015817160777,0.0,0.59394799
2022-07-04,4.773810863494873,4.797326963260316,4.765971914385281,4.773810863494873,92228215,6.828925764380571,0.0,0.59492488
2022-07-05,4.789488315582275,4.805165839782968,4.781649366591099,4.789488315582275,102679933,6.806572613182521,0.0,0.59687866
2022-07-06,4.7973267078195025,4.7973267078195025,4.74245556210072,4.765971660614014,106951178,6.84015817160777,0.0,0.59394799
2022-07-07,4.781649438822798,4.789488387932391,4.7581333390573555,4.773810863494873,140077470,6.828925764380571,0.0,0.59492488
2022-07-08,4.793819622608862,4.802156891033962,4.752134075569041,4.760471343994141,148446569,14.494363060718998,0.364,0.55780313
2022-07-11,4.760471526238359,4.827168086021134,4.752134257494085,4.8104939460754395,118234317,14.343641375184035,0.0,0.56366446
2022-07-12,4.818831792854721,4.852180076746347,4.793820381164551,4.793820381164551,73999678,14.393530527574336,0.0,0.56171068
2022-07-13,4.793819820480484,4.802157089249716,4.718785991728814,4.727123260498047,94306424,14.596615361523321,0.0,0.55389558
2022-07-14,4.710449286608696,4.710449286608696,4.62707858369072,4.652089595794678,127452058,14.832044520890896,0.0,0.54510358
2022-07-15,4.652089280567446,4.652089280567446,4.57705545425415,4.57705545425415,156915868,15.075194235601375,0.0,0.53631159
2022-07-18,4.593730154778703,4.643752574920654,4.585392885983616,4.643752574920654,87469815,14.85867278387005,0.0,0.5441267
2022-07-19,4.62707833727746,4.677100756364322,4.610404197581839,4.660426616668701,63366642,14.805511528324756,0.0,0.54608047
2022-07-20,4.660426797719836,4.727123359093388,4.652089528776711,4.71044921875,68918673,14.648284440758786,0.0,0.5519418
2022-07-21,4.702112017545463,4.718786158129059,4.643752724274314,4.652089595794678,44725831,14.832044520890896,0.0,0.54510358
2022-07-22,4.652089497312113,4.685437777773337,4.652089497312113,4.668763637542725,30543608,14.77907329579791,0.0,0.54705736
2022-07-25,4.668764014550861,4.702112297704998,4.652089872973794,4.68543815612793,37871181,14.726477588815717,0.0,0.54901114
2022-07-26,4.69377542568791,4.710449567264979,4.68543815612793,4.68543815612793,39374752,14.726477588815717,0.0,0.54901114
2022-07-27,4.685438007005658,4.693775276300291,4.668763865959273,4.677101135253906,22766166,14.752727812513763,0.0,0.54803425
2022-07-28,4.685438007005658,4.693775276300291,4.668763865959273,4.677101135253906,27720426,14.752727812513763,0.0,0.54803425
2022-07-29,4.677100855015288,4.685437726267518,4.643752574920654,4.643752574920654,38999382,7.838488251201013,0.0,0.5441267
2022-08-01,4.643752923015841,4.643752923015841,4.610404640421423,4.618741512298584,35602074,7.880934644875809,0.0,0.54119603
2022-08-02,4.6104041307044925,4.6104041307044925,4.568718583298697,4.57705545425415,76953424,7.952711161969421,0.0,0.53631159
2022-08-03,4.585393019648238,4.593730288686357,4.518696457514759,4.52703332901001,84005236,8.040585821788085,0.0,0.53045026
2022-08-04,4.535370252369586,4.568718530894574,4.52703298396692,4.55204439163208,47170171,7.996407079621916,0.0,0.53338093
2022-08-05,4.560381542763025,4.5937302208803885,4.543707402475775,4.585392951965332,38611312,7.938250959364061,0.0,0.53728848
2022-08-08,4.585393050864168,4.593730319959044,4.568718910217285,4.568718910217285,27298244,7.967222478624504,0.0,0.5353347
2022-08-09,4.568718583298697,4.5937299912507426,4.552044443844947,4.57705545425415,30161739,7.952711161969421,0.0,0.53631159
2022-08-10,4.585392670157068,4.5937299385597345,4.55204439163208,4.55204439163208,23035736,7.996407079621916,0.0,0.53338093
2022-08-11,4.560381542763025,4.5937302208803885,4.552044671390831,4.585392951965332,42069522,7.938250959364061,0.0,0.53728848
2022-08-12,4.585392853783155,4.602066993713379,4.56871871385293,4.602066993713379,39604160,7.909489377213317,0.0,0.53924226
2022-08-15,4.585393050864168,4.60206719151105,4.568718910217285,4.568718910217285,35385047,7.967222478624504,0.0,0.5353347
2022-08-16,4.568718681183025,4.593730089670938,4.5603814125061035,4.5603814125061035,31243051,7.981788518867945,0.0,0.53435781
2022-08-17,4.568718811678082,4.5937302208803885,4.552044671390831,4.585392951965332,46245724,7.938250959364061,0.0,0.53728848
2022-08-18,4.577055552317095,4.5853928209940165,4.552044541372034,4.5603814125061035,27162664,7.981788518867945,0.0,0.53435781
2022-08-19,4.5603814125061035,4.577055552317095,4.552044541372034,4.5603814125061035,24803117,7.981788518867945,0.0,0.53435781
2022-08-22,4.55204439163208,4.568718530894574,4.543707123229414,4.55204439163208,31618558,7.996407079621916,0.0,0.53338093
2022-08-23,4.552044489505036,4.560381360544114,4.535370349884033,4.535370349884033,45266593,8.025805434153956,0.0,0.53142715
2022-08-24,4.535370598048129,4.552044738581499,4.52703332901001,4.52703332901001,35920585,8.040585821788085,0.0,0.53045026
2022-08-25,4.535370499444059,4.552044639614914,4.518696359273204,4.543707370758057,35927256,8.011079286104454,0.0,0.53240404
2022-08-26,4.552044541372034,4.5603814125061035,4.527033132884121,4.5603814125061035,35688259,7.981788518867945,0.0,0.53435781
2022-08-29,4.543707370758057,4.552044639614914,4.527033230587201,4.543707370758057,30849715,8.011079286104454,0.0,0.53240404
2022-08-30,4.543707272695112,4.568718681183025,4.535370401561042,4.5603814125061035,28707949,7.981788518867945,0.0,0.53435781
2022-08-31,4.56038144511639,4.610404262449919,4.552044573922705,4.602066993713379,84509573,7.909489377213317,0.0,0.53924226
2022-09-01,4.5937299912507426,4.602066862206196,4.57705545425415,4.57705545425415,24770044,7.952711161969421,0.0,0.53631159
2022-09-02,4.577055781769291,4.593730319959044,4.560381641122409,4.568718910217285,23835762,7.967222478624504,0.0,0.5353347
2022-09-05,4.568718583298697,4.585392722752447,4.543707175346651,4.57705545425415,44447149,7.952711161969421,0.0,0.53631159
2022-09-06,4.5770556830502755,4.610404361167639,4.568718811678082,4.585392951965332,53073585,7.938250959364061,0.0,0.53728848
2022-09-07,4.585392722752447,4.5937299912507426,4.568718583298697,4.57705545425415,20987775,7.952711161969421,0.0,0.53631159
2022-09-08,4.5770556830502755,4.5937302208803885,4.568718811678082,4.585392951965332,24152719,7.938250959364061,0.0,0.53728848
2022-09-09,4.593730499124215,4.627078781718632,4.585393229704167,4.618741512298584,53878493,7.880934644875809,0.0,0.54119603
2022-09-13,4.618740788222428,4.652089065588863,4.5937297789690135,4.627078056335449,48044383,7.866735671372712,0.0,0.54217292
2022-09-14,4.6104044914245605,4.6270786321829025,4.593730350666219,4.6104044914245605,35775901,7.895185784176786,0.0,0.54021914
2022-09-15,4.627078434873337,4.652089446172885,4.61874116607825,4.643752574920654,57776763,7.838488251201013,0.0,0.5441267
2022-09-16,4.6270784023801435,4.6354152735738285,4.602066993713379,4.602066993713379,56920680,7.909489377213317,0.0,0.53924226
2022-09-19,4.593730400470274,4.635415554046631,4.585393131229275,4.635415554046631,48315753,7.852586154486945,0.0,0.54314981
2022-09-20,4.6354149269056455,4.643752195018667,4.610403917652231,4.627078056335449,34838007,7.866735671372712,0.0,0.54217292
2022-09-21,4.627078434873337,4.652089446172885,4.602067026030933,4.643752574920654,35916028,7.838488251201013,0.0,0.5441267
2022-09-22,4.627078434873337,4.652089446172885,4.6104042948260195,4.643752574920654,41348648,7.838488251201013,0.0,0.5441267
2022-09-23,4.627078859379639,4.69377542568791,4.627078859379639,4.68543815612793,83990666,7.768750496128872,0.0,0.54901114
2022-09-26,4.677101205610258,4.68543807748742,4.610404640421423,4.618741512298584,52813481,7.880934644875809,0.0,0.54119603
2022-09-27,4.618741363032295,4.6270786321829025,4.593730350666219,4.6104044914245605,31795526,7.895185784176786,0.0,0.54021914
2022-09-28,4.61874116607825,4.660426714967971,4.593730154778703,4.643752574920654,56033495,7.838488251201013,0.0,0.5441267
2022-09-29,4.64375287302969,4.660427014147416,4.593730449676514,4.593730449676514,36797073,7.923843246519451,0.0,0.53826537
2022-09-30,4.602066993713379,4.6354152735738285,4.585392853783155,4.602066993713379,34209680,7.909489377213317,0.0,0.52053146
2022-10-10,4.585392853783155,4.6270784023801435,4.585392853783155,4.602066993713379,51765600,7.909489377213317,0.0,0.52053146
2022-10-11,4.602066993713379,4.610404262449919,4.585392853783155,4.602066993713379,55494325,7.909489377213317,0.0,0.52053146
2022-10-12,4.602067371001375,4.618741512298584,4.5770559602841185,4.618741512298584,49428725,7.880934644875809,0.0,0.52241744
2022-10-13,4.610404361167639,4.610404361167639,4.560381542763025,4.585392951965332,48866100,7.938250959364061,0.0,0.51864548
2022-10-14,4.57705545425415,4.602066862206196,4.568718583298697,4.57705545425415,53080664,7.952711161969421,0.0,0.51770248
2022-10-17,4.5770556830502755,4.5937302208803885,4.560381542763025,4.585392951965332,40664756,7.938250959364061,0.0,0.51864548
2022-10-18,4.585392951965332,4.602067092252582,4.568718811678082,4.585392951965332,43193968,7.938250959364061,0.0,0.51864548
2022-10-19,4.57705545425415,4.5937299912507426,4.568718583298697,4.57705545425415,23738945,7.952711161969421,0.0,0.51770248
2022-10-20,4.56871871385293,4.602066993713379,4.56871871385293,4.602066993713379,62053268,7.909489377213317,0.0,0.52053146
2022-10-21,4.593730499124215,4.627078781718632,4.585393229704167,4.618741512298584,54167191,7.880934644875809,0.0,0.52241744
2022-10-24,4.610404590794239,4.618741462581661,4.58539318034621,4.593730449676514,99085969,7.923843246519451,0.0,0.51958847
2022-10-25,4.585392951965332,4.602067092252582,4.5770556830502755,4.585392951965332,47593228,7.938250959364061,0.0,0.51864548
2022-10-26,4.585392919956624,4.593730188813482,4.535370499444059,4.543707370758057,70126995,8.011079286104454,0.0,0.51393052
2022-10-27,4.543707319337794,4.543707319337794,4.518696308135986,4.518696308135986,56079222,8.055420749223886,0.0,0.51110154
2022-10-28,4.518696308135986,4.527033179355637,4.502022168153829,4.518696308135986,41545712,8.055420749223886,0.0,0.51110154
2022-10-31,4.510358954372945,4.518696222978331,4.435325524638718,4.451999664306641,72817111,8.176101245431916,0.0,0.50355761
2022-11-01,4.4436628426263995,4.452000112070313,4.351954866457795,4.410314559936523,119867745,8.253379550442745,0.0,0.49884265
2022-11-02,4.385303020477295,4.39363989137794,4.318606065557937,4.385303020477295,71315425,8.30045263235612,0.0,0.49601367
2022-11-03,4.360292106883705,4.376966248117676,4.351954837495277,4.368628978729248,34708479,8.332133531419297,0.0,0.49412769
2022-11-04,4.360292135901708,4.460336983971338,4.360292135901708,4.410314559936523,76008920,8.253379550442745,0.0,0.49884265
2022-11-07,4.4019775390625,4.410314410681386,4.376966129120092,4.4019775390625,81867327,8.269010842738693,0.0,0.49789966
2022-11-08,4.401977408805578,4.410314280177772,4.360291859316021,4.3769659996032715,67025402,8.316262909809968,0.0,0.49507068
2022-11-09,4.376966376465562,4.410314659911392,4.368629106832656,4.393640518188477,42038687,8.284701456414993,0.0,0.49695667
2022-11-10,4.3853029756842945,4.435325393205737,4.368628438967645,4.426988124847412,47478255,8.222294475039872,0.0,0.50072863
2022-11-11,4.435326048444528,4.493685345402985,4.426988778854524,4.477011203765869,85526608,8.130424147561186,0.0,0.50638658
2022-11-14,4.485347897699614,4.52703304767102,4.485347897699614,4.493684768676758,74586240,8.10025666547113,0.0,0.50827257
2022-11-15,4.485347897699614,4.518696176693877,4.4770106291796266,4.493684768676758,52909582,8.10025666547113,0.0,0.50827257
2022-11-16,4.485348323973637,4.493685195743092,4.468674182891846,4.468674182891846,31909385,8.145592744119957,0.0,0.50544359
2022-11-17,4.468673803974563,4.477010675037101,4.4436623957012555,4.451999664306641,37883373,8.176101245431916,0.0,0.50355761
2022-11-18,4.460337062128754,4.5103594870401,4.443662920491638,4.477011203765869,66393357,8.130424147561186,0.0,0.50638658
2022-11-21,4.468674182891846,4.4770110546613004,4.443662772497717,4.468674182891846,29640345,8.145592744119957,0.0,0.50544359
2022-11-22,4.468673791400023,4.568718629126039,4.468673791400023,4.535370349884033,113058826,8.025805434153956,0.0,0.51298753
2022-11-23,4.527033132884121,4.593730089670938,4.527033132884121,4.5603814125061035,82513535,7.981788518867945,0.0,0.5158165
2022-11-24,4.560381262491908,4.585392670157068,4.535370252369586,4.55204439163208,35547011,7.996407079621916,0.0,0.51487351
2022-11-25,4.5437075801100395,4.652089694985749,4.5437075801100395,4.635415554046631,128743711,7.852586154486945,0.0,0.52430343
2022-11-28,4.60206719151105,4.635415472804814,4.543707500475526,4.568718910217285,70832708,7.967222478624504,0.0,0.51675949
2022-11-29,4.593730205276403,4.6771009064294615,4.585392936389667,4.668763637542725,118541629,7.796496637203536,0.0,0.52807539
2022-11-30,4.660426616668701,4.693774896059942,4.643752476973081,4.660426616668701,57719165,7.810443762768422,0.0,0.5271324
2022-12-01,4.67710092231664,4.702111933976084,4.585392951965332,4.585392951965332,95923803,7.938250959364061,0.0,0.51864548
2022-12-02,4.593730089670938,4.618741100615999,4.552044541372034,4.5603814125061035,62494077,7.981788518867945,0.0,0.5158165
2022-12-05,4.585393306665522,4.68543815612793,4.585393306665522,4.68543815612793,110097070,7.768750496128872,0.0,0.52996138
2022-12-06,4.66876344197451,4.710448989576318,4.643752431447701,4.702111721038818,64913423,7.741202710504355,0.0,0.53184736
2022-12-07,4.702111767136328,4.718785906831949,4.660426616668701,4.660426616668701,70780764,7.810443762768422,0.0,0.5271324
2022-12-08,4.668764014550861,4.69377542568791,4.643753000956706,4.68543815612793,40476107,7.768750496128872,0.0,0.52996138
2022-12-09,4.6771009064294615,4.702111918003948,4.660426766198849,4.668763637542725,46400851,7.796496637203536,0.0,0.52807539
2022-12-12,4.660427064313049,4.677101205610258,4.618741512298584,4.618741512298584,50213446,7.880934644875809,0.0,0.52241744
2022-12-13,4.6187408758946225,4.693774700164795,4.6187408758946225,4.693774700164795,63422453,7.7549525329202575,0.0,0.53090437
2022-12-14,4.693775276300291,4.702112148052042,4.652089724912889,4.677101135253906,32383327,7.7825984402246515,0.0,0.52901839
2022-12-15,4.652089694985749,4.677101105165867,4.62707868234851,4.635415554046631,32515685,7.852586154486945,0.0,0.52430343
2022-12-16,4.627078291915546,4.710448989576318,4.627078291915546,4.702111721038818,73454717,7.741202710504355,0.0,0.53184736
2022-12-19,4.702112017545463,4.718786158129059,4.643752724274314,4.652089595794678,44642150,7.824440877687372,0.0,0.52618941
2022-12-20,4.64375274189969,4.660426882546573,4.560381641122409,4.568718910217285,77130338,7.967222478624504,0.0,0.51675949
2022-12-21,4.5770559602841185,4.652089794893001,4.568719088406958,4.618741512298584,41496172,7.880934644875809,0.0,0.52241744
2022-12-22,4.6437527729412444,4.652089644548978,4.593730350666219,4.6104044914245605,30519116,7.895185784176786,0.0,0.52147445
2022-12-23,4.602067222273953,4.6270786321829025,4.585393081515611,4.6104044914245605,23014050,7.895185784176786,0.0,0.52147445
2022-12-26,4.602067092252582,4.618741232539833,4.5770556830502755,4.585392951965332,36955294,7.938250959364061,0.0,0.51864548
2022-12-27,4.602067174043891,4.668763736378273,4.593730302523529,4.652089595794678,48639520,7.824440877687372,0.0,0.52618941
2022-12-28,4.643752853161137,4.702112148052042,4.635415583866505,4.677101135253906,59497315,7.7825984402246515,0.0,0.52901839
2022-12-29,4.668763487745087,4.677100756364322,4.643752476973081,4.660426616668701,53935071,7.810443762768422,0.0,0.5271324
2022-12-30,4.685437431893517,4.710448839164519,4.660426422165347,4.693774700164795,40296614,7.7549525329202575,0.0,0.53090437
2023-01-03,4.685437431893517,4.693774700164795,4.635415014894346,4.693774700164795,63841061,7.7549525329202575,0.0,0.51810216
2023-01-04,4.6937746561974905,4.743797072728094,4.685437388004309,4.735459804534912,74360194,7.686687566251021,0.0,0.52270342
2023-01-05,4.752133943378447,4.752133943378447,4.7104487950410245,4.735459804534912,47514034,7.686687566251021,0.0,0.52270342
2023-01-06,4.727123260498047,4.743797400493656,4.693774980506829,4.727123260498047,53021915,7.70024346607897,0.0,0.52178317
2023-01-09,4.718785709892964,4.7271229781642425,4.685437431893517,4.693774700164795,47080665,7.7549525329202575,0.0,0.51810216
2023-01-10,4.702111918003948,4.702111918003948,4.660426766198849,4.668763637542725,32341890,7.796496637203536,0.0,0.5153414
2023-01-11,4.66876344197451,4.710448989576318,4.660426570979855,4.702111721038818,36548794,7.741202710504355,0.0,0.51902241
2023-01-12,4.702112148052042,4.702112148052042,4.660426994207522,4.677101135253906,42928114,7.7825984402246515,0.0,0.51626165
2023-01-13,4.66876344197451,4.702111721038818,4.660426570979855,4.702111721038818,35608511,7.741202710504355,0.0,0.51902241
2023-01-16,4.710449567264979,4.727123708842046,4.677101284110842,4.68543815612793,58767284,7.768750496128872,0.0,0.5171819
2023-01-17,4.693775046660073,4.693775046660073,4.660426766198849,4.668763637542725,47480103,7.796496637203536,0.0,0.5153414
2023-01-18,4.677101135253906,4.693775276300291,4.668763865959273,4.677101135253906,34862490,7.7825984402246515,0.0,0.51626165
2023-01-19,4.68543815612793,4.69377542568791,4.660427142533774,4.68543815612793,35639883,7.768750496128872,0.0,0.5171819
2023-01-20,4.693774700164795,4.702111570893241,4.677100561165071,4.693774700164795,30903620,7.7549525329202575,0.0,0.51810216
2023-01-30,4.718785709892964,4.7271229781642425,4.685437431893517,4.693774700164795,50795081,7.7549525329202575,0.0,0.51810216
2023-01-31,4.702112148052042,4.702112148052042,4.677101135253906,4.677101135253906,45789927,7.7825984402246515,0.0,0.51626165
2023-02-01,4.677101284110842,4.69377542568791,4.660427142533774,4.68543815612793,49811667,7.768750496128872,0.0,0.5171819
2023-02-02,4.685438007005658,4.693775276300291,4.660426994207522,4.677101135253906,46161826,7.7825984402246515,0.0,0.51626165
2023-02-03,4.668763637542725,4.6771009064294615,4.652089497312113,4.668763637542725,58112635,7.796496637203536,0.0,0.5153414
2023-02-06,4.668763487745087,4.668763487745087,4.643752476973081,4.660426616668701,47060601,7.810443762768422,0.0,0.51442115
2023-02-07,4.668763487745087,4.677100756364322,4.652089348049467,4.660426616668701,23040339,7.810443762768422,0.0,0.51442115
2023-02-08,4.668763487745087,4.677100756364322,4.652089348049467,4.660426616668701,23786550,7.810443762768422,0.0,0.51442115
2023-02-09,4.660426994207522,4.677101135253906,4.652089724912889,4.677101135253906,29277768,7.7825984402246515,0.0,0.51626165
2023-02-10,4.677101135253906,4.677101135253906,4.652089724912889,4.677101135253906,33502147,7.7825984402246515,0.0,0.51626165
2023-02-13,4.668763487745087,4.677100756364322,4.643752476973081,4.660426616668701,44978968,7.810443762768422,0.0,0.51442115
2023-02-14,4.660426766198849,4.668763637542725,4.652089497312113,4.668763637542725,26917178,7.796496637203536,0.0,0.5153414
2023-02-15,4.6687635862202015,4.6687635862202015,4.643752574920654,4.643752574920654,46851432,7.838488251201013,0.0,0.51258064
2023-02-16,4.652089446172885,4.660426714967971,4.635415306125567,4.643752574920654,48128947,7.838488251201013,0.0,0.51258064
2023-02-17,4.643752823287629,4.6604269642267475,4.635415554046631,4.635415554046631,53512286,7.852586154486945,0.0,0.51166039
2023-02-20,4.6354157313967255,4.68543815612793,4.6354157313967255,4.68543815612793,52161105,7.768750496128872,0.0,0.5171819
2023-02-21,4.6854375815066645,4.710448989576318,4.66876344197451,4.702111721038818,57450868,7.741202710504355,0.0,0.51902241
2023-02-22,4.702112297704998,4.702112297704998,4.68543815612793,4.68543815612793,31903159,7.768750496128872,0.0,0.5171819
2023-02-23,4.693775276300291,4.710449417346674,4.677101135253906,4.677101135253906,27086768,7.7825984402246515,0.0,0.51626165
2023-02-24,4.685437777773337,4.693775046660073,4.668763637542725,4.668763637542725,35085586,7.796496637203536,0.0,0.5153414
2023-02-27,4.668763487745087,4.677100756364322,4.660426616668701,4.660426616668701,29608785,7.810443762768422,0.0,0.51442115
2023-02-28,4.66876344197451,4.702111721038818,4.660426570979855,4.702111721038818,34995106,7.741202710504355,0.0,0.51902241
2023-03-01,4.702111721038818,4.718785860570973,4.6854375815066645,4.702111721038818,57209547,7.741202710504355,0.0,0.51902241
2023-03-02,4.693774980506829,4.735460131724424,4.685437711737596,4.727123260498047,59444476,7.70024346607897,0.0,0.52178317
2023-03-03,4.735460295103646,4.877190688727626,4.727123423589638,4.860516548156738,166766785,7.488915970012289,0.0,0.53650721
2023-03-06,4.868853437247404,4.935549994325943,4.835505158708135,4.843842029571533,131213653,7.5146959330587,0.0,0.5346667
2023-03-07,4.843842536309532,5.077280908048384,4.835505664573973,4.885528087615967,298790328,7.450576344503716,0.0,0.53926796
2023-03-08,4.885528087615967,4.9188763696439635,4.827168395295534,4.885528087615967,119939755,7.450576344503716,0.0,0.53926796
2023-03-09,4.885527957784505,4.91887623892628,4.852179676642729,4.860516548156738,94039782,7.488915970012289,0.0,0.53650721
2023-03-10,4.835505204053411,4.843842074994989,4.802156925201416,4.802156925201416,87459954,7.579927221656398,0.0,0.53006544
2023-03-13,4.785482716816309,4.868853817213617,4.7771458453023,4.860516548156738,73427925,7.488915970012289,0.0,0.53650721
2023-03-14,4.843842407585851,4.902202098355392,4.827168267014963,4.860516548156738,69697013,7.488915970012289,0.0,0.53650721
2023-03-15,4.893864714759633,4.968898544343926,4.852179563079472,4.960561275482178,99068662,7.3378793202109645,0.0,0.54755024
2023-03-16,4.927213271353696,5.043932656704612,4.927213271353696,4.99390983581543,158236294,7.288878092861369,0.0,0.55123125
2023-03-17,5.0189208984375,5.060606447108622,4.968898478557866,5.0189208984375,135422582,7.252555028578378,0.0,0.553992
2023-03-20,5.0189208984375,5.085617458277011,5.0105840272289885,5.0189208984375,135284468,7.252555028578378,0.0,0.553992
2023-03-21,5.018921296575692,5.052269579140882,4.927213320749977,4.9522247314453125,98263953,7.350231860212171,0.0,0.54662998
2023-03-22,4.9522240944203135,5.035594790108972,4.94388682608003,5.027257919311523,87340207,7.240527656274483,0.0,0.55491226
2023-03-23,5.010583832425974,5.0772803896724366,5.002246563998747,5.052268981933594,85178844,7.2046837035325595,0.0,0.55767301
2023-03-24,5.052269528490887,5.052269528490887,4.9772356946999965,4.99390983581543,65567179,7.288878092861369,0.0,0.55123125
2023-03-27,4.9772357445977615,5.010584424705837,4.902202307597528,4.9522247314453125,90681353,7.350231860212171,0.0,0.54662998
2023-03-28,4.95222440416329,5.002246824705199,4.927212995120906,4.960561275482178,55454423,7.3378793202109645,0.0,0.54755024
2023-03-29,4.985573014010502,5.002247155293097,4.9522247314453125,4.9522247314453125,57903478,7.350231860212171,0.0,0.54662998
2023-03-30,4.968898773193359,5.043932606233438,4.935550491296186,4.968898773193359,88468081,7.325566823050177,0.0,0.54847049
2023-03-31,4.985573014010502,5.010584424705837,4.927213320749977,4.9522247314453125,81049397,7.350231860212171,0.0,0.52994398
2023-04-03,4.943887135301542,4.977235415662814,4.927212995120906,4.960561275482178,67619045,7.3378793202109645,0.0,0.53083615
2023-04-04,4.960560869437829,5.04393196105957,4.952223998801352,5.04393196105957,106699448,7.216592190580126,0.0,0.53975776
2023-04-06,5.035595417022705,5.068943699449911,5.018921275809102,5.035595417022705,58706338,7.228539424940833,0.0,0.5388656
2023-04-07,5.035594842621978,5.052268981933594,5.018920703310362,5.052268981933594,44697065,7.2046837035325595,0.0,0.54064992
2023-04-10,5.052268831696048,5.060606099875352,5.0022464152487,5.04393196105957,57440869,7.216592190580126,0.0,0.53975776
2023-04-11,5.060606479644775,5.0689433509068875,5.027258199510614,5.060606479644775,53317667,7.19281377566332,0.0,0.54154208
2023-04-12,5.060606239540568,5.143976935920388,5.052268971131166,5.135639667510986,132933725,7.087724676299466,0.0,0.54957154
2023-04-13,5.118965807289433,5.202336508214109,5.102291667104497,5.168988227844238,120155623,7.041997078639288,0.0,0.55314019
2023-04-14,5.152313938347927,5.185662217751381,5.110628787865033,5.160651206970215,80066660,7.053373409703891,0.0,0.55224802
2023-04-17,5.160650950842259,5.269033052295805,5.143976811968084,5.252358913421631,117110624,6.930219469005659,0.0,0.5620618
2023-04-18,5.244022171783893,5.32739287452631,5.2356853002810855,5.277370452880859,105304833,6.897374426335682,0.0,0.56473829
2023-04-19,5.277370452880859,5.335730143571986,5.252359440829569,5.277370452880859,109911387,6.897374426335682,0.0,0.56473829
2023-04-20,5.277370073645924,5.2940442129961935,5.210673516244844,5.260695934295654,103127280,6.919236628503893,0.0,0.56295396
2023-04-21,5.260695979891085,5.302381527399476,5.202336292887906,5.219010829925537,110724033,6.97450171808119,0.0,0.55849315
2023-04-24,5.219011207808661,5.2690336299149045,5.202336669563708,5.235685348510742,127582948,6.952289447713612,0.0,0.56027748
2023-04-25,5.235684861495582,5.360740706357255,5.227347593148625,5.319055557250977,200105360,6.843320136105599,0.0,0.56919909
2023-04-26,5.3107181565272015,5.335729563401794,5.168987778504436,5.294044017791748,153729725,6.875651180396337,0.0,0.56652261
2023-04-27,5.277370303273302,5.302381712158416,5.2190110117794655,5.269033432006836,168890490,6.908287918404079,0.0,0.56384612
2023-04-28,5.269033202742209,5.302381481442749,5.210673516244844,5.260695934295654,114023082,6.919236628503893,0.0,0.56295396
2023-05-04,5.227347523247344,5.494134143639908,5.193999245391128,5.460785865783691,316158316,6.665707261673799,0.0,0.58436584
2023-05-05,5.477460047926443,5.652538706824286,5.469122779625197,5.569167613983154,261463659,6.535985720488337,0.0,0.59596394
2023-05-08,5.5941791023969625,6.052718529495535,5.5775049630957145,5.860965728759766,504439027,6.210580591076511,0.0,0.6271896
2023-05-09,5.994358471814898,6.069392292793534,5.777594276784537,5.8276166915893555,367262544,6.2461211720623115,0.0,0.62362095
2023-05-10,5.827617276430728,5.835954545172974,5.477460337656348,5.519145488739014,274723322,6.595223857437482,0.0,0.59061097
2023-05-11,5.535819543332491,5.577505091315327,5.4357747052251035,5.452448844909668,151352950,6.675899405087045,0.0,0.58347368
2023-05-12,5.4274373054504395,5.502470727950313,5.327392079545924,5.4274373054504395,147275948,6.70666429687649,0.0,0.58079719
2023-05-15,5.402426509147553,5.535819628680651,5.294044400755484,5.519145488739014,190970631,6.595223857437482,0.0,0.59061097
2023-05-16,5.527482412460234,5.744246218171294,5.502471005337543,5.544156551361084,151208472,6.565471170013018,0.0,0.59328746
2023-05-17,5.519145686320036,5.544157095899308,5.444112252667959,5.48579740524292,75238326,6.635316128373893,0.0,0.58704233
2023-05-18,5.519145005077126,5.68588678742419,5.510808134608324,5.602515697479248,132006121,6.497081305167521,0.0,0.59953259
2023-05-19,5.585841699841796,5.619189977643498,5.485796866436692,5.544156551361084,91783297,6.565471170013018,0.0,0.59328746
2023-05-22,5.519144951965884,5.669212594388408,5.519144951965884,5.577504634857178,99315131,6.526216002137322,0.0,0.5968561
2023-05-23,5.552493883711577,5.610853573488384,5.3857524808390735,5.419100761413574,154208716,6.716981581000359,0.0,0.57990503
2023-05-24,5.427437570371874,5.427437570371874,5.227347506338956,5.252358913421631,186194543,6.930219469005659,0.0,0.5620618
2023-05-25,5.227347666877032,5.2523590747278375,5.127302830559491,5.177325248718262,146668685,7.030657386072367,0.0,0.55403235
2023-05-26,5.177325046643575,5.327392295262655,5.152313639768982,5.294044017791748,90923788,6.875651180396337,0.0,0.56652261
2023-05-29,5.302381555189657,5.444111940409595,5.2857074156074795,5.410763263702393,107819679,6.72733184321444,0.0,0.57901287
2023-05-30,5.410763211440589,5.4274377484045555,5.3190556433958225,5.385752201080322,69753040,6.7585731093789585,0.0,0.57633639
2023-05-31,5.3524037378457185,5.3940888861910405,5.310718191957568,5.335729598999023,46741587,6.821934905927128,0.0,0.57098342
2023-06-01,5.327392428055098,5.369077974704212,5.2440217322997045,5.319055557250977,71149401,6.843320136105599,0.0,0.56919909
2023-06-02,5.302381613520491,5.352404032817316,5.269033333989275,5.285707473754883,68220012,6.886495361451021,0.0,0.56563045
2023-06-05,5.2940442866271455,5.427437800827417,5.2857074156074795,5.410763263702393,85821970,6.72733184321444,0.0,0.57901287
2023-06-06,5.394088974497119,5.494134206757945,5.377414835377454,5.402426242828369,78918114,6.73771345760072,0.0,0.57812071
2023-06-07,5.410763574047974,5.494134674283633,5.402426702550129,5.48579740524292,80765027,6.635316128373893,0.0,0.58704233
2023-06-08,5.485796866436692,5.585841699841796,5.4441117179559795,5.544156551361084,92274656,6.565471170013018,0.0,0.59328746
2023-06-09,5.544157095899308,5.552493967397153,5.4774605337450755,5.48579740524292,90323363,6.635316128373893,0.0,0.58704233
2023-06-12,5.50247107754636,5.50247107754636,5.377414835377454,5.402426242828369,102872111,6.73771345760072,0.0,0.57812071
2023-06-13,5.385751761528324,5.444111443510724,5.377414493726777,5.4274373054504395,66816990,6.70666429687649,0.0,0.58079719
2023-06-14,5.427437860533979,5.469123011176574,5.277370205100654,5.285707473754883,151896611,6.886495361451021,0.0,0.56563045
2023-06-15,5.2940442470028195,5.335729794417684,5.269033236588175,5.30238151550293,101459841,6.864839863667839,0.0,0.56741477
2023-06-16,5.310718200709826,5.319055468918328,5.252358913421631,5.252358913421631,102502129,6.930219469005659,0.0,0.5620618
2023-06-19,5.260696329717818,5.269033598791047,5.185662498230238,5.193999767303467,86850463,7.008086567338746,0.0,0.55581667
2023-06-20,5.185662085338879,5.202336224614843,5.127302796644424,5.135639667510986,90871248,7.087724676299466,0.0,0.54957154
2023-06-21,5.135639377749583,5.277369752370031,5.11062836901822,5.185661792755127,102902302,7.019354800741986,0.0,0.55492451
2023-06-26,5.185662184137517,5.193999452705762,5.102291486169295,5.1189656257629395,89070591,7.110811570369722,0.0,0.54778722
2023-06-27,5.118965613570682,5.210673579888719,5.110628742565138,5.202336311340332,64073516,6.9968563779033905,0.0,0.55670883
2023-06-28,5.202336508214109,5.227347917262942,5.168988227844238,5.168988227844238,45004078,7.041997078639288,0.0,0.55314019
2023-06-29,5.177325496708136,5.202336508214109,5.143977216338266,5.168988227844238,60405387,7.041997078639288,0.0,0.55314019
2023-06-30,5.193999421911934,5.227347700901509,5.152313874403543,5.219010829925537,59081431,6.97450171808119,0.0,0.55989494
2023-07-03,5.21901091469245,5.31071848463187,5.2023363773839915,5.285707473754883,85364025,6.886495361451021,0.0,0.56705014
2023-07-04,5.2690336299149045,5.294044642196589,5.227348079388266,5.235685348510742,58331707,6.952289447713612,0.0,0.56168374
2023-07-05,5.227347700901509,5.244021840396297,5.193999421911934,5.219010829925537,50934992,6.97450171808119,0.0,0.55989494
2023-07-06,5.202336508214109,5.235685186126839,5.160651356523201,5.168988227844238,67011283,7.041997078639288,0.0,0.55452853
2023-07-07,5.160651206970215,5.210673626075397,5.152313938347927,5.160651206970215,65404631,7.053373409703891,0.0,0.55363413
2023-07-10,5.185661792755127,5.202335931090308,5.160650784023764,5.185661792755127,43400893,7.019354800741986,0.0,0.55631733
2023-07-11,5.185662204964046,5.244021892547607,5.177325333905165,5.244021892547607,67496649,6.9412372308606916,0.0,0.56257814
2023-07-12,5.24402185899658,5.285707406652827,5.202336311340332,5.202336311340332,98838773,6.9968563779033905,0.0,0.55810614
2023-07-13,5.235684861495582,5.335729696402055,5.219010722344504,5.319055557250977,158087657,6.843320136105599,0.0,0.57062775
2023-07-14,5.353681540327567,5.362559730388384,5.2560189095250465,5.291532516479492,152385467,14.230282014802361,0.389,0.53306291
2023-07-17,5.291532628876036,5.291532628876036,5.220505413458467,5.247140407562256,90058640,14.350673729156654,0.0,0.52859091
2023-07-18,5.264897034041965,5.264897034041965,5.202748434323182,5.220505237579346,54910187,14.423891285073253,0.0,0.5259077
2023-07-19,5.211627140450231,5.238262559650329,5.193870335435374,5.229383945465088,47644713,14.399401685795135,0.0,0.52680211
2023-07-20,5.229383603707864,5.28265401527104,5.229383603707864,5.247140407562256,65422603,14.350673729156654,0.0,0.52859091
2023-07-21,5.23826265335083,5.264897649671742,5.220505848018345,5.23826265335083,42612308,7.426126289241399,0.0,0.52769651
2023-07-24,5.23826204083551,5.2471402307858,5.211626624273472,5.220505237579346,39223855,7.451386068915665,0.0,0.5259077
2023-07-25,5.229383626049866,5.309289455413818,5.229383626049866,5.309289455413818,75992214,7.326780791793927,0.0,0.53485171
2023-07-26,5.3092896636356235,5.3092896636356235,5.2648974403911915,5.273776054382324,47124184,7.376119046176687,0.0,0.53127411
2023-07-27,5.282654059887955,5.398073497594127,5.26489725588359,5.371438503265381,108281104,7.242007886035013,0.0,0.54111252
2023-07-28,5.35368189321391,5.504614521041189,5.335925088566252,5.4602227210998535,96344379,7.124251516275945,0.0,0.55005653
2023-07-31,5.486857278541942,5.566763104757719,5.415830065619289,5.469100475311279,103960083,7.112687026980606,0.0,0.55095093
2023-08-01,5.4513437662133,5.51349279027159,5.42470877258517,5.4779791831970215,61446133,7.101158784852746,0.0,0.55184533
2023-08-02,5.424708934216128,5.442465738282482,5.309289496107027,5.318167686462402,143827630,7.314549351089743,0.0,0.53574611
2023-08-03,5.318167533861791,5.389195171444727,5.2737757366474955,5.353681564331055,82333976,7.266027972072816,0.0,0.53932372
2023-08-04,5.380316693589762,5.424708915278475,5.344803085581033,5.371438503265381,97262640,7.242007886035013,0.0,0.54111252
2023-08-07,5.362559908306088,5.362559908306088,5.309289496107027,5.318167686462402,62545520,7.314549351089743,0.0,0.53574611
2023-08-08,5.30928936101314,5.3448029682422105,5.291532557398605,5.300410747528076,50159234,7.339053868257585,0.0,0.53395731
2023-08-09,5.300410841770891,5.318167645701147,5.282654037840635,5.309289455413818,52033447,7.326780791793927,0.0,0.53485171
2023-08-10,5.300410841770891,5.318167645701147,5.291532651483562,5.309289455413818,45666027,7.326780791793927,0.0,0.53485171
2023-08-11,5.309289088091597,5.344802693495106,5.256018679986331,5.264896869659424,74505373,7.388558781497341,0.0,0.53037971
2023-08-14,5.23826204083551,5.2471402307858,5.1849916310670165,5.220505237579346,78411384,7.451386068915665,0.0,0.5259077
2023-08-15,5.220505680439997,5.309289704252456,5.211627066380942,5.282654285430908,73622388,7.363722458098905,0.0,0.53216851
2023-08-16,5.282653672361179,5.291532285389842,5.238261877284576,5.264896869659424,43175033,7.388558781497341,0.0,0.53037971
2023-08-17,5.256019021167251,5.28265401527104,5.211626799853471,5.247140407562256,62904414,7.413561860082256,0.0,0.52859091
2023-08-18,5.24714029610864,5.353681540327567,5.238262106047824,5.291532516479492,98456540,7.351367468470277,0.0,0.53306291
2023-08-21,5.291532723793814,5.318167718375373,5.247140501683742,5.256019115447998,68838151,7.401038532312178,0.0,0.52948531
2023-08-22,5.282654078329695,5.3270463001733805,5.256019083907965,5.318167686462402,67218412,7.314549351089743,0.0,0.53574611
2023-08-23,5.3092898564027315,5.3714388865302904,5.291533051131377,5.362560272216797,78019199,7.2539977222334056,0.0,0.54021812
2023-08-24,5.353681927836495,5.371438732598986,5.273776094727473,5.282654285430908,95918923,7.363722458098905,0.0,0.53216851
2023-08-25,5.273776245860022,5.3714388865302904,5.264897631546528,5.362560272216797,81236171,7.2539977222334056,0.0,0.54021812
2023-08-28,5.54900664877207,5.584520257455763,5.389195409695454,5.451344013214111,142865971,7.135854920494106,0.0,0.54916213
2023-08-29,5.4247087785584,5.442465582115236,5.327046147318004,5.353681564331055,89729845,7.266027972072816,0.0,0.53932372
2023-08-30,5.335924872987003,5.362559867204587,5.282654037840635,5.309289455413818,92068898,7.326780791793927,0.0,0.53485171
2023-08-31,5.318167780480205,5.353681812596355,5.291532785587606,5.3270463943481445,49283107,7.302358027381153,0.0,0.53664051
2023-09-01,5.344803198728414,5.362560003108683,5.309289589967875,5.3270463943481445,60606412,7.302358027381153,0.0,0.53664051
2023-09-04,5.353681359606912,5.3980731551236705,5.335924556729094,5.389194965362549,68796365,7.218146726926417,0.0,0.54290132
2023-09-05,5.380316557988514,5.380316557988514,5.335924760774218,5.353681564331055,39560306,7.266027972072816,0.0,0.53932372
2023-09-06,5.353681699261016,5.380316693589762,5.327046281576668,5.371438503265381,28647235,7.242007886035013,0.0,0.54111252
2023-09-07,5.353681699261016,5.398073497594127,5.344803085581033,5.371438503265381,52422210,7.242007886035013,0.0,0.54111252
2023-09-08,5.362559930175197,5.398073538452733,5.344803126036429,5.380316734313965,44810546,7.230057619453527,0.0,0.54200692
2023-09-11,5.380317077488152,5.406952497073,5.344803466945442,5.362560272216797,52718772,7.2539977222334056,0.0,0.54021812
2023-09-12,5.362560272216797,5.380317077488152,5.353682081258936,5.362560272216797,28021779,7.2539977222334056,0.0,0.54021812
2023-09-13,5.371438678052837,5.398073673248291,5.353681873470664,5.398073673248291,49164096,7.206274377613658,0.0,0.54379572
2023-09-14,5.40695187568175,5.486857278541942,5.389195072451086,5.469100475311279,93392383,7.112687026980606,0.0,0.55095093
2023-09-15,5.4691006820837895,5.495736099614592,5.415830270377784,5.433587074279785,78951701,7.159174863348655,0.0,0.54737333
2023-09-18,5.433587302450559,5.4691009117458735,5.389195502509224,5.4602227210998535,56470659,7.124251516275945,0.0,0.55005653
2023-09-19,5.442466089728093,5.504614696295757,5.4335874754437805,5.486857891082764,57042703,7.089667852200117,0.0,0.55273973
2023-09-20,5.486857343885037,5.557884981009144,5.477979153841767,5.540127754211426,93568019,7.021498731762906,0.0,0.55810614
2023-09-21,5.549006462097168,5.575641879391696,5.504614241058153,5.549006462097168,70822367,7.010263957288365,0.0,0.55900054
2023-09-22,5.5667634950017,5.602277103952619,5.477979472624402,5.575642108917236,102215700,6.976774914908266,0.0,0.56168374
2023-09-25,5.575641767625859,5.628912177791495,5.557884964237314,5.593398571014404,70198891,6.954626870608507,0.0,0.56347254
2023-09-26,5.602276802062988,5.620033605581588,5.557885004944285,5.602276802062988,49350997,6.943605497264152,0.0,0.56436694
2023-09-27,5.602276945979871,5.620033749954625,5.48685750846617,5.495736122131348,86216142,7.078214662336056,0.0,0.55363413
2023-09-28,5.513492744088157,5.593398571014404,5.5046141307160905,5.593398571014404,86619840,6.954626870608507,0.0,0.56347254
2023-10-09,5.566763535361621,5.593398953945727,5.504614507569117,5.58452033996582,63410143,6.965683287356078,0.0,0.54672648
2023-10-10,5.575641974028789,5.6200337724656855,5.54900655628217,5.55788516998291,46260200,6.9990650778629915,0.0,0.54411888
2023-10-11,5.584520226595946,5.637790639327115,5.557885231908165,5.628912448883057,110398081,6.910748808629793,0.0,0.55107247
2023-10-12,5.779845237731934,5.833115648076924,5.708817600583024,5.779845237731934,227898508,6.730284012805979,0.0,0.56584887
2023-10-13,5.762087977464627,6.001805457658305,5.735452984124608,5.966291427612305,270673056,6.519963108065556,0.0,0.58410206
2023-10-16,5.9485344886779785,6.001805320854947,5.868629087123678,5.9485344886779785,129220685,6.539425815558357,0.0,0.58236366
2023-10-17,5.957413331871903,5.984048325633323,5.913021111128746,5.975170135498047,78089563,6.510274873831285,0.0,0.58497125
2023-10-18,5.9662911819961195,6.0373188158085185,5.939656189752593,5.992926597595215,91005625,6.490985558810186,0.0,0.58670965
2023-10-19,5.96629170750611,5.9751703212730245,5.859750882436766,5.87750768661499,111243919,6.618451574055452,0.0,0.57541006
2023-10-20,5.850872244402898,5.868629047222632,5.7532096172165685,5.815358638763428,91743640,6.689183318927973,0.0,0.56932566
2023-10-23,5.797601946260399,5.833115552575621,5.7354529235309695,5.770966529846191,81549568,6.740638643252843,0.0,0.56497967
2023-10-24,5.779845559425873,5.797602363862509,5.673304309450443,5.699939727783203,99677872,6.82463356768315,0.0,0.55802607
2023-10-25,5.744331254407016,5.77984528494939,5.637790432846668,5.664425849914551,100893409,6.867421523504773,0.0,0.55454927
2023-10-26,5.646668907742914,5.788723333003802,5.628912104585302,5.770966529846191,81579883,6.740638643252843,0.0,0.56497967
2023-10-27,5.762088027930407,5.806480248360017,5.699939427355662,5.726574420928955,99201851,6.792891725606825,0.0,0.56063367
2023-10-30,5.682183052828582,5.6999398576698495,5.513493195158733,5.53125,166045785,7.032768361581922,0.0,0.54151128
2023-10-31,5.531249318884928,5.58451972684904,5.486857100570383,5.566762924194336,119208624,6.987903118872249,0.0,0.54498808
2023-11-01,5.54900669052624,5.593398913392695,5.513493081575321,5.575642108917236,85772567,6.976774914908266,0.0,0.54585728
2023-11-02,5.575642036151888,5.664426057370503,5.566763422352222,5.628912448883057,102515904,6.910748808629793,0.0,0.55107247
2023-11-03,5.628912177791495,5.64666898118004,5.566763154253793,5.593398571014404,91697018,6.954626870608507,0.0,0.54759568
2023-11-06,5.584520183335499,5.593398797066386,5.486857549073762,5.504614353179932,168683094,7.06679841750005,0.0,0.53890368
2023-11-07,5.504614241058153,5.566763265841655,5.486857437313666,5.549006462097168,109757519,7.010263957288365,0.0,0.54324968
2023-11-08,5.52237113853555,5.584520164373927,5.52237113853555,5.55788516998291,69508191,6.9990650778629915,0.0,0.54411888
2023-11-09,5.5490064148797105,5.699939457101333,5.5490064148797105,5.664425849914551,145469733,6.867421523504773,0.0,0.55454927
2023-11-10,5.664425550754707,5.7798449796938085,5.620033332437954,5.691060543060303,88888982,6.83528135145826,0.0,0.55715687
2023-11-13,5.6821830377349265,5.6821830377349265,5.5933990137644285,5.655547618865967,60381486,6.8782021868644625,0.0,0.55368007
2023-11-14,5.646669428146727,5.6821830377349265,5.628912623352628,5.655547618865967,49206478,6.8782021868644625,0.0,0.55368007
2023-11-15,5.664425714148016,5.682182517315807,5.611155304644641,5.646668910980225,81991306,6.889017332742325,0.0,0.55281087
2023-11-16,5.646669180816215,5.708817783195573,5.6289123767998825,5.682182788848877,70789184,6.8459606889697655,0.0,0.55628767
2023-11-17,5.67330404003345,5.699939457101333,5.628912242727767,5.664425849914551,44761530,6.867421523504773,0.0,0.55454927
2023-11-20,5.664425890780183,5.691060884684632,5.637790473520141,5.673304080963135,37948738,6.856674601759774,0.0,0.55541847
2023-11-21,5.682182788848877,5.708817783195573,5.655547371146579,5.682182788848877,55883582,6.8459606889697655,0.0,0.55628767
2023-11-22,5.673304423660066,5.6821830377349265,5.637790814071867,5.655547618865967,55240836,6.8782021868644625,0.0,0.55368007
2023-11-23,5.664425714148016,5.664425714148016,5.620033494550746,5.646668910980225,57700144,6.889017332742325,0.0,0.55281087
2023-11-24,5.655547371146579,5.691060979179242,5.6377905671302475,5.682182788848877,70576220,6.8459606889697655,0.0,0.55628767
2023-11-27,5.67330390405412,5.691060707221912,5.602276691382955,5.646668910980225,90177144,6.889017332742325,0.0,0.55281087
2023-11-28,5.637790814071867,5.664426232940826,5.620034009277767,5.655547618865967,56741630,6.8782021868644625,0.0,0.55368007
2023-11-29,5.646669253126779,5.655547443570837,5.611155644639334,5.628912448883057,59791206,6.910748808629793,0.0,0.55107247
2023-11-30,5.620033763113916,5.682182788848877,5.611155572783551,5.682182788848877,87820507,6.8459606889697655,0.0,0.55628767
2023-12-01,5.67330404003345,5.708817647220233,5.6466690463211595,5.664425849914551,72732519,6.867421523504773,0.0,0.55454927
2023-12-04,5.6644261189099305,5.71769653221984,5.6644261189099305,5.699939727783203,61761176,6.82463356768315,0.0,0.55802607
2023-12-05,5.699939320483598,5.708817510389704,5.646668910980225,5.646668910980225,62494111,6.889017332742325,0.0,0.55281087
2023-12-06,5.637790753778417,5.637790753778417,5.522371312173315,5.58452033996582,86146091,6.965683287356078,0.0,0.54672648
2023-12-07,5.584519957642338,5.620033564419429,5.531249547476702,5.593398571014404,65023230,6.954626870608507,0.0,0.54759568
2023-12-08,5.5845197944851925,5.664425619076914,5.557884801858335,5.637790203094482,81638306,6.899866543215547,0.0,0.55194167
2023-12-11,5.620034009277767,5.664426232940826,5.52237137123241,5.655547618865967,78264135,6.8782021868644625,0.0,0.55368007
2023-12-12,5.637790496274498,5.735453128814697,5.60227688868817,5.735453128814697,85334647,6.7823760610243475,0.0,0.56150287
2023-12-13,5.726574379889313,5.7532097966273135,5.6999393865069,5.717696189880371,49798457,6.80343948124566,0.0,0.55976447
2023-12-14,5.717696572790911,5.744331567957054,5.6733043497065205,5.708817958831787,38590831,6.814020044170445,0.0,0.55889527
2023-12-15,5.708818033248265,5.708818033248265,5.646669428146727,5.655547618865967,60614284,6.8782021868644625,0.0,0.55368007
2023-12-18,5.628912510036658,5.726574722760351,5.611155705600022,5.699939727783203,74863784,6.82463356768315,0.0,0.55802607
2023-12-19,5.6999393865069,5.744331183262784,5.6733039697689,5.717696189880371,57664126,6.80343948124566,0.0,0.55976447
2023-12-20,5.726574148371477,5.762087753682652,5.691060543060303,5.691060543060303,52060331,6.83528135145826,0.0,0.55715687
2023-12-21,5.664425984832546,5.708817783195573,5.646669180816215,5.682182788848877,67821585,6.8459606889697655,0.0,0.55628767
2023-12-22,5.682182788848877,5.708817783195573,5.646669180816215,5.682182788848877,65934635,6.8459606889697655,0.0,0.55628767
2023-12-25,5.682182583133429,5.717696189880371,5.6644257797599575,5.717696189880371,38187932,6.80343948124566,0.0,0.55976447
2023-12-26,5.708817752024528,5.753209973500769,5.69993956174264,5.744331359863281,46176035,6.7718934655827105,0.0,0.56237207
2023-12-27,5.735452814396834,5.859750434134979,5.708817398489445,5.815358638763428,102285875,6.689183318927973,0.0,0.56932566
2023-12-28,5.815359094162757,5.877507697220884,5.735453263538758,5.753210067749023,114056786,6.761442662777625,0.0,0.56324127
2023-12-29,5.735453017433313,5.8153588446285935,5.717696213984984,5.779845237731934,74136677,6.730284012805979,0.0,0.56584887
2024-01-02,5.779845033123958,5.859750434134979,5.770966420036304,5.815358638763428,63272611,6.689183318927973,0.0,0.55507581
2024-01-03,5.815359083669009,5.886386300381905,5.815359083669009,5.87750768661499,55367906,6.618451574055452,0.0,0.56100792
2024-01-04,5.859750298585855,5.930777508221777,5.8508721090591465,5.921899318695068,67567951,6.568838459849379,0.0,0.56524514
2024-01-05,5.913021046636343,5.975170070327795,5.877507439771396,5.9041428565979,101625448,6.588593966104515,0.0,0.56355025
2024-01-08,5.904142897546467,5.948534694757738,5.868629290435212,5.913021087646484,82947495,6.578701381814804,0.0,0.5643977
2024-01-09,5.904142897546467,5.93965650465772,5.833115683323959,5.913021087646484,66942291,6.578701381814804,0.0,0.5643977
2024-01-10,5.904142832180766,5.939656438898844,5.815358815385573,5.841993808746338,58523724,6.658685591511734,0.0,0.55761815
2024-01-11,5.81535874941801,5.841993742476636,5.770966529846191,5.770966529846191,64224407,6.740638643252843,0.0,0.55083859
2024-01-12,5.770966420036304,5.841993631315243,5.762087806948649,5.815358638763428,48970201,6.689183318927973,0.0,0.55507581
2024-01-15,5.815358815385573,5.859750612105377,5.788723398669222,5.841993808746338,53845857,6.658685591511734,0.0,0.55761815
2024-01-16,5.833115373504262,5.8775071683577105,5.806479957907737,5.868628978729248,76452765,6.628464696097236,0.0,0.56016048
2024-01-17,5.850872244402898,5.886385850042368,5.815358638763428,5.815358638763428,83958886,6.689183318927973,0.0,0.55507581
2024-01-18,5.806480272354621,5.806480272354621,5.63779042672284,5.788723468780518,121123235,6.719961699637879,0.0,0.55253348
2024-01-19,5.770966871959289,5.788723676169555,5.708817845545555,5.753210067749023,78074400,6.761442662777625,0.0,0.54914371
2024-01-22,5.744331019094453,5.806480040803227,5.717696026473246,5.762087821960449,111986567,6.751025184264712,0.0,0.54999115
2024-01-23,5.744331207479685,5.806480231226635,5.682182607088323,5.779845237731934,83067176,6.730284012805979,0.0,0.55168604
2024-01-24,5.779845139928858,5.895264148712158,5.770966526677137,5.895264148712158,82565847,6.5985168804518874,0.0,0.56270281
2024-01-25,5.91302088279705,5.966291291618442,5.895264079856586,5.9485344886779785,94741460,6.539425815558357,0.0,0.56778747
2024-01-26,5.939655883134455,6.081710296714953,5.9307772706079005,6.072832107543945,119049381,6.405578041862325,0.0,0.57965169
2024-01-29,6.090589318565075,6.170494719896447,6.055075712783227,6.126102924346924,126809677,6.349876990378342,0.0,0.58473635
2024-01-30,6.099467344805625,6.161616364935428,6.037318748031385,6.046196937561035,75773661,6.433796385020135,0.0,0.57710936
2024-01-31,6.055075442282933,6.143859452771279,6.0106832253609825,6.0905890464782715,85500788,6.386902761481328,0.0,0.58134658
2024-02-01,6.06395349501739,6.117223900110077,6.046196693319828,6.072832107543945,77795299,6.405578041862325,0.0,0.57965169
2024-02-02,6.081710368095414,6.161616188350064,6.019561773102287,6.143859386444092,104498363,6.331525113649179,0.0,0.58643124
2024-02-05,6.126102882484229,6.241522312164307,6.099467466652069,6.241522312164307,163874276,6.232453887761728,0.0,0.59575313
2024-02-06,6.232643834687043,6.348063266877962,6.206008418275454,6.259279251098633,151849617,6.214773049656197,0.0,0.59744801
2024-02-07,6.250400405376195,6.250400405376195,5.984047944588884,6.108345985412598,220185897,6.368336059040774,0.0,0.58304147
2024-02-08,6.081710500566542,6.081710500566542,5.904142477639054,6.037318706512451,173853051,6.443257659735373,0.0,0.57626191
2024-02-19,5.992926689673157,6.259279156334194,5.975169886786126,6.250400543212891,184699156,6.22360114860803,0.0,0.59660057
2024-02-20,6.250400569025398,6.330306394024815,6.179373357183952,6.312549591064453,102237710,6.162327826313439,0.0,0.60253268
2024-02-21,6.294793098236271,6.419090725082705,6.277036294401066,6.3569416999816895,109033758,6.119294754600635,0.0,0.6067699
2024-02-22,6.3480634689331055,6.36582027265416,6.285914444231618,6.3480634689331055,96966302,6.127853035870445,0.0,0.60592245
2024-02-23,6.339185123940743,6.4723613691681745,6.330306933381908,6.383577346801758,116322848,6.093761833948692,0.0,0.60931223
2024-02-26,6.3746980939411415,6.3835767069656715,6.170494651288213,6.179373264312744,135897961,6.29513679399433,0.0,0.58982102
2024-02-27,6.161616637969187,6.232643850776,6.152738024690544,6.206008434295654,71674617,6.268119099714843,0.0,0.59236335
2024-02-28,6.170494556427002,6.2148867741560565,6.126102762053511,6.170494556427002,110069298,6.304194849257735,0.0,0.58897357
2024-02-29,6.16161673176537,6.2148871421813965,6.14385992829336,6.2148871421813965,83588616,6.25916434362576,0.0,0.59321079
2024-03-01,6.2060082832695675,6.268157304640895,6.188251480499985,6.241522312164307,70047748,6.232453887761728,0.0,0.59575313
2024-03-04,6.232643945653405,6.250400749125414,6.179373535237378,6.2148871421813965,73943368,6.25916434362576,0.0,0.59321079
2024-03-05,6.197130333393154,6.3746983679609155,6.188251719986971,6.339184761047363,111647973,6.136435751018073,0.0,0.60507501
2024-03-06,6.33918469523695,6.410211908326684,6.259279292188792,6.268157482147217,74707986,6.20597043242673,0.0,0.59829546
2024-03-07,6.268157751942419,6.33918496808932,6.268157751942419,6.303671360015869,57851017,6.171006985983177,0.0,0.60168523
2024-03-08,6.303670977906483,6.3391845838272065,6.259279182183367,6.312549591064453,56995296,6.162327826313439,0.0,0.60253268
2024-03-11,6.303671183665108,6.339184790745033,6.259279386492996,6.277036190032959,68800383,6.197192245245881,0.0,0.5991429
2024-03-12,6.268157110285144,6.277035723072424,6.0994672775268555,6.0994672775268555,162067629,6.37760614657691,0.0,0.58219402
2024-03-13,6.099467235849328,6.117224037946997,6.055075442282933,6.0905890464782715,89654827,6.386902761481328,0.0,0.58134658
2024-03-14,6.081710433751659,6.134980840044666,6.06395363165399,6.0905890464782715,69904065,6.386902761481328,0.0,0.58134658
2024-03-15,6.0994674821246155,6.108346095209716,6.063953876495361,6.063953876495361,62833586,6.414956444636104,0.0,0.57880425
2024-03-18,6.063953560624541,6.072832173247155,5.992926353065834,6.019561767578125,109598161,6.462264447475019,0.0,0.57456703
2024-03-19,6.010683647653116,6.019562261003513,5.939656434272287,5.966291427612305,109007601,6.519963108065556,0.0,0.56948236
2024-03-20,5.948534759051534,6.019562397397324,5.921899765108009,5.984048366546631,89088582,6.500615907028343,0.0,0.57117725
2024-03-21,5.99292669235568,6.028440298145638,5.966291276335424,6.001805305480957,70912374,6.48138318723465,0.0,0.57287214
2024-03-22,6.0106832253609825,6.117224037946997,5.984047810536701,6.0905890464782715,131996657,6.386902761481328,0.0,0.58134658
2024-03-25,6.072832625501451,6.1172244218538,6.063954012217631,6.0817108154296875,87846219,6.396226519239985,0.0,0.58049913
2024-03-26,6.099466833620056,6.170494037326844,6.0639532317666625,6.16161584854126,101001695,6.3132790093055595,0.0,0.58812613
2024-03-27,6.152737754006493,6.1971299717355475,6.134980951585984,6.170494556427002,105175174,6.304194849257735,0.0,0.58897357
2024-03-28,6.14385970083897,6.161616503653597,6.019562081136581,6.063953876495361,123085853,6.414956444636104,0.0,0.57880425
2024-03-29,6.072832285876133,6.19712990140914,6.0550754836571326,6.0994672775268555,61868291,6.37760614657691,0.0,0.58219402
2024-04-01,6.090589359547282,6.1438597685785,6.0817107463642905,6.134981155395508,69844058,6.3406877730649205,0.0,0.56787431
2024-04-02,6.134981045901232,6.188251453981704,6.126102856232272,6.179373264312744,71925515,6.29513679399433,0.0,0.57198338
2024-04-03,6.188251358847511,6.20600816126802,6.152737754006493,6.170494556427002,51186591,6.304194849257735,0.0,0.57116157
2024-04-08,6.161616528777737,6.2859141489869526,6.134981112769403,6.250400543212891,97564586,6.22360114860803,0.0,0.5785579
2024-04-09,6.250400365123843,6.294792582754366,6.197129957980554,6.2237653732299805,68320684,6.250235615776734,0.0,0.57609246
2024-04-10,6.214886896332145,6.303670910180061,6.214886896332145,6.241522312164307,87983700,6.232453887761728,0.0,0.57773609
2024-04-11,6.223765140664042,6.250400131562625,6.170494312155783,6.197129726409912,53369942,6.277099514993588,0.0,0.57362701
2024-04-12,6.197130093562563,6.241522312164307,6.161616488023396,6.241522312164307,64949710,6.232453887761728,0.0,0.57773609
2024-04-15,6.232643940306706,6.339184761047363,6.232643940306706,6.339184761047363,100061446,6.136435751018073,0.0,0.58677606
2024-04-16,6.321427712432163,6.419090339334662,6.285914106895904,6.365819931030273,132891268,6.110760345321966,0.0,0.5892415
2024-04-17,6.33918434060431,6.46348237991333,6.285913933767112,6.46348237991333,126944665,6.018427484368205,0.0,0.59828147
2024-04-18,6.436847574107351,6.561145201826408,6.427968960449618,6.4812397956848145,122876599,6.001938089977704,0.0,0.5999251
2024-04-19,6.454604213733776,6.543388231272671,6.454604213733776,6.525631427764893,67037996,5.961108964029204,0.0,0.60403417
2024-04-22,6.525631593906677,6.6144156137060035,6.410212156489753,6.4812397956848145,95036838,6.001938089977704,0.0,0.5999251
2024-04-23,6.472360747129509,6.552266571257587,6.419090338829314,6.49011754989624,82585747,5.993728110613637,0.0,0.60074691
2024-04-24,6.490118004597377,6.490118004597377,6.410212174871053,6.427968978881836,77352103,6.051678240483166,0.0,0.59499421
2024-04-25,6.419090788554246,6.4634830102590035,6.3924553708602705,6.427968978881836,62416881,6.051678240483166,0.0,0.59499421
2024-04-26,6.427968640570367,6.45460405686249,6.294792829176495,6.321427822113037,128284768,6.153673045814681,0.0,0.58513242
2024-04-29,6.303671183665108,6.330306600652848,6.214887165965293,6.277036190032959,157750907,6.197192245245881,0.0,0.58102335
2024-04-30,6.250400609808151,6.339184625189259,6.250400609808151,6.321427822113037,100045956,6.153673045814681,0.0,0.58513242
2024-05-06,6.348063404192811,6.374698397824959,6.259279386492996,6.277036190032959,144458144,6.197192245245881,0.0,0.58102335
2024-05-07,6.277036026100273,6.330306435328938,6.24152241994783,6.321427822113037,110505854,6.153673045814681,0.0,0.58513242
2024-05-08,6.321427957590587,6.383576981367098,6.312549767539993,6.339184761047363,119688989,6.136435751018073,0.0,0.58677606
2024-05-09,6.339184927094219,6.339184927094219,6.277036325045392,6.294793128967285,87089976,6.179710627977679,0.0,0.58266698
2024-05-10,6.294792993572922,6.312549797112885,6.268157576585182,6.277036190032959,129077600,6.197192245245881,0.0,0.58102335
2024-05-13,6.277036325045392,6.294793128967285,6.259279521123499,6.294793128967285,87914541,6.179710627977679,0.0,0.58266698
2024-05-14,6.2859141489869526,6.294792762108255,6.241522353447163,6.250400543212891,91463098,6.22360114860803,0.0,0.5785579
2024-05-15,6.250400543212891,6.268157346099922,6.23264374032586,6.250400543212891,67777620,6.22360114860803,0.0,0.5785579
2024-05-16,6.250400501359644,6.374698120736552,6.241522311653366,6.365819931030273,184276081,6.110760345321966,0.0,0.5892415
2024-05-17,6.356941564504139,6.3746983679609155,6.285914350677035,6.339184761047363,126519522,6.136435751018073,0.0,0.58677606
2024-05-20,6.348063196985176,6.3835768029059,6.303670977906483,6.312549591064453,127751267,6.162327826313439,0.0,0.58431061
2024-05-21,6.312549767539993,6.348063374453546,6.294792964083217,6.339184761047363,111694537,6.136435751018073,0.0,0.58677606
2024-05-22,6.3391848961464845,6.383577117412295,6.32142809231128,6.3569416999816895,132924416,6.119294754600635,0.0,0.58841969
2024-05-23,6.348063196985176,6.365819999945538,6.303670977906483,6.312549591064453,110068322,6.162327826313439,0.0,0.58431061
2024-05-24,6.312549797112885,6.348063404192811,6.268157576585182,6.277036190032959,117914529,6.197192245245881,0.0,0.58102335
2024-05-27,6.277035985143729,6.321427780866845,6.277035985143729,6.312549591064453,91296757,6.162327826313439,0.0,0.58431061
2024-05-28,6.312549591064453,6.3391845838272065,6.285914174946122,6.312549591064453,89978302,6.162327826313439,0.0,0.58431061
2024-05-29,6.303671183665108,6.312549797112885,6.259279386492996,6.277036190032959,95554695,6.197192245245881,0.0,0.58102335
2024-05-30,6.277035917703473,6.2947927204730565,6.214886896332145,6.241522312164307,109854812,6.232453887761728,0.0,0.57773609
2024-05-31,6.23264374032586,6.268157346099922,6.23264374032586,6.250400543212891,83562789,6.22360114860803,0.0,0.5785579
2024-06-03,6.250400678874783,6.294792898733659,6.223765685643925,6.268157482147217,91090881,6.20597043242673,0.0,0.58020153
2024-06-04,6.277036095461225,6.277036095461225,6.241522488916359,6.268157482147217,75128793,6.20597043242673,0.0,0.58020153
2024-06-05,6.268157576585182,6.285914380125145,6.259279386492996,6.277036190032959,81948788,6.197192245245881,0.0,0.58102335
2024-06-06,6.268157711406646,6.321428123172325,6.259279521123499,6.294793128967285,98110224,6.179710627977679,0.0,0.58266698
2024-06-07,6.303671084707142,6.392455101013184,6.2947928947543295,6.392455101013184,138286110,6.085298900861185,0.0,0.59170695
2024-06-11,6.401333647633825,6.463482670078391,6.321427822113037,6.321427822113037,110066512,6.153673045814681,0.0,0.58513242
2024-06-12,6.321427957590587,6.348063374453546,6.268157547220258,6.339184761047363,82454706,6.136435751018073,0.0,0.58677606
2024-06-13,6.339184855394781,6.36582027265416,6.3125498614909965,6.3480634689331055,63100745,6.127853035870445,0.0,0.58759787
2024-06-14,6.3391847199918745,6.374698326675424,6.3125497266570045,6.330306529998779,88095427,6.14504207902986,0.0,0.58595424
2024-06-17,6.3214279872050705,6.330306600652848,6.250400773045219,6.277036190032959,96824183,6.197192245245881,0.0,0.58102335
2024-06-18,6.277036365638583,6.321428164052595,6.241522757565132,6.303671360015869,68454438,6.171006985983177,0.0,0.58348879
2024-06-19,6.303671514994176,6.3924555373605925,6.294793324435341,6.383577346801758,116763707,6.093761833948692,0.0,0.59088513
2024-06-20,6.383576665837918,6.427968460607854,6.348063060679741,6.419090270996094,116443872,6.060048754223802,0.0,0.59417239
2024-06-21,6.401333373630054,6.427968365426508,6.383576571313897,6.410211563110352,88380535,6.0684424557627255,0.0,0.59335058
2024-06-24,6.410211793819771,6.445725823085828,6.392454990864531,6.43684720993042,91860924,6.043331266273834,0.0,0.59581602
2024-06-25,6.427968351999638,6.46348237991333,6.419090162537886,6.46348237991333,77693765,6.018427484368205,0.0,0.59828147
2024-06-26,6.454603944362777,6.507874352662972,6.436847141596045,6.49011754989624,91317008,5.993728110613637,0.0,0.60074691
2024-06-27,6.490117710575777,6.587780339888476,6.4723609073694295,6.570023536682129,126758938,5.9208311481399285,0.0,0.60814325
2024-06-28,6.570023536682129,6.596658529813858,6.5167531270630885,6.570023536682129,87514528,5.9208311481399285,0.0,0.60814325
2024-07-01,6.570023758344185,6.747591796398515,6.561145144763669,6.720956802368164,133302244,5.787866392221623,0.0,0.62364895
2024-07-02,6.703199430925807,6.845253849339891,6.703199430925807,6.8363752365112305,123300323,5.690149919250428,0.0,0.6343589
2024-07-03,6.818618803140679,6.8807678262372844,6.729834786828089,6.756470203399658,89100990,5.757444172613484,0.0,0.62694432
2024-07-04,6.756470268564687,6.85413247577268,6.756470268564687,6.827497482299805,89918953,5.69754878721636,0.0,0.63353506
2024-07-05,6.827497482299805,6.827497482299805,6.827497482299805,6.827497482299805,0,5.69754878721636,0.0,0.62282511
2024-07-08,6.712077821313338,6.845254054240723,6.685442828741205,6.800861835479736,111451764,5.719863296892867,0.0,0.63106353
2024-07-09,6.8008619301474615,6.83637553630837,6.765348323986554,6.8097405433654785,84730949,5.712405597875396,0.0,0.63188738
2024-07-10,6.8274973185379935,6.880767727561607,6.809740515530122,6.871889114379883,112761272,5.660743261790877,0.0,0.63765428
2024-07-11,6.8630110891673635,6.907403309429607,6.756470268564687,6.827497482299805,136227677,5.69754878721636,0.0,0.63353506
2024-07-12,6.836863275901657,6.939884179113818,6.827497495654198,6.902421951293945,157229320,11.4307703233369,0.4,0.60717209
2024-07-15,6.9024220163293455,7.127195831951414,6.893056682578627,7.10846471786499,139364606,11.099443147225386,0.0,0.62529663
2024-07-16,7.1084644585521986,7.192754245573767,7.014808444951614,7.080367565155029,109253999,11.143489271417852,0.0,0.62282511
2024-07-17,7.071002486538386,7.127195828772593,7.0335402583822475,7.089733600616455,91129676,11.12876794032707,0.0,0.62364895
2024-07-18,7.071002492829324,7.136561168868399,7.005443370205262,7.127195835113525,95138840,11.070272492202854,0.0,0.62694432
2024-07-19,7.099098931179933,7.117830045249604,6.967981132692239,7.07100248336792,117968795,11.15824809644529,0.0,0.62200126
2024-07-22,7.024174425111182,7.024174425111182,6.883690847291962,6.958615303039551,140418479,11.33846269178527,0.0,0.61211515
2024-07-23,6.930519127198002,7.155292503254963,6.9211533465697945,7.099099159240723,157241988,11.114086200260749,0.0,0.62447279
2024-07-24,7.080367823442861,7.155292279788555,7.05227137560572,7.10846471786499,101866840,11.099443147225386,0.0,0.62529663
2024-07-25,7.108464466232904,7.136560913075462,6.986712005688566,7.1178297996521,130551830,11.084839371103875,0.0,0.62612048
2024-07-26,7.099098651059828,7.117829764390396,6.902421737796379,6.949249744415283,124987180,11.35374362727537,0.0,0.61129131
2024-07-29,6.967980884736291,7.0990986785581525,6.893056431123799,7.080367565155029,97083135,5.649424218716274,0.0,0.62282511
2024-07-30,7.089733600616455,7.1365611625191345,7.0335402583822475,7.089733600616455,69097100,5.641960932992177,0.0,0.62364895
2024-07-31,7.117830255484331,7.127196036088291,6.930519109255139,6.967981338500977,107472505,5.740543502747843,0.0,0.61293899
2024-08-01,6.949249756074901,7.099098662970866,6.883690636015433,7.005443096160889,105230754,5.709845822874607,0.0,0.61623436
2024-08-02,6.986712460958734,7.071002700148893,6.96798134631481,7.024174690246582,71186569,5.6946191921368365,0.0,0.61788205
2024-08-05,7.014808437291471,7.099098670805965,6.949249763744616,7.042905330657959,109101207,5.679474325159379,0.0,0.61952974
2024-08-06,7.014808644850242,7.042905539048079,6.930518855426696,6.958615303039551,96365299,5.748270059206728,0.0,0.61211515
2024-08-07,6.93988397224093,7.071002212286929,6.921152858889354,6.9867119789123535,86554372,5.725153709030803,0.0,0.61458668
2024-08-08,6.9867119789123535,7.024174205615505,6.9586150855925055,6.9867119789123535,59993637,5.725153709030803,0.0,0.61458668
2024-08-09,6.986711990509953,7.052271110641778,6.967980877127284,7.042905330657959,72002972,5.679474325159379,0.0,0.61952974
2024-08-12,7.033540012539456,7.136560913075462,6.996077339107762,7.1178297996521,87585917,5.61969042895,0.0,0.62612048
2024-08-13,7.117829811037733,7.211485378304354,7.099098697584409,7.174023151397705,84531019,5.5756719982436715,0.0,0.63106353
2024-08-14,7.164658291624654,7.211485855061286,7.145927176933002,7.155292510986328,46579096,5.590267614997359,0.0,0.62941585
2024-08-15,7.164658078949284,7.2302167551315275,7.136561184453331,7.220851421356201,69237289,5.539512955729438,0.0,0.63518275
2024-08-16,7.2114854486592,7.38006591796875,7.202120115133656,7.38006591796875,106325727,5.420005789190754,0.0,0.64918807
2024-08-19,7.3800657294493135,7.567376861025199,7.333237723262861,7.539280414581299,131720127,5.305546126476242,0.0,0.6631934
2024-08-20,7.548646470478836,7.670398040577723,7.501818462580054,7.6610331535339355,142235443,5.221227894249292,0.0,0.67390336
2024-08-21,7.61420484918796,7.651667075414459,7.501818170508461,7.595473289489746,108366260,5.26629460409664,0.0,0.66813646
2024-08-22,7.586108704876461,7.735957615749188,7.567377144432389,7.698495388031006,98384368,5.195820479699026,0.0,0.67719873
2024-08-23,7.698495361233472,7.745323369010687,7.6142051258684775,7.717226028442383,79349450,5.183209595336093,0.0,0.67884641
2024-08-26,7.707860248252948,7.745323369010687,7.595473565489607,7.717226028442383,76198102,5.183209595336093,0.0,0.67884641
2024-08-27,7.707859799236275,7.867074480501877,7.6891291331185085,7.8296122550964355,116970071,5.108809823112669,0.0,0.68873252
2024-08-28,7.829612262710645,7.876440267805463,7.679763360943155,7.735957145690918,114900576,5.170659460320408,0.0,0.6804941
2024-08-29,7.717225704940286,7.754687930957669,7.389431003995703,7.4081621170043945,196040274,5.399449872753949,0.0,0.6516596
2024-08-30,7.37070030516025,7.3987971995445845,7.024174471735051,7.052271366119385,338553552,5.671931484680033,0.0,0.62035358
2024-09-02,6.9773462028254105,7.089733329582353,6.939883976101419,7.005443096160889,208152482,5.709845822874607,0.0,0.61623436
2024-09-03,7.014808397734998,7.024174177666003,6.752572811856382,6.855594158172607,187187718,5.834651100563718,0.0,0.60305288
2024-09-04,6.818132403188665,6.902422195472709,6.761938612885972,6.8368635177612305,109918535,5.8506360257281,0.0,0.6014052
2024-09-05,6.846228323334223,6.874325216316933,6.687013638463783,6.743206977844238,143851145,5.931895629397951,0.0,0.59316677
2024-09-06,6.733842117947146,6.836863470679298,6.715111003503573,6.724476337432861,102216342,5.948418582029009,0.0,0.59151908
2024-09-09,6.69637940176334,6.715110514843848,6.574626943447561,6.668282508850098,131046362,5.998546094427206,0.0,0.58657603
2024-09-10,6.668283040023146,6.864959966327579,6.649551925450582,6.8368635177612305,158092571,5.8506360257281,0.0,0.6014052
2024-09-11,6.8274971933268915,6.8274971933268915,6.630820282689083,6.668282508850098,126441669,5.998546094427206,0.0,0.58657603
2024-09-12,6.640186309814453,6.677648537370629,6.527799180560945,6.640186309814453,111633141,6.023927361929355,0.0,0.5841045
2024-09-13,6.612089169608575,6.69637940176334,6.602723836360803,6.668282508850098,89796494,5.998546094427206,0.0,0.58657603
2024-09-18,6.6776485613277545,6.780669464184354,6.6682827811126195,6.771304130554199,78516420,5.907281555927719,0.0,0.5956383
2024-09-19,6.790035461277867,6.790035461277867,6.658917660172851,6.724476337432861,94224167,5.948418582029009,0.0,0.59151908
2024-09-20,6.715110789018333,6.799401024614624,6.696379675173043,6.771304130554199,87531924,5.907281555927719,0.0,0.5956383
2024-09-23,6.761938149108983,6.893056388709009,6.7244759225332515,6.874325275421143,87917935,5.818752880812652,0.0,0.60470057
2024-09-24,6.902421786674038,7.20212004867033,6.855594226308505,7.19275426864624,193522414,5.5611520296700565,0.0,0.63271122
2024-09-25,7.305141407454471,7.464355648848669,7.155292052929091,7.248947620391846,178667911,5.518042355207111,0.0,0.63765428
2024-09-26,7.258313470110517,7.454990386962891,7.202120129093407,7.454990386962891,143249175,5.365533411008959,0.0,0.65577882
2024-09-27,7.454990561627066,7.529915018071963,7.117830061040042,7.164658069610596,232311545,5.582960081467507,0.0,0.63023969
2024-09-30,7.164658111982097,7.492452834159581,6.996077637399113,7.426893711090088,518292714,5.385831756319692,0.0,0.63525196
2024-10-08,7.820248047078347,8.110580095866174,7.239582609747715,7.501818656921387,505289710,5.332040379714443,0.0,0.64166055
2024-10-09,7.408162357840907,7.529914819648008,7.2864103426187805,7.34260368347168,309874911,5.447658858402048,0.0,0.62804229
2024-10-10,7.351969092051363,7.754688262234707,7.351969092051363,7.586108684539795,281893830,5.272795535017644,0.0,0.64887022
2024-10-11,7.586108664753158,7.754688242008369,7.501818429540574,7.642301559448242,190855809,5.234025337635057,0.0,0.65367667
2024-10-14,7.726591674033011,8.082483276502197,7.726591674033011,8.007558822631836,277890589,4.995280195375854,0.0,0.68491857
2024-10-15,7.970096762280313,7.970096762280313,7.6797638275869335,7.698495388031006,221988510,5.195820479699026,0.0,0.65848311
2024-10-16,7.642301128069231,7.848343814384109,7.604838902663789,7.8296122550964355,133541745,5.108809823112669,0.0,0.66969815
2024-10-17,7.792150490560612,7.923268733819646,7.754688262939453,7.754688262939453,109947378,5.1581699539315595,0.0,0.66328956
2024-10-18,7.735957408960946,7.829612529167944,7.614204948838904,7.782785415649414,127077649,5.13954810055139,0.0,0.66569278
2024-10-21,7.735957799371796,7.764054247534847,7.56737732405353,7.632936000823975,169310312,5.2404474497993965,0.0,0.65287559
2024-10-22,7.632935806072284,7.679763813929223,7.586108691385306,7.623570919036865,73639952,5.2468850129164215,0.0,0.65207452
2024-10-23,7.623570919036865,7.651667366483044,7.586108691385306,7.623570919036865,68606958,5.2468850129164215,0.0,0.65207452
2024-10-24,7.6142051121007,7.661033119793242,7.567377104408158,7.642301559448242,65719976,5.234025337635057,0.0,0.65367667
2024-10-25,7.623570629037066,7.632935515716246,7.529914616885853,7.595473289489746,95311500,5.26629460409664,0.0,0.64967129
2024-10-28,7.586108894688816,7.586108894688816,7.454990647809484,7.501818656921387,98887131,5.332040379714443,0.0,0.64166055
2024-10-29,7.492452876465009,7.54864666603329,7.4643559816808684,7.501818656921387,73260197,5.332040379714443,0.0,0.64166055
2024-10-30,7.473721012979189,7.511183684464487,7.333237446310398,7.417527675628662,138866147,5.392632390361774,0.0,0.63445088
2024-10-31,7.473721719937581,7.539280843007074,7.408162596868089,7.426893711090088,94401104,5.385831756319692,0.0,0.63525196
2024-11-01,7.4456241839809,7.623570423639923,7.426893071372311,7.548645973205566,135178826,5.298963568033622,0.0,0.64566592
2024-11-04,7.558011310298872,7.576742870609332,7.417528180650251,7.567377090454102,97159821,5.285847331495898,0.0,0.64726807
2024-11-05,7.548646176584067,7.595473289489746,7.529914616885853,7.595473289489746,92306726,5.26629460409664,0.0,0.64967129
2024-11-06,7.576742856358578,7.586108636496192,7.464355727632096,7.492452621459961,129377828,5.338705764442418,0.0,0.64085948
2024-11-07,7.483086855396947,7.567377090454102,7.445624627945984,7.567377090454102,94833167,5.285847331495898,0.0,0.64726807
2024-11-08,7.55801129608335,7.61420508373908,7.47372150776971,7.492452621459961,129317982,5.338705764442418,0.0,0.64085948
2024-11-11,7.4456245960378205,7.46435570968303,7.361334807926867,7.398797035217285,134297955,5.406284266159127,0.0,0.63284873
2024-11-12,7.398796770991982,7.426893217163929,7.333237652282504,7.351968765258789,128231233,5.440719523866476,0.0,0.62884336
2024-11-13,7.342603911338589,7.41752836813429,7.314507016747706,7.370700359344482,82123776,5.4268927035255885,0.0,0.63044551
2024-11-14,7.351968558760574,7.454989900529013,7.323872113377784,7.417527675628662,107084814,5.392632390361774,0.0,0.63445088
2024-11-15,7.408161896111101,7.492452125429364,7.3613343382781355,7.417527675628662,154750853,5.392632390361774,0.0,0.63445088
2024-11-18,7.454990394079459,7.595473523463852,7.454990394079459,7.492452621459961,195082393,5.338705764442418,0.0,0.64085948
2024-11-19,7.4924528372051515,7.548646626478981,7.37070037142017,7.445624828338623,120671248,5.372282504452402,0.0,0.6368541
2024-11-20,7.436259494516312,7.48308705679785,7.417528380286698,7.445624828338623,74048389,5.372282504452402,0.0,0.6368541
2024-11-21,7.445624603253549,7.46435571691691,7.417528156050993,7.4362592697143555,63167561,5.379048598118136,0.0,0.63605303
2024-11-22,7.4268934714585395,7.47372147879511,7.34260368347168,7.34260368347168,90287400,5.447658858402048,0.0,0.62804229
2024-11-25,7.342603690696622,7.398797031604814,7.333237910586103,7.38006591796875,83548735,5.420005789190754,0.0,0.63124658
2024-11-26,7.3707001556716065,7.492452617892758,7.342603708442096,7.473721504211426,99756077,5.352085969146708,0.0,0.63925733
2024-11-27,7.483086409198078,7.548645973205566,7.45498996357767,7.548645973205566,123685310,5.298963568033622,0.0,0.64566592
2024-11-28,7.539280636103497,7.576742863519405,7.492452628541124,7.529914855957031,61802708,5.312145059429907,0.0,0.64406377
2024-11-29,7.548646405521733,7.576742852751244,7.473721504211426,7.473721504211426,87523273,5.352085969146708,0.0,0.63925733
2024-12-02,7.46435571691691,7.483086830580272,7.380065928724269,7.4362592697143555,94342346,5.379048598118136,0.0,0.63605303
2024-12-03,7.436259512338052,7.567377312259582,7.426893731908304,7.558011531829834,117188094,5.292397323230307,0.0,0.646467
2024-12-04,7.548646192862652,7.698495098091798,7.52054885325474,7.670397758483887,134146980,5.21485342213939,0.0,0.65607989
2024-12-05,7.661032879924541,7.7640537790865585,7.64230132016603,7.707859992980957,76095333,5.189507857748503,0.0,0.65928419
2024-12-06,7.7078600613032515,7.7734196278692265,7.6703978346240955,7.745323181152344,90255215,5.164406838095145,0.0,0.66248848
2024-12-09,7.735957366987515,7.764053813580176,7.670397800711395,7.72659158706665,78936726,5.176926921691449,0.0,0.66088634
2024-12-10,7.754688057352411,7.885806297135327,7.67039782414696,7.838978290557861,150460675,5.102705801364504,0.0,0.67049923
2024-12-11,7.79215073530827,7.848344525090007,7.679764048914784,7.689129829406738,124035589,5.2021491231714885,0.0,0.65768204
2024-12-12,7.698495182244159,7.8108818623945195,7.661032955527372,7.782785415649414,108877479,5.13954810055139,0.0,0.66569278
2024-12-13,7.764054076786776,7.857710092830558,7.735957629241627,7.7734198570251465,113895808,5.145740322240593,0.0,0.66489171
2024-12-16,7.7827858816152045,8.007559255373407,7.773420101082781,7.91390323638916,123926379,5.054395891028182,0.0,0.67690782
2024-12-17,7.9139022927192855,8.026288966197171,7.904536513303658,7.951364517211914,88793759,5.030583104750643,0.0,0.68011212
2024-12-18,7.979462375722937,8.101213943384815,7.951365035644094,8.007558822631836,100293834,4.995280195375854,0.0,0.68491857
2024-12-19,7.979462556378094,8.0356554514681,7.8670749798581525,7.941999435424805,90249313,5.036515089837761,0.0,0.67931105
2024-12-20,7.932634548356446,8.054387011944746,7.923268768118123,7.941999435424805,80162761,5.036515089837761,0.0,0.67931105
2024-12-23,7.913902573136869,8.176138153877202,7.913902573136869,8.07311725616455,149968780,4.954715598792574,0.0,0.69052609
2024-12-24,8.054386623836024,8.222966194152832,8.045020844049,8.222966194152832,129414826,4.864424716769857,0.0,0.70334328
2024-12-25,8.222966716589115,8.447740979908822,8.213601829377025,8.316622734069824,145346804,4.809644645312123,0.0,0.71135402
2024-12-26,8.288526024283787,8.335353138375035,8.157407782586423,8.269794464111328,97405665,4.8368795831128795,0.0,0.70734865
2024-12-27,8.222965998760298,8.269794003412773,8.035654873320295,8.213601112365723,143495307,4.869971094624901,0.0,0.7025422
2024-12-30,8.194869308149396,8.27915953536897,8.17613774958066,8.241697311401367,98392436,4.853369213725546,0.0,0.70494542
2024-12-31,8.241697054932862,8.28852505672762,8.194869053138104,8.232331275939941,120456894,4.858890958009089,0.0,0.69496908
2025-01-02,8.222966411945787,8.288525979021433,7.988827270088344,8.045021057128906,122309209,4.972019304356568,0.0,0.67915636
2025-01-03,8.045021034228968,8.157407714820243,7.876440566757088,7.932634353637695,140113214,5.0424610812493915,0.0,0.66966873
2025-01-06,7.904537207641479,7.979462556378094,7.726591848963172,7.941999435424805,139656361,5.036515089837761,0.0,0.67045937
2025-01-07,7.932633890735573,8.129310793585873,7.895171666057892,8.101213455200195,122334267,4.9375319168172105,0.0,0.68390018
2025-01-08,8.091849357920198,8.288526279947876,8.091849357920198,8.279160499572754,143687713,4.831407725706514,0.0,0.69892227
2025-01-09,8.28852530401569,8.28852530401569,8.129310629065252,8.204235076904297,124593604,4.875530701528021,0.0,0.69259718
2025-01-10,8.220523653247891,8.23010490252435,7.971416654369295,8.095970153808594,138275896,7.374039042364217,0.197,0.66808746
2025-01-13,8.019321367180053,8.04806419906953,7.856443796942761,7.942673206329346,105285257,7.516361110315649,0.0,0.65543728
2025-01-14,7.92351205553043,8.019321804965115,7.904349557412571,7.971416473388672,92420507,7.48925867809054,0.0,0.65780919
2025-01-15,7.952254888989015,8.076808385600488,7.942673639930086,7.971416473388672,103044898,7.48925867809054,0.0,0.65780919
2025-01-16,7.990578524865155,8.105550765991211,7.913930364114451,8.105550765991211,111944973,7.365323063607931,0.0,0.6688781
2025-01-17,8.06722681339296,8.115132143050461,7.971416154077956,7.990578651428223,86433421,7.4712987136831845,0.0,0.65939046
2025-01-20,7.990578535290576,8.019321367180053,7.933091957793469,7.942673206329346,67661651,7.516361110315649,0.0,0.65543728
2025-01-21,7.9522548151558325,7.980997648347554,7.875606650832448,7.923511981964111,68671437,7.534537732244499,0.0,0.65385601
2025-01-22,7.923511751239779,7.923511751239779,7.798958259411597,7.827701091766357,85487282,7.626760309332202,0.0,0.64594965
2025-01-23,7.88518692961414,8.10555108575437,7.875606594430972,8.08638858795166,155117934,7.382776544890533,0.0,0.66729682
2025-01-24,8.086388630867916,8.115132377724528,7.952254800409815,8.057645797729492,76283955,7.4091119786901585,0.0,0.66492492
2025-01-27,8.086388813895171,8.220523561107468,8.086388813895171,8.182199478149414,81441633,7.296326636796012,0.0,0.67520318
2025-02-05,8.172618087685818,8.191780585692655,8.019321758503906,8.028903007507324,96277424,7.435635969718188,0.0,0.66255301
2025-02-06,8.06722681339296,8.115132143050461,7.952254570445854,7.990578651428223,84708703,7.4712987136831845,0.0,0.65939046
2025-02-07,8.00016010305909,8.00016010305909,7.904349441313469,7.952254772186279,100781793,7.507304746926126,0.0,0.65622792
2025-02-10,7.93309227434988,8.0097404382591,7.913930690231669,7.952254772186279,77330972,7.507304746926126,0.0,0.65622792
2025-02-11,7.961835877565312,8.230104446411133,7.952254628819847,8.230104446411133,196404721,7.25385690895249,0.0,0.67915636
2025-02-12,8.230104631493507,8.373819711034727,8.172618051446104,8.354658126831055,123538713,7.145714294193911,0.0,0.68943463
2025-02-13,8.345076517527655,8.431305927016256,8.306752437056959,8.402563095092773,94232304,7.10497491353153,0.0,0.69338781
2025-02-14,8.412143111887676,8.431305608257633,8.33549495384409,8.39298152923584,64268670,7.113086069836203,0.0,0.69259718
2025-02-17,8.412143431674972,8.431305928773389,8.27800960685866,8.373819351196289,79059495,7.129363256620913,0.0,0.6910159
2025-02-18,8.383400871729728,8.546278447477931,8.373819622869673,8.440887451171875,115833503,7.07271603197501,0.0,0.69655036
2025-02-19,8.41214370727539,8.479211535598989,8.39298212326735,8.41214370727539,64611064,7.096883039262322,0.0,0.69417845
2025-02-20,8.41214370727539,8.469630286735876,8.383400874404238,8.41214370727539,56387782,7.096883039262322,0.0,0.69417845
2025-02-21,8.383400405112887,8.392981653439653,8.25884691801932,8.278009414672852,90401850,7.21187872705015,0.0,0.68310954
2025-02-24,8.258846960339515,8.27800945709124,8.14387472098357,8.2205228805542,104905899,7.262311761362707,0.0,0.67836573
2025-02-25,8.220523285415872,8.278009864784133,8.124712624374832,8.143875122070312,104748193,7.330662504660709,0.0,0.67204064
2025-02-26,8.153456644360427,8.268428893234589,8.14387539519136,8.182199478149414,94863337,7.296326636796012,0.0,0.67520318
2025-02-27,8.182198800768884,8.249265711963652,8.105550641198255,8.2205228805542,99906210,7.262311761362707,0.0,0.67836573
2025-02-28,8.210942355812389,8.27801018663601,8.153456687927246,8.153456687927246,108379201,7.322047848539783,0.0,0.67283128
2025-03-03,8.153456370918054,8.191780452590834,8.057645709877013,8.143875122070312,90178840,7.330662504660709,0.0,0.67204064
2025-03-04,8.124712987919748,8.153456735749124,8.076808568973897,8.095970153808594,75412909,7.374039042364217,0.0,0.66808746
2025-03-05,8.105550599663585,8.316333494261785,8.086388103010052,8.278009414672852,138646503,7.21187872705015,0.0,0.68310954
2025-03-06,8.258847324036278,8.268428572834072,8.163037577212863,8.17261791229248,101504206,7.304880839982118,0.0,0.67441255
2025-03-07,8.163037619765793,8.201361701438573,8.115132289245274,8.143875122070312,93650298,7.330662504660709,0.0,0.67204064
2025-03-10,8.134294237196206,8.153456735749124,8.076808568973897,8.095970153808594,62822398,7.374039042364217,0.0,0.66808746
2025-03-11,8.076807892803627,8.134293556213379,8.048064147380606,8.134293556213379,89360526,7.339297455572913,0.0,0.67125
2025-03-12,8.105551403085052,8.143875486472664,8.06722731969744,8.095970153808594,56720943,7.374039042364217,0.0,0.66808746
2025-03-13,8.095969517467836,8.153456094889938,8.086388268944459,8.105550765991211,66895524,7.365323063607931,0.0,0.6688781
2025-03-14,8.115132608524277,8.172618276436053,8.095970110074873,8.124712944030762,110929155,7.347951910579398,0.0,0.67045937
2025-03-17,8.143875079617274,8.201361658685864,8.115132246942068,8.17261791229248,94138432,7.304880839982118,0.0,0.67441255
2025-03-18,8.172617954895353,8.191780452590834,8.124712624374832,8.143875122070312,68427903,7.330662504660709,0.0,0.67204064
2025-03-19,8.14387472098357,8.249265711963652,8.134293472607707,8.2205228805542,90860527,7.262311761362707,0.0,0.67836573
2025-03-20,8.210942311938402,8.258847644065522,8.163037893529493,8.182199478149414,59291251,7.296326636796012,0.0,0.67520318
2025-03-21,8.182198884866935,8.210941716571812,8.095969476034162,8.134293556213379,80868317,7.339297455572913,0.0,0.67125
2025-03-24,8.134293472607707,8.230104128930062,8.134293472607707,8.2205228805542,83675463,7.262311761362707,0.0,0.67836573
2025-03-25,8.230104362405783,8.306752524150806,8.210941865110446,8.287590026855469,74181532,7.203541657652648,0.0,0.68390018
2025-03-26,8.268428527674821,8.278009776420285,8.201361613892908,8.230104446411133,63285626,7.25385690895249,0.0,0.67915636
2025-03-27,8.230104719952779,8.27801005155415,8.220523470888866,8.268428802490234,50359946,7.220235116739461,0.0,0.68231891
2025-03-28,8.258847043680914,8.268428292153462,8.153456051637315,8.163037300109863,73021155,7.31345427016443,0.0,0.67362191
2025-03-31,8.230104194979827,8.479211172442621,8.124712289435797,8.46004867553711,255041524,7.056696987173042,0.0,0.68368689
2025-04-01,8.392981611973632,8.450467274213954,8.268428125495427,8.30675220489502,148485721,7.186924387225595,0.0,0.67129845
2025-04-02,8.297171188509749,8.421724678469044,8.287589939962537,8.402563095092773,92171300,7.10497491353153,0.0,0.67904122
2025-04-03,8.35465760130361,8.54627799987793,8.33549510458711,8.54627799987793,135155542,6.985497078477055,0.0,0.69065538
2025-04-07,8.460049265586333,8.613345596649564,8.249266353515289,8.507954597473145,253628365,7.016962692505535,0.0,0.68755827
2025-04-08,8.431306343341326,8.651669588499486,8.325914431554208,8.594183921813965,249345941,6.946558340282667,0.0,0.69452677
2025-04-09,8.517535294377051,8.632507535220483,8.40256305353362,8.431305885314941,197517744,7.080753659285602,0.0,0.68136406
2025-04-10,8.450467512153653,8.450467512153653,8.335495270717606,8.373819351196289,125034022,7.129363256620913,0.0,0.67671839
2025-04-11,8.383400240621036,8.421724319458008,8.316333331085865,8.421724319458008,113868150,7.088809575738058,0.0,0.68058978
2025-04-14,8.392981992472945,8.565439900730494,8.364238246331547,8.555859565734863,144830978,6.97767413564044,0.0,0.69142966
2025-04-15,8.527115421625444,8.632507325122168,8.507953838810302,8.603763580322266,99233966,6.938823858031191,0.0,0.69530105
2025-04-16,8.622925994870556,8.689992904663086,8.565439419535448,8.689992904663086,114706681,6.869971086853792,0.0,0.70226954
2025-04-17,8.680412887187341,8.71873696757085,8.575020980844076,8.69957447052002,80668550,6.862404615570974,0.0,0.70304382
2025-04-18,8.67083213736943,8.852871301231643,8.67083213736943,8.833709716796875,99711969,6.75820260275061,0.0,0.7138837
2025-04-21,8.814546711670548,8.958262698397322,8.689993221994605,8.69957447052002,123618097,6.862404615570974,0.0,0.70304382
2025-04-22,8.67083214065163,8.891195387184997,8.67083214065163,8.80496597290039,100589991,6.780264703321117,0.0,0.71156087
2025-04-23,8.804965740956801,8.83370948743996,8.718737242661861,8.737898826599121,67336541,6.832306162468563,0.0,0.70614093
2025-04-24,8.73789869594624,8.910357517393798,8.728317447261784,8.881614685058594,86067231,6.721750730802632,0.0,0.71775509
2025-04-25,8.891195064631276,8.95826289204078,8.776222820995486,8.824128150939941,80189448,6.765540909969761,0.0,0.71310943
2025-04-28,8.833709229184821,9.00616713445104,8.795385148712532,8.996586799621582,109845386,6.635849942837336,0.0,0.72704642
2025-04-29,8.98700555282405,9.073234962333027,8.939100223794822,8.967843055725098,73879273,6.657119178940954,0.0,0.72472359
2025-04-30,8.900776489043269,8.939100571011622,8.642089164186432,8.680413246154785,224442063,6.877552750895317,0.0,0.70149527
2025-05-06,8.680412928869274,8.728317344290078,8.51753535802771,8.670831680297852,104628705,6.885152682141473,0.0,0.70072099
2025-05-07,8.728317136341731,8.862451871991482,8.622926145721442,8.843289375305176,126553839,6.7508816534616445,0.0,0.71465798
2025-05-08,8.824128378774997,8.97742470758076,8.824128378774997,8.919939041137695,110091592,6.6928708508736126,0.0,0.7208522
2025-05-09,8.955210653569106,9.14136888141482,8.955210653569106,9.05318832397461,78306022,8.869803336284294,0.206,0.71543226
2025-05-12,9.04339029733528,9.082582486859144,8.955210674086267,8.984603881835938,102370513,8.937511442473443,0.0,0.71001232
2025-05-13,9.01399707403696,9.08258247119219,8.916019403575987,9.072784423828125,83239010,8.850645650645651,0.0,0.71698081
2025-05-14,9.033593166210709,9.141368884005272,9.01399707148812,9.062986373901367,105650918,8.860214137719492,0.0,0.71620654
2025-05-15,9.043390274047852,9.13157083146302,9.03359316108534,9.043390274047852,69990147,8.879413313659574,0.0,0.71465798
2025-05-16,9.062986394662417,9.072784442046157,8.925816534469748,8.994401931762695,76393654,8.927775366189696,0.0,0.7107866
2025-05-19,8.994401926665553,9.043390294770033,8.965007784530993,8.97480583190918,60833970,8.947268777058106,0.0,0.70923804
2025-05-20,8.984603879287366,9.033593181785074,8.935614576789659,8.97480583190918,60579973,8.947268777058106,0.0,0.70923804
2025-05-21,8.965007787074006,9.013997089585608,8.925816531943369,8.984603881835938,65820234,8.937511442473443,0.0,0.71001232
2025-05-22,8.97480583445497,9.013997089585608,8.925816531943369,8.984603881835938,57281293,8.937511442473443,0.0,0.71001232
2025-05-23,8.994401945039314,8.994401945039314,8.886625292445547,8.89642333984375,92033633,9.026099246015685,0.0,0.70304382
2025-05-26,8.90622139645952,8.916019443867862,8.837636933387579,8.857232093811035,61521062,9.066037690951939,0.0,0.69994671
2025-05-27,8.867030129519392,8.935614592500835,8.857232082123979,8.886625289916992,53177228,9.036051074541264,0.0,0.70226954
2025-05-28,8.886625304166813,8.906221398989064,8.847434048915542,8.867030143737793,34660086,9.056019738098069,0.0,0.70072099
2025-05-29,8.867030152997277,8.876828200418634,8.78864764241288,8.827838897705078,61510089,9.09622399439971,0.0,0.69762388
2025-05-30,8.827838883466399,8.896423346518818,8.808242788655292,8.847434043884277,67020608,9.076077832476951,0.0,0.69917244
2025-06-03,8.847434051422844,8.925816561947602,8.808242796160465,8.87682819366455,85030803,9.046023900441222,0.0,0.70149527
2025-06-04,8.88662531344676,8.896423360868118,8.827838897705078,8.827838897705078,73511656,9.09622399439971,0.0,0.69762388
2025-06-05,8.827838895196894,8.84743405564081,8.798444752941174,8.81804084777832,57857850,9.10633114386529,0.0,0.6968496
2025-06-06,8.827838895196894,8.857232103059383,8.798444752941174,8.81804084777832,49928376,9.10633114386529,0.0,0.6968496
2025-06-09,8.818040857067956,8.818040857067956,8.74945639385215,8.778849601745605,69611862,9.146984359321179,0.0,0.69375249
2025-06-10,8.778849604240683,8.867030162339342,8.749456396338873,8.788647651672363,100513669,9.136786816652046,0.0,0.69452677
2025-06-11,8.778849611076899,8.78864765851621,8.72006226083427,8.73965835571289,129914667,9.188002177168626,0.0,0.69065538
2025-06-12,8.74945641502412,8.74945641502412,8.710265159606934,8.710265159606934,65963814,9.219007519126283,0.0,0.68833255
2025-06-13,8.720062265210336,8.73965836009879,8.651477801887212,8.68087100982666,91468960,9.250223843794153,0.0,0.68600972
2025-06-16,8.680870987097984,8.81804084777832,8.622084571373003,8.81804084777832,131562010,9.10633114386529,0.0,0.6968496
2025-06-17,8.798444757935295,8.84743406066274,8.769051550056123,8.837636947631836,67264377,9.086139255982616,0.0,0.69839816
2025-06-18,8.837636902284352,9.03359317779541,8.827838854910492,9.03359317779541,150450692,8.889043199042609,0.0,0.7138837
2025-06-19,9.004199035673832,9.053188338149903,8.955210667590988,9.03359317779541,84863642,8.889043199042609,0.0,0.7138837
2025-06-20,9.033593162359987,9.121773719787598,8.99440190732474,9.121773719787598,93553318,8.803112472063141,0.0,0.7208522
2025-06-23,9.111975631934238,9.278538698692087,9.053188282446023,9.258942604064941,109912185,8.672696595477976,0.0,0.73169208
2025-06-24,9.209953290545313,9.307931894773905,9.160964922824236,9.288335800170898,101286161,8.645251606700368,0.0,0.7680406
2025-06-25,9.258942591764765,9.366719243284443,9.170762034846197,9.356921195983887,98412972,8.581882685350157,0.0,0.77371179
2025-06-26,9.327527974520038,9.405910484020776,9.268740625197875,9.376516342163086,88944565,8.563948173258924,0.0,0.77533213
2025-06-27,9.366719273742541,9.47449499121946,9.151166904395485,9.180560111999512,173022147,8.746743011359772,0.0,0.75912874
2025-06-30,9.141368836898998,9.347123158459786,9.12177367667061,9.249144554138184,156346612,8.681883987214015,0.0,0.73424678
2025-07-01,9.2785386521284,9.552877434779136,9.258942557599596,9.513686180114746,139220518,8.440471808691875,0.0,0.75524748
2025-07-02,9.552877428815934,9.690047287252284,9.513686174176007,9.562675476074219,100781207,8.397231528028984,0.0,0.7591365
2025-07-03,9.572473540706978,9.68024925756409,9.484292984008789,9.484292984008789,82149220,8.466630051959768,0.0,0.75291407
2025-07-04,9.543079373003135,9.650856023961232,9.50388811839834,9.601866722106934,78126970,8.362957154479208,0.0,0.76224771
2025-07-07,9.592068680776439,9.611664775287537,9.533281331636363,9.552877426147461,66111073,8.405844272659516,0.0,0.75835869
2025-07-08,9.562675470726315,9.611664772597129,9.5136861688555,9.543079376220703,64953720,8.414474703007322,0.0,0.75758089
2025-07-09,9.533281311954678,9.68024921730484,9.52348419911257,9.621461868286133,76889988,8.34592508906381,0.0,0.76380332
2025-07-10,9.650856004179978,9.768429767753375,9.63125990972114,9.670451164245605,84822975,8.303645676521466,0.0,0.76769234
2025-07-11,9.699844397407828,9.827216208550313,9.552877426147461,9.552877426147461,150228839,8.405844272659516,0.0,0.75835869
2025-07-14,9.592068686129794,9.699844402821332,9.572473526000977,9.572473526000977,89953890,8.38863641480828,0.0,0.7599143
2025-07-15,9.601866734018126,9.631259941409882,9.49409008292633,9.503888130187988,83525441,8.44917352772035,0.0,0.75446967
2025-07-16,9.503888135507223,9.523484230041504,9.396112418748322,9.523484230041504,95433295,8.43178799484924,0.0,0.75602528
2025-07-17,9.503888138844383,9.53328134626291,9.435303676736746,9.464696884155273,75020481,8.484159712967585,0.0,0.75135846
2025-07-18,9.464696884155273,9.503888138844383,9.415707582195584,9.464696884155273,52675518,8.484159712967585,0.0,0.75135846
2025-07-21,9.454898851663824,9.46469689894972,9.337325087412717,9.376516342163086,83180742,8.563948173258924,0.0,0.74435823
2025-07-22,9.347123175319325,9.36671926997628,9.190358155636579,9.239347457885742,141530614,8.69108996777303,0.0,0.73346897
2025-07-23,9.209953295740554,9.376516362387186,9.209953295740554,9.307931900024414,121191864,8.627050655558556,0.0,0.7389136
2025-07-24,9.307931926768795,9.327528021439159,9.180560114591087,9.19035816192627,126176424,8.737417909637744,0.0,0.72957995
2025-07-25,9.170762078774578,9.23934747581378,9.151166918472823,9.160964965820312,78894141,8.7654521439172,0.0,0.72724654
2025-07-28,9.1609649517279,9.23934746160079,9.151166904395485,9.180560111999512,88892172,4.3897103780547795,0.0,0.72880215
2025-07-29,9.180560136455668,9.25894264653736,9.033593163650798,9.05318832397461,127116279,4.451470416590997,0.0,0.7186907
2025-07-30,9.023795098488653,9.200156213021122,9.00419900381028,9.131570816040039,114950271,4.413260413992643,0.0,0.72491313
2025-07-31,9.141368848235032,9.229549405355181,9.033593130862196,9.219751358032227,147431073,4.371050631955572,0.0,0.73191336
2025-08-01,9.209953313307546,9.278538710194356,9.092379548578586,9.229549407958984,135778358,4.366410343418045,0.0,0.73269117
2025-08-04,9.209953289655202,9.366719243284443,9.200156176747866,9.356921195983887,142987988,4.306972256782209,0.0,0.74280262
2025-08-05,9.337325086626718,9.454898850867927,9.30793187916472,9.445101737976074,98223045,4.266761874884327,0.0,0.74980285
2025-08-06,9.445101741428546,9.484292996189943,9.356921184617102,9.386314392089844,122407182,4.293484994915804,0.0,0.74513603
2025-08-07,9.376516338748562,9.503888150239183,9.258942574540269,9.435303688049316,126616201,4.271192675127529,0.0,0.74902505
2025-08-08,9.43530369943259,9.54307941648858,9.39611244464921,9.40591049194336,111033811,4.284540027732456,0.0,0.74669164
2025-08-11,9.39611246856789,9.415707628812854,9.258942609280274,9.278538703918457,134584552,4.343356350174058,0.0,0.73658019
2025-08-12,9.278538695105253,9.33732511017752,9.258942600485682,9.317729949951172,109813600,4.325087786023589,0.0,0.7396914
2025-08-13,9.317729985807246,9.35692124080398,9.151166918472823,9.160964965820312,179971713,4.3990998928999145,0.0,0.72724654
2025-08-14,9.160964965820312,9.249144588768045,9.151166918472823,9.160964965820312,137298769,4.3990998928999145,0.0,0.72724654
2025-08-15,9.180560157489124,9.19035820487009,8.925816531943369,8.984603881835938,219493123,4.485450948090657,0.0,0.71324607
2025-08-18,9.004199053912052,9.004199053912052,8.896423335760975,8.95521068572998,136011353,4.500173297342693,0.0,0.71091266
2025-08-19,8.955210671546032,9.023795134406887,8.925816529411472,8.97480583190918,136496836,4.490347842035388,0.0,0.71246827
2025-08-20,8.97480583445497,9.062986392097212,8.955210674086267,8.984603881835938,122280346,4.485450948090657,0.0,0.71324607
2025-08-21,8.984603861251435,9.072784418691645,8.92581651149355,9.05318832397461,133602640,4.451470416590997,0.0,0.7186907
2025-08-22,9.062986382959776,9.082582477701951,8.955210665057491,9.023795127868652,127690659,4.465970185375711,0.0,0.71635729
2025-08-25,9.004199028015137,9.043390283084014,8.945412612608434,9.004199028015137,135347903,4.475689605995264,0.0,0.71480168
2025-08-26,9.004199037090801,9.05318833957458,8.955210669000246,8.965007781982422,126364068,4.49525543982166,0.0,0.71169047
2025-08-27,8.945412649153356,8.955210696558911,8.847434043884277,8.847434043884277,170541732,4.5549929844186945,0.0,0.70235682
2025-08-28,8.847434043884277,8.876828186100939,8.759253486020752,8.847434043884277,128215446,4.5549929844186945,0.0,0.70235682
2025-08-29,8.827838895196894,8.955210708458658,8.81804084777832,8.81804084777832,150882298,4.570176153147836,0.0,0.70002341
2025-09-01,8.886625301642834,8.965007812123117,8.778849583330752,8.857232093811035,176306830,4.549954158721833,0.0,0.70313462
2025-09-02,8.857232062638845,9.062986385523763,8.827838854910492,9.03359317779541,248023784,4.461126287937947,0.0,0.71713509
2025-09-03,9.033593193535147,9.053188353923781,8.896423333241795,8.945412635803223,137230617,4.505102407316888,0.0,0.71013486
2025-09-04,8.916019407438476,9.033593172678513,8.749456339750116,9.013997077941895,197531969,4.470824613269282,0.0,0.71557949
2025-09-05,8.98460390949161,8.994401956902736,8.847434048915542,8.867030143737793,136755013,4.544926468808868,0.0,0.70391243
2025-09-08,8.837636942615468,8.886625310921874,8.798444752941174,8.81804084777832,102563250,4.570176153147836,0.0,0.70002341
2025-09-09,8.798444755441006,8.85723210557592,8.798444755441006,8.827838897705078,64904889,4.56510369831019,0.0,0.70080121
2025-09-10,8.827838856299708,8.974805829357823,8.78864760119133,8.965007781982422,156905269,4.49525543982166,0.0,0.71169047
2025-09-11,8.935614576789659,9.023795134406887,8.837636906187472,8.97480583190918,146115588,4.490347842035388,0.0,0.71246827
2025-09-12,8.97480584103584,8.99440193581214,8.906221378105242,8.935614585876465,91518582,4.510042326993125,0.0,0.70935705
2025-09-15,8.925816556882975,8.94541265169966,8.827838885979236,8.857232093811035,112924166,4.549954158721833,0.0,0.70313462
2025-09-16,8.837636945126436,8.896423360868118,8.798444755441006,8.827838897705078,99844179,4.56510369831019,0.0,0.70080121
2025-09-17,8.81804084777832,8.867030150477957,8.798444752941174,8.81804084777832,82959474,4.570176153147836,0.0,0.70002341
2025-09-18,8.808242859812934,8.818040907297641,8.573095326539374,8.592691421508789,181545104,4.690032263828663,0.0,0.68213392
2025-09-19,8.563297248562415,8.700467109680176,8.484914737750334,8.700467109680176,150920709,4.631935215887668,0.0,0.69068976
2025-09-22,8.622084663547934,8.641679824201333,8.406532290001094,8.416330337524414,145596961,4.788310152266893,0.0,0.66813345
2025-09-23,8.3869370778938,8.720062282103795,8.32814972750778,8.671073913574219,206230393,4.647636544409103,0.0,0.68835635
2025-09-24,8.651477832701806,8.778849646750729,8.563297274176147,8.573095321655273,141477646,4.7007525856155965,0.0,0.68057831
2025-09-25,8.563297269275276,8.592691411695832,8.445723502772767,8.553499221801758,115537218,4.711522028000019,0.0,0.67902271
2025-09-26,8.533904082760937,8.543702130259154,8.445723524063453,8.484914779663086,78104491,4.749605746965465,0.0,0.67357808
2025-09-29,8.46531964316239,8.504510898873608,8.367341036687723,8.426128387451172,122138312,4.782742221210136,0.0,0.66891126
2025-09-30,8.435925483703613,8.445723531210122,8.377139067451038,8.435925483703613,91724556,4.7771877641464355,0.0,0.65601815
2025-10-09,8.386937110258351,8.494712829589844,8.328149759645475,8.494712829589844,108777082,4.744127412950561,0.0,0.66058971
2025-10-10,8.465319609558948,8.543702120670243,8.445723514584506,8.5241060256958,116609658,4.727768504816365,0.0,0.66287548
2025-10-13,8.51430797820858,8.641679792362742,8.445723514584506,8.5241060256958,145101800,4.727768504816365,0.0,0.66287548
2025-10-14,8.5045108350684,8.720062272666304,8.445723484746004,8.710265159606934,191055008,4.626724819686042,0.0,0.67735208
2025-10-15,8.710265136048683,8.79844475970393,8.671073880737495,8.769051551818848,129122339,4.595707957908072,0.0,0.68192363
2025-10-16,8.749456337264052,9.023795122746188,8.749456337264052,9.004199028015137,202012221,4.475689605995264,0.0,0.70020985
2025-10-17,8.994401922693198,9.151166943102044,8.955210667590988,9.03359317779541,170179695,4.461126287937947,0.0,0.70249563
2025-10-20,8.94541260874551,9.102177628953319,8.85723205128031,9.062986373901367,142435331,4.446657904733444,0.0,0.70478141
2025-10-21,9.01399706255626,9.102177619934082,8.994401902246313,9.102177619934082,112889082,4.427511929864082,0.0,0.70782911
2025-10-22,9.072784397083746,9.200156209261452,9.072784397083746,9.19035816192627,115887500,4.3850304079502,0.0,0.71468644
2025-10-23,9.190358156732044,9.298133874178474,9.082582439285616,9.170762062072754,119715210,4.394400348327377,0.0,0.71316259
2025-10-24,9.160964949136332,9.229549411657402,9.092379552222038,9.170762062072754,91867532,4.394400348327377,0.0,0.71316259
2025-10-27,9.16096494804437,9.307931920398639,9.033593135953833,9.239347457885742,142234294,4.361779896653213,0.0,0.71849607
2025-10-28,9.229549419473631,9.298133882052785,9.12177370193593,9.200156211853027,79145453,4.380360406063484,0.0,0.71544837
2025-10-29,9.180560133848472,9.200156228559942,9.01399706637387,9.043390274047852,111712666,4.456293356668504,0.0,0.70325755
2025-10-30,9.033593163650798,9.190358183814185,9.02379511629228,9.05318832397461,116333886,4.451470416590997,0.0,0.70401948
2025-10-31,9.102177656485209,9.102177656485209,8.87682817285316,8.945412635803223,130003612,4.505102407316888,0.0,0.6956383
2025-11-03,8.95521064096512,9.160964963238282,8.945412593620391,9.151166915893555,134267083,4.403809958925327,0.0,0.71163874
2025-11-04,9.151166874638305,9.356921195983887,9.141368827337748,9.356921195983887,158653100,4.306972256782209,0.0,0.72763918
2025-11-05,9.366719244189705,9.405910499002497,9.268740639961113,9.288335800170898,85426584,4.3387750902867355,0.0,0.7223057
2025-11-06,9.258942601448988,9.28833580898818,9.200156186370602,9.249144554138184,72520659,4.357159709647881,0.0,0.719258
2025-11-07,9.258942627094237,9.327528024066613,9.18056011717714,9.200156211853027,62126434,4.380360406063484,0.0,0.71544837
2025-11-10,9.180560088212683,9.327527994638475,9.121773673156943,9.307931900024414,83703686,4.329640615429761,0.0,0.72382955
2025-11-11,9.298133843961331,9.356921193354932,9.258942589163338,9.347123146057129,71433714,4.311487007315148,0.0,0.72687726
2025-11-12,9.356921187244202,9.5136862063338,9.356921187244202,9.396112442016602,103183465,4.289007847521116,0.0,0.73068689
2025-11-13,9.40591049545073,9.513686212546908,9.23934742896095,9.347123146057129,90488291,4.311487007315148,0.0,0.72687726
2025-11-14,9.337325104000735,9.474494963067322,9.337325104000735,9.366719245910645,71523002,4.302466951552361,0.0,0.72840111
2025-11-17,9.347123158459786,9.35692120577059,9.200156186370602,9.249144554138184,76952686,4.357159709647881,0.0,0.719258
2025-11-18,9.239347452678135,9.278538707576732,9.170762055810675,9.219751358032227,60951733,4.371050631955572,0.0,0.71697222
2025-11-19,9.209953300913964,9.38631441496669,9.20015618799465,9.32752799987793,83845387,4.32054452160609,0.0,0.7253534
2025-11-20,9.28833573743095,9.768429773636296,9.258942530118203,9.621461868286133,224166351,4.188552691024553,0.0,0.74821118
2025-11-21,9.592068672180176,9.699844388714977,9.52348421023923,9.592068672180176,180011031,4.201387769134918,0.0,0.7459254
2025-11-24,9.572473520658558,9.641057982660968,9.454898822378405,9.552877426147461,129023148,4.218624211558885,0.0,0.7428777
2025-11-25,9.533281319930621,9.680249225403745,9.425505603431569,9.650856018066406,128907244,4.175795382767952,0.0,0.75049696
2025-11-26,9.650856041334686,9.699844408883958,9.454898833564734,9.523484230041504,122197193,4.231644535397564,0.0,0.74059192
2025-11-27,9.523484227379146,9.543079387514736,9.366719208721584,9.513686180114746,97523255,4.236002663639883,0.0,0.73983
2025-11-28,9.494090091573801,9.552877440804073,9.415707582195584,9.464696884155273,109700741,4.257928224565301,0.0,0.73602037
2025-12-01,9.415707579550418,9.474494928764173,9.356921164729878,9.454898834228516,86845538,4.26234068778255,0.0,0.73525844
2025-12-02,9.44510174672674,9.51368620899935,9.3275279823766,9.40591049194336,87704653,4.284540027732456,0.0,0.73144881
2025-12-03,9.35692120577059,9.454898875698971,9.229549393909796,9.249144554138184,101250922,4.357159709647881,0.0,0.719258
2025-12-04,9.239347466811575,9.26874067443218,9.1707620698392,9.200156211853027,60113730,4.380360406063484,0.0,0.71544837
2025-12-05,9.180560135143855,9.249144597857232,9.08258246475235,9.121773719787598,81103747,4.4180004062782645,0.0,0.70935296
2025-12-08,9.13157083275149,9.180560135143855,9.08258246475235,9.121773719787598,79054654,4.4180004062782645,0.0,0.70935296
2025-12-09,9.10217761356314,9.170762076189787,9.062986358577453,9.151166915893555,90012433,4.403809958925327,0.0,0.71163874
2025-12-10,9.151166935318344,9.16096498268387,8.974805820311786,9.004199028015137,110363181,4.475689605995264,0.0,0.70020985
2025-12-11,9.029999732971191,9.050000190734863,8.899999618530273,8.9399995803833,105700260,6.586130063048117,0.1858,0.68116171
2025-12-12,8.949999809265137,8.949999809265137,8.800000190734863,8.880000114440918,145719977,6.630630545178441,0.0,0.67659015
2025-12-15,8.890000343322754,8.960000038146973,8.859999656677246,8.880000114440918,78222197,6.630630545178441,0.0,0.67659015
2025-12-16,8.869999885559082,8.899999618530273,8.800000190734863,8.84000015258789,76407603,6.660633369193213,0.0,0.67354245
2025-12-17,8.850000381469727,8.989999771118164,8.8100004196167,8.930000305175781,98108213,6.593504813865847,0.0,0.68039978
2025-12-18,8.949999809265137,9.170000076293945,8.9399995803833,9.15999984741211,127118175,6.427947705330457,0.0,0.69792407
2025-12-19,9.140000343322754,9.229999542236328,9.069999694824219,9.170000076293945,94392386,6.420937787363284,0.0,0.698686
2025-12-22,9.119999885559082,9.210000038146973,9.069999694824219,9.1899995803833,63096224,6.406964383946599,0.0,0.70020985
2025-12-23,9.170000076293945,9.270000457763672,9.149999618530273,9.220000267028809,74910278,6.386116951705293,0.0,0.70249563
2025-12-24,9.220000267028809,9.25,9.15999984741211,9.170000076293945,57003338,6.420937787363284,0.0,0.698686
2025-12-25,9.149999618530273,9.229999542236328,9.140000343322754,9.199999809265137,50256074,6.4000001326851255,0.0,0.70097178
2025-12-26,9.1899995803833,9.199999809265137,9.079999923706055,9.09000015258789,70103183,6.477447636041796,0.0,0.69259059
2025-12-29,9.09000015258789,9.279999732971191,9.050000190734863,9.270000457763672,104342642,6.351671746756788,0.0,0.70630526
2025-12-30,9.25,9.289999961853027,9.180000305175781,9.220000267028809,63775044,6.386116951705293,0.0,0.70249563
2025-12-31,9.220000267028809,9.329999923706055,9.199999809265137,9.279999732971191,66914753,6.344827768777134,0.0,0.70093772
2026-01-05,9.289999961853027,9.3100004196167,9.119999885559082,9.25,99863449,6.365405405405405,0.0,0.69867176
2026-01-06,9.239999771118164,9.25,9.130000114440918,9.15999984741211,84488561,6.427947705330457,0.0,0.69187387
2026-01-07,9.140000343322754,9.149999618530273,9.0,9.039999961853027,134353747,6.513274363767888,0.0,0.68281002
2026-01-08,9.039999961853027,9.100000381469727,8.989999771118164,9.09000015258789,90501953,6.477447636041796,0.0,0.68658663
2026-01-09,9.079999923706055,9.079999923706055,8.979999542236328,9.0600004196167,92617812,6.498895946242245,0.0,0.68432066
2026-01-12,9.010000228881836,9.140000343322754,8.949999809265137,9.109999656677246,118583955,6.46322746640758,0.0,0.68809727
2026-01-13,9.130000114440918,9.25,9.130000114440918,9.199999809265137,120998869,6.4000001326851255,0.0,0.69489516
2026-01-14,9.1899995803833,9.199999809265137,9.0600004196167,9.069999694824219,109802452,6.491731199682375,0.0,0.68507599
2026-01-15,9.039999961853027,9.100000381469727,9.010000228881836,9.029999732971191,85097634,6.52048745749258,0.0,0.6820547
2026-01-16,9.050000190734863,9.0600004196167,8.9399995803833,8.949999809265137,121943341,6.578771089921901,0.0,0.67601214
2026-01-19,8.949999809265137,9.0,8.899999618530273,8.9399995803833,96014541,6.586130063048117,0.0,0.67525681
2026-01-20,8.9399995803833,9.069999694824219,8.90999984741211,9.020000457763672,91773725,6.527715854972153,0.0,0.68129938
2026-01-21,9.029999732971191,9.0600004196167,8.850000381469727,8.859999656677246,126118624,6.6455984516461815,0.0,0.66921425
2026-01-22,8.869999885559082,8.890000343322754,8.670000076293945,8.6899995803833,138525875,6.775604469868444,0.0,0.65637379
2026-01-23,8.699999809265137,8.720000267028809,8.619999885559082,8.649999618530273,84651898,6.806936716374599,0.0,0.65335251
2026-01-26,8.649999618530273,8.75,8.600000381469727,8.6899995803833,121676894,4.5086308276060745,0.0,0.65637379
2026-01-27,8.680000305175781,8.869999885559082,8.670000076293945,8.720000267028809,137679582,4.493119128464191,0.0,0.65863976
2026-01-28,8.729999542236328,8.819999694824219,8.670000076293945,8.710000038146973,136963930,4.498277821860427,0.0,0.65788444
2026-01-29,8.729999542236328,8.789999961853027,8.619999885559082,8.770000457763672,128091498,4.46750261743895,0.0,0.66241636
2026-01-30,8.770000457763672,8.84000015258789,8.710000038146973,8.720000267028809,112362106,4.493119128464191,0.0,0.65863976
2026-02-02,8.729999542236328,8.850000381469727,8.710000038146973,8.789999961853027,138618017,4.457337903303066,0.0,0.663927
2026-02-03,8.779999732971191,8.779999732971191,8.619999885559082,8.649999618530273,123177435,4.529479968538669,0.0,0.65335251
2026-02-04,8.649999618530273,8.800000190734863,8.640000343322754,8.720000267028809,108373213,4.493119128464191,0.0,0.65863976
2026-02-05,8.729999542236328,8.859999656677246,8.710000038146973,8.829999923706055,122345086,4.437146131203554,0.0,0.66694829
2026-02-06,8.84000015258789,8.890000343322754,8.75,8.84000015258789,99958205,4.432126620329315,0.0,0.66770361
2026-02-09,8.8100004196167,8.880000114440918,8.760000228881836,8.859999656677246,85806148,4.422122067518637,0.0,0.66921425
2026-02-10,8.859999656677246,9.0,8.850000381469727,8.970000267028809,108946499,4.367892846560398,0.0,0.67752278
2026-02-11,8.979999542236328,8.979999542236328,8.90999984741211,8.960000038146973,50915765,4.372767838525909,0.0,0.67676746
2026-02-12,8.930000305175781,8.949999809265137,8.779999732971191,8.8100004196167,94679071,4.447218857420284,0.0,0.66543764
2026-02-13,8.829999923706055,8.84000015258789,8.6899995803833,8.699999809265137,99439397,4.503448374593633,0.0,0.65712911
2026-02-24,8.729999542236328,8.760000228881836,8.670000076293945,8.680000305175781,64124269,4.513824726093319,0.0,0.65561847
2026-02-25,8.699999809265137,8.710000038146973,8.630000114440918,8.649999618530273,95790331,4.529479968538669,0.0,0.65335251
2026-02-26,8.670000076293945,8.6899995803833,8.600000381469727,8.619999885559082,86270568,4.545243679833162,0.0,0.65108655
2026-02-27,8.619999885559082,8.649999618530273,8.59000015258789,8.59000015258789,88645425,4.561117497558638,0.0,0.64882059
2026-03-02,8.600000381469727,8.739999771118164,8.520000457763672,8.710000038146973,112005072,4.498277821860427,0.0,0.65788444
2026-03-03,8.699999809265137,8.949999809265137,8.649999618530273,8.899999618530273,206203235,4.402247379699338,0.0,0.67223553
2026-03-04,8.880000114440918,8.90999984741211,8.729999542236328,8.899999618530273,154756093,4.402247379699338,0.0,0.67223553
2026-03-05,8.84000015258789,8.970000267028809,8.8100004196167,8.9399995803833,97708509,4.382550541274205,0.0,0.67525681
2026-03-06,8.9399995803833,9.020000457763672,8.930000305175781,8.970000267028809,84773065,4.367892846560398,0.0,0.67752278
2026-03-09,8.960000038146973,9.140000343322754,8.930000305175781,9.0600004196167,152815331,4.32450311096758,0.0,0.68432066
2026-03-10,9.010000228881836,9.039999961853027,8.930000305175781,8.9399995803833,83402353,4.382550541274205,0.0,0.67525681
2026-03-11,8.9399995803833,9.050000190734863,8.890000343322754,9.050000190734863,86050618,4.329281676713266,0.0,0.68356534
2026-03-12,9.039999961853027,9.140000343322754,9.0,9.100000381469727,92179992,4.305494325009259,0.0,0.68734195
2026-03-13,9.100000381469727,9.1899995803833,9.039999961853027,9.149999618530273,94155509,4.281967391632889,0.0,0.69111855
2026-03-16,9.149999618530273,9.199999809265137,9.100000381469727,9.180000305175781,71882909,4.267973714326557,0.0,0.69338451
2026-03-17,9.180000305175781,9.3100004196167,9.149999618530273,9.260000228881836,90909972,4.231101407297812,0.0,0.69942708
2026-03-18,9.25,9.289999961853027,9.170000076293945,9.229999542236328,76703178,4.244853948335853,0.0,0.69716112
2026-03-19,9.220000267028809,9.380000114440918,9.210000038146973,9.34000015258789,125644697,4.194860745172917,0.0,0.70546965
2026-03-20,9.329999923706055,9.399999618530273,9.270000457763672,9.380000114440918,95039548,4.176972230488642,0.0,0.70849093
2026-03-23,9.319999694824219,9.369999885559082,9.109999656677246,9.15999984741211,152465295,4.27729264767064,0.0,0.69187387
2026-03-24,9.15999984741211,9.369999885559082,9.149999618530273,9.319999694824219,110897176,4.203862798596257,0.0,0.70395901
2026-03-25,9.319999694824219,9.40999984741211,9.15999984741211,9.390000343322754,100644243,4.172523809103049,0.0,0.70924625
2026-03-26,9.359999656677246,9.489999771118164,9.34000015258789,9.4399995803833,89586757,4.150423913303727,0.0,0.71302286
2026-03-27,9.420000076293945,9.489999771118164,9.34000015258789,9.420000076293945,79316605,4.159235635103556,0.0,0.71151221
2026-03-30,9.329999923706055,9.569999694824219,9.3100004196167,9.510000228881836,118637842,4.1198737178796785,0.0,0.7183101
2026-03-31,9.539999961853027,9.680000305175781,9.510000228881836,9.649999618530273,101959537,4.060103787441107,0.0,0.72888459
2026-04-01,9.579999923706055,9.670000076293945,9.430000305175781,9.449999809265137,122939013,4.146031829713525,0.0,0.71377818
2026-04-02,9.449999809265137,9.619999885559082,9.420000076293945,9.579999923706055,86416345,4.0897703874764835,0.0,0.72359735
2026-04-03,9.529999732971191,9.550000190734863,9.329999923706055,9.399999618530273,86898360,4.168085275531739,0.0,0.71000157
2026-04-07,9.390000343322754,9.399999618530273,9.180000305175781,9.210000038146973,80287722,4.254071643617811,0.0,0.69565048
2026-04-08,9.25,9.300000190734863,9.109999656677246,9.300000190734863,92107091,4.212903139403494,0.0,0.70244836
2026-04-09,9.289999961853027,9.3100004196167,9.180000305175781,9.270000457763672,53952141,4.226537008117033,0.0,0.7001824
2026-04-10,9.239999771118164,9.260000228881836,9.1899995803833,9.239999771118164,49353786,4.240259845294205,0.0,0.69791644
2026-04-13,9.229999542236328,9.329999923706055,9.15999984741211,9.319999694824219,69286978,4.203862798596257,0.0,0.70395901
2026-04-14,9.289999961853027,9.380000114440918,9.270000457763672,9.359999656677246,53115274,4.1858975894352435,0.0,0.70698029
2026-04-15,9.319999694824219,9.520000457763672,9.300000190734863,9.460000038146973,97753155,4.141649031924802,0.0,0.7145335
