Date,Open,High,Low,Close,Volume,DividendYieldTTM,DivCash,PB
2016-04-11,1.9397702656583828,1.9627943611308283,1.9340142760986756,1.9512823820114136,116356857,0.0,0.0,
2016-04-12,1.957038371571121,1.957038371571121,1.9455263924517063,1.9512823820114136,65726015,0.0,0.0,
2016-04-13,1.9570381084497797,1.9743060748072452,1.9512821196639578,1.9685500860214233,166855147,0.0,0.0,
2016-04-14,1.9743060748072452,1.980062063593067,1.9570381084497797,1.9685500860214233,91337531,0.0,0.0,
2016-04-15,1.9685500860214233,1.9743060748072452,1.9570381084497797,1.9685500860214233,96598535,0.0,0.0,
2016-04-18,1.957038371571121,1.9627943611308283,1.9455263924517063,1.9512823820114136,74774745,0.0,0.0,
2016-04-19,1.9512823509334862,1.9570383404015184,1.939770234763808,1.945526361465454,58006430,0.0,0.0,
2016-04-20,1.9512821861342557,1.9512821861342557,1.8937221590816615,1.934014081954956,193327120,0.0,0.0,
2016-04-21,1.9225021600723267,1.939770127521747,1.91674617092252,1.9225021600723267,91941723,0.0,0.0,
2016-04-22,1.922501834814436,1.9397697993423808,1.9167458466384544,1.9282578229904175,93214064,0.0,0.0,
2016-04-25,1.9282578229904175,1.9340138111663991,1.9167458466384544,1.9282578229904175,79032204,0.0,0.0,
2016-04-26,1.9340140819549558,1.939770070936855,1.9225021039911574,1.934014081954956,63027975,0.0,0.0,
2016-04-27,1.9397697993423808,1.9397697993423808,1.9282578229904175,1.9282578229904175,38759778,0.0,0.0,
2016-04-28,1.9340143511364607,1.9397703409194944,1.9225023715703928,1.9397703409194946,73558220,0.0,0.0,
2016-04-29,1.9340138111663991,1.9397697993423808,1.922501834814436,1.9282578229904175,75130058,0.0,0.0,
2016-05-03,1.9282583613534268,1.9455264679361497,1.9225023715703928,1.9397703409194946,119400727,0.0,0.0,
2016-05-04,1.9340143511364607,1.9397703409194944,1.9282583613534268,1.9397703409194946,77816400,0.0,0.0,
2016-05-05,1.9340143511364607,1.9455264679361497,1.9282583613534268,1.9397703409194946,75830569,0.0,0.0,
2016-05-06,1.939769854466,1.939769854466,1.910989912768235,1.916745901107788,108517264,0.0,0.0,
2016-05-09,1.9109901117615793,1.9225020896394394,1.8764541781279993,1.8879661560058594,119116126,0.0,0.0,
2016-05-10,1.8822102546691895,1.8937222330828425,1.8822102546691895,1.8822102546691895,79768220,0.0,0.0,
2016-05-11,1.887966243876016,1.887966243876016,1.8706982762555362,1.8822102546691895,73031421,0.0,0.0,
2016-05-12,1.8764542025912412,1.8822101916052116,1.853430246535359,1.8706982135772705,85518620,0.0,0.0,
2016-05-13,1.8706982135772705,1.8764542025912412,1.8591862355493294,1.8706982135772705,63705564,0.0,0.0,
2016-05-16,1.8591862355493294,1.8706982135772705,1.8591862355493294,1.8706982135772705,58612499,0.0,0.0,
2016-05-17,1.8706981819479607,1.8706981819479607,1.8591862041146612,1.864942193031311,54425737,0.0,0.0,
2016-05-18,1.864942193031311,1.8706981819479607,1.8361622484480624,1.864942193031311,139684698,0.0,0.0,
2016-05-19,1.8591864109039307,1.8649424004607942,1.8534304213470671,1.8591864109039307,49078879,0.0,0.0,
2016-05-20,1.8591862041146612,1.864942193031311,1.8534302151980115,1.864942193031311,39516869,0.0,0.0,
2016-05-23,1.8649422559018412,1.87645423412323,1.8591862667911467,1.87645423412323,81608524,0.0,0.0,
2016-05-24,1.8706981819479607,1.8764541708646103,1.8591862041146612,1.864942193031311,60530884,0.0,0.0,
2016-05-25,1.8649424004607942,1.8706983900176577,1.8591864109039307,1.8591864109039307,42668949,0.0,0.0,
2016-05-26,1.8649424004607942,1.8649424004607942,1.8476744317902036,1.8591864109039307,75989756,0.0,0.0,
2016-05-27,1.8591862041146612,1.864942193031311,1.8534302151980115,1.864942193031311,60144459,0.0,0.0,
2016-05-30,1.8649422870487096,1.8822102546691895,1.8534303086350565,1.8822102546691895,115809068,0.0,0.0,
2016-05-31,1.8822101811178633,1.939770070936855,1.876454192135964,1.934014081954956,222717054,0.0,0.0,
2016-06-01,1.9340141383719403,1.9340141383719403,1.91674617092252,1.9225021600723267,98373392,0.0,0.0,
2016-06-02,1.9225018894473411,1.928257877786894,1.910989912768235,1.916745901107788,73052550,0.0,0.0,
2016-06-03,1.9225021600723267,1.9282581492221336,1.9052341926229066,1.9225021600723267,74903787,0.0,0.0,
2016-06-06,1.9225021600723267,1.9282581492221336,1.9109901817727133,1.9225021600723267,55124837,0.0,0.0,
2016-06-07,1.9167458466384544,1.9397697993423808,1.9167458466384544,1.9282578229904175,87536385,0.0,0.0,
2016-06-08,1.9340140819549558,1.9340140819549558,1.9167461150092584,1.934014081954956,68589470,0.0,0.0,
2016-06-13,1.9225020329654794,1.9340140105039747,1.8994780778884888,1.8994780778884888,93462926,0.0,0.0,
2016-06-14,1.8994781410590609,1.9109901189804077,1.8937221520983873,1.9109901189804077,53151265,0.0,0.0,
2016-06-15,1.8994781410590609,1.9225020969017546,1.8994781410590609,1.9109901189804077,89236599,0.0,0.0,
2016-06-16,1.9052340666577365,1.910990055426984,1.8879661003499935,1.8994780778884888,122187487,0.0,0.0,
2016-06-17,1.8994783472674805,1.9109903264385741,1.8937223576819335,1.9052343368530273,93350277,0.0,0.0,
2016-06-20,1.9052341300197342,1.916746107941081,1.9052341300197342,1.9109901189804077,85095913,0.0,0.0,
2016-06-21,1.9109901817727133,1.9282581492221336,1.9109901817727133,1.9225021600723267,90121989,0.0,0.0,
2016-06-22,1.9225021039911574,1.939770070936855,1.9167461150092584,1.934014081954956,100174033,0.0,0.0,
2016-06-23,1.9340143511364607,1.9455264679361497,1.9282583613534268,1.9397703409194946,161843228,0.0,0.0,
2016-06-24,1.9428059786402752,1.948877241443044,1.9063784018236611,1.9185209274291992,178147513,9.121610168438371,0.175,
2016-06-27,1.912449559833978,1.9306633472442625,1.9003070348937883,1.9306633472442627,130784387,9.064242103616184,0.0,
2016-06-28,1.9185205182011178,1.930663041216607,1.912449256693373,1.9245917797088623,79482123,9.09283734062673,0.0,
2016-06-29,1.9306631760108792,1.9367344379425049,1.9245919140792536,1.9367344379425049,78426911,9.035828380576106,0.0,
2016-06-30,1.9367345714756983,1.954948358526372,1.9306633091254737,1.9488770961761475,108970405,8.979529819677392,0.0,
2016-07-01,1.948876925057245,1.9549481868743896,1.9428056632401007,1.9549481868743896,67821852,8.95164389393836,0.0,
2016-07-04,1.9488770067292673,1.985304579158712,1.9488770067292673,1.973162055015564,139006290,8.869013042044314,0.0,
2016-07-05,1.9731620550155637,1.985304579158712,1.9549482688008415,1.973162055015564,136094520,8.869013042044314,0.0,
2016-07-06,1.9731620550155637,1.985304579158712,1.9670907929439898,1.973162055015564,97119831,8.869013042044314,0.0,
2016-07-07,1.9731621218551512,1.9792333841323855,1.967090859577917,1.9792333841323853,89029448,8.841807206920816,0.0,
2016-07-08,1.9731622799370694,1.979233542700709,1.96101975440979,1.96101975440979,63016603,8.92392846152995,0.0,
2016-07-11,1.9610195308724157,1.985304579158712,1.9610195308724157,1.973162055015564,97338635,8.869013042044314,0.0,
2016-07-12,1.9731620329533495,2.009589604975492,1.967090770949659,2.0035183429718018,185713817,8.734634280434088,0.0,
2016-07-13,2.003518372646058,2.03387468311412,1.997447110552446,2.027803421020508,208114917,8.630027851118324,0.0,
2016-07-14,2.0217320244767234,2.0217320244767234,2.003518239407148,2.0156607627868652,121326955,8.682016499544492,0.0,
2016-07-15,2.0156605923087367,2.027803114661478,2.0095893311323665,2.0217318534851074,85679887,8.655945134283312,0.0,
2016-07-18,2.015660896833283,2.03387468311412,2.015660896833283,2.027803421020508,153227540,8.630027851118324,0.0,
2016-07-19,2.027803286166582,2.0338745478564406,2.0095895010970066,2.0156607627868652,102425799,8.682016499544492,0.0,
2016-07-20,2.0156608669791827,2.0156608669791827,1.9974470809681113,2.0035183429718018,72781836,8.734634280434088,0.0,
2016-07-21,2.0035183429718018,2.009589604975492,1.9974470809681113,2.0035183429718018,88379910,8.734634280434088,0.0,
2016-07-22,2.0035183429718018,2.009589604975492,1.9974470809681113,2.0035183429718018,118422285,8.734634280434088,0.0,
2016-07-25,2.003518069955996,2.0217318534851074,2.003518069955996,2.0217318534851074,75289451,8.655945134283312,0.0,
2016-07-26,2.0156607937036464,2.0399458408355713,2.0156607937036464,2.0399458408355713,91625644,8.578659124024545,0.0,
2016-07-27,2.03387468311412,2.046017207301345,2.003518372646058,2.027803421020508,148709522,8.630027851118324,0.0,
2016-07-28,2.0217318534851074,2.027803114661478,2.0095893311323665,2.0217318534851074,79363565,8.655945134283312,0.0,
2016-07-29,2.0217321589268953,2.027803421020508,2.015660896833283,2.027803421020508,65260149,8.630027851118324,0.0,
2016-08-01,2.021731751559594,2.039945534170459,2.021731751559594,2.033874273300171,106517801,8.604268331495458,0.0,
2016-08-02,2.0338745790525903,2.0399458408355713,2.027803317269609,2.0399458408355713,59809628,8.578659124024545,0.0,
2016-08-03,2.03387468311412,2.0399459452077324,2.0217321589268953,2.027803421020508,82088364,8.630027851118324,0.0,
2016-08-04,2.0217320244767234,2.027803286166582,2.0095895010970066,2.0156607627868652,83367777,8.682016499544492,0.0,
2016-08-05,2.0156605923087367,2.027803114661478,2.0095893311323665,2.0217318534851074,67274045,8.655945134283312,0.0,
2016-08-08,2.0217321589268953,2.03387468311412,2.015660896833283,2.027803421020508,63450167,8.630027851118324,0.0,
2016-08-09,2.027803317269609,2.0399458408355713,2.021732055486628,2.0399458408355713,82791502,8.578659124024545,0.0,
2016-08-10,2.033874273300171,2.039945534170459,2.033874273300171,2.033874273300171,72000872,8.604268331495458,0.0,
2016-08-11,2.0338747018055114,2.070302419452264,2.0338747018055114,2.0642311573028564,191007581,8.477732708417046,0.0,
2016-08-12,2.0581600819298433,2.131015234334281,2.052088819229474,2.124943971633911,238277368,8.235511257524548,0.0,
2016-08-15,2.124943660215479,2.185656278321516,2.118872398404876,2.1613712310791016,280185130,8.096711822736173,0.0,
2016-08-16,2.1613712051657523,2.167442466903566,2.070302279098551,2.0945873260498047,634809643,8.354867702271147,0.0,
2016-08-17,2.0824449731165418,2.0945874975865837,2.0703024486464994,2.0885162353515625,156219527,8.379154398603085,0.0,
2016-08-18,2.0824448389618198,2.094587362649619,2.07030231527402,2.07637357711792,187489755,8.428155796651303,0.0,
2016-08-19,2.0763738819181925,2.0824451446533203,2.0703026191830647,2.0824451446533203,84757656,8.403582704174111,0.0,
2016-08-22,2.0763735408363644,2.1006585877876183,2.070302279098551,2.0945873260498047,192889375,8.354867702271147,0.0,
2016-08-23,2.0885166053824022,2.1188729219358575,2.0824453420717113,2.100659132003784,245270210,8.33071855085172,0.0,
2016-08-24,2.100659132003784,2.106730395314475,2.0824453420717113,2.100659132003784,121491759,8.33071855085172,0.0,
2016-08-25,2.094587868693093,2.100659132003784,2.0824453420717113,2.100659132003784,116728797,8.33071855085172,0.0,
2016-08-26,2.0945873260498047,2.1006585877876183,2.088516064311991,2.0945873260498047,76890092,8.354867702271147,0.0,
2016-08-29,2.094587670123576,2.094587670123576,2.0703026191830647,2.0824451446533203,105898164,8.403582704174111,0.0,
2016-08-30,2.082444802574178,2.0945873260498047,2.082444802574178,2.0945873260498047,78974131,8.354867702271147,0.0,
2016-08-31,2.0945876970755277,2.1128014855152757,2.0945876970755277,2.1067302227020264,79468776,8.306711420105344,0.0,
2016-09-01,2.1128010749816895,2.1188723366152455,2.1067298133481334,2.1128010749816895,103471481,8.282843192017811,0.0,
2016-09-02,2.1067302227020264,2.1128014855152757,2.0945876970755277,2.1067302227020264,110955445,8.306711420105344,0.0,
2016-09-05,2.106730395314475,2.1128016586251666,2.094587868693093,2.100659132003784,132554990,8.33071855085172,0.0,
2016-09-06,2.100659132003784,2.106730395314475,2.094587868693093,2.100659132003784,113823491,8.33071855085172,0.0,
2016-09-07,2.0945873260498047,2.1006585877876183,2.088516064311991,2.0945873260498047,105895780,8.354867702271147,0.0,
2016-09-08,2.0945873260498047,2.1006585877876183,2.088516064311991,2.0945873260498047,67921830,8.354867702271147,0.0,
2016-09-09,2.0945874975865837,2.1006587598216044,2.0885162353515625,2.0885162353515625,55510184,8.379154398603085,0.0,
2016-09-12,2.0824450497804468,2.0824450497804468,2.0460173302789473,2.052088737487793,172223043,8.527896323540004,0.0,
2016-09-13,2.052088737487793,2.064231262404854,2.052088737487793,2.052088737487793,86821013,8.527896323540004,0.0,
2016-09-14,2.046017207301345,2.0520886141452634,2.015660896833283,2.027803421020508,149828692,8.630027851118324,0.0,
2016-09-19,2.021731751559594,2.033874273300171,2.015660490689306,2.033874273300171,128230244,8.604268331495458,0.0,
2016-09-20,2.03387468311412,2.03387468311412,2.0217321589268953,2.027803421020508,63965894,8.630027851118324,0.0,
2016-09-21,2.033874805361886,2.058159999946324,2.0217322804448243,2.052088737487793,114937829,8.527896323540004,0.0,
2016-09-22,2.0520888039494514,2.0703025919149396,2.0520888039494514,2.0581600666046143,83197520,8.502740036575524,0.0,
2016-09-23,2.058159895153449,2.070302419452264,2.0520886330040415,2.0642311573028564,61434977,8.477732708417046,0.0,
2016-09-26,2.0642313411920648,2.0642313411920648,2.039946145680714,2.0460174083709717,142734871,8.553201907472237,0.0,
2016-09-27,2.0460173302789473,2.058159999946324,2.033874805361886,2.052088737487793,102691981,8.527896323540004,0.0,
2016-09-28,2.0520885091518326,2.0520885091518326,2.0338745790525903,2.0399458408355713,64707856,8.578659124024545,0.0,
2016-09-29,2.039946145680714,2.0460174083709717,2.039946145680714,2.0460174083709717,62930005,8.553201907472237,0.0,
2016-09-30,2.039946145680714,2.05208881581155,2.039946145680714,2.0460174083709717,55808702,8.553201907472237,0.0,
2016-10-10,2.0520886330040415,2.0642311573028564,2.0460172261043263,2.0642311573028564,87888067,8.477732708417046,0.0,
2016-10-11,2.0642311573028564,2.070302419452264,2.058159895153449,2.0642311573028564,78714064,8.477732708417046,0.0,
2016-10-12,2.0642313292597767,2.0642313292597767,2.0520888039494514,2.0581600666046143,56734572,8.502740036575524,0.0,
2016-10-13,2.058159999946324,2.058159999946324,2.0460173302789473,2.052088737487793,57375989,8.527896323540004,0.0,
2016-10-14,2.052088737487793,2.052088737487793,2.0399460678204164,2.052088737487793,48251107,8.527896323540004,0.0,
2016-10-17,2.0520885091518326,2.0520885091518326,2.0399458408355713,2.0399458408355713,70559195,8.578659124024545,0.0,
2016-10-18,2.0399461338888067,2.0642313292597767,2.0399461338888067,2.0581600666046143,85802926,8.502740036575524,0.0,
2016-10-19,2.058159999946324,2.070302524863385,2.052088737487793,2.052088737487793,57284081,8.527896323540004,0.0,
2016-10-20,2.0581600666046143,2.0642313292597767,2.0520888039494514,2.0581600666046143,57419753,8.502740036575524,0.0,
2016-10-21,2.058159895153449,2.0642311573028564,2.0460172261043263,2.0642311573028564,96250089,8.477732708417046,0.0,
2016-10-24,2.064231356447937,2.1006589328587033,2.058160093712809,2.0824451446533203,187042989,8.403582704174111,0.0,
2016-10-25,2.0824449731165418,2.0945874975865837,2.0824449731165418,2.0885162353515625,116338457,8.379154398603085,0.0,
2016-10-26,2.088516273457056,2.088516273457056,2.064231224073885,2.0703024864196777,105884641,8.452871073088456,0.0,
2016-10-27,2.0703025919149396,2.0703025919149396,2.046017396543969,2.0581600666046143,117396706,8.502740036575524,0.0,
2016-10-28,2.058159961728092,2.0703024864196777,2.0520886993822995,2.0703024864196777,154364939,8.452871073088456,0.0,
2016-10-31,2.0642313292597767,2.0642313292597767,2.0520888039494514,2.0581600666046143,87677872,8.502740036575524,0.0,
2016-11-01,2.0520886330040415,2.0642311573028564,2.0520886330040415,2.0642311573028564,84476864,8.477732708417046,0.0,
2016-11-02,2.058159999946324,2.064231262404854,2.0460173302789473,2.052088737487793,115949010,8.527896323540004,0.0,
2016-11-03,2.0460173302789473,2.052088737487793,2.033874805361886,2.052088737487793,117705119,8.527896323540004,0.0,
2016-11-04,2.0460174083709717,2.05208881581155,2.0338748829904567,2.0460174083709717,134174466,8.553201907472237,0.0,
2016-11-07,2.0399458408355713,2.0460171026185527,2.0338745790525903,2.0399458408355713,114261967,8.578659124024545,0.0,
2016-11-08,2.0399460678204164,2.064231262404854,2.0399460678204164,2.052088737487793,211555442,8.527896323540004,0.0,
2016-11-09,2.0520885091518326,2.0581597709348136,2.027803317269609,2.0399458408355713,194920138,8.578659124024545,0.0,
2016-11-10,2.0460173302789473,2.058159999946324,2.0399460678204164,2.052088737487793,128824530,8.527896323540004,0.0,
2016-11-11,2.0460173302789473,2.052088737487793,2.0399460678204164,2.052088737487793,205116800,8.527896323540004,0.0,
2016-11-14,2.0460172261043263,2.0642311573028564,2.0460172261043263,2.0642311573028564,202190629,8.477732708417046,0.0,
2016-11-15,2.0581600666046143,2.0642313292597767,2.046017396543969,2.0581600666046143,107993403,8.502740036575524,0.0,
2016-11-16,2.0581600666046143,2.0581600666046143,2.046017396543969,2.0581600666046143,103118885,8.502740036575524,0.0,
2016-11-17,2.0520888039494514,2.0642313292597767,2.046017396543969,2.0581600666046143,121406401,8.502740036575524,0.0,
2016-11-18,2.058159999946324,2.058159999946324,2.0460173302789473,2.052088737487793,76621259,8.527896323540004,0.0,
2016-11-21,2.0460172922861948,2.0763737487654703,2.0460172922861948,2.0703024864196777,238077664,8.452871073088456,0.0,
2016-11-22,2.058160093712809,2.0824451446533203,2.058160093712809,2.0824451446533203,267546385,8.403582704174111,0.0,
2016-11-23,2.0763735408363644,2.112801111263245,2.0763735408363644,2.0945873260498047,304202292,8.354867702271147,0.0,
2016-11-24,2.0945873260498047,2.1006585877876183,2.088516064311991,2.0945873260498047,184722134,8.354867702271147,0.0,
2016-11-25,2.0945878281628207,2.118872880935669,2.0945878281628207,2.118872880935669,213446229,8.25910801797237,0.0,
2016-11-28,2.124943527124087,2.167442357136488,2.1188722656937444,2.149228572845459,359755308,8.142456424181525,0.0,
2016-11-29,2.149228707457894,2.167442492889705,2.131014922026083,2.1613712310791016,231871052,8.096711822736173,0.0,
2016-11-30,2.1552998700378985,2.1552998700378985,2.124943562382493,2.131014823913574,208226172,8.212049866392544,0.0,
2016-12-01,2.131015366789818,2.149229156023025,2.1188728406343467,2.1370866298675537,182947689,8.188718115317844,0.0,
2016-12-02,2.131014823913574,2.1370860854446554,2.1067297777892495,2.131014823913574,243699909,8.212049866392544,0.0,
2016-12-05,2.124943562382493,2.1370860854446554,2.1128010393203307,2.131014823913574,248924408,8.212049866392544,0.0,
2016-12-06,2.131015234334281,2.137086497034651,2.124943971633911,2.124943971633911,187971972,8.235511257524548,0.0,
2016-12-07,2.124943971633911,2.131015234334281,2.1188727089335413,2.124943971633911,122543260,8.235511257524548,0.0,
2016-12-08,2.1249441037120826,2.1370866298675537,2.1188728406343467,2.1370866298675537,133088830,8.188718115317844,0.0,
2016-12-09,2.13101511944516,2.1977990055487173,2.13101511944516,2.1795852184295654,399733218,8.029050597346728,0.0,
2016-12-12,2.1856561960974052,2.2706540029985494,2.173513672932998,2.2099413871765137,516105588,7.918762054752282,0.0,
2016-12-13,2.1977986969767356,2.2038701032476706,2.1492286048115945,2.173513650894165,251428155,8.051479222502534,0.0,
2016-12-14,2.1674426936834643,2.2099416750451315,2.1674426936834643,2.1795852184295654,181670097,8.029050597346728,0.0,
2016-12-15,2.167442429683695,2.1735136913172513,2.1067298133481334,2.1128010749816895,244847468,8.282843192017811,0.0,
2016-12-16,2.106730395314475,2.1128016586251666,2.0885166053824022,2.100659132003784,131471653,8.33071855085172,0.0,
2016-12-19,2.094587868693093,2.106730395314475,2.0824453420717113,2.100659132003784,116683611,8.33071855085172,0.0,
2016-12-20,2.094587362649619,2.100658624493519,2.0581597915862204,2.07637357711792,175350902,8.428155796651303,0.0,
2016-12-21,2.0763740787610203,2.100659132003784,2.0703028154503293,2.100659132003784,133534748,8.33071855085172,0.0,
2016-12-22,2.0945873260498047,2.1006585877876183,2.082444802574178,2.0945873260498047,83909812,8.354867702271147,0.0,
2016-12-23,2.088516407388448,2.094587670123576,2.0703026191830647,2.0824451446533203,83983380,8.403582704174111,0.0,
2016-12-26,2.0763737108815206,2.0885162353515625,2.0581599241764574,2.0885162353515625,117991352,8.379154398603085,0.0,
2016-12-27,2.082445011111263,2.088516273457056,2.0703024864196777,2.0703024864196777,76204742,8.452871073088456,0.0,
2016-12-28,2.07030231527402,2.0824448389618198,2.0642310534301203,2.07637357711792,76590069,8.428155796651303,0.0,
2016-12-29,2.07030231527402,2.0885161008057196,2.0642310534301203,2.07637357711792,86288043,8.428155796651303,0.0,
2016-12-30,2.0763737108815206,2.0885162353515625,2.0763737108815206,2.0885162353515625,80739184,8.379154398603085,0.0,
2017-01-03,2.0885164342622784,2.1128014855152757,2.082445171449029,2.1067302227020264,113687763,8.306711420105344,0.0,
2017-01-04,2.100658959888777,2.1128014855152757,2.0945876970755277,2.1067302227020264,94002332,8.306711420105344,0.0,
2017-01-05,2.1128016586251666,2.1128016586251666,2.094587868693093,2.100659132003784,121066829,8.33071855085172,0.0,
2017-01-06,2.1006587598216044,2.1006587598216044,2.0763737108815206,2.0885162353515625,165438451,8.379154398603085,0.0,
2017-01-09,2.0824449731165418,2.0885162353515625,2.0763737108815206,2.0885162353515625,85815824,8.379154398603085,0.0,
2017-01-10,2.088516407388448,2.088516407388448,2.0763738819181925,2.0824451446533203,116026900,8.403582704174111,0.0,
2017-01-11,2.0824451446533203,2.094587670123576,2.0763738819181925,2.0824451446533203,109660585,8.403582704174111,0.0,
2017-01-12,2.0824451446533203,2.088516407388448,2.0763738819181925,2.0824451446533203,111484426,8.403582704174111,0.0,
2017-01-13,2.0763740787610203,2.100659132003784,2.0763740787610203,2.100659132003784,154088929,8.33071855085172,0.0,
2017-01-16,2.0945876581320624,2.14315775973502,2.0824451327313227,2.124943971633911,376921924,8.235511257524548,0.0,
2017-01-17,2.1188727089335413,2.131015234334281,2.1128014462331715,2.124943971633911,102395858,8.235511257524548,0.0,
2017-01-18,2.124943562382493,2.1370860854446554,2.118872300851412,2.131014823913574,108266531,8.212049866392544,0.0,
2017-01-19,2.131015366789818,2.1553004191007603,2.1249441037120826,2.1370866298675537,143853940,8.188718115317844,0.0,
2017-01-20,2.131015366789818,2.1370866298675537,2.1249441037120826,2.1370866298675537,76477073,8.188718115317844,0.0,
2017-01-23,2.1370860854446554,2.1370860854446554,2.124943562382493,2.131014823913574,100233539,8.212049866392544,0.0,
2017-01-24,2.13101478855443,2.149228572845459,2.124943527124087,2.149228572845459,183042760,8.142456424181525,0.0,
2017-01-25,2.143157311415116,2.149228572845459,2.137086049984773,2.149228572845459,82123520,8.142456424181525,0.0,
2017-01-26,2.1492286048115945,2.1795849124148075,2.1431573432909516,2.173513650894165,154662324,8.051479222502534,0.0,
2017-02-03,2.173513927258689,2.173513927258689,2.1492288780882496,2.1553001403808594,70948131,8.119518795608487,0.0,
2017-02-06,2.1553001403808594,2.167442664966079,2.1492288780882496,2.1553001403808594,111730798,8.119518795608487,0.0,
2017-02-07,2.1552998342758016,2.1613710957061447,2.137086049984773,2.149228572845459,109941968,8.142456424181525,0.0,
2017-02-08,2.14315761579564,2.1553001403808594,2.1310150912104198,2.1553001403808594,78148421,8.119518795608487,0.0,
2017-02-09,2.14922853778345,2.1735135831086416,2.14922853778345,2.1674423217773438,103917629,8.074032616309562,0.0,
2017-02-10,2.1674425234392776,2.1856563091278076,2.1674425234392776,2.1856563091278076,138918124,8.006748328598572,0.0,
2017-02-13,2.1856566020172563,2.209941797606608,2.179585339307499,2.2038705348968506,164878163,7.940575330038188,0.0,
2017-02-14,2.2038703743793215,2.2038703743793215,2.185656442826328,2.19779896736145,112422480,7.962511703702129,0.0,
2017-02-15,2.197799154275742,2.234226875729455,2.1917278914918437,2.2281556129455566,263292729,7.854029538298499,0.0,
2017-02-16,2.234227008035773,2.2463695343226253,2.222084481748921,2.240298271179199,169618720,7.811459851187016,0.0,
2017-02-17,2.2402981111553966,2.2402981111553966,2.2038705348968506,2.2038705348968506,140586052,7.940575330038188,0.0,
2017-02-20,2.2099419554620687,2.2585120606094775,2.2038706923186426,2.240298271179199,326416112,7.811459851187016,0.0,
2017-02-21,2.24636919036188,2.2827967636447,2.2402979281480766,2.2524404525756836,228405638,7.769350785717158,0.0,
2017-02-22,2.2524405192988546,2.258511781692505,2.2342267321179046,2.258511781692505,116528532,7.748465224691316,0.0,
2017-02-23,2.2524403485240647,2.276725396257429,2.2524403485240647,2.264582872390747,151276087,7.727692465290546,0.0,
2017-02-24,2.2645830440861547,2.2706543064798046,2.2463692569052047,2.258511781692505,113659840,7.748465224691316,0.0,
2017-02-27,2.2524407974660514,2.2585120606094775,2.228155744892347,2.240298271179199,123488062,7.811459851187016,0.0,
2017-02-28,2.234226942062378,2.2463694679906796,2.2281556790982275,2.234226942062378,84489776,7.832686854919957,0.0,
2017-03-01,2.2402981385133534,2.25244066408115,2.21601308737776,2.2281556129455566,232019299,7.854029538298499,0.0,
2017-03-02,2.234226875729455,2.2402981385133534,2.222084350161658,2.2281556129455566,105515399,7.854029538298499,0.0,
2017-03-03,2.2220839780605646,2.2220839780605646,2.209941454526105,2.216012716293335,85394210,7.897066596834236,0.0,
2017-03-06,2.216013060316366,2.2220843230261234,2.1856566020172563,2.2038705348968506,288361920,7.940575330038188,0.0,
2017-03-07,2.1977987192618125,2.2099413871765137,2.1917274576796086,2.2099413871765137,128481570,7.918762054752282,0.0,
2017-03-08,2.20387012559431,2.2099413871765137,2.1977987192618125,2.2099413871765137,72319218,7.918762054752282,0.0,
2017-03-09,2.20387012559431,2.216012648758717,2.1977987192618125,2.2099413871765137,129545077,7.918762054752282,0.0,
2017-03-10,2.2038705348968506,2.216013060316366,2.197799127436772,2.2038705348968506,73392456,7.940575330038188,0.0,
2017-03-13,2.2038705618099628,2.2281556129455566,2.197799154275742,2.2281556129455566,112788560,7.854029538298499,0.0,
2017-03-14,2.2281555464313967,2.2342268090340576,2.2160130212260745,2.2220842838287354,82873980,7.875488849525921,0.0,
2017-03-15,2.2160130212260745,2.2220842838287354,2.209941758623413,2.2220842838287354,78618515,7.875488849525921,0.0,
2017-03-16,2.2220844161340767,2.2402982050265288,2.216013153169926,2.234226942062378,138318657,7.832686854919957,0.0,
2017-03-17,2.2342265015950242,2.240297763362254,2.2038701927588753,2.216012716293335,135292170,7.897066596834236,0.0,
2017-03-20,2.2099418245938613,2.2281556129455566,2.2099418245938613,2.2281556129455566,108287885,7.854029538298499,0.0,
2017-03-21,2.2220839780605646,2.228155239827794,2.209941454526105,2.216012716293335,137801129,7.897066596834236,0.0,
2017-03-22,2.2099415014628154,2.216012763358992,2.179585047231631,2.1856563091278076,130629085,8.006748328598572,0.0,
2017-03-23,2.1917275710239843,2.203870239566639,2.1856563091278076,2.1856563091278076,95835965,8.006748328598572,0.0,
2017-03-24,2.191727864727014,2.2038705348968506,2.1856566020172563,2.2038705348968506,92676368,7.940575330038188,0.0,
2017-03-27,2.1977987862413473,2.2220839780605646,2.1917275244741177,2.216012716293335,128981463,7.897066596834236,0.0,
2017-03-28,2.2220839103409205,2.2220839103409205,2.20387012559431,2.2099413871765137,78928272,7.918762054752282,0.0,
2017-03-29,2.209941454526105,2.2220839780605646,2.2038701927588753,2.216012716293335,137898008,7.897066596834236,0.0,
2017-03-30,2.209941758623413,2.2220842838287354,2.1917278260651116,2.2220842838287354,202802717,7.875488849525921,0.0,
2017-03-31,2.216013048490649,2.2524406245548,2.2099417858132906,2.2463693618774414,198988036,7.79034841597647,0.0,
2017-04-05,2.2281556790982275,2.2402982050265288,2.2220844161340767,2.234226942062378,282421942,7.832686854919957,0.0,
2017-04-06,2.2281555464313967,2.2342268090340576,2.2160130212260745,2.2220842838287354,147080509,7.875488849525921,0.0,
2017-04-07,2.216012648758717,2.2220839103409205,2.1977987192618125,2.2099413871765137,181420539,7.918762054752282,0.0,
2017-04-10,2.209941797606608,2.209941797606608,2.197799127436772,2.2038705348968506,117511295,7.940575330038188,0.0,
2017-04-11,2.19779896736145,2.2038703743793215,2.185656442826328,2.19779896736145,147514101,7.962511703702129,0.0,
2017-04-12,2.191727705093889,2.2038703743793215,2.185656442826328,2.19779896736145,165290694,7.962511703702129,0.0,
2017-04-13,2.197799127436772,2.209941797606608,2.191727864727014,2.2038705348968506,107417105,7.940575330038188,0.0,
2017-04-14,2.2038703071597014,2.2038703071597014,2.1856563761622456,2.191727638244629,90792363,7.98456874596694,0.0,
2017-04-17,2.1856563091278076,2.1917275710239843,2.1674425234392776,2.1856563091278076,153346771,8.006748328598572,0.0,
2017-04-18,2.185656105771237,2.185656105771237,2.1674423217773438,2.1674423217773438,102586046,8.074032616309562,0.0,
2017-04-19,2.161371027444428,2.1674422886830245,2.1370859824900412,2.1431572437286377,136008976,8.165523109052755,0.0,
2017-04-20,2.143157346975736,2.1492286085068173,2.124943562382493,2.131014823913574,102850710,8.212049866392544,0.0,
2017-04-21,2.13101478855443,2.1613710957061447,2.124943527124087,2.149228572845459,201033723,8.142456424181525,0.0,
2017-04-24,2.14922853778345,2.1735135831086416,2.1431572764521523,2.1674423217773438,146861922,8.074032616309562,0.0,
2017-04-25,2.1674423217773438,2.1735135831086416,2.161371060446046,2.1674423217773438,102720468,8.074032616309562,0.0,
2017-04-26,2.167442389373522,2.1795849124148075,2.167442389373522,2.173513650894165,104094171,8.051479222502534,0.0,
2017-04-27,2.173513956056515,2.1795852184295654,2.1553001689373628,2.1795852184295654,105424889,8.029050597346728,0.0,
2017-04-28,2.173513956056515,2.1795852184295654,2.1674426936834643,2.1795852184295654,99584828,8.029050597346728,0.0,
2017-05-02,2.1735137547003087,2.1735137547003087,2.1552999692684978,2.1613712310791016,66093550,8.096711822736173,0.0,
2017-05-03,2.155299766205831,2.161371027444428,2.1370859824900412,2.1431572437286377,84611551,8.165523109052755,0.0,
2017-05-04,2.1431572437286377,2.1492285049672346,2.1370859824900412,2.1431572437286377,74607306,8.165523109052755,0.0,
2017-05-05,2.137086049984773,2.1613710957061447,2.1188722656937444,2.149228572845459,175567864,8.142456424181525,0.0,
2017-05-08,2.137086015120855,2.1674423217773438,2.137086015120855,2.1674423217773438,138086728,8.074032616309562,0.0,
2017-05-09,2.155299799114748,2.1735135831086416,2.14922853778345,2.1674423217773438,78176337,8.074032616309562,0.0,
2017-05-10,2.1613711278528798,2.1856561739354503,2.1613711278528798,2.173513650894165,127337310,8.051479222502534,0.0,
2017-05-11,2.1735139182912055,2.2099416366468825,2.1674426560236446,2.19779896736145,222668690,7.962511703702129,0.0,
2017-05-12,2.1917278914918437,2.2402981385133534,2.185656628707945,2.2281556129455566,257271110,7.854029538298499,0.0,
2017-05-15,2.2281555464313967,2.240298071636719,2.209941758623413,2.2220842838287354,130856292,7.875488849525921,0.0,
2017-05-16,2.2220843230261234,2.2281555857358812,2.191727864727014,2.2038705348968506,148719279,7.940575330038188,0.0,
2017-05-17,2.19779896736145,2.19779896736145,2.185656442826328,2.19779896736145,102154219,7.962511703702129,0.0,
2017-05-18,2.1856563761622456,2.197798900327012,2.1795851140798628,2.191727638244629,76757553,7.98456874596694,0.0,
2017-05-19,2.191727638244629,2.197798900327012,2.1856563761622456,2.191727638244629,54783928,7.98456874596694,0.0,
2017-05-22,2.191727864727014,2.216013060316366,2.191727864727014,2.2038705348968506,141949991,7.940575330038188,0.0,
2017-05-23,2.203870627241624,2.2402982050265288,2.203870627241624,2.234226942062378,256955372,7.832686854919957,0.0,
2017-05-24,2.2281555464313967,2.240298071636719,2.2038704960207522,2.2220842838287354,157409875,7.875488849525921,0.0,
2017-05-25,2.216013048490649,2.2888682006189507,2.216013048490649,2.2463693618774414,489749048,7.79034841597647,0.0,
2017-05-26,2.2342268365227245,2.2524406245548,2.228155573845366,2.2463693618774414,184914287,7.79034841597647,0.0,
2017-05-31,2.246369086590724,2.2706541343240882,2.240297824657383,2.264582872390747,237648223,7.727692465290546,0.0,
2017-06-01,2.258511914425231,2.2767257026766052,2.2524406516747733,2.2706544399261475,175866621,7.707029168458228,0.0,
2017-06-02,2.2706543064798046,2.294939356054405,2.258511781692505,2.258511781692505,198412434,7.748465224691316,0.0,
2017-06-05,2.2585118992846693,2.264583161994427,2.191727864727014,2.2038705348968506,434943297,7.940575330038188,0.0,
2017-06-06,2.20387012559431,2.216012648758717,2.1977987192618125,2.2099413871765137,110228288,7.918762054752282,0.0,
2017-06-07,2.2099418245938613,2.234226875729455,2.2038705618099628,2.2281556129455566,184834740,7.854029538298499,0.0,
2017-06-08,2.222084350161658,2.2281556129455566,2.2099418245938613,2.2281556129455566,112180534,7.854029538298499,0.0,
2017-06-09,2.2281555464313967,2.240298071636719,2.209941758623413,2.2220842838287354,263945258,7.875488849525921,0.0,
2017-06-12,2.216012648758717,2.2281551719231243,2.20387012559431,2.2099413871765137,174816397,7.918762054752282,0.0,
2017-06-13,2.20387012559431,2.216012648758717,2.1977987192618125,2.2099413871765137,99952307,7.918762054752282,0.0,
2017-06-14,2.209941797606608,2.209941797606608,2.191727864727014,2.2038705348968506,157823585,7.940575330038188,0.0,
2017-06-15,2.197798900327012,2.2038703071597014,2.1856563761622456,2.191727638244629,116671760,7.98456874596694,0.0,
2017-06-16,2.191727705093889,2.19779896736145,2.185656442826328,2.19779896736145,80820560,7.962511703702129,0.0,
2017-06-19,2.19779896736145,2.19779896736145,2.19779896736145,2.19779896736145,0,7.962511703702129,0.0,
2017-06-20,2.191727705093889,2.2038703743793215,2.191727705093889,2.19779896736145,80857877,7.962511703702129,0.0,
2017-06-21,2.2038703743793215,2.2099416366468825,2.191727705093889,2.19779896736145,127165778,7.962511703702129,0.0,
2017-06-22,2.1977987862413473,2.240297763362254,2.1977987862413473,2.216012716293335,407381620,7.897066596834236,0.0,
2017-06-23,2.2099418245938613,2.2281556129455566,2.2038705618099628,2.2281556129455566,188392287,7.854029538298499,0.0,
2017-06-26,2.2281555464313967,2.24636933423938,2.2160130212260745,2.2220842838287354,284825111,7.875488849525921,0.0,
2017-06-27,2.2220842838287354,2.2342268090340576,2.209941758623413,2.2220842838287354,156561353,7.875488849525921,0.0,
2017-06-28,2.222084350161658,2.234226875729455,2.21601308737776,2.2281556129455566,157437796,7.854029538298499,0.0,
2017-06-29,2.2281556790982275,2.234226942062378,2.216013153169926,2.234226942062378,128547511,7.832686854919957,0.0,
2017-06-30,2.228155573845366,2.2463693618774414,2.2220843111680075,2.2463693618774414,151555499,7.79034841597647,0.0,
2017-07-03,2.2463695343226253,2.2463695343226253,2.228155744892347,2.240298271179199,154076062,7.811459851187016,0.0,
2017-07-04,2.234226942062378,2.2463694679906796,2.2220844161340767,2.234226942062378,195847563,7.832686854919957,0.0,
2017-07-05,2.234226942062378,2.2402982050265288,2.2281556790982275,2.234226942062378,142756865,7.832686854919957,0.0,
2017-07-06,2.234226875729455,2.2402981385133534,2.222084350161658,2.2281556129455566,162070841,7.854029538298499,0.0,
2017-07-07,2.228155744892347,2.240298271179199,2.222084481748921,2.240298271179199,162584659,0.0,0.0,
2017-07-10,2.234227008035773,2.2463695343226253,2.228155744892347,2.240298271179199,119288873,0.0,0.0,
2017-07-11,2.240297994511555,2.2706543064798046,2.2342267321179046,2.258511781692505,281043636,0.0,0.0,
2017-07-12,2.264583243188099,2.2888682948978385,2.258511980260664,2.2767257690429688,326429879,0.0,0.0,
2017-07-13,2.2827967180257764,2.3192242905806357,2.2767254559333,2.313153028488159,359893691,0.0,0.0,
2017-07-14,2.3372881412506104,2.343639461549087,2.311882860056705,2.3372881412506104,280848466,7.187817241485186,0.168,
2017-07-17,2.337287898300741,2.4262063732367607,2.3309365786624534,2.4071524143218994,596596267,6.97920077683681,0.0,
2017-07-18,2.388098955154419,2.4198555599914253,2.369044992252215,2.388098955154419,275338090,7.034884364292887,0.0,
2017-07-19,2.381747634187018,2.4135042390240242,2.3753963132196168,2.388098955154419,284181826,7.034884364292887,0.0,
2017-07-20,2.394449775045325,2.4071524143218994,2.3753958161304634,2.4071524143218994,194742503,6.97920077683681,0.0,
2017-07-21,2.400801181793213,2.4135038215306843,2.388098542055742,2.400801181793213,156214601,6.99766399958688,0.0,
2017-07-24,2.3944501616960894,2.438909406343284,2.388098841032204,2.413504123687744,292880976,6.960833352267171,0.0,
2017-07-25,2.426207037455679,2.4706664385226746,2.4198557160786,2.445261001586914,331421441,6.8704322316093105,0.0,
2017-07-26,2.445260178192405,2.508773522003735,2.445260178192405,2.4770169258117676,301846664,6.782351717073675,0.0,
2017-07-27,2.483368419977646,2.483368419977646,2.4452603504355728,2.457962989807129,208029626,6.834927974777302,0.0,
2017-07-28,2.4452608234211852,2.4706662585058634,2.4262068606782528,2.4643149375915527,180694514,6.817310459684643,0.0,
2017-07-31,2.464314823642367,2.5151253886073883,2.464314823642367,2.489720106124878,341770125,6.747746446948345,0.0,
2017-08-01,2.4897199933266934,2.5214765949910807,2.4897199933266934,2.515125274658203,309070210,6.679587760209306,0.0,
2017-08-02,2.515125286400509,2.591341130750865,2.5087739660379795,2.5722873210906982,404800140,6.53115220148754,0.0,
2017-08-03,2.572287384527647,2.6358005897192864,2.546882102450991,2.5786385536193848,328007760,6.515065857686595,0.0,
2017-08-04,2.572287258028387,2.6167463480487116,2.5532331459805073,2.559584617614746,230807287,6.563564995813957,0.0,
2017-08-07,2.5532333217740617,2.578638604350531,2.5214767185534743,2.546882152557373,193215502,6.596300493578315,0.0,
2017-08-08,2.5532332705556815,2.591341193655933,2.5278279884888466,2.5849900245666504,206219471,6.499057961670999,0.0,
2017-08-09,2.5722873729964233,2.584990013977807,2.5278279781341553,2.5278279781341553,217001355,6.646021859604721,0.0,
2017-08-10,2.5278279781341553,2.546882091033656,2.489720055190004,2.5278279781341553,176710191,6.646021859604721,0.0,
2017-08-11,2.502422959389339,2.515125601706853,2.4452609175330844,2.5087742805480957,308436047,6.696497221874292,0.0,
2017-08-14,2.4897201944421177,2.5024228361339707,2.4643149110584117,2.4833688735961914,182041717,6.7650038536851556,0.0,
2017-08-15,2.489720005768046,2.591341131601895,2.489720005768046,2.5659358501434326,377392869,6.547318787825854,0.0,
2017-08-16,2.572287258028387,2.584989898442028,2.5405305055668665,2.559584617614746,178716391,6.563564995813957,0.0,
2017-08-17,2.559584857315102,2.559584857315102,2.5278281018796207,2.5532333850860596,120699399,6.579892029507415,0.0,
2017-08-18,2.5405306816101074,2.5595847949783206,2.527828040316251,2.5405306816101074,80903151,6.612791619329193,0.0,
2017-08-21,2.5405307699491964,2.5532334116847477,2.5151254864780936,2.534179449081421,112253547,6.629364785548078,0.0,
2017-08-22,2.5341793609631793,2.5468821536844644,2.515125399022395,2.5405306816101074,111838235,6.612791619329193,0.0,
2017-08-23,2.540530630504401,2.591341194657713,2.534179309985237,2.5786385536193848,215501216,6.515065857686595,0.0,
2017-08-24,2.5786385536193848,2.6230979486809587,2.572287384527647,2.5786385536193848,173796736,6.515065857686595,0.0,
2017-08-25,2.5786385142989965,2.6802596410560495,2.5786385142989965,2.6739084720611572,365476405,6.282937570802444,0.0,
2017-08-28,2.6866111755371094,2.762827022381672,2.6675570623985414,2.6866111755371094,306036180,6.253230892870581,0.0,
2017-08-29,2.6866111852030956,2.756475863156067,2.667557071995974,2.7437732219696045,197269493,6.1229550115443585,0.0,
2017-08-30,2.7310706965034917,2.7755297911124943,2.6929624684745352,2.7120165824890137,168920630,6.194652388364612,0.0,
2017-08-31,2.724719098959391,2.7374217401001513,2.6485032521148275,2.6866111755371094,273107428,6.253230892870581,0.0,
2017-09-01,2.68026012107063,2.7056657101646913,2.6421521917118893,2.66755747795105,206948893,6.29789616113692,0.0,
2017-09-04,2.667557000211418,2.686611112905789,2.623097908682631,2.6739084720611572,175373002,6.282937570802444,0.0,
2017-09-05,2.673908657314925,2.7247192242137097,2.6675571850251427,2.7120165824890137,172703771,6.194652388364612,0.0,
2017-09-06,2.6993134021008593,2.7183675123129807,2.680259291888738,2.705664873123169,105533915,6.209194703632175,0.0,
2017-09-07,2.7056652897361766,2.712016458881619,2.6802597045898438,2.6802597045898438,95062136,6.268049312994048,0.0,
2017-09-08,2.68026012107063,2.6866115940578705,2.6548548348314696,2.66755747795105,106720538,6.29789616113692,0.0,
2017-09-11,2.6739089509382903,2.7056657101646913,2.66120630781871,2.66755747795105,99043180,6.29789616113692,0.0,
2017-09-12,2.66755747795105,2.68026012107063,2.63580102157955,2.66755747795105,126219547,6.29789616113692,0.0,
2017-09-13,2.6675569381872184,2.6739084098892776,2.64850312879072,2.6548542976379395,81183034,6.32803088853019,0.0,
2017-09-14,2.661205819821933,2.6675569887896313,2.60404378483842,2.616746425628662,177602304,6.420186471053982,0.0,
2017-09-15,2.6040438356960407,2.6103953076426305,2.553233271542729,2.5786385536193848,193567036,6.515065857686595,0.0,
2017-09-18,2.5849900255659746,2.6040438356960407,2.572287384527647,2.5786385536193848,145465029,6.515065857686595,0.0,
2017-09-19,2.591341257095337,2.591341257095337,2.55958480516178,2.591341257095337,105472115,6.48312913399577,0.0,
2017-09-20,2.584989974217917,2.629449065541507,2.5786385023974927,2.6230978965759277,119020278,6.404640872126791,0.0,
2017-09-21,2.616746313668494,2.648503065712777,2.59769250472579,2.6421515941619873,114923930,6.358454237493692,0.0,
2017-09-22,2.629449015793596,2.667556937430623,2.629449015793596,2.661205768585205,113794881,6.312927845835649,0.0,
2017-09-25,2.661205893255588,2.6929623446800623,2.6421517801170205,2.6866111755371094,177731675,6.253230892870581,0.0,
2017-09-26,2.6739089509382903,2.68026012107063,2.66755747795105,2.66755747795105,101621585,6.29789616113692,0.0,
2017-09-27,2.667557051344762,2.6802596924328856,2.6230979589637564,2.63580060005188,119943858,6.37377501153514,0.0,
2017-09-28,2.6358008400730593,2.6421520097680444,2.6040440830334917,2.6294493675231934,135110415,6.38917037441369,0.0,
2017-09-29,2.6230978974512063,2.6421517072091465,2.610395256660964,2.616746425628662,96406554,6.420186471053982,0.0,
2017-10-09,2.6929622703701157,2.7183678548054457,2.5913411440481777,2.616746425628662,364279965,6.420186471053982,0.0,
2017-10-10,2.623098197828208,2.6294493675231934,2.6040440830334917,2.6294493675231934,120385962,6.38917037441369,0.0,
2017-10-11,2.629448716612733,2.661205465791033,2.6167460775123743,2.648502826690674,155579665,6.3432063695366105,0.0,
2017-10-12,2.654854234408734,2.654854234408734,2.6294489539152406,2.6421515941619873,100297807,6.358454237493692,0.0,
2017-10-13,2.6358008400730593,2.6358008400730593,2.6167467252783427,2.6294493675231934,85285495,6.38917037441369,0.0,
2017-10-16,2.6294491280803918,2.6421517691685152,2.610395317875633,2.63580060005188,123038519,6.37377501153514,0.0,
2017-10-17,2.6358008400730593,2.6421520097680444,2.623098197828208,2.6294493675231934,78840301,6.38917037441369,0.0,
2017-10-18,2.629448716612733,2.661205465791033,2.6103949093895973,2.648502826690674,216926491,6.3432063695366105,0.0,
2017-10-19,2.635800487493854,2.667556937430623,2.629449015793596,2.661205768585205,191371172,6.312927845835649,0.0,
2017-10-20,2.648502826690674,2.654853994813451,2.635800187590315,2.648502826690674,78301270,6.3432063695366105,0.0,
2017-10-23,2.642151884193946,2.642151884193946,2.6103954315185547,2.6103954315185547,116656940,6.435806543772135,0.0,
2017-10-24,2.610395256660964,2.6294490664189043,2.610395256660964,2.616746425628662,98371237,6.420186471053982,0.0,
2017-10-25,2.6167464757227674,2.623097947666902,2.572287383533233,2.5849900245666504,142433205,6.499057961670999,0.0,
2017-10-26,2.584990077566033,2.5913412467855323,2.521476719669323,2.5405306816101074,328393010,6.612791619329193,0.0,
2017-10-27,2.534179185360046,2.5786384268077893,2.5278278651532258,2.559584617614746,220048192,6.563564995813957,0.0,
2017-10-30,2.559584680365639,2.5849899618157575,2.5468820396405794,2.5722873210906982,188781620,6.53115220148754,0.0,
2017-10-31,2.553233132569938,2.553233132569938,2.4960712510087903,2.502422571182251,260204602,6.7134944327420145,0.0,
2017-11-01,2.5024228361339707,2.5087741569798974,2.4706662319043384,2.4833688735961914,285153068,6.7650038536851556,0.0,
2017-11-02,2.477017251775858,2.4833685718500558,2.445260499977453,2.47066593170166,225153443,6.7997861566128766,0.0,
2017-11-03,2.4643149375915527,2.4706662585058634,2.438909502506874,2.4643149375915527,234837453,6.817310459684643,0.0,
2017-11-06,2.4516116701213506,2.4643144609203125,2.438909030749795,2.457962989807129,158281673,6.834927974777302,0.0,
2017-11-07,2.4579634387850517,2.4960715152880444,2.4516121179391255,2.4833688735961914,174326481,6.7650038536851556,0.0,
2017-11-08,2.4897203170718245,2.5087742805480957,2.4770176747543107,2.5087742805480957,184329323,6.696497221874292,0.0,
2017-11-09,2.502422747366133,2.5087740679867605,2.48336878550425,2.489720106124878,89770075,6.747746446948345,0.0,
2017-11-10,2.489719739663424,2.489719739663424,2.438909030749795,2.457962989807129,201625138,6.834927974777302,0.0,
2017-11-13,2.451611820051651,2.4833685718500558,2.4389091799032547,2.47066593170166,322815371,6.7997861566128766,0.0,
2017-11-14,2.4579634652498066,2.4643149375915527,2.4452608234211852,2.4643149375915527,139877827,6.817310459684643,0.0,
2017-11-15,2.457962989807129,2.4643144609203125,2.4452603504355728,2.457962989807129,111491385,6.834927974777302,0.0,
2017-11-16,2.4579632533211457,2.4579632533211457,2.4325579718543775,2.4389092922210693,108908226,6.8883250613640294,0.0,
2017-11-17,2.445260710353056,2.502422747366133,2.4389093897324288,2.489720106124878,330936168,6.747746446948345,0.0,
2017-11-20,2.4833686106618686,2.5151252115291727,2.470665970314947,2.502422571182251,231886806,6.7134944327420145,0.0,
2017-11-21,2.502422747366133,2.5278280298486435,2.48336878550425,2.489720106124878,323580994,6.747746446948345,0.0,
2017-11-22,2.5024225843259438,2.565935786394148,2.4960712641191236,2.559584617614746,404924420,6.563564995813957,0.0,
2017-11-23,2.5532333229039637,2.584990077566033,2.521476719669323,2.5405306816101074,328517393,6.612791619329193,0.0,
2017-11-24,2.5341793609631793,2.5595847949783206,2.515125399022395,2.5405306816101074,182082353,6.612791619329193,0.0,
2017-11-27,2.5341795651831243,2.5341795651831243,2.4770176747543107,2.5087742805480957,303061902,6.696497221874292,0.0,
2017-11-28,2.4960714267455053,2.502422747366133,2.470666144262995,2.489720106124878,158778834,6.747746446948345,0.0,
2017-11-29,2.4897197804451725,2.508773739814611,2.464314501285921,2.4960711002349854,162378687,6.730577505752305,0.0,
2017-11-30,2.4960711002349854,2.508773739814611,2.477017140865547,2.4960711002349854,131279059,6.730577505752305,0.0,
2017-12-01,2.4960714267455053,2.5087740679867605,2.470666144262995,2.489720106124878,162834081,6.747746446948345,0.0,
2017-12-04,2.489720106124878,2.4960714267455053,2.470666144262995,2.489720106124878,115384379,6.747746446948345,0.0,
2017-12-05,2.489720055190004,2.5532332600969223,2.4770174142086203,2.5278279781341553,353241207,6.646021859604721,0.0,
2017-12-06,2.5278279153239582,2.540530555989713,2.5024226339924485,2.515125274658203,157911563,6.679587760209306,0.0,
2017-12-07,2.5151252115291727,2.5151252115291727,2.4833686106618686,2.502422571182251,127654393,6.7134944327420145,0.0,
2017-12-08,2.502422747366133,2.502422747366133,2.48336878550425,2.489720106124878,96399902,6.747746446948345,0.0,
2017-12-11,2.4897197804451725,2.4960711002349854,2.477017140865547,2.4960711002349854,106676787,6.730577505752305,0.0,
2017-12-12,2.4960715421631066,2.4960715421631066,2.4643149375915527,2.4643149375915527,73759342,6.817310459684643,0.0,
2017-12-13,2.4643142873349806,2.483368245050161,2.457962816669192,2.4770169258117676,112343130,6.782351717073675,0.0,
2017-12-14,2.4833685718500558,2.496071211998452,2.464314611627462,2.47066593170166,93644144,6.7997861566128766,0.0,
2017-12-15,2.4770176701306474,2.4770176701306474,2.4516122341156006,2.4516122341156006,99984741,6.852633449212847,0.0,
2017-12-18,2.4643150278368444,2.470666348983746,2.445260912968699,2.4516122341156006,78621374,6.852633449212847,0.0,
2017-12-19,2.4579631401258486,2.477017251775858,2.451611820051651,2.47066593170166,115783803,6.7997861566128766,0.0,
2017-12-20,2.4770169258117676,2.4897195642885546,2.4643142873349806,2.4770169258117676,136958369,6.782351717073675,0.0,
2017-12-21,2.4770169258117676,2.4897195642885546,2.470665606573374,2.4770169258117676,108653449,6.782351717073675,0.0,
2017-12-22,2.483368245050161,2.483368245050161,2.470665606573374,2.4770169258117676,66592167,6.782351717073675,0.0,
2017-12-25,2.4770174648836227,2.502422747366133,2.4770174648836227,2.489720106124878,147146904,6.747746446948345,0.0,
2017-12-26,2.4897203170718245,2.52147692286561,2.4833689959130676,2.5087742805480957,143002940,6.696497221874292,0.0,
2017-12-27,2.5087740679867605,2.5278280298486435,2.470666144262995,2.489720106124878,156134038,6.747746446948345,0.0,
2017-12-28,2.477017140865547,2.508773739814611,2.477017140865547,2.4960711002349854,143919532,6.730577505752305,0.0,
2017-12-29,2.5024225468517645,2.5341791474103066,2.496071226740056,2.5214765071868896,194608181,6.662762850304358,0.0,
2018-01-02,2.5278279781341553,2.5722873729964233,2.496071375680696,2.5278279781341553,414507864,6.646021859604721,0.0,0.83911891
2018-01-03,2.521476719669323,2.5532333229039637,2.515125399022395,2.5405306816101074,178528367,6.612791619329193,0.0,0.84333559
2018-01-04,2.5405306816101074,2.5595847949783206,2.521476719669323,2.5405306816101074,223487209,6.612791619329193,0.0,0.84333559
2018-01-05,2.540530619115539,2.546882091033656,2.5151253371527713,2.5278279781341553,222938096,6.646021859604721,0.0,0.83911891
2018-01-08,2.527828039197592,2.5532333217740617,2.527828039197592,2.546882152557373,226438632,6.596300493578315,0.0,0.84544392
2018-01-09,2.5468820277500117,2.5468820277500117,2.5087739543253256,2.515125274658203,201349420,6.679587760209306,0.0,0.83490223
2018-01-10,2.521476544946405,2.565935786394148,2.515125224739585,2.559584617614746,346812530,6.563564995813957,0.0,0.8496606
2018-01-11,2.559585038947324,2.604044136286048,2.559585038947324,2.5976929664611816,244796533,6.467277009602301,0.0,0.86231064
2018-01-12,2.5976929664611816,2.616746778790667,2.5849903239565624,2.5976929664611816,190736294,6.467277009602301,0.0,0.86231064
2018-01-15,2.6040437354408255,2.6675569381872184,2.597692566593606,2.6548542976379395,397763976,6.32803088853019,0.0,0.88128569
2018-01-16,2.648503253152922,2.6866111765901404,2.6421517811526254,2.6802597045898438,260245139,6.268049312994048,0.0,0.88971904
2018-01-17,2.6866110009170665,2.7564756740777243,2.6866110009170665,2.692962169647217,376880806,6.2384834771744435,0.0,0.89393572
2018-01-18,2.7120163560863246,2.7691783905029297,2.6929622436625085,2.7691783905029297,636379662,6.066781417050144,0.0,0.91923579
2018-01-19,2.813637367836177,2.8644482312972395,2.769178278733139,2.794583559036255,645322526,6.011629155148139,0.0,0.92766914
2018-01-22,2.7755294473815026,2.8707993999456036,2.7628268072299447,2.794583559036255,507314896,6.011629155148139,0.0,0.92766914
2018-01-23,2.794583495919944,2.9914745652496797,2.781880856055278,2.9724204540252686,705910595,5.65195949222101,0.0,0.98670264
2018-01-24,2.9914750437060182,3.0422856112913217,2.934313003745116,2.9787724018096924,544722865,5.63990722815664,0.0,0.98881097
2018-01-25,2.959718101601887,2.978772214676791,2.8707996139136576,2.940664291381836,359508524,5.712994866240097,0.0,0.97616094
2018-01-26,2.92796171212457,3.0041775603242242,2.896204957280617,2.953366994857788,430495878,5.688422749103338,0.0,0.98037762
2018-01-29,2.966069511296596,3.0168800746229434,2.902556307138661,2.921610116958618,379823884,5.750253910500803,0.0,0.96983592
2018-01-30,2.902556653346312,2.927961938039747,2.8390431387578423,2.8453946113586426,277361633,5.904277717029273,0.0,0.94453586
2018-01-31,2.8326914465160073,2.8898534779600196,2.8263399750867495,2.8835020065307617,278851281,5.826248763465452,0.0,0.95718589
2018-02-01,2.8771510858902434,2.9533669324801544,2.8707996139136576,2.940664291381836,410340914,5.712994866240097,0.0,0.97616094
2018-02-02,2.908907890319824,2.9216105329601114,2.864448792506263,2.908907890319824,264277294,5.775363343716222,0.0,0.96561925
2018-02-05,2.8644485725290556,3.035934386431015,2.8644485725290556,3.0232317447662354,468941565,5.556967317865678,0.0,1.00356935
2018-02-06,2.978772347512073,3.0803934808303106,2.9533670641825136,3.0232317447662354,703750078,5.556967317865678,0.0,1.00356935
2018-02-07,3.0613396526021477,3.0930961051586725,2.870799725843538,2.9152591228485107,658177130,5.762781040055423,0.0,0.96772758
2018-02-08,2.870799464702675,2.8835021051407685,2.750124229113368,2.807286262512207,496423603,5.98442710468931,0.0,0.93188582
2018-02-09,2.7310707583986935,2.756476042423855,2.616746677430594,2.724719285964966,563912950,6.165772777598351,0.0,0.90447742
2018-02-12,2.699313753750421,2.7310705072894232,2.6612058312165257,2.6739084720611572,251989533,6.282937570802444,0.0,0.8876107
2018-02-13,2.692962467144566,2.7628271480233253,2.6866112977127887,2.7183680534362793,260623025,6.1801785739657955,0.0,0.90236908
2018-02-14,2.712016581149634,2.731070695154702,2.6802598254261434,2.7183680534362793,135004806,6.1801785739657955,0.0,0.90236908
2018-02-22,2.756476049807722,2.794583975947545,2.756476049807722,2.7755298614501953,179012655,6.052898307216236,0.0,0.92134413
2018-02-23,2.7882323265075684,2.794583798555136,2.7564758748342983,2.7882323265075684,146326728,6.025322868644533,0.0,0.92556081
2018-02-26,2.807286199187813,2.8453941196424872,2.769178278733139,2.794583559036255,227218721,6.011629155148139,0.0,0.92766914
2018-02-27,2.7945837867154544,2.7945837867154544,2.731070580783142,2.7437732219696045,249535786,6.1229550115443585,0.0,0.91080243
2018-02-28,2.7120164578186303,2.7183679298164374,2.673908534396349,2.6866111755371094,185142258,6.253230892870581,0.0,0.89182738
2018-03-01,2.667557063444104,2.7056652897361766,2.6612058942986616,2.6802597045898438,160800175,6.268049312994048,0.0,0.88971904
2018-03-02,2.6675566339138097,2.6675566339138097,2.629448716612733,2.648502826690674,180303445,6.3432063695366105,0.0,0.87917735
2018-03-05,2.6421515941619873,2.6612057059595235,2.616746313668494,2.6421515941619873,146334117,6.358454237493692,0.0,0.87706901
2018-03-06,2.6485031280395295,2.673908409130881,2.623097846948178,2.661205768585205,186832759,6.312927845835649,0.0,0.88339403
2018-03-07,2.6739085354444008,2.712016458881619,2.667557063444104,2.6802597045898438,214924823,6.268049312994048,0.0,0.88971904
2018-03-08,2.68026012107063,2.68026012107063,2.6548548348314696,2.66755747795105,108062993,6.29789616113692,0.0,0.88550236
2018-03-09,2.6675569381872184,2.680259578736497,2.642151657088661,2.6548542976379395,133135965,6.32803088853019,0.0,0.88128569
2018-03-12,2.6675566339138097,2.673908104891392,2.642151355713092,2.648502826690674,199125457,6.3432063695366105,0.0,0.87917735
2018-03-13,2.6548542968849476,2.692962218521975,2.6548542968849476,2.661205768585205,183275305,6.312927845835649,0.0,0.88339403
2018-03-14,2.654853994813451,2.661205465791033,2.635800187590315,2.648502826690674,120185933,6.3432063695366105,0.0,0.87917735
2018-03-15,2.635800187590315,2.661205465791033,2.635800187590315,2.648502826690674,113539378,6.3432063695366105,0.0,0.87917735
2018-03-16,2.648503178147935,2.654854347113514,2.6230978965759277,2.6230978965759277,125189301,6.404640872126791,0.0,0.87074399
2018-03-19,2.6230978965759277,2.629449065541507,2.6167464247555032,2.6230978965759277,68412888,6.404640872126791,0.0,0.87074399
2018-03-20,2.6167460775123743,2.654853994813451,2.6103949093895973,2.648502826690674,106648870,6.3432063695366105,0.0,0.87917735
2018-03-21,2.648502826690674,2.661205465791033,2.642151355713092,2.648502826690674,120687369,6.3432063695366105,0.0,0.87917735
2018-03-22,2.642151355713092,2.654853994813451,2.623097548489956,2.648502826690674,123067251,6.3432063695366105,0.0,0.87917735
2018-03-23,2.610395256660964,2.6230978974512063,2.5595846934999953,2.616746425628662,362184421,6.420186471053982,0.0,0.86863565
2018-03-26,2.5913413368914013,2.597692809186611,2.5151254864780936,2.534179449081421,221206459,6.629364785548078,0.0,0.84122725
2018-03-27,2.559584579284556,2.5659357479688483,2.496071226740056,2.5214765071868896,296175449,6.662762850304358,0.0,0.83701057
2018-03-28,2.496071313659571,2.540530555989713,2.496071313659571,2.515125274658203,190874635,6.679587760209306,0.0,0.83490223
2018-03-29,2.5151254864780936,2.5532334116847477,2.483368882139216,2.534179449081421,264695806,6.629364785548078,0.0,0.84122725
2018-03-30,2.5341790189738624,2.5341790189738624,2.4833684606553597,2.4960711002349854,314510866,6.730577505752305,0.0,0.82857721
2018-04-02,2.4960715421631066,2.5024228630774172,2.4579634652498066,2.4643149375915527,240752595,6.817310459684643,0.0,0.81322421
2018-04-03,2.4452608234211852,2.4706662585058634,2.4325581815925634,2.4643149375915527,166574532,6.817310459684643,0.0,0.81322421
2018-04-04,2.457963644341071,2.4706664385226746,2.445261001586914,2.445261001586914,135965337,6.8704322316093105,0.0,0.80693639
2018-04-09,2.438909680209836,2.451612322963993,2.426207037455679,2.445261001586914,141443796,6.8704322316093105,0.0,0.80693639
2018-04-10,2.445260390489074,2.502422420024798,2.4325577509094485,2.4960711002349854,206772753,6.730577505752305,0.0,0.8237039
2018-04-11,2.496071226740056,2.5468819390611395,2.477017266404931,2.5214765071868896,364744087,6.662762850304358,0.0,0.83208765
2018-04-12,2.5087741569798974,2.5151254778258236,2.4770175527502647,2.4833688735961914,173853028,6.7650038536851556,0.0,0.81951202
2018-04-13,2.508773698720758,2.508773698720758,2.4516116701213506,2.457962989807129,172782461,6.834927974777302,0.0,0.81112827
2018-04-16,2.4452607535456337,2.4516120742784495,2.388098866950289,2.3944501876831055,272866018,7.016224470409991,0.0,0.79016888
2018-04-17,2.3944502761218205,2.4135042390240242,2.381747634187018,2.388098955154419,123344293,7.034884364292887,0.0,0.78807294
2018-04-18,2.41985514139942,2.41985514139942,2.388098542055742,2.400801181793213,149872065,6.99766399958688,0.0,0.79226482
2018-04-19,2.400801094683612,2.4198550535984737,2.394449775045325,2.4071524143218994,114325808,6.97920077683681,0.0,0.79436076
2018-04-20,2.400801181793213,2.407152501661949,2.3753959023182705,2.400801181793213,135579573,6.99766399958688,0.0,0.79226482
2018-04-23,2.388098542055742,2.4135038215306843,2.388098542055742,2.400801181793213,88217840,6.99766399958688,0.0,0.79226482
2018-04-24,2.4008013700209174,2.4516119329544535,2.4008013700209174,2.4389092922210693,175527902,6.8883250613640294,0.0,0.80484045
2018-04-25,2.426206765015514,2.4325580856793994,2.4071528030238594,2.413504123687744,91253971,6.960833352267171,0.0,0.7964567
2018-04-26,2.4198550535984737,2.4198550535984737,2.3880984554070377,2.4071524143218994,124128902,6.97920077683681,0.0,0.79436076
2018-04-27,2.4135041855105435,2.4262068271636963,2.3944502230308142,2.4262068271636963,84345288,6.924389055338563,0.0,0.80064857
2018-05-02,2.43255775741143,2.4452603970250086,2.407152478184273,2.4198551177978516,151693256,6.942564402487269,0.0,0.79855263
2018-05-03,2.4135041855105435,2.4325581479902727,2.407152864683967,2.4262068271636963,110036798,6.924389055338563,0.0,0.80064857
2018-05-04,2.4198554443516294,2.426206765015514,2.413504123687744,2.413504123687744,72547354,6.960833352267171,0.0,0.7964567
2018-05-07,2.4198556556738895,2.4389096193294977,2.4071530132368175,2.432558298110962,93844253,6.906309301218508,0.0,0.80274451
2018-05-08,2.432557711064017,2.4706657806060903,2.4262063913782392,2.457962989807129,171027142,6.834927974777302,0.0,0.81112827
2018-05-09,2.4579634652498066,2.4643149375915527,2.4452608234211852,2.4643149375915527,70743583,6.817310459684643,0.0,0.81322421
2018-05-10,2.4643149375915527,2.477017579420174,2.451612144335496,2.4643149375915527,60892345,6.817310459684643,0.0,0.81322421
2018-05-11,2.470665606573374,2.4897195642885546,2.457962816669192,2.4770169258117676,110250120,6.782351717073675,0.0,0.81741608
2018-05-14,2.4770169258117676,2.496070883526948,2.4643142873349806,2.4770169258117676,147699296,6.782351717073675,0.0,0.81741608
2018-05-15,2.4833685718500558,2.4833685718500558,2.4579631401258486,2.47066593170166,79131370,6.7997861566128766,0.0,0.81532014
2018-05-16,2.464315117145596,2.464315117145596,2.445261001586914,2.445261001586914,80893512,6.8704322316093105,0.0,0.80693639
2018-05-17,2.445261001586914,2.451612322963993,2.438909680209836,2.445261001586914,60375250,6.8704322316093105,0.0,0.80693639
2018-05-18,2.445260178192405,2.4770169258117676,2.4389088589540115,2.4770169258117676,96945477,6.782351717073675,0.0,0.81741608
2018-05-21,2.4833688735961914,2.4960715152880444,2.4706662319043384,2.4833688735961914,91052401,6.7650038536851556,0.0,0.81951202
2018-05-22,2.483368900334485,2.483368900334485,2.4452608234211852,2.4643149375915527,110949472,6.817310459684643,0.0,0.81322421
2018-05-23,2.4579632533211457,2.4579632533211457,2.4389092922210693,2.4389092922210693,90073432,6.8883250613640294,0.0,0.80484045
2018-05-24,2.438909077218219,2.4452603970250086,2.413503797991062,2.4198551177978516,85537506,6.942564402487269,0.0,0.79855263
2018-05-25,2.41985550633712,2.4325581479902727,2.4135041855105435,2.4262068271636963,85670361,6.924389055338563,0.0,0.80064857
2018-05-28,2.41985550633712,2.4325581479902727,2.4008015438573906,2.4262068271636963,73992574,6.924389055338563,0.0,0.80064857
2018-05-29,2.4135043344553533,2.4389096193294977,2.388099049581209,2.432558298110962,123283925,6.906309301218508,0.0,0.80274451
2018-05-30,2.4135042390240242,2.4135042390240242,2.388098955154419,2.388098955154419,91484486,7.034884364292887,0.0,0.78807294
2018-05-31,2.4008015084159213,2.4008015084159213,2.3817475462174733,2.3944501876831055,150295775,7.016224470409991,0.0,0.79016888
2018-06-01,2.388098955154419,2.4008015970892216,2.3753963132196168,2.388098955154419,113555575,7.034884364292887,0.0,0.78807294
2018-06-04,2.394449775045325,2.4135037339601864,2.3880984554070377,2.4071524143218994,92607275,6.97920077683681,0.0,0.79436076
2018-06-05,2.4071524143218994,2.4135037339601864,2.394449775045325,2.4071524143218994,65414183,6.97920077683681,0.0,0.79436076
2018-06-06,2.407152829148737,2.407152829148737,2.388098866950289,2.3944501876831055,71798631,7.016224470409991,0.0,0.79016888
2018-06-07,2.400801181793213,2.4135038215306843,2.3944498619244774,2.400801181793213,84225860,6.99766399958688,0.0,0.79226482
2018-06-08,2.3944502140870254,2.4008015348898786,2.369044930875614,2.375396251678467,112333062,7.0725042140354635,0.0,0.78388106
2018-06-11,2.369044930875614,2.375396251678467,2.356342289269908,2.375396251678467,60560749,7.0725042140354635,0.0,0.78388106
2018-06-12,2.369044930875614,2.38174757248132,2.362693610072761,2.375396251678467,51286075,7.0725042140354635,0.0,0.78388106
2018-06-13,2.3753963401892926,2.3753963401892926,2.349991056031242,2.3690450191497803,73616349,7.0914650689201775,0.0,0.78178513
2018-06-14,2.356342377070755,2.3753963401892926,2.349991056031242,2.3690450191497803,96141111,7.0914650689201775,0.0,0.78178513
2018-06-15,2.369044843072243,2.3880988047746086,2.3626935225047876,2.3817474842071533,129398517,7.053644482211959,0.0,0.785977
2018-06-19,2.369044992252215,2.4008015970892216,2.3563423503174126,2.388098955154419,335329325,7.034884364292887,0.0,0.78807294
2018-06-20,2.3817476612288053,2.3817476612288053,2.3626936981102675,2.3690450191497803,98579945,7.0914650689201775,0.0,0.78178513
2018-06-21,2.369044930875614,2.3880988932841727,2.362693610072761,2.375396251678467,95451769,7.0725042140354635,0.0,0.78388106
2018-06-22,2.362693610072761,2.375396251678467,2.356342289269908,2.375396251678467,63539339,7.0725042140354635,0.0,0.78388106
2018-06-25,2.381747205428211,2.3880985252522566,2.3372879666598925,2.3499906063079834,99775389,7.148964746882158,0.0,0.77549731
2018-06-26,2.337288406724164,2.337288406724164,2.286477687137757,2.318234443664551,151873568,7.246894310414692,0.0,0.76501762
2018-06-27,2.3118830623773703,2.318234383231672,2.261072344115522,2.299180269241333,137303825,7.306952057980014,0.0,0.7587298
2018-06-28,2.2801261198148493,2.2928287604824313,2.2547208384796855,2.2610721588134766,110412888,7.430103428815821,0.0,0.74615417
2018-06-29,2.2674237523167626,2.2991803578116174,2.261072431217792,2.2928290367126465,78389564,7.3271926214294085,0.0,0.75663386
2018-07-02,2.2864780126496287,2.2928293345736988,2.1848568618645086,2.2039108276367188,145803207,7.622812951109665,0.0,0.71572297
2018-07-03,2.197558683180252,2.2293152809143066,2.197558683180252,2.2293152809143066,114461957,7.535946191114716,0.0,0.72397338
2018-07-04,2.2229640252026677,2.254720623848653,2.2166127054734703,2.242017984390259,80555149,7.493249437322842,0.0,0.72809859
2018-07-05,2.2420182597432627,2.2801261827986616,2.2420182597432627,2.2737748622894287,112429924,7.388594305719582,0.0,0.7384116
2018-07-06,2.273774924399929,2.3055316792409886,2.2610722830344767,2.286477565765381,93056432,7.347546396929694,0.0,0.7425368
2018-07-09,2.292828844835352,2.3944501253420643,2.2864775242678967,2.3817474842071533,159554047,7.053644482211959,0.0,0.77347584
2018-07-10,2.388098982268318,2.3944503033078304,2.356342377070755,2.3690450191497803,121670058,7.0914650689201775,0.0,0.76935063
2018-07-11,2.3309369450198387,2.36904486883905,2.3245856243833036,2.3626935482025146,106748671,7.110528579883359,0.0,0.76728803
2018-07-12,2.356341857215602,2.4135037339601864,2.349990537577315,2.4071524143218994,153194789,6.97920077683681,0.0,0.78172625
2018-07-13,2.411148820064502,2.411148820064502,2.364524438357678,2.371185064315796,133183730,14.507513781901329,0.176,0.73428639
2018-07-16,2.371185098410121,2.371185098410121,2.317900089979015,2.331221342086792,115951437,14.75621356880975,0.0,0.72191078
2018-07-17,2.3312214334464816,2.3312214334464816,2.304578928186819,2.3179001808166504,72455073,14.841018730961949,0.0,0.71778558
2018-07-18,2.324560899283391,2.3445427790202733,2.304579019546509,2.304579019546509,114395141,14.926804291904547,0.0,0.71366037
2018-07-19,2.311239572435343,2.311239572435343,2.2845970669689533,2.2979183197021484,81732209,14.970070826738027,0.0,0.71159777
2018-07-20,2.297918338674128,2.3845064821547806,2.2912577122525395,2.3645246028900146,190067903,14.548378967152622,0.0,0.73222379
2018-07-23,2.3512036388294426,2.404488656746794,2.337882384350105,2.391167402267456,184749804,14.386278420900078,0.0,0.7404742
2018-07-24,2.384506610135087,2.424470529611407,2.3778459833560115,2.3978278636932373,179271352,14.34631756552184,0.0,0.7425368
2018-07-25,2.404488656746794,2.4111492839864628,2.3845067750277873,2.391167402267456,96287084,7.360421517669807,0.0,0.7404742
2018-07-26,2.3978278830774964,2.4111491367433366,2.3645247489128947,2.3778460025787354,110668303,7.401656785558478,0.0,0.736349
2018-07-27,2.371185064315796,2.3778456902739133,2.3578638123995606,2.371185064315796,74406725,7.422448911670447,0.0,0.73428639
2018-07-30,2.3711853565769365,2.3978278636932373,2.364524729797861,2.3978278636932373,135535406,7.339976428871639,0.0,0.7425368
2018-07-31,2.3911673818337067,2.4178100493665866,2.371185500285455,2.411149263381958,137729682,7.299423667912477,0.0,0.74666201
2018-08-01,2.411148820064502,2.437791482698822,2.371185064315796,2.371185064315796,136788645,7.422448911670447,0.0,0.73428639
2018-08-02,2.364524882332082,2.3711855095408305,2.3112398646620926,2.32456111907959,154285811,7.57132168113038,0.0,0.71984818
2018-08-03,2.32456111907959,2.3512036279145847,2.3112398646620926,2.32456111907959,81158867,7.57132168113038,0.0,0.71984818
2018-08-06,2.3245607894029177,2.3645245469876213,2.3245607894029177,2.3378820419311523,127335792,7.528181355746217,0.0,0.72397338
2018-08-07,2.3378819345252073,2.371185064315796,2.3312213085670894,2.371185064315796,107787253,7.422448911670447,0.0,0.73428639
2018-08-08,2.3645244552124858,2.3711850812180817,2.344542577195698,2.351203203201294,83709854,7.48552910103075,0.0,0.72809859
2018-08-09,2.3445425604833248,2.3778456902739133,2.3378819345252073,2.371185064315796,102750659,7.422448911670447,0.0,0.73428639
2018-08-10,2.3711851554740138,2.377845781688194,2.351203276831474,2.3578639030456543,67591511,7.46438332478226,0.0,0.73016119
2018-08-13,2.3445425941945683,2.3445425941945683,2.304578837871239,2.331221342086792,118773774,7.549690663111966,0.0,0.72191078
2018-08-14,2.3312214156670352,2.3378820419311523,2.311239536874683,2.3378820419311523,79333781,7.528181355746217,0.0,0.72397338
2018-08-15,2.3312214515351357,2.337882077901733,2.2979183197021484,2.2979183197021484,99712338,7.659106004377595,0.0,0.71159777
2018-08-16,2.2845969765602283,2.3179001070753054,2.277936350457213,2.31123948097229,92831293,7.614961644994074,0.0,0.71572297
2018-08-17,2.3179001988019405,2.3179001988019405,2.291257693335551,2.2979183197021484,65935706,7.659106004377595,0.0,0.71159777
2018-08-20,2.304578837871239,2.331221342086792,2.297918211817351,2.331221342086792,85970061,7.549690663111966,0.0,0.72191078
2018-08-21,2.3312212517652795,2.3578637549485877,2.317900000173626,2.3445425033569336,84802576,7.506795024956975,0.0,0.72603599
2018-08-22,2.33788196814068,2.3445425941945683,2.317900089979015,2.331221342086792,39755912,7.549690663111966,0.0,0.72191078
2018-08-23,2.331221342086792,2.3445425941945683,2.317900089979015,2.331221342086792,60185058,7.549690663111966,0.0,0.72191078
2018-08-24,2.3312213251845058,2.377845707223678,2.317900073173314,2.351203203201294,109416481,7.48552910103075,0.0,0.72809859
2018-08-27,2.357863976468426,2.371185229311603,2.3512033500468372,2.3645246028900146,120249345,7.443356680868785,0.0,0.73222379
2018-08-28,2.364524438357678,2.3845063162320312,2.364524438357678,2.371185064315796,82308642,7.422448911670447,0.0,0.73428639
2018-08-29,2.364524438357678,2.371185064315796,2.3578638123995606,2.371185064315796,69168720,7.422448911670447,0.0,0.73428639
2018-08-30,2.3711850812180817,2.377845707223678,2.351203203201294,2.351203203201294,68599840,7.48552910103075,0.0,0.72809859
2018-08-31,2.357863976468426,2.3845064821547806,2.3512033500468372,2.3645246028900146,148487144,7.443356680868785,0.0,0.73222379
2018-09-03,2.3645246028900146,2.371185229311603,2.3512033500468372,2.3645246028900146,71575950,7.443356680868785,0.0,0.73222379
2018-09-04,2.3645245848918477,2.391167090375406,2.3512033321500683,2.3845064640045166,95791224,7.380982297880935,0.0,0.7384116
2018-09-05,2.377845707223678,2.384506333229274,2.351203203201294,2.351203203201294,87115505,7.48552910103075,0.0,0.72809859
2018-09-06,2.3512032202484563,2.3578638463023447,2.331221342086792,2.331221342086792,69714577,7.549690663111966,0.0,0.72191078
2018-09-07,2.3312214156670352,2.351203294459387,2.3312214156670352,2.3378820419311523,57669421,7.528181355746217,0.0,0.72397338
2018-09-10,2.3312212517652795,2.3512031291527604,2.3245606259694527,2.3445425033569336,76078178,7.506795024956975,0.0,0.72603599
2018-09-11,2.3378820419311523,2.351203294459387,2.3245607894029177,2.3378820419311523,72634898,7.528181355746217,0.0,0.72397338
2018-09-12,2.3312217462883384,2.337882373497087,2.3112398646620926,2.32456111907959,75600959,7.57132168113038,0.0,0.71984818
2018-09-13,2.3378820244031147,2.3578639030456543,2.3312213981889345,2.3578639030456543,88918602,7.46438332478226,0.0,0.73016119
2018-09-14,2.3578639030456543,2.364524529259834,2.351203276831474,2.3578639030456543,69449609,7.46438332478226,0.0,0.73016119
2018-09-17,2.3512031291527604,2.3578637549485877,2.3378818775611068,2.3445425033569336,55208739,7.506795024956975,0.0,0.72603599
2018-09-18,2.3512033500468372,2.3645246028900146,2.33788209720366,2.3645246028900146,81880381,7.443356680868785,0.0,0.73222379
2018-09-19,2.364524438357678,2.3845063162320312,2.3578638123995606,2.371185064315796,104385705,7.422448911670447,0.0,0.73428639
2018-09-20,2.3845066294116557,2.3978278830774964,2.3578641220799743,2.3778460025787354,143555428,7.401656785558478,0.0,0.736349
2018-09-21,2.3778461650591423,2.4577738513175884,2.3711855377710953,2.451113224029541,256087050,7.180410854732462,0.0,0.75903762
2018-09-25,2.431131362915039,2.4444526176048296,2.417810108225248,2.431131362915039,120282557,7.239427810637425,0.0,0.75284981
2018-09-26,2.4311313421653997,2.4710951058936823,2.4244707148773528,2.451113224029541,184827918,7.180410854732462,0.0,0.75903762
2018-09-27,2.444452596741494,2.451113224029541,2.4244707148773528,2.451113224029541,94309597,7.180410854732462,0.0,0.75903762
2018-09-28,2.4511130394242135,2.4977374269290324,2.444452412637811,2.477755546569824,198535299,7.103202745067096,0.0,0.76728803
2018-10-08,2.437791930914838,2.437791930914838,2.3911673818337067,2.411149263381958,183874847,7.299423667912477,0.0,0.72057076
2018-10-09,2.404488656746794,2.4111492839864628,2.3845067750277873,2.391167402267456,115433281,7.360421517669807,0.0,0.71459918
2018-10-10,2.3978278636932373,2.4111491172513877,2.384506610135087,2.3978278636932373,95679585,7.339976428871639,0.0,0.71658971
2018-10-11,2.3578638463023447,2.371185098410121,2.304578837871239,2.331221342086792,208608361,7.549690663111966,0.0,0.69668444
2018-10-12,2.324560844360483,2.3645246028900146,2.317900217938894,2.3645246028900146,150389949,7.443356680868785,0.0,0.70663707
2018-10-15,2.3578638463023447,2.3578638463023447,2.331221342086792,2.331221342086792,92730470,7.549690663111966,0.0,0.69668444
2018-10-16,2.3378820419311523,2.357863920723504,2.3312214156670352,2.3378820419311523,93122386,7.528181355746217,0.0,0.69867496
2018-10-17,2.3578639030456543,2.364524529259834,2.3312213981889345,2.3578639030456543,120474205,7.46438332478226,0.0,0.70464655
2018-10-18,2.3512031291527604,2.3645243807444145,2.3378818775611068,2.3445425033569336,119812609,7.506795024956975,0.0,0.70066549
2018-10-19,2.331221435587653,2.411148951440052,2.3245608092666195,2.4044883251190186,183244589,7.319644606354587,0.0,0.71858023
2018-10-22,2.4111489769472825,2.4777553996640935,2.4044883505557872,2.4644341468811035,240687215,7.141598821893417,0.0,0.73649498
2018-10-23,2.451113185280339,2.4577738124630892,2.4044886361992073,2.411149263381958,157134530,7.299423667912477,0.0,0.72057076
2018-10-24,2.411149301499378,2.4844163604697767,2.411149301499378,2.451113224029541,198592760,7.180410854732462,0.0,0.73251392
2018-10-25,2.417809834009615,2.471094846725464,2.4111490486182694,2.471094846725464,124111433,7.122349036226751,0.0,0.7384855
2018-10-26,2.471094846725464,2.484416099904426,2.4511129669570204,2.471094846725464,134101945,7.122349036226751,0.0,0.7384855
2018-10-29,2.4710947732725983,2.497737278838579,2.444452267706618,2.4644341468811035,160352722,7.141598821893417,0.0,0.73649498
2018-10-30,2.4644342016815486,2.49773733437957,2.4644342016815486,2.491076707839966,175224349,7.065218001761621,0.0,0.74445709
2018-10-31,2.4910768001426296,2.4977374269290324,2.464434292997019,2.477755546569824,131228348,7.103202745067096,0.0,0.74047603
2018-11-01,2.4777556596369115,2.4844162867272575,2.4444525241851807,2.4444525241851807,141777296,7.1999762015695845,0.0,0.7305234
2018-11-02,2.4644342201359826,2.4777554733149447,2.4511129669570204,2.471094846725464,193124033,7.122349036226751,0.0,0.7384855
2018-11-05,2.4577738513175884,2.4644344786056354,2.437791969453447,2.451113224029541,142746392,7.180410854732462,0.0,0.73251392
2018-11-06,2.4511130781239503,2.4511130781239503,2.4244705705576908,2.4377918243408203,102952791,7.219648463936844,0.0,0.72853287
2018-11-07,2.4444524512323853,2.4577737050155153,2.4311311974492558,2.4377918243408203,90057052,7.219648463936844,0.0,0.72853287
2018-11-08,2.451113151275527,2.457773778365873,2.4377918970948347,2.4444525241851807,69605027,7.1999762015695845,0.0,0.7305234
2018-11-09,2.4377919517470183,2.4377919517470183,2.391167402267456,2.391167402267456,160733181,7.360421517669807,0.0,0.71459918
2018-11-12,2.3911670724769523,2.411148951440052,2.384506446155919,2.4044883251190186,88761118,7.319644606354587,0.0,0.71858023
2018-11-13,2.384506754650956,2.4178100493665866,2.384506754650956,2.411149263381958,110553222,7.299423667912477,0.0,0.72057076
2018-11-14,2.411148969488075,2.411148969488075,2.371185211262737,2.3845064640045166,129822510,7.380982297880935,0.0,0.71260865
2018-11-15,2.3778459833560115,2.3978278636932373,2.3778459833560115,2.3978278636932373,107738755,7.339976428871639,0.0,0.71658971
2018-11-16,2.3978278636932373,2.4111491172513877,2.384506610135087,2.3978278636932373,132210478,7.339976428871639,0.0,0.71658971
2018-11-19,2.404488622831638,2.4244706630706787,2.3978279956859168,2.4244706630706787,102766923,7.259316546115254,0.0,0.72455182
2018-11-20,2.4178099028323317,2.4178099028323317,2.3978278636932373,2.3978278636932373,91952493,7.339976428871639,0.0,0.71658971
2018-11-21,2.3911670724769523,2.411148951440052,2.384506446155919,2.4044883251190186,62489308,7.319644606354587,0.0,0.71858023
2018-11-22,2.411148951440052,2.411148951440052,2.3911670724769523,2.4044883251190186,48039504,7.319644606354587,0.0,0.71858023
2018-11-23,2.3978280295071253,2.4111492839864628,2.3845067750277873,2.391167402267456,84850028,7.360421517669807,0.0,0.71459918
2018-11-26,2.3911672369141623,2.4111491172513877,2.3911672369141623,2.3978278636932373,84541375,7.339976428871639,0.0,0.71658971
2018-11-27,2.4044883431171855,2.4044883431171855,2.3845064640045166,2.3845064640045166,58508790,7.380982297880935,0.0,0.71260865
2018-11-28,2.384506610135087,2.4111491172513877,2.384506610135087,2.3978278636932373,59010992,7.339976428871639,0.0,0.71658971
2018-11-29,2.404488656746794,2.4111492839864628,2.3845067750277873,2.391167402267456,54474093,7.360421517669807,0.0,0.71459918
2018-11-30,2.384506446155919,2.4044883251190186,2.384506446155919,2.4044883251190186,66155248,7.319644606354587,0.0,0.71858023
2018-12-03,2.424470735570144,2.4444526176048296,2.417810108225248,2.431131362915039,119871047,7.239427810637425,0.0,0.72654234
2018-12-04,2.4311311974492558,2.4377918243408203,2.4244705705576908,2.4377918243408203,60339860,7.219648463936844,0.0,0.72853287
2018-12-05,2.4178100359249575,2.4311312902164,2.4178100359249575,2.4244706630706787,56800275,7.259316546115254,0.0,0.72455182
2018-12-06,2.417809736562943,2.424470362883976,2.3911670724769523,2.4044883251190186,70206907,7.319644606354587,0.0,0.71858023
2018-12-07,2.4044884904723127,2.4044884904723127,2.3911672369141623,2.3978278636932373,32524586,7.339976428871639,0.0,0.71658971
2018-12-10,2.391167256244576,2.3978278830774964,2.371185375745815,2.3778460025787354,71477892,7.401656785558478,0.0,0.71061813
2018-12-11,2.3778460025787354,2.3845066294116557,2.371185375745815,2.3778460025787354,50892678,7.401656785558478,0.0,0.71061813
2018-12-12,2.3845067750277873,2.391167402267456,2.3778461477881185,2.391167402267456,47860201,7.360421517669807,0.0,0.71459918
2018-12-13,2.3911672369141623,2.4111491172513877,2.3778459833560115,2.3978278636932373,66510366,7.339976428871639,0.0,0.71658971
2018-12-14,2.397827716746296,2.397827716746296,2.3845064640045166,2.3845064640045166,80859759,7.380982297880935,0.0,0.71260865
2018-12-17,2.384506446155919,2.4044883251190186,2.3778458198348855,2.4044883251190186,69953697,7.319644606354587,0.0,0.71858023
2018-12-18,2.391167402267456,2.404488656746794,2.3778461477881185,2.391167402267456,70663134,7.360421517669807,0.0,0.71459918
2018-12-19,2.397827716746296,2.397827716746296,2.377845837633627,2.3845064640045166,57165705,7.380982297880935,0.0,0.71260865
2018-12-20,2.3845063162320312,2.3845063162320312,2.3445425604833248,2.371185064315796,117437738,7.422448911670447,0.0,0.7086276
2018-12-21,2.3578641220799743,2.3778460025787354,2.3445428684141336,2.3778460025787354,113530058,7.401656785558478,0.0,0.71061813
2018-12-24,2.3711855205484493,2.3978280295071253,2.3645248933087806,2.391167402267456,84948292,7.360421517669807,0.0,0.71459918
2018-12-25,2.384506446155919,2.417809736562943,2.3711851935138526,2.4044883251190186,140661228,7.319644606354587,0.0,0.71858023
2018-12-26,2.4044885505335465,2.4178099632263184,2.3978279235880966,2.4178099632263184,93084473,7.279314862494243,0.0,0.72256129
2018-12-27,2.4178099632263184,2.4377918440626676,2.4178099632263184,2.4178099632263184,158587903,7.279314862494243,0.0,0.72256129
2018-12-28,2.424470362883976,2.437791615526043,2.4044883251190186,2.4044883251190186,108887790,7.319644606354587,0.0,0.71858023
2019-01-02,2.411148912759093,2.4178096977751284,2.351203276831474,2.3578639030456543,122878994,7.46438332478226,0.0,0.68866464
2019-01-03,2.357863976468426,2.377845855733192,2.3445427236252487,2.3645246028900146,97030394,7.443356680868785,0.0,0.69061002
2019-01-04,2.3512033321500683,2.391167090375406,2.344542705779179,2.3845064640045166,123496514,7.380982297880935,0.0,0.69644616
2019-01-07,2.351203495247054,2.391167256244576,2.3645247489128947,2.3778460025787354,119228983,7.401656785558478,0.0,0.69450078
2019-01-08,2.377845781688194,2.377845781688194,2.3445426506172944,2.3578639030456543,116524413,7.46438332478226,0.0,0.68866464
2019-01-09,2.357863976468426,2.3845064821547806,2.357863976468426,2.3645246028900146,132123727,7.443356680868785,0.0,0.69061002
2019-01-10,2.3578637549485877,2.3645243807444145,2.3378818775611068,2.3445425033569336,117058162,7.506795024956975,0.0,0.68477388
2019-01-11,2.351203203201294,2.35786382920689,2.344542577195698,2.351203203201294,77248902,7.48552910103075,0.0,0.68671926
2019-01-14,2.3512032202484563,2.3578638463023447,2.3245607160329036,2.331221342086792,110368569,7.549690663111966,0.0,0.68088312
2019-01-15,2.3378818775611068,2.3512031291527604,2.3312212517652795,2.3445425033569336,98282606,7.506795024956975,0.0,0.68477388
2019-01-16,2.3445425033569336,2.3512031291527604,2.3312212517652795,2.3445425033569336,86618476,7.506795024956975,0.0,0.68477388
2019-01-17,2.351203203201294,2.3645244552124858,2.3378819511901017,2.351203203201294,123676248,7.48552910103075,0.0,0.68671926
2019-01-18,2.3578638123995606,2.3845063162320312,2.3512031864414427,2.371185064315796,168732641,7.422448911670447,0.0,0.6925554
2019-01-21,2.3778460025787354,2.391167256244576,2.371185375745815,2.3778460025787354,147846941,7.401656785558478,0.0,0.69450078
2019-01-22,2.3778456902739133,2.3845063162320312,2.364524438357678,2.371185064315796,105596634,7.422448911670447,0.0,0.6925554
2019-01-23,2.371185375745815,2.3845066294116557,2.3645247489128947,2.3778460025787354,67818276,7.401656785558478,0.0,0.69450078
2019-01-24,2.3778461477881185,2.391167402267456,2.3711855205484493,2.391167402267456,98673994,7.360421517669807,0.0,0.69839154
2019-01-25,2.397828009016457,2.4178100493665866,2.3911673818337067,2.411149263381958,152447063,7.299423667912477,0.0,0.70422768
2019-01-28,2.417809736562943,2.437791615526043,2.4044883251190186,2.4044883251190186,124104874,7.319644606354587,0.0,0.7022823
2019-01-29,2.411149249977359,2.4311312902164,2.3978279956859168,2.4244706630706787,131001095,7.259316546115254,0.0,0.70811844
2019-01-30,2.4244705901717682,2.4311312171172177,2.411149177478996,2.4178099632263184,90165061,7.279314862494243,0.0,0.70617306
2019-01-31,2.4244707148773528,2.4644344786056354,2.417810087589306,2.451113224029541,164124822,7.180410854732462,0.0,0.71589996
2019-02-01,2.4577738513175884,2.4577738513175884,2.4311313421653997,2.451113224029541,126516336,7.180410854732462,0.0,0.71589996
2019-02-11,2.4377918970948347,2.4444525241851807,2.4178100158237963,2.4444525241851807,113443769,7.1999762015695845,0.0,0.71395458
2019-02-12,2.444452596741494,2.4644344786056354,2.437791969453447,2.451113224029541,127368146,7.180410854732462,0.0,0.71589996
2019-02-13,2.4577736662106164,2.477755546569824,2.4511130394242135,2.477755546569824,185743678,7.103202745067096,0.0,0.72368148
2019-02-14,2.4777553996640935,2.4777553996640935,2.4577735204896083,2.4644341468811035,122324084,7.141598821893417,0.0,0.71979072
2019-02-15,2.4577738722946205,2.4644344996395158,2.424470735570144,2.431131362915039,122834771,7.239427810637425,0.0,0.71006382
2019-02-18,2.444452267706618,2.4710947732725983,2.4311310149236274,2.4644341468811035,153724349,7.141598821893417,0.0,0.71979072
2019-02-19,2.4577738513175884,2.4777557331817297,2.444452596741494,2.451113224029541,148027179,7.180410854732462,0.0,0.71589996
2019-02-20,2.4577738513175884,2.4644344786056354,2.437791969453447,2.451113224029541,101399406,7.180410854732462,0.0,0.71589996
2019-02-21,2.451113151275527,2.464434405456219,2.4377918970948347,2.4444525241851807,125340312,7.1999762015695845,0.0,0.71395458
2019-02-22,2.4377918049396534,2.4644343122938785,2.424470551262541,2.4577736854553223,144160667,7.160952248839567,0.0,0.71784534
2019-02-25,2.4644343468292886,2.597647044269064,2.4644343468292886,2.5843257904052734,460836863,6.810286870696736,0.0,0.75480757
2019-02-26,2.5776648707856435,2.597646909345319,2.5443617378559575,2.557682991027832,354221869,6.881228073119121,0.0,0.74702605
2019-02-27,2.5576831238758206,2.624289551996644,2.5510224969439252,2.5843257904052734,331536962,6.810286870696736,0.0,0.75480757
2019-02-28,2.5843256561734447,2.5843256561734447,2.551022364441895,2.557682991027832,182378553,6.881228073119121,0.0,0.74702605
2019-03-01,2.564343188677331,2.6043071003100744,2.5443613122618784,2.597646474838257,215845872,6.775363842031609,0.0,0.75869833
2019-03-04,2.6109683513641357,2.6642533679056486,2.6109683513641357,2.6109683513641357,386545488,6.740794077723937,0.0,0.76258909
2019-03-05,2.597646474838257,2.610967725781892,2.5843252238946213,2.597646474838257,225733760,6.775363842031609,0.0,0.75869833
2019-03-06,2.590986070213152,2.617628574371338,2.584325444173606,2.617628574371338,219450431,6.723642984462338,0.0,0.76453447
2019-03-07,2.6176287578567745,2.6176287578567745,2.5843256253246247,2.5909862518310547,251371617,6.792780157579781,0.0,0.75675295
2019-03-08,2.5776646824573617,2.5776646824573617,2.497737169265747,2.497737169265747,302637264,7.046377904194709,0.0,0.72951762
2019-03-11,2.491076598981908,2.53770098272169,2.491076598981908,2.5243797302246094,198105836,6.972009713623402,0.0,0.73729915
2019-03-12,2.5243797856048236,2.5776647967621202,2.5243797856048236,2.5510222911834717,247338281,6.8991949074012195,0.0,0.74508067
2019-03-13,2.5510223093956097,2.5510223093956097,2.517719177184543,2.5310404300689697,159160939,6.95366213471367,0.0,0.73924453
2019-03-14,2.5310403564731496,2.551022235218771,2.511058477727529,2.5243797302246094,127184389,6.972009713623402,0.0,0.73729915
2019-03-15,2.5243797302246094,2.5443616089702306,2.517719103976069,2.5243797302246094,151803477,6.972009713623402,0.0,0.73729915
2019-03-18,2.524379858098146,2.557682991027832,2.511058604926272,2.557682991027832,213022125,6.881228073119121,0.0,0.74702605
2019-03-19,2.5576827695220503,2.56434339553115,2.531040265485651,2.537700891494751,160159930,6.935411521108496,0.0,0.74118991
2019-03-20,2.53770098272169,2.5443616089702306,2.511058477727529,2.5243797302246094,164894157,6.972009713623402,0.0,0.73729915
2019-03-21,2.5310403564731496,2.5443616089702306,2.5243797302246094,2.5243797302246094,171372357,6.972009713623402,0.0,0.73729915
2019-03-22,2.5310404300689697,2.5443616829533964,2.517719177184543,2.5310404300689697,141956123,6.95366213471367,0.0,0.73924453
2019-03-25,2.5177191397109904,2.5243797660540674,2.4844160079956055,2.4844160079956055,188080678,7.08415979584653,0.0,0.72562686
2019-03-26,2.4977374269290324,2.4977374269290324,2.4710949197834218,2.477755546569824,125003507,7.103202745067096,0.0,0.72368148
2019-03-27,2.4844160079956055,2.4977372606817596,2.4777553816525284,2.4844160079956055,105866045,7.08415979584653,0.0,0.72562686
2019-03-28,2.4777554733149447,2.484416099904426,2.4577735935465013,2.471094846725464,108703118,7.122349036226751,0.0,0.7217361
2019-03-29,2.47109481001134,2.5243798219355105,2.47109481001134,2.5110585689544678,179117495,7.008996212831519,0.0,0.73340838
2019-04-01,2.5243797856048236,2.5643435439727957,2.517719159210161,2.5510222911834717,258230672,6.8991949074012195,0.0,0.72098596
2019-04-02,2.5576829175781337,2.5710041703674578,2.5377010383941476,2.5510222911834717,189184488,6.8991949074012195,0.0,0.72098596
2019-04-03,2.5377011112700205,2.564343617613769,2.524379858098146,2.557682991027832,160388263,6.881228073119121,0.0,0.72286843
2019-04-04,2.5643435870034725,2.5909862518310547,2.5576829604970426,2.5909862518310547,227900778,6.792780157579781,0.0,0.73228078
2019-04-08,2.6043071003100744,2.637610227669162,2.5776644396209663,2.597646474838257,257090796,6.775363842031609,0.0,0.73416325
2019-04-09,2.5909862640197234,2.5976468905574865,2.5710042256045704,2.577664852142334,144118101,6.8278853185170245,0.0,0.72851584
2019-04-10,2.571004629135132,2.5843260431033763,2.551022746385597,2.571004629135132,153702132,6.845573049753908,0.0,0.72663337
2019-04-11,2.571004629135132,2.5843260431033763,2.5576833739687754,2.571004629135132,167400036,6.845573049753908,0.0,0.72663337
2019-04-12,2.577664852142334,2.5909862640197234,2.5643435990668073,2.577664852142334,120418218,6.8278853185170245,0.0,0.72851584
2019-04-15,2.6043075048439146,2.6442712638824943,2.5909862518310547,2.5909862518310547,252187409,6.792780157579781,0.0,0.73228078
2019-04-16,2.5843257140422793,2.6709140204002324,2.5710043017702446,2.6642532348632812,415015277,6.605978654616576,0.0,0.75298795
2019-04-17,2.664253058294937,2.704216816056915,2.6376105531202847,2.684235095977783,265886153,6.556802728037078,0.0,0.75863536
2019-04-18,2.6775744883334482,2.6975565273405664,2.6509319813931143,2.6642532348632812,132160415,6.605978654616576,0.0,0.75298795
2019-04-19,2.670913843390457,2.690895563469589,2.664253058294937,2.684235095977783,140395222,6.556802728037078,0.0,0.75863536
2019-04-22,2.6908954608063476,2.6975562456477453,2.6109679483317914,2.617628574371338,196012726,6.723642984462338,0.0,0.73981066
2019-04-23,2.6176287212335763,2.6442712268865414,2.610968094820335,2.6309499740600586,179567175,6.689598880072903,0.0,0.7435756
2019-04-24,2.63761030299276,2.63761030299276,2.5843252976965316,2.604307174682617,158482961,6.758035369673657,0.0,0.73604572
2019-04-25,2.5976468783374846,2.6043075048439146,2.5776648400163324,2.5909862518310547,180265999,6.792780157579781,0.0,0.73228078
2019-04-26,2.5776652567183103,2.5909866706865547,2.5576833739687754,2.571004629135132,188107819,6.845573049753908,0.0,0.72663337
2019-05-06,2.5643434127571467,2.5643434127571467,2.497737152218721,2.517719030380249,279492783,6.990454370653855,0.0,0.71157361
2019-05-07,2.5243796564340912,2.531040282487934,2.497737152218721,2.517719030380249,160177514,6.990454370653855,0.0,0.71157361
2019-05-08,2.4910768001426296,2.4977374269290324,2.4710949197834218,2.477755546569824,140695378,7.103202745067096,0.0,0.70027879
2019-05-09,2.471094939132435,2.4844161928095474,2.4577736854553223,2.4577736854553223,131393019,7.160952248839567,0.0,0.69463138
2019-05-10,2.4710946648685423,2.5110584214643494,2.464434038769241,2.497737169265747,133876563,7.046377904194709,0.0,0.7059262
2019-05-13,2.4777554733149447,2.5177192328518316,2.431131087188577,2.471094846725464,299116010,7.122349036226751,0.0,0.69839632
2019-05-14,2.451113224029541,2.4710951058936823,2.451113224029541,2.451113224029541,124221343,7.180410854732462,0.0,0.69274891
2019-05-15,2.464434038769241,2.531040299762253,2.45777341266994,2.497737169265747,238268485,7.046377904194709,0.0,0.7059262
2019-05-16,2.484415900111036,2.5377009085417765,2.4710946480033513,2.517719030380249,270499185,6.990454370653855,0.0,0.71157361
2019-05-17,2.5110585133679133,2.5177191397109904,2.4844160079956055,2.4844160079956055,130094799,7.08415979584653,0.0,0.70216126
2019-05-20,2.484416188319034,2.5776649638902773,2.471094934665999,2.5443618297576904,441253911,6.917255161651327,0.0,0.71910349
2019-05-21,2.517719177184543,2.5510223093956097,2.517719177184543,2.5310404300689697,139061949,6.95366213471367,0.0,0.71533855
2019-05-22,2.531040265485651,2.5510221435129505,2.5243796394765514,2.537700891494751,105388637,6.935411521108496,0.0,0.71722102
2019-05-23,2.5310403564731496,2.557682861467311,2.491076598981908,2.5243797302246094,328154095,6.972009713623402,0.0,0.71345608
2019-05-24,2.517719103976069,2.53770098272169,2.5043978514789886,2.5243797302246094,177698771,6.972009713623402,0.0,0.71345608
2019-05-27,2.5243796394765514,2.5510221435129505,2.517719013467452,2.537700891494751,133006018,6.935411521108496,0.0,0.71722102
2019-05-28,2.5377011112700205,2.564343617613769,2.5377011112700205,2.557682991027832,145516106,6.881228073119121,0.0,0.72286843
2019-05-29,2.551022364441895,2.5776648707856435,2.5443617378559575,2.557682991027832,139384388,6.881228073119121,0.0,0.72286843
2019-05-30,2.5643435870034725,2.5909862518310547,2.5576829604970426,2.5909862518310547,170193780,6.792780157579781,0.0,0.73228078
2019-05-31,2.5909864173371684,2.6043076712009587,2.5710043777396105,2.5843257904052734,173862812,6.810286870696736,0.0,0.73039831
2019-06-03,2.594114656391444,2.594114656391444,2.566145792178207,2.5871224403381348,146338600,13.915073921006549,0.184,0.69651385
2019-06-04,2.5871224403381348,2.5871224403381348,2.5731380082315165,2.5871224403381348,74396506,13.915073921006549,0.0,0.69651385
2019-06-05,2.5941144282384156,2.615091074553442,2.5871222128000735,2.601106643676758,92962232,13.840262984801232,0.0,0.70027879
2019-06-06,2.6080988591151,2.615091074553442,2.5941144282384156,2.601106643676758,81681595,13.840262984801232,0.0,0.70027879
2019-06-10,2.6011068916427056,2.629075756062372,2.6011068916427056,2.615091323852539,96124288,13.766249641700842,0.0,0.70404373
2019-06-11,2.6220835494794326,2.6360679817400494,2.615091333349124,2.629075765609741,120278728,13.693024929485361,0.0,0.70780867
2019-06-12,2.622083415309694,2.622083415309694,2.6011067679921256,2.6080989837646484,86914650,13.803157097985586,0.0,0.70216126
2019-06-13,2.6080989837646484,2.622083415309694,2.5941145522196027,2.6080989837646484,77923154,13.803157097985586,0.0,0.70216126
2019-06-14,2.6150911995371713,2.6150911995371713,2.6011067679921256,2.6080989837646484,67299789,13.803157097985586,0.0,0.70216126
2019-06-17,2.615091323852539,2.6220835399574556,2.6011068916427056,2.615091323852539,59317441,13.766249641700842,0.0,0.70404373
2019-06-18,2.6220835494794326,2.629075765609741,2.6080991172188157,2.629075765609741,66274063,13.693024929485361,0.0,0.70780867
2019-06-19,2.6500521844730596,2.6640366155224506,2.636067753423669,2.6430599689483643,136494225,13.620576310390673,0.0,0.71157361
2019-06-20,2.643060339695515,2.6710292057175433,2.6360681231900083,2.664036989212036,162854955,13.513325883154504,0.0,0.71722102
2019-06-21,2.657044514759149,2.6710289464125463,2.6360678672790527,2.6360678672790527,170551338,13.656704535896177,0.0,0.70969114
2019-06-24,2.636067753423669,2.6430599689483643,2.6220833223742783,2.6430599689483643,80072015,13.620576310390673,0.0,0.71157361
2019-06-25,2.6430600729211164,2.6500522887208717,2.6150912097220953,2.6220834255218506,112023253,13.729540276864086,0.0,0.7059262
2019-06-26,2.6220835399574556,2.6220835399574556,2.6080991077476225,2.615091323852539,78718333,13.766249641700842,0.0,0.70404373
2019-06-27,2.6220834255218506,2.636067857121361,2.6150912097220953,2.6220834255218506,101014091,13.729540276864086,0.0,0.7059262
2019-06-28,2.6220835399574556,2.6220835399574556,2.6011068916427056,2.615091323852539,74833318,13.766249641700842,0.0,0.70404373
2019-07-01,2.6360679817400494,2.643060197870358,2.6220835494794326,2.629075765609741,120910317,13.693024929485361,0.0,0.70157504
2019-07-02,2.6220834356256555,2.6360678672790527,2.6220834356256555,2.6360678672790527,96159565,13.656704535896177,0.0,0.70344093
2019-07-03,2.6360678672790527,2.6430600831057514,2.6220834356256555,2.6360678672790527,107708784,13.656704535896177,0.0,0.70344093
2019-07-04,2.6360678672790527,2.6430600831057514,2.6220834356256555,2.6360678672790527,86753502,13.656704535896177,0.0,0.70344093
2019-07-05,2.629075641321606,2.636067857121361,2.6011067781225847,2.6220834255218506,130696774,13.729540276864086,0.0,0.69970915
2019-07-08,2.615091189242437,2.6220834049874338,2.5871223262624494,2.5941145420074463,145783199,13.87756763128182,0.0,0.69224559
2019-07-09,2.5941145420074463,2.601106757752443,2.5871223262624494,2.5941145420074463,70448639,13.87756763128182,0.0,0.69224559
2019-07-10,2.594114656391444,2.594114656391444,2.580130224284826,2.5871224403381348,59344976,13.915073921006549,0.0,0.6903797
2019-07-11,2.5941145420074463,2.601106757752443,2.5871223262624494,2.5941145420074463,53431974,13.87756763128182,0.0,0.69224559
2019-07-12,2.5941144282384156,2.601106643676758,2.5871222128000735,2.601106643676758,87635209,13.840262984801232,0.0,0.69411148
2019-07-15,2.594114656391444,2.6011068724447535,2.566145792178207,2.5871224403381348,102349661,13.915073921006549,0.0,0.6903797
2019-07-16,2.5871223159674166,2.5871223159674166,2.5731378845330712,2.580130100250244,62744974,13.952784782638828,0.0,0.6885138
2019-07-17,2.5731381132503075,2.5801303295889935,2.566145896911621,2.566145896911621,60406641,14.028820435863102,0.0,0.68478202
2019-07-18,2.559153910540009,2.56614612750702,2.552161693572998,2.552161693572998,64286242,14.10568934196344,0.0,0.68105024
2019-07-19,2.559153680572935,2.5731381132503075,2.552161464234249,2.566145896911621,86278289,14.028820435863102,0.0,0.68478202
2019-07-22,2.5731381132503075,2.5801303295889935,2.559153680572935,2.566145896911621,88148597,14.028820435863102,0.0,0.68478202
2019-07-23,2.566145668815899,2.5871223159674166,2.5591534530987263,2.580130100250244,81869420,13.952784782638828,0.0,0.6885138
2019-07-24,2.5871223159674166,2.594114531684589,2.580130100250244,2.580130100250244,71884541,13.952784782638828,0.0,0.6885138
2019-07-25,2.5871224403381348,2.594114656391444,2.580130224284826,2.5871224403381348,82325055,13.915073921006549,0.0,0.6903797
2019-07-26,2.580130224284826,2.594114656391444,2.580130224284826,2.5871224403381348,58545225,13.915073921006549,0.0,0.6903797
2019-07-29,2.5871224403381348,2.594114656391444,2.580130224284826,2.5871224403381348,60386308,13.915073921006549,0.0,0.6903797
2019-07-30,2.5871222128000735,2.601106643676758,2.5801299973617313,2.601106643676758,83479350,7.073912192231741,0.0,0.69411148
2019-07-31,2.5941145420074463,2.5941145420074463,2.5871223262624494,2.5941145420074463,57045671,7.092979011544041,0.0,0.69224559
2019-08-01,2.5871224306351026,2.5941146466621876,2.566145782553848,2.5731379985809326,99103831,7.150801865328431,0.0,0.68664791
2019-08-02,2.5521610919667252,2.5521610919667252,2.538176661329173,2.545168876647949,101216389,7.229382760735806,0.0,0.67918435
2019-08-05,2.538176796540204,2.538176796540204,2.4962233356850847,2.5032155513763428,118093792,7.3505455772209185,0.0,0.667989
2019-08-06,2.475246782148113,2.482238998103599,2.4542701342816553,2.468254566192627,134882201,7.454660573517209,0.0,0.65865955
2019-08-07,2.475247136856869,2.482239353814356,2.4612627029418945,2.4612627029418945,79794815,7.4758374951226765,0.0,0.65679366
2019-08-08,2.4682546899743754,2.48223912258666,2.461262473668233,2.4752469062805176,95153569,7.433601857379614,0.0,0.66052544
2019-08-09,2.482238893957025,2.4962233252812562,2.4752466782949094,2.4892311096191406,80175899,7.391840769182437,0.0,0.66425722
2019-08-12,2.4892311199938266,2.5102077670676004,2.482238904302569,2.5032155513763428,58497319,7.3505455772209185,0.0,0.667989
2019-08-13,2.4962233356850847,2.5032155513763428,2.4892311199938266,2.5032155513763428,52308971,7.3505455772209185,0.0,0.667989
2019-08-14,2.517200338161066,2.524192554839552,2.4962236881256104,2.4962236881256104,49395414,7.37113428076487,0.0,0.66612311
2019-08-15,2.475246688611311,2.5032155513763428,2.468254472920053,2.5032155513763428,61462098,7.3505455772209185,0.0,0.667989
2019-08-16,2.5032159048040956,2.5032159048040956,2.4822392547686394,2.4962236881256104,52767073,7.37113428076487,0.0,0.66612311
2019-08-19,2.4962233356850847,2.5032155513763428,2.461262257228795,2.5032155513763428,123136396,7.3505455772209185,0.0,0.667989
2019-08-20,2.4962233252812562,2.503215540943372,2.482238893957025,2.4892311096191406,75211957,7.391840769182437,0.0,0.66425722
2019-08-21,2.489231223933051,2.489231223933051,2.4752467919666072,2.482239007949829,35047992,7.412662495863855,0.0,0.66239133
2019-08-22,2.4892313388928016,2.496223555198944,2.4752469062805176,2.4752469062805176,37705060,7.433601857379614,0.0,0.66052544
2019-08-23,2.48223912258666,2.48223912258666,2.4682546899743754,2.4752469062805176,56802281,7.433601857379614,0.0,0.66052544
2019-08-26,2.4542704859844076,2.475247136856869,2.4542704859844076,2.4612627029418945,100693444,7.4758374951226765,0.0,0.65679366
2019-08-27,2.468254821411669,2.4962236881256104,2.4612626047331836,2.4962236881256104,107435695,7.37113428076487,0.0,0.66612311
2019-08-28,2.4892313388928016,2.4892313388928016,2.4682546899743754,2.4752469062805176,57789435,7.433601857379614,0.0,0.66052544
2019-08-29,2.475246782148113,2.482238998103599,2.461262350237141,2.468254566192627,57765111,7.454660573517209,0.0,0.65865955
2019-08-30,2.482238998103599,2.482238998103599,2.461262350237141,2.468254566192627,71807855,7.454660573517209,0.0,0.65865955
2019-09-02,2.4682546899743754,2.48223912258666,2.4682546899743754,2.4752469062805176,81675660,7.433601857379614,0.0,0.66052544
2019-09-03,2.4752467919666072,2.489231223933051,2.4752467919666072,2.482239007949829,81668623,7.412662495863855,0.0,0.66239133
2019-09-04,2.4822391496403755,2.517200231552124,2.475246933258026,2.517200231552124,134434142,7.309708528293923,0.0,0.67172078
2019-09-05,2.5172000033935937,2.55216124884405,2.5172000033935937,2.531184434890747,131523688,7.269324094430991,0.0,0.67545257
2019-09-06,2.5451692296858766,2.5451692296858766,2.5241924141123113,2.538177013397217,67689681,7.249297390560072,0.0,0.67731846
2019-09-09,2.552161445974536,2.5591536622631956,2.531184630400971,2.538177013397217,87435328,7.249297390560072,0.0,0.67731846
2019-09-10,2.538176817346897,2.5451690330954735,2.5172000033935937,2.531184434890747,69503426,7.269324094430991,0.0,0.67545257
2019-09-11,2.5381769088220087,2.5591535568237305,2.5311845261138552,2.5591535568237305,101453382,7.189877274436392,0.0,0.68291613
2019-09-12,2.5661457728243042,2.5661457728243042,2.5521613408231563,2.5591535568237305,68494513,7.189877274436392,0.0,0.68291613
2019-09-16,2.5591535568237305,2.5591535568237305,2.5451691248225825,2.5591535568237305,65908033,7.189877274436392,0.0,0.68291613
2019-09-17,2.55216124884405,2.559153464592627,2.5241922191421704,2.531184434890747,74391925,7.269324094430991,0.0,0.67545257
2019-09-18,2.5381770474067613,2.5381770474067613,2.517200231552124,2.517200231552124,66258757,7.309708528293923,0.0,0.67172078
2019-09-19,2.5241923332214355,2.5311845492860208,2.5102079010922647,2.5241923332214355,65529753,7.289460378210354,0.0,0.67358668
2019-09-20,2.5311845492860208,2.538176932058187,2.51720011715685,2.5241923332214355,110878048,7.289460378210354,0.0,0.67358668
2019-09-23,2.5241924479344737,2.5311846643168234,2.5102080151697743,2.517200231552124,59755386,7.309708528293923,0.0,0.67172078
2019-09-24,2.5241924479344737,2.5311846643168234,2.517200231552124,2.517200231552124,45802034,7.309708528293923,0.0,0.67172078
2019-09-25,2.5172001075019996,2.5241923235397663,2.503215675426467,2.5102078914642334,57636691,7.330070175688543,0.0,0.66985489
2019-09-26,2.51720011715685,2.538176932058187,2.5102079010922647,2.5241923332214355,105534969,7.289460378210354,0.0,0.67358668
2019-09-27,2.5241924479344737,2.5241924479344737,2.496223582405075,2.517200231552124,96375888,7.309708528293923,0.0,0.67172078
2019-09-30,2.5102077670676004,2.5241921984501166,2.5032155513763428,2.5032155513763428,75877957,7.3505455772209185,0.0,0.64790546
2019-10-08,2.5032157987874246,2.5241924479344737,2.5032157987874246,2.517200231552124,80046740,7.309708528293923,0.0,0.65152505
2019-10-09,2.503215571896441,2.538176817346897,2.503215571896441,2.531184434890747,80175291,7.269324094430991,0.0,0.65514463
2019-10-10,2.5241924479344737,2.5311846643168234,2.5102080151697743,2.517200231552124,77403361,7.309708528293923,0.0,0.65152505
2019-10-11,2.524192063984058,2.545168876647949,2.517199848665282,2.545168876647949,94323806,7.229382760735806,0.0,0.65876421
2019-10-14,2.552161464234249,2.601106978605052,2.5451692478955628,2.566145896911621,230123803,7.170286000552252,0.0,0.66419359
2019-10-15,2.5731379985809326,2.5871224306351026,2.559153566526763,2.5731379985809326,147314161,7.150801865328431,0.0,0.66600338
2019-10-16,2.5871223159674166,2.6150911788361064,2.5731378845330712,2.580130100250244,129162795,7.131423333348734,0.0,0.66781317
2019-10-17,2.5801302146080176,2.5871224306351026,2.5731379985809326,2.5731379985809326,60614155,7.150801865328431,0.0,0.66600338
2019-10-18,2.5801302048254517,2.5941146368265997,2.5521613408231563,2.5591535568237305,85352927,7.189877274436392,0.0,0.6623838
2019-10-21,2.552161237381554,2.580130100250244,2.552161237381554,2.580130100250244,72708059,7.131423333348734,0.0,0.66781317
2019-10-22,2.5871223159674166,2.5871223159674166,2.566145668815899,2.580130100250244,60662989,7.131423333348734,0.0,0.66781317
2019-10-23,2.5801301105174526,2.601106757752443,2.5731378947724557,2.5941145420074463,108846633,7.092979011544041,0.0,0.67143276
2019-10-24,2.5941145623228294,2.636067857121361,2.587122346523074,2.6220834255218506,160378562,7.0173205859527545,0.0,0.67867192
2019-10-25,2.622083415309694,2.622083415309694,2.58712233644708,2.6080989837646484,99577223,7.054946961192633,0.0,0.67505234
2019-10-28,2.60809897349744,2.6220834049874338,2.5871223262624494,2.5941145420074463,87077379,7.092979011544041,0.0,0.67143276
2019-10-29,2.594114531684589,2.6011067474017615,2.5731378845330712,2.580130100250244,81634177,7.131423333348734,0.0,0.66781317
2019-10-30,2.580130100250244,2.5871223159674166,2.5731378845330712,2.580130100250244,61038410,7.131423333348734,0.0,0.66781317
2019-10-31,2.580130224284826,2.5871224403381348,2.566145792178207,2.5871224403381348,95024015,7.112148892958903,0.0,0.66962296
2019-11-01,2.5871224403381348,2.594114656391444,2.566145792178207,2.5871224403381348,94679745,7.112148892958903,0.0,0.66962296
2019-11-04,2.5871224403381348,2.6011068724447535,2.5731380082315165,2.5871224403381348,117974302,7.112148892958903,0.0,0.66962296
2019-11-05,2.5871222128000735,2.615091074553442,2.573137781923389,2.601106643676758,165559807,7.073912192231741,0.0,0.67324255
2019-11-06,2.594114675537789,2.6220835399574556,2.5871224594328726,2.615091323852539,128984628,7.036083150202653,0.0,0.67686213
2019-11-07,2.6150911995371713,2.622083415309694,2.6011067679921256,2.6080989837646484,86378235,7.054946961192633,0.0,0.67505234
2019-11-08,2.615091294743442,2.615091294743442,2.566145782553848,2.5731379985809326,133310111,7.150801865328431,0.0,0.66600338
2019-11-11,2.5661455226042778,2.5661455226042778,2.545168876647949,2.545168876647949,101767899,7.229382760735806,0.0,0.65876421
2019-11-12,2.5521613408231563,2.5591535568237305,2.5381769088220087,2.5591535568237305,65733057,7.189877274436392,0.0,0.6623838
2019-11-13,2.552161693572998,2.559153910540009,2.5381772596389767,2.552161693572998,77263350,7.209574552559091,0.0,0.660574
2019-11-14,2.55216124884405,2.55216124884405,2.5241922191421704,2.531184434890747,77996463,7.269324094430991,0.0,0.65514463
2019-11-15,2.5311845492860208,2.538176932058187,2.51720011715685,2.5241923332214355,89514014,7.289460378210354,0.0,0.65333484
2019-11-18,2.5241922191421704,2.538176817346897,2.510207787645017,2.531184434890747,77563849,7.269324094430991,0.0,0.65514463
2019-11-19,2.5241924141123113,2.5451692296858766,2.5241924141123113,2.538177013397217,80867714,7.249297390560072,0.0,0.65695442
2019-11-20,2.531184434890747,2.538176817346897,2.531184434890747,2.531184434890747,58736559,7.269324094430991,0.0,0.65514463
2019-11-21,2.531184630400971,2.538177013397217,2.517200197823652,2.538177013397217,72167234,7.249297390560072,0.0,0.65695442
2019-11-22,2.538176932058187,2.5451691481227723,2.5241923332214355,2.5241923332214355,90147950,7.289460378210354,0.0,0.65333484
2019-11-25,2.5241926589973525,2.559153910540009,2.5241926589973525,2.552161693572998,85133202,7.209574552559091,0.0,0.660574
2019-11-26,2.559153680572935,2.5731381132503075,2.5451692478955628,2.566145896911621,149997057,7.170286000552252,0.0,0.66419359
2019-11-27,2.5661457728243042,2.5661457728243042,2.5521613408231563,2.5591535568237305,47606200,7.189877274436392,0.0,0.6623838
2019-11-28,2.559153910540009,2.559153910540009,2.545169476605987,2.552161693572998,52741532,7.209574552559091,0.0,0.660574
2019-11-29,2.552161445974536,2.552161445974536,2.531184630400971,2.538177013397217,80189816,7.249297390560072,0.0,0.65695442
2019-12-02,2.5451690330954735,2.5451690330954735,2.531184434890747,2.531184434890747,61565545,7.269324094430991,0.0,0.65514463
2019-12-03,2.5311845492860208,2.5311845492860208,2.51720011715685,2.5241923332214355,80111213,7.289460378210354,0.0,0.65333484
2019-12-04,2.517200231552124,2.5241924479344737,2.517200231552124,2.517200231552124,61316940,7.309708528293923,0.0,0.65152505
2019-12-05,2.5241922191421704,2.531184434890747,2.5172000033935937,2.531184434890747,39001453,7.269324094430991,0.0,0.65514463
2019-12-06,2.531184434890747,2.538176817346897,2.5241922191421704,2.531184434890747,48199679,7.269324094430991,0.0,0.65514463
2019-12-09,2.538176817346897,2.538176817346897,2.5241922191421704,2.531184434890747,65100323,7.269324094430991,0.0,0.65514463
2019-12-10,2.5241923332214355,2.5311845492860208,2.51720011715685,2.5241923332214355,62571833,7.289460378210354,0.0,0.65333484
2019-12-11,2.5311845492860208,2.5311845492860208,2.5241923332214355,2.5241923332214355,43595774,7.289460378210354,0.0,0.65333484
2019-12-12,2.5311845492860208,2.5311845492860208,2.51720011715685,2.5241923332214355,59741958,7.289460378210354,0.0,0.65333484
2019-12-13,2.5311848759643634,2.559153910540009,2.5241926589973525,2.552161693572998,132599689,7.209574552559091,0.0,0.660574
2019-12-16,2.552161693572998,2.559153910540009,2.5381772596389767,2.552161693572998,92863947,7.209574552559091,0.0,0.660574
2019-12-17,2.552161350499678,2.601106862689272,2.5381769184455085,2.5731379985809326,178951710,7.150801865328431,0.0,0.66600338
2019-12-18,2.5801303295889935,2.5871225459276794,2.566145896911621,2.566145896911621,85297452,7.170286000552252,0.0,0.66419359
2019-12-19,2.566145668815899,2.5871223159674166,2.5591534530987263,2.580130100250244,79690380,7.131423333348734,0.0,0.66781317
2019-12-20,2.5731380082315165,2.5871224403381348,2.5731380082315165,2.5871224403381348,67926405,7.112148892958903,0.0,0.66962296
2019-12-23,2.5871225459276794,2.5871225459276794,2.559153680572935,2.566145896911621,84147646,7.170286000552252,0.0,0.66419359
2019-12-24,2.566145896911621,2.5731381132503075,2.559153680572935,2.566145896911621,34121262,7.170286000552252,0.0,0.66419359
2019-12-25,2.5661457728243042,2.573137988824878,2.5521613408231563,2.5591535568237305,59704346,7.189877274436392,0.0,0.6623838
2019-12-26,2.559153566526763,2.5731379985809326,2.552161350499678,2.5731379985809326,60351624,7.150801865328431,0.0,0.66600338
2019-12-27,2.566145668815899,2.5871223159674166,2.566145668815899,2.580130100250244,97404129,7.131423333348734,0.0,0.66781317
2019-12-30,2.5731378947724557,2.5941145420074463,2.559153463282462,2.5941145420074463,130539870,7.092979011544041,0.0,0.67143276
2019-12-31,2.580130100250244,2.5871223159674166,2.5731378845330712,2.580130100250244,74262419,7.131423333348734,0.0,0.65763754
2020-01-02,2.5941144282384156,2.615091074553442,2.5871222128000735,2.601106643676758,138990999,7.073912192231741,0.0,0.66298419
2020-01-03,2.60809897349744,2.60809897349744,2.5871223262624494,2.5941145420074463,85738414,7.092979011544041,0.0,0.66120197
2020-01-06,2.5871223159674166,2.6011067474017615,2.5731378845330712,2.580130100250244,137108515,7.131423333348734,0.0,0.65763754
2020-01-07,2.5801299973617313,2.615091074553442,2.5801299973617313,2.601106643676758,156523820,7.073912192231741,0.0,0.66298419
2020-01-08,2.580130100250244,2.580130100250244,2.580130100250244,2.580130100250244,104278756,7.131423333348734,0.0,0.65763754
2020-01-09,2.594114531684589,2.594114531684589,2.5731378845330712,2.580130100250244,74971443,7.131423333348734,0.0,0.65763754
2020-01-10,2.580130100250244,2.5871223159674166,2.5731378845330712,2.580130100250244,53833454,7.131423333348734,0.0,0.65763754
2020-01-13,2.5871224403381348,2.5871224403381348,2.5871224403381348,2.5871224403381348,53730488,7.112148892958903,0.0,0.65941976
2020-01-14,2.580130100250244,2.580130100250244,2.580130100250244,2.580130100250244,73315614,7.131423333348734,0.0,0.65763754
2020-01-15,2.5871225459276794,2.5871225459276794,2.559153680572935,2.566145896911621,67766272,7.170286000552252,0.0,0.65407311
2020-01-16,2.573138344474031,2.573138344474031,2.552161693572998,2.552161693572998,88394109,7.209574552559091,0.0,0.65050868
2020-01-17,2.552161693572998,2.56614612750702,2.552161693572998,2.552161693572998,64248573,7.209574552559091,0.0,0.65050868
2020-01-20,2.5521613408231563,2.5661457728243042,2.5451691248225825,2.5591535568237305,67632656,7.189877274436392,0.0,0.65229089
2020-01-21,2.5521610919667252,2.5591533072855017,2.545168876647949,2.545168876647949,103256946,7.229382760735806,0.0,0.64872646
2020-01-22,2.545168876647949,2.5521610919667252,2.531184279302834,2.545168876647949,99882026,7.229382760735806,0.0,0.64872646
2020-01-23,2.5451691481227723,2.5451691481227723,2.51720011715685,2.5241923332214355,141334873,7.289460378210354,0.0,0.64337982
2020-02-03,2.3843476887543216,2.4612620550397573,2.349386446462474,2.398332118988037,261517422,7.671998325137628,0.0,0.61129994
2020-02-04,2.391340525704046,2.4682549119899346,2.391340525704046,2.4472782611846924,170584498,7.518556549876279,0.0,0.62377544
2020-02-05,2.4472782611846924,2.4612626950548537,2.42630161037945,2.4472782611846924,108677726,7.518556549876279,0.0,0.62377544
2020-02-06,2.461262340362859,2.461262340362859,2.4332934766531227,2.454270124435425,112348585,7.497137261625876,0.0,0.62555766
2020-02-07,2.4402856925805567,2.454270124435425,2.4332934766531227,2.454270124435425,74715352,7.497137261625876,0.0,0.62555766
2020-02-10,2.4402860442496115,2.454270478119773,2.4332938273145306,2.4472782611846924,77310678,7.518556549876279,0.0,0.62377544
2020-02-11,2.4542701342816553,2.475246782148113,2.4472779183261695,2.468254566192627,100772033,7.454660573517209,0.0,0.62912209
2020-02-12,2.4682546899743754,2.48223912258666,2.461262473668233,2.4752469062805176,76960659,7.433601857379614,0.0,0.63090431
2020-02-13,2.475246782148113,2.482238998103599,2.468254566192627,2.468254566192627,74629671,7.454660573517209,0.0,0.62912209
2020-02-14,2.461262246970678,2.4962233252812562,2.461262246970678,2.4892311096191406,65554028,7.391840769182437,0.0,0.63446874
2020-02-17,2.489231366022725,2.5241924479344737,2.4822391496403755,2.517200231552124,91339330,7.309708528293923,0.0,0.6415976
2020-02-18,2.5102077670676004,2.5241921984501166,2.5032155513763428,2.5032155513763428,80301140,7.3505455772209185,0.0,0.63803317
2020-02-19,2.5102080151697743,2.5381770474067613,2.5032157987874246,2.517200231552124,92675106,7.309708528293923,0.0,0.6415976
2020-02-20,2.5241924141123113,2.5451692296858766,2.5102079815349922,2.538177013397217,94257861,7.249297390560072,0.0,0.64694425
2020-02-21,2.5241922191421704,2.538176817346897,2.5241922191421704,2.531184434890747,79939218,7.269324094430991,0.0,0.64516203
2020-02-24,2.5172001075019996,2.5241923235397663,2.5102078914642334,2.5102078914642334,77909432,7.330070175688543,0.0,0.63981538
2020-02-25,2.4962236881256104,2.5032159048040956,2.489231471447125,2.4962236881256104,95682939,7.37113428076487,0.0,0.63625095
2020-02-26,2.4822391496403755,2.5241924479344737,2.475246933258026,2.517200231552124,120176823,7.309708528293923,0.0,0.6415976
2020-02-27,2.5172000033935937,2.531184434890747,2.510207787645017,2.531184434890747,68080008,7.269324094430991,0.0,0.64516203
2020-02-28,2.510207871882716,2.5311845198323812,2.482239007949829,2.482239007949829,114983662,7.412662495863855,0.0,0.63268652
2020-03-02,2.489231366022725,2.5311846643168234,2.489231366022725,2.517200231552124,101095557,7.309708528293923,0.0,0.6415976
2020-03-03,2.5241922191421704,2.538176817346897,2.5172000033935937,2.531184434890747,111473890,7.269324094430991,0.0,0.64516203
2020-03-04,2.5241924141123113,2.5451692296858766,2.5241924141123113,2.538177013397217,70154642,7.249297390560072,0.0,0.64694425
2020-03-05,2.5451691248225825,2.5661457728243042,2.5451691248225825,2.5591535568237305,119456342,7.189877274436392,0.0,0.65229089
2020-03-06,2.552161445974536,2.5591536622631956,2.538177013397217,2.538177013397217,80870306,7.249297390560072,0.0,0.64694425
2020-03-09,2.524192554839552,2.531184771518037,2.489231471447125,2.4962236881256104,103516539,7.37113428076487,0.0,0.63625095
2020-03-10,2.4892312433509347,2.5241923235397663,2.4892312433509347,2.5102078914642334,96838783,7.330070175688543,0.0,0.63981538
2020-03-11,2.5172001075019996,2.5311845395775325,2.503215675426467,2.5102078914642334,90647927,7.330070175688543,0.0,0.63981538
2020-03-12,2.5032155513763428,2.5102077670676004,2.4892311199938266,2.5032155513763428,72289223,7.3505455772209185,0.0,0.63803317
2020-03-13,2.461262246970678,2.503215540943372,2.4542700313085626,2.4892311096191406,117275453,7.391840769182437,0.0,0.63446874
2020-03-16,2.496223555198944,2.503215771505086,2.461262473668233,2.4752469062805176,109570081,7.433601857379614,0.0,0.63090431
2020-03-17,2.468254462632794,2.4962233252812562,2.4542700313085626,2.4892311096191406,120205933,7.391840769182437,0.0,0.63446874
2020-03-18,2.482239345860096,2.489231562795177,2.4472782611846924,2.4472782611846924,83510050,7.518556549876279,0.0,0.62377544
2020-03-19,2.4332933318558303,2.454269978389881,2.3843478232763786,2.41930890083313,120518665,7.605477743525703,0.0,0.61664658
2020-03-20,2.4332938273145306,2.4682549119899346,2.4123171765092883,2.4472782611846924,102147700,7.518556549876279,0.0,0.62377544
2020-03-23,2.4332935621873943,2.4332935621873943,2.398332481321285,2.405324697494507,82294152,7.649694870370831,0.0,0.61308215
2020-03-24,2.4263011270481356,2.447277773674725,2.4193089115059387,2.433293342590332,93739416,7.561768109887035,0.0,0.62021101
2020-03-25,2.454270124435425,2.468254556290293,2.4472779085079908,2.454270124435425,85786722,7.497137261625876,0.0,0.62555766
2020-03-26,2.4472779085079908,2.468254556290293,2.4402856925805567,2.454270124435425,85418999,7.497137261625876,0.0,0.62555766
2020-03-27,2.4682549198993815,2.475247136856869,2.4542704859844076,2.4612627029418945,70252329,7.4758374951226765,0.0,0.62733988
2020-03-30,2.4542704859844076,2.4612627029418945,2.44727826902692,2.4612627029418945,81439044,7.4758374951226765,0.0,0.62733988
2020-03-31,2.468254420301314,2.4752466358435106,2.433293342590332,2.433293342590332,69618442,7.561768109887035,0.0,0.59903912
2020-04-01,2.4402855581325285,2.4542699892169213,2.433293342590332,2.433293342590332,66160346,7.561768109887035,0.0,0.59903912
2020-04-02,2.42630161037945,2.4472782611846924,2.4193093934443692,2.4472782611846924,74938267,7.518556549876279,0.0,0.60248187
2020-04-03,2.4402856826782227,2.4472778985772834,2.433293466779162,2.4402856826782227,56193251,7.540100788447823,0.0,0.6007605
2020-04-07,2.461262340362859,2.468254556290293,2.4472779085079908,2.454270124435425,82141037,7.497137261625876,0.0,0.60420325
2020-04-08,2.4472778985772834,2.4472778985772834,2.433293466779162,2.4402856826782227,55274495,7.540100788447823,0.0,0.6007605
2020-04-09,2.4472778985772834,2.4472778985772834,2.4402856826782227,2.4402856826782227,35858062,7.540100788447823,0.0,0.6007605
2020-04-10,2.4402860442496115,2.454270478119773,2.4332938273145306,2.4472782611846924,65451423,7.518556549876279,0.0,0.60248187
2020-04-13,2.44727826902692,2.4682549198993815,2.440286052069433,2.4612627029418945,59815474,7.4758374951226765,0.0,0.60592463
2020-04-14,2.461262350237141,2.475246782148113,2.4542701342816553,2.468254566192627,60784073,7.454660573517209,0.0,0.607646
2020-04-15,2.4682546899743754,2.4752469062805176,2.461262473668233,2.4752469062805176,57569868,7.433601857379614,0.0,0.60936738
2020-04-16,2.461262360000164,2.489231223933051,2.461262360000164,2.482239007949829,57943532,7.412662495863855,0.0,0.61108876
2020-04-17,2.4892311199938266,2.5102077670676004,2.475246688611311,2.5032155513763428,86726327,7.3505455772209185,0.0,0.61625289
2020-04-20,2.496223439916273,2.5032156558994942,2.4752467919666072,2.482239007949829,77429141,7.412662495863855,0.0,0.61108876
2020-04-21,2.4752466782949094,2.4892311096191406,2.468254462632794,2.4892311096191406,58982165,7.391840769182437,0.0,0.61281013
2020-04-22,2.482238998103599,2.5032156459700565,2.461262350237141,2.468254566192627,111362252,7.454660573517209,0.0,0.607646
2020-04-23,2.4402855473671803,2.4402855473671803,2.3913400387877286,2.41930890083313,180405386,7.605477743525703,0.0,0.59559637
2020-04-24,2.4123165492217526,2.4123165492217526,2.398332118988037,2.398332118988037,81085443,7.671998325137628,0.0,0.59043224
2020-04-27,2.398332481321285,2.4193091298409506,2.398332481321285,2.405324697494507,86038852,7.649694870370831,0.0,0.59215361
2020-04-28,2.4053243341048947,2.4053243341048947,2.3843476887543216,2.398332118988037,65041282,7.671998325137628,0.0,0.59043224
2020-04-29,2.4053244698104295,2.41930890083313,2.398332254299079,2.41930890083313,51577184,7.605477743525703,0.0,0.59559637
2020-04-30,2.4193089115059387,2.4402855581325285,2.4193089115059387,2.433293342590332,79563490,7.561768109887035,0.0,0.59903912
2020-05-06,2.4053245833224914,2.419309015005145,2.3983323674811645,2.4123167991638184,94794563,7.6275222252641095,0.0,0.59387499
2020-05-07,2.405324697494507,2.4123169136677287,2.398332481321285,2.405324697494507,61224695,7.649694870370831,0.0,0.59215361
2020-05-08,2.4123166853217795,2.42630111634448,2.4053244698104295,2.41930890083313,55756586,7.605477743525703,0.0,0.59559637
2020-05-11,2.41930890083313,2.42630111634448,2.4123166853217795,2.41930890083313,42554298,7.605477743525703,0.0,0.59559637
2020-05-12,2.4193091298409506,2.4263013460141725,2.405324697494507,2.405324697494507,57850857,7.649694870370831,0.0,0.59215361
2020-05-13,2.4123166853217795,2.42630111634448,2.4053244698104295,2.41930890083313,49438260,7.605477743525703,0.0,0.59559637
2020-05-14,2.419309015005145,2.419309015005145,2.4053245833224914,2.4123167991638184,35151270,7.6275222252641095,0.0,0.59387499
2020-05-15,2.419309015005145,2.419309015005145,2.4053245833224914,2.4123167991638184,32432594,7.6275222252641095,0.0,0.59387499
2020-05-18,2.4123167991638184,2.4263012308464718,2.4053245833224914,2.4123167991638184,43838709,7.6275222252641095,0.0,0.59387499
2020-05-19,2.42630111634448,2.42630111634448,2.4123166853217795,2.41930890083313,42277683,7.605477743525703,0.0,0.59559637
2020-05-20,2.4193090250506604,2.4263012409210205,2.4123168091803002,2.4263012409210205,40840082,7.583559571941441,0.0,0.59731774
2020-05-21,2.4263012308464718,2.4263012308464718,2.4123167991638184,2.4123167991638184,41472120,7.6275222252641095,0.0,0.59387499
2020-05-22,2.4123171446843883,2.419309361527223,2.391340494155884,2.391340494155884,70889911,7.694429147571054,0.0,0.58871086
2020-05-25,2.398332481321285,2.405324697494507,2.3913402651480626,2.405324697494507,39081355,7.649694870370831,0.0,0.59215361
2020-05-26,2.4053243341048947,2.4123165492217526,2.398332118988037,2.398332118988037,38100641,7.671998325137628,0.0,0.59043224
2020-05-27,2.3983323674811645,2.4123167991638184,2.3983323674811645,2.4123167991638184,52754270,7.6275222252641095,0.0,0.59387499
2020-05-28,2.4123168091803002,2.4332934567913806,2.40532459330994,2.4263012409210205,66290671,7.583559571941441,0.0,0.59731774
2020-05-29,2.419309015005145,2.4263012308464718,2.4123167991638184,2.4123167991638184,50177909,7.6275222252641095,0.0,0.59387499
2020-06-01,2.4193090250506604,2.4332934567913806,2.4123168091803002,2.4263012409210205,55659719,7.583559571941441,0.0,0.59731774
2020-06-02,2.4263011270481356,2.447277773674725,2.4193089115059387,2.433293342590332,60918670,7.561768109887035,0.0,0.59903912
2020-06-03,2.4472782611846924,2.4612626950548537,2.4402860442496115,2.4472782611846924,67851720,7.518556549876279,0.0,0.60248187
2020-06-04,2.4612626950548537,2.4612626950548537,2.4472782611846924,2.4472782611846924,49464355,7.518556549876279,0.0,0.60248187
2020-06-05,2.4472782611846924,2.454270478119773,2.4402860442496115,2.4472782611846924,53564321,7.518556549876279,0.0,0.60248187
2020-06-08,2.4472779085079908,2.454270124435425,2.4402856925805567,2.454270124435425,56278174,7.497137261625876,0.0,0.60420325
2020-06-09,2.454270124435425,2.454270124435425,2.4402856925805567,2.454270124435425,41745151,7.497137261625876,0.0,0.60420325
2020-06-10,2.454270478119773,2.454270478119773,2.4402860442496115,2.4472782611846924,48180227,7.518556549876279,0.0,0.60248187
2020-06-11,2.447277773674725,2.447277773674725,2.433293342590332,2.433293342590332,56823996,7.561768109887035,0.0,0.59903912
2020-06-12,2.4263011270481356,2.433293342590332,2.4123166959637423,2.433293342590332,61006426,7.561768109887035,0.0,0.59903912
2020-06-15,2.4193091298409506,2.4263013460141725,2.405324697494507,2.405324697494507,66882557,0.0,0.0,0.59215361
2020-06-16,2.4193090250506604,2.4263012409210205,2.40532459330994,2.4263012409210205,50479094,0.0,0.0,0.59731774
2020-06-17,2.41930890083313,2.42630111634448,2.4123166853217795,2.41930890083313,35250694,0.0,0.0,0.59559637
2020-06-18,2.4123166853217795,2.42630111634448,2.4123166853217795,2.41930890083313,47671003,0.0,0.0,0.59559637
2020-06-19,2.4263012409210205,2.4332934567913806,2.4123168091803002,2.4263012409210205,108288414,0.0,0.0,0.59731774
2020-06-22,2.41930890083313,2.4332933318558303,2.4123166853217795,2.41930890083313,59935549,0.0,0.0,0.59559637
2020-06-23,2.4123169136677287,2.4193091298409506,2.405324697494507,2.405324697494507,64958382,0.0,0.0,0.59215361
2020-06-24,2.4123166853217795,2.42630111634448,2.4053244698104295,2.41930890083313,60827131,0.0,0.0,0.59559637
2020-06-29,2.4193090250506604,2.4332934567913806,2.4193090250506604,2.4263012409210205,67279410,0.0,0.0,0.59731774
2020-06-30,2.433293342590332,2.4402855581325285,2.4193089115059387,2.433293342590332,67655015,0.0,0.0,0.60299163
2020-07-01,2.4332938273145306,2.454270478119773,2.42630161037945,2.4472782611846924,77164171,0.0,0.0,0.6064571
2020-07-02,2.454270041537537,2.5032155513763428,2.447277825846279,2.5032155513763428,147455929,0.0,0.0,0.62031898
2020-07-03,2.503215765246333,2.5451692296858766,2.496223548957673,2.538177013397217,160693547,0.0,0.0,0.62898265
2020-07-06,2.5451688847995597,2.7199744350363892,2.5451688847995597,2.7059898376464844,355984906,0.0,0.0,0.67056828
2020-07-07,2.7269669872280438,2.7689202844573773,2.6640368746764587,2.6710290908813477,274816789,0.0,0.0,0.66190461
2020-07-08,2.6710290908813477,2.7059901719057926,2.6500524422666807,2.6710290908813477,251922427,0.0,0.0,0.66190461
2020-07-09,2.6640367305858477,2.6710289464125463,2.6220834356256555,2.6360678672790527,200180201,0.0,0.0,0.65324093
2020-07-10,2.6360680602984825,2.6360680602984825,2.552161464234249,2.566145896911621,243875216,0.0,0.0,0.63591359
2020-07-13,2.5591534530987263,2.6150911788361064,2.552161237381554,2.580130100250244,276432404,0.0,0.0,0.63937906
2020-07-14,2.5801303295889935,2.594114762266366,2.559153680572935,2.566145896911621,215297409,0.0,0.0,0.63591359
2020-07-15,2.5816357363168416,2.589011831386205,2.5226269757619355,2.530003070831299,211630819,7.549397951412049,0.191,0.59432796
2020-07-16,2.5300027714199,2.5521310540092337,2.5004983946341217,2.5078744888305664,174466021,7.616011122193926,0.0,0.58912975
2020-07-17,2.5152506828308105,2.5226267773199345,2.5004984938525623,2.5152506828308105,120005163,7.593676499275906,0.0,0.59086249
2020-07-20,2.5226267977988575,2.559507270543877,2.5078746087008494,2.552131175994873,129333886,7.483941334854949,0.0,0.59952616
2020-07-21,2.552131356039389,2.559507451108752,2.530003070831299,2.530003070831299,77379908,7.549397951412049,0.0,0.59432796
2020-07-22,2.530003070831299,2.559507451108752,2.530003070831299,2.530003070831299,121308265,7.549397951412049,0.0,0.59432796
2020-07-23,2.530002871809059,2.530002871809059,2.5004984938525623,2.5152506828308105,120013104,7.593676499275906,0.0,0.59086249
2020-07-24,2.5078746448023965,2.5078746448023965,2.463617901011319,2.470993995666504,153250595,7.729682886116499,0.0,0.58046608
2020-07-27,2.478370130408063,2.4857462251825524,2.4562418460845947,2.4562418460845947,100620712,7.776107238970223,0.0,0.57700061
2020-07-28,2.4709940356335736,2.478370130408063,2.4562418460845947,2.4562418460845947,83658842,7.776107238970223,0.0,0.57700061
2020-07-29,2.4562420026879157,2.485746383666992,2.4488659074431465,2.485746383666992,109951775,7.683808825188166,0.0,0.58393155
2020-07-30,2.4783699903817493,2.485746084739494,2.4636178016662598,2.4636178016662598,76850300,7.7528259404043025,0.0,0.57873335
2020-07-31,2.463617940859084,2.4857462251825524,2.4488657513101053,2.4562418460845947,142703375,7.776107238970223,0.0,0.57700061
2020-08-03,2.4636178016662598,2.4783699903817493,2.4562417073085148,2.4636178016662598,146513007,7.7528259404043025,0.0,0.57873335
2020-08-04,2.4709941167573106,2.500498672683886,2.456241926724011,2.4931225776672363,186109599,7.661075380365564,0.0,0.58566428
2020-08-05,2.493122455492027,2.493122455492027,2.463617901011319,2.470993995666504,89857385,7.729682886116499,0.0,0.58046608
2020-08-06,2.478369951248169,2.485746045489445,2.456241668524341,2.478369951248169,103473816,7.706678331207479,0.0,0.58219882
2020-08-07,2.4783699903817493,2.4783699903817493,2.4562417073085148,2.4636178016662598,100998478,7.7528259404043025,0.0,0.57873335
2020-08-10,2.470993995666504,2.4857461849768736,2.456241806356134,2.470993995666504,119202465,7.729682886116499,0.0,0.58046608
2020-08-11,2.4783700903216888,2.4857461849768736,2.463617901011319,2.470993995666504,195479858,7.729682886116499,0.0,0.58046608
2020-08-12,2.4709938960240043,2.4709938960240043,2.44886561295077,2.4636178016662598,159124383,7.7528259404043025,0.0,0.57873335
2020-08-13,2.463617940859084,2.463617940859084,2.4562418460845947,2.4562418460845947,84830065,7.776107238970223,0.0,0.57700061
2020-08-14,2.463617901011319,2.4783700903216888,2.456241806356134,2.470993995666504,89299678,7.729682886116499,0.0,0.58046608
2020-08-17,2.4709938419883857,2.5152505830270107,2.4636177477919414,2.5078744888305664,289881629,7.616011122193926,0.0,0.58912975
2020-08-18,2.5004984098319554,2.5078745040732313,2.470993857006893,2.478369951248169,154734704,7.706678331207479,0.0,0.58219882
2020-08-19,2.485746084739494,2.485746084739494,2.4636178016662598,2.4636178016662598,107304332,7.7528259404043025,0.0,0.57873335
2020-08-20,2.463617940859084,2.4709940356335736,2.4488657513101053,2.4562418460845947,160997897,7.776107238970223,0.0,0.57700061
2020-08-21,2.463617940859084,2.463617940859084,2.4488657513101053,2.4562418460845947,89542600,7.776107238970223,0.0,0.57700061
2020-08-24,2.4562417465599675,2.4636178410355845,2.4488656520843506,2.4488656520843506,147133322,7.799529542889805,0.0,0.57526788
2020-08-25,2.4562417465599675,2.4562417465599675,2.4414895576087337,2.4488656520843506,119539791,7.799529542889805,0.0,0.57526788
2020-08-26,2.4414894970877454,2.4488655913805197,2.4267373085021973,2.4267373085021973,136767907,7.8706500011691345,0.0,0.57006967
2020-08-27,2.4267376867816703,2.4267376867816703,2.4046094004539937,2.4193615913391113,120898008,7.894644632027986,0.0,0.56833694
2020-08-28,2.411985218717688,2.4341135025024414,2.4046091241227705,2.4341135025024414,166296547,7.8467992475962385,0.0,0.57180241
2020-08-31,2.434113782224229,2.434113782224229,2.4046094004539937,2.4193615913391113,223749448,7.894644632027986,0.0,0.56833694
2020-09-01,2.4046088647190014,2.4119849585182025,2.3898566771205982,2.3972327709198,186980766,7.967519980411196,0.0,0.56313873
2020-09-02,2.3972329487957604,2.4046090431422718,2.367728571409714,2.3751046657562256,166473835,8.0417508648692,0.0,0.55794053
2020-09-03,2.3824807601027373,2.3824807601027373,2.367728571409714,2.3751046657562256,120957181,8.0417508648692,0.0,0.55794053
2020-09-04,2.3603525161743164,2.36772861064305,2.345600327236849,2.3603525161743164,138006084,8.092011625008233,0.0,0.55447506
2020-09-07,2.3603524163307954,2.3677285104875185,2.345600228017349,2.3529763221740723,137981221,8.11737875133067,0.0,0.55274233
2020-09-08,2.3529762836838533,2.3751045657920455,2.345600189647789,2.3677284717559814,109557383,8.066803363577769,0.0,0.5562078
2020-09-09,2.3603523777199173,2.3751045657920455,2.3603523777199173,2.3677284717559814,103586855,8.066803363577769,0.0,0.5562078
2020-09-10,2.3751047051117835,2.3751047051117835,2.3529764217055824,2.3603525161743164,112616710,8.092011625008233,0.0,0.55447506
2020-09-11,2.3529764217055824,2.36772861064305,2.3529764217055824,2.3603525161743164,93280521,8.092011625008233,0.0,0.55447506
2020-09-14,2.3603523777199173,2.3677284717559814,2.3529762836838533,2.3677284717559814,54172056,8.066803363577769,0.0,0.5562078
2020-09-15,2.3603523777199173,2.3751045657920455,2.3603523777199173,2.3677284717559814,76982603,8.066803363577769,0.0,0.5562078
2020-09-16,2.3603523777199173,2.3751045657920455,2.3603523777199173,2.3677284717559814,63813775,8.066803363577769,0.0,0.5562078
2020-09-17,2.3677284717559814,2.3751045657920455,2.3603523777199173,2.3677284717559814,63005025,8.066803363577769,0.0,0.5562078
2020-09-18,2.3677287688717414,2.389857053756714,2.360352673910084,2.389857053756714,164056824,7.992109808398762,0.0,0.561406
2020-09-21,2.3824807601027373,2.3898568544492487,2.3751046657562256,2.3751046657562256,88551066,8.0417508648692,0.0,0.55794053
2020-09-22,2.3751047051117835,2.3824807995805175,2.3603525161743164,2.3603525161743164,110676084,8.092011625008233,0.0,0.55447506
2020-09-23,2.3677284717559814,2.3751045657920455,2.3603523777199173,2.3677284717559814,74147845,8.066803363577769,0.0,0.5562078
2020-09-24,2.36772861064305,2.36772861064305,2.345600327236849,2.3603525161743164,90728299,8.092011625008233,0.0,0.55447506
2020-09-25,2.3603524163307954,2.3603524163307954,2.3529763221740723,2.3529763221740723,59145325,8.11737875133067,0.0,0.55274233
2020-09-28,2.360352673910084,2.404609243680029,2.3529765789484265,2.389857053756714,166977117,7.992109808398762,0.0,0.561406
2020-09-29,2.389856894049251,2.3972329885179846,2.3603525161743164,2.3603525161743164,95013773,8.092011625008233,0.0,0.55447506
2020-09-30,2.36772861064305,2.36772861064305,2.3529764217055824,2.3603525161743164,97704238,8.092011625008233,0.0,0.5477635
2020-10-09,2.3677284717559814,2.3751045657920455,2.3603523777199173,2.3677284717559814,87632941,8.066803363577769,0.0,0.54947526
2020-10-12,2.375104765101433,2.397233049066543,2.3677286704463962,2.3824808597564697,139367144,8.016853491932082,0.0,0.55289878
2020-10-13,2.3824806598281096,2.3898567538641737,2.3603523777199173,2.3677284717559814,177298009,8.066803363577769,0.0,0.54947526
2020-10-14,2.36772861064305,2.36772861064305,2.3529764217055824,2.3603525161743164,90442493,8.092011625008233,0.0,0.5477635
2020-10-15,2.3603523777199173,2.3751045657920455,2.3529762836838533,2.3677284717559814,93539149,8.066803363577769,0.0,0.54947526
2020-10-16,2.3677286704463962,2.3898569544115067,2.3677286704463962,2.3824808597564697,164966453,8.016853491932082,0.0,0.55289878
2020-10-19,2.389857053756714,2.419361433603344,2.375104863833399,2.389857053756714,246212241,7.992109808398762,0.0,0.55461055
2020-10-20,2.3898567538641737,2.3898567538641737,2.3603523777199173,2.3677284717559814,122163813,8.066803363577769,0.0,0.54947526
2020-10-21,2.3677287688717414,2.389857053756714,2.360352673910084,2.389857053756714,118911800,7.992109808398762,0.0,0.55461055
2020-10-22,2.3824808597564697,2.3898569544115067,2.375104765101433,2.3824808597564697,86357390,8.016853491932082,0.0,0.55289878
2020-10-23,2.3824809587950564,2.3972331487183713,2.3677287688717414,2.389857053756714,119921494,7.992109808398762,0.0,0.55461055
2020-10-26,2.389857053756714,2.389857053756714,2.375104863833399,2.389857053756714,111092135,7.992109808398762,0.0,0.55461055
2020-10-27,2.3824808597564697,2.3898569544115067,2.375104765101433,2.3824808597564697,102382986,8.016853491932082,0.0,0.55289878
2020-10-28,2.3824806598281096,2.3824806598281096,2.3603523777199173,2.3677284717559814,93867763,8.066803363577769,0.0,0.54947526
2020-10-29,2.3603524163307954,2.3603524163307954,2.3529763221740723,2.3529763221740723,106362978,8.11737875133067,0.0,0.54605174
2020-10-30,2.3603525557773937,2.367728650369887,2.3456003665924072,2.3456003665924072,97525022,8.142904593653224,0.0,0.54433998
2020-11-02,2.3529763221740723,2.3603524163307954,2.345600228017349,2.3529763221740723,80071998,8.11737875133067,0.0,0.54605174
2020-11-03,2.3529764217055824,2.36772861064305,2.3529764217055824,2.3603525161743164,76821176,8.092011625008233,0.0,0.5477635
2020-11-04,2.36772861064305,2.36772861064305,2.3529764217055824,2.3603525161743164,77483051,8.092011625008233,0.0,0.5477635
2020-11-05,2.36772861064305,2.3751047051117835,2.3603525161743164,2.3603525161743164,83329171,8.092011625008233,0.0,0.5477635
2020-11-06,2.3677284717559814,2.3751045657920455,2.3603523777199173,2.3677284717559814,87720100,8.066803363577769,0.0,0.54947526
2020-11-09,2.3751046657562256,2.3824807601027373,2.367728571409714,2.3751046657562256,112521171,8.0417508648692,0.0,0.55118702
2020-11-10,2.3751046657562256,2.3898568544492487,2.3751046657562256,2.3751046657562256,119914573,8.0417508648692,0.0,0.55118702
2020-11-11,2.375104863833399,2.3972331487183713,2.375104863833399,2.389857053756714,134703168,7.992109808398762,0.0,0.55461055
2020-11-12,2.3898569544115067,2.3898569544115067,2.375104765101433,2.3824808597564697,97048759,8.016853491932082,0.0,0.55289878
2020-11-13,2.3751046657562256,2.3824807601027373,2.367728571409714,2.3751046657562256,78547647,8.0417508648692,0.0,0.55118702
2020-11-16,2.375104765101433,2.3824808597564697,2.3677286704463962,2.3824808597564697,70930904,8.016853491932082,0.0,0.55289878
2020-11-17,2.375104765101433,2.3898569544115067,2.375104765101433,2.3824808597564697,77142625,8.016853491932082,0.0,0.55289878
2020-11-18,2.3824809587950564,2.404609243680029,2.375104863833399,2.389857053756714,135110129,7.992109808398762,0.0,0.55461055
2020-11-19,2.389857053756714,2.3972331487183713,2.3824809587950564,2.389857053756714,75105495,7.992109808398762,0.0,0.55461055
2020-11-20,2.3898569544115067,2.3898569544115067,2.375104765101433,2.3824808597564697,80095486,8.016853491932082,0.0,0.55289878
2020-11-23,2.3898566771205982,2.4046088647190014,2.3824805833213967,2.3972327709198,143927372,7.967519980411196,0.0,0.55632231
2020-11-24,2.3972328708134776,2.4193611531331767,2.3972328708134776,2.404608964920044,144481833,7.943079427317655,0.0,0.55803407
2020-11-25,2.4119853386416863,2.419361433603344,2.389857053756714,2.389857053756714,101306440,7.992109808398762,0.0,0.55461055
2020-11-26,2.3898566771205982,2.4046088647190014,2.3824805833213967,2.3972327709198,70289461,7.967519980411196,0.0,0.55632231
2020-11-27,2.404609182663169,2.4562418460845947,2.3972330878886794,2.4562418460845947,297578383,7.776107238970223,0.0,0.57001639
2020-11-30,2.4709939754770303,2.522626813501422,2.4341135025024414,2.4341135025024414,455861316,7.8467992475962385,0.0,0.56488111
2020-12-01,2.426737291559238,2.4931223155906794,2.411985103076686,2.478369951248169,244645416,7.706678331207479,0.0,0.57515168
2020-12-02,2.478370130408063,2.4857462251825524,2.4562418460845947,2.4562418460845947,144348702,7.776107238970223,0.0,0.57001639
2020-12-03,2.463617740608922,2.463617740608922,2.4341133639091677,2.4414894580841064,168298923,7.823093373087186,0.0,0.56659287
2020-12-04,2.4414898776667875,2.4488659731093465,2.4119854958965528,2.4193615913391113,134117685,7.894644632027986,0.0,0.56145759
2020-12-07,2.419361052317404,2.419361052317404,2.3972327709198,2.3972327709198,148954035,7.967519980411196,0.0,0.55632231
2020-12-08,2.3972331487183713,2.4119853386416863,2.3824809587950564,2.389857053756714,86521950,7.992109808398762,0.0,0.55461055
2020-12-09,2.3898569544115067,2.397233049066543,2.3824808597564697,2.3824808597564697,117271862,8.016853491932082,0.0,0.55289878
2020-12-10,2.3824807601027373,2.3824807601027373,2.367728571409714,2.3751046657562256,123330010,8.0417508648692,0.0,0.55118702
2020-12-11,2.3751045657920455,2.3751045657920455,2.3603523777199173,2.3677284717559814,224275151,8.066803363577769,0.0,0.54947526
2020-12-14,2.36772861064305,2.3824807995805175,2.3529764217055824,2.3603525161743164,168620917,8.092011625008233,0.0,0.5477635
2020-12-15,2.3603525557773937,2.367728650369887,2.338224271999914,2.3456003665924072,217382257,8.142904593653224,0.0,0.54433998
2020-12-16,2.3456003665924072,2.3529764611849004,2.338224271999914,2.3456003665924072,105147788,8.142904593653224,0.0,0.54433998
2020-12-17,2.345600228017349,2.3603524163307954,2.3308480397039033,2.3529763221740723,116999219,8.11737875133067,0.0,0.54605174
2020-12-18,2.3529764611849004,2.3529764611849004,2.3456003665924072,2.3456003665924072,77723116,8.142904593653224,0.0,0.54433998
2020-12-21,2.345600228017349,2.3529763221740723,2.3382241338606264,2.3529763221740723,67859333,8.11737875133067,0.0,0.54605174
2020-12-22,2.3456004064461364,2.352976501163956,2.330848217010498,2.330848217010498,104309522,8.194441774718948,0.0,0.54091646
2020-12-23,2.330848217010498,2.3382243117283172,2.330848217010498,2.330848217010498,68009161,8.194441774718948,0.0,0.54091646
2020-12-24,2.338224411010742,2.345600506041755,2.3308483159797295,2.338224411010742,67495763,8.168591479097449,0.0,0.54262822
2020-12-25,2.338224271999914,2.3456003665924072,2.330848177407421,2.3456003665924072,65170900,8.142904593653224,0.0,0.54433998
2020-12-28,2.338224411010742,2.345600506041755,2.3308483159797295,2.338224411010742,74827941,8.168591479097449,0.0,0.54262822
2020-12-29,2.3308483159797295,2.338224411010742,2.3308483159797295,2.338224411010742,81949632,8.168591479097449,0.0,0.54262822
2020-12-30,2.338224411010742,2.338224411010742,2.3308483159797295,2.338224411010742,79605410,8.168591479097449,0.0,0.54262822
2020-12-31,2.330848177407421,2.3529764611849004,2.330848177407421,2.3456003665924072,110906068,8.142904593653224,0.0,0.5316246
2021-01-04,2.345600506041755,2.345600506041755,2.3308483159797295,2.338224411010742,121250317,8.168591479097449,0.0,0.52995283
2021-01-05,2.3308483159797295,2.345600506041755,2.323472220948717,2.338224411010742,130429477,8.168591479097449,0.0,0.52995283
2021-01-06,2.338224271999914,2.3456003665924072,2.330848177407421,2.3456003665924072,84976926,8.142904593653224,0.0,0.5316246
2021-01-07,2.345600228017349,2.3529763221740723,2.3382241338606264,2.3529763221740723,113572806,8.11737875133067,0.0,0.53329638
2021-01-08,2.345600228017349,2.3529763221740723,2.3382241338606264,2.3529763221740723,113279286,8.11737875133067,0.0,0.53329638
2021-01-11,2.345600506041755,2.3603526961037806,2.338224411010742,2.338224411010742,115362023,8.168591479097449,0.0,0.52995283
2021-01-12,2.338224271999914,2.3456003665924072,2.330848177407421,2.3456003665924072,98066774,8.142904593653224,0.0,0.5316246
2021-01-13,2.345600327236849,2.36772861064305,2.3382242327681153,2.3603525161743164,174596159,8.092011625008233,0.0,0.53496815
2021-01-14,2.3603523777199173,2.3898567538641737,2.3529762836838533,2.3677284717559814,180785101,8.066803363577769,0.0,0.53663993
2021-01-15,2.3677286704463962,2.40460914372158,2.3603525757913593,2.3824808597564697,275261490,8.016853491932082,0.0,0.53998348
2021-01-18,2.3751047051117835,2.3824807995805175,2.3529764217055824,2.3603525161743164,167435900,8.092011625008233,0.0,0.53496815
2021-01-19,2.367728571409714,2.3824807601027373,2.3529763827166907,2.3751046657562256,141513725,8.0417508648692,0.0,0.5383117
2021-01-20,2.36772861064305,2.3824807995805175,2.3529764217055824,2.3603525161743164,110863665,8.092011625008233,0.0,0.53496815
2021-01-21,2.3603524163307954,2.3677285104875185,2.3529763221740723,2.3529763221740723,72992353,8.11737875133067,0.0,0.53329638
2021-01-22,2.352976601072768,2.352976601072768,2.338224411010742,2.338224411010742,108605977,8.168591479097449,0.0,0.52995283
2021-01-25,2.338224411010742,2.345600506041755,2.3308483159797295,2.338224411010742,97412577,8.168591479097449,0.0,0.52995283
2021-01-26,2.338224411010742,2.345600506041755,2.3308483159797295,2.338224411010742,76591229,8.168591479097449,0.0,0.52995283
2021-01-27,2.338224411010742,2.3603526961037806,2.3308483159797295,2.338224411010742,101923440,8.168591479097449,0.0,0.52995283
2021-01-28,2.338224411010742,2.345600506041755,2.3308483159797295,2.338224411010742,73504403,8.168591479097449,0.0,0.52995283
2021-01-29,2.3308483159797295,2.352976601072768,2.3308483159797295,2.338224411010742,112004847,8.168591479097449,0.0,0.52995283
2021-02-01,2.338224271999914,2.3529764611849004,2.330848177407421,2.3456003665924072,105325433,8.142904593653224,0.0,0.5316246
2021-02-02,2.3456003665924072,2.3603525557773937,2.338224271999914,2.3456003665924072,110589000,8.142904593653224,0.0,0.5316246
2021-02-03,2.345600506041755,2.345600506041755,2.338224411010742,2.338224411010742,74423344,8.168591479097449,0.0,0.52995283
2021-02-04,2.338224271999914,2.3529764611849004,2.330848177407421,2.3456003665924072,104939995,8.142904593653224,0.0,0.5316246
2021-02-05,2.3382241940236677,2.3751046657562256,2.3382241940236677,2.3751046657562256,209005072,8.0417508648692,0.0,0.5383117
2021-02-08,2.3603524163307954,2.3677285104875185,2.345600228017349,2.3529763221740723,159104590,8.11737875133067,0.0,0.53329638
2021-02-09,2.3456003665924072,2.3529764611849004,2.338224271999914,2.3456003665924072,133795157,8.142904593653224,0.0,0.5316246
2021-02-10,2.3529764217055824,2.3751047051117835,2.3529764217055824,2.3603525161743164,147216472,8.092011625008233,0.0,0.53496815
2021-02-18,2.3751045657920455,2.3824806598281096,2.3603523777199173,2.3677284717559814,190523981,8.066803363577769,0.0,0.53663993
2021-02-19,2.3677286704463962,2.3824808597564697,2.3603525757913593,2.3824808597564697,131244056,8.016853491932082,0.0,0.53998348
2021-02-22,2.3824805833213967,2.4046088647190014,2.3751044895221955,2.3972327709198,225420638,7.967519980411196,0.0,0.54332703
2021-02-23,2.397233049066543,2.4119852383766167,2.3824808597564697,2.3824808597564697,264323934,8.016853491932082,0.0,0.53998348
2021-02-24,2.3898568544492487,2.3898568544492487,2.367728571409714,2.3751046657562256,210559097,8.0417508648692,0.0,0.5383117
2021-02-25,2.3751044895221955,2.4046088647190014,2.3751044895221955,2.3972327709198,208966113,7.967519980411196,0.0,0.54332703
2021-02-26,2.3824809587950564,2.3972331487183713,2.375104863833399,2.389857053756714,207010772,7.992109808398762,0.0,0.54165525
2021-03-01,2.389857053756714,2.3972331487183713,2.3824809587950564,2.389857053756714,150870240,7.992109808398762,0.0,0.54165525
2021-03-02,2.3898568544492487,2.3972329487957604,2.3751046657562256,2.3751046657562256,153052328,8.0417508648692,0.0,0.5383117
2021-03-03,2.3824805457699365,2.411984920501709,2.375104452086993,2.411984920501709,212660887,7.918789142357935,0.0,0.54667058
2021-03-04,2.397232733135823,2.4267371078675954,2.397232733135823,2.411984920501709,221399695,7.918789142357935,0.0,0.54667058
2021-03-05,2.4046091241227705,2.4414895970973594,2.4046091241227705,2.4341135025024414,248686859,7.8467992475962385,0.0,0.55168591
2021-03-08,2.4341134027949716,2.4488655913805197,2.419361214209423,2.4267373085021973,217530718,7.8706500011691345,0.0,0.55001413
2021-03-09,2.4267371078675954,2.441489295233482,2.404608826818766,2.411984920501709,249871883,7.918789142357935,0.0,0.54667058
2021-03-10,2.404608826818766,2.4193610141846524,2.397232733135823,2.411984920501709,177188039,7.918789142357935,0.0,0.54667058
2021-03-11,2.4193610141846524,2.434113201550539,2.411984920501709,2.411984920501709,172777555,7.918789142357935,0.0,0.54667058
2021-03-12,2.4119851199166487,2.4341134027949716,2.4046090256238744,2.4267373085021973,157162396,7.8706500011691345,0.0,0.55001413
2021-03-15,2.4267372697342293,2.4562416464339836,2.4193611755592905,2.4414894580841064,209916297,7.823093373087186,0.0,0.55335768
2021-03-16,2.4414894580841064,2.4562416464339836,2.4341133639091677,2.4414894580841064,121782580,7.823093373087186,0.0,0.55335768
2021-03-17,2.4414894970877454,2.4488655913805197,2.419361214209423,2.4267373085021973,135659542,7.8706500011691345,0.0,0.55001413
2021-03-18,2.4267376867816703,2.434113782224229,2.4193615913391113,2.4193615913391113,94160094,7.894644632027986,0.0,0.54834236
2021-03-19,2.4267371461166056,2.434113239915807,2.3972327709198,2.3972327709198,161092887,7.967519980411196,0.0,0.54332703
2021-03-22,2.397233305011435,2.4267376867816703,2.389857209568876,2.4193615913391113,128455695,7.894644632027986,0.0,0.54834236
2021-03-23,2.4267373085021973,2.4341134027949716,2.4119851199166487,2.4267373085021973,138836692,7.8706500011691345,0.0,0.55001413
2021-03-24,2.426737407907524,2.4341135025024414,2.411985218717688,2.4341135025024414,125596385,7.8467992475962385,0.0,0.55168591
2021-03-25,2.4341134027949716,2.4414894970877454,2.419361214209423,2.4267373085021973,110875994,7.8706500011691345,0.0,0.55001413
2021-03-26,2.4267372472397426,2.4267372472397426,2.389856776706911,2.404608964920044,218971314,7.943079427317655,0.0,0.5449988
2021-03-29,2.4046090256238744,2.4341134027949716,2.3972329313311,2.4267373085021973,198361589,7.8706500011691345,0.0,0.55001413
2021-03-30,2.426737407907524,2.4341135025024414,2.411985218717688,2.4341135025024414,145859229,7.8467992475962385,0.0,0.55168591
2021-03-31,2.4488657117009494,2.470993995666504,2.4414896170457645,2.470993995666504,335468101,7.729682886116499,0.0,0.54481954
2021-04-01,2.463617940859084,2.463617940859084,2.4488657513101053,2.4562418460845947,189036750,7.776107238970223,0.0,0.54156689
2021-04-02,2.4562416464339836,2.463617740608922,2.4341133639091677,2.4414894580841064,139731276,7.823093373087186,0.0,0.53831423
2021-04-06,2.4414895970973594,2.4488656916922773,2.426737407907524,2.4341135025024414,147873448,7.8467992475962385,0.0,0.53668791
2021-04-07,2.4341133639091677,2.448865552259045,2.4267372697342293,2.4414894580841064,206277937,7.823093373087186,0.0,0.53831423
2021-04-08,2.4414895970973594,2.4414895970973594,2.4341135025024414,2.4341135025024414,123930271,7.8467992475962385,0.0,0.53668791
2021-04-09,2.4414894580841064,2.4414894580841064,2.4341133639091677,2.4414894580841064,124820680,7.823093373087186,0.0,0.53831423
2021-04-12,2.441489656535616,2.4562418460845947,2.4341135617611265,2.4562418460845947,161663717,7.776107238970223,0.0,0.54156689
2021-04-13,2.4562417465599675,2.4636178410355845,2.4414895576087337,2.4488656520843506,130593087,7.799529542889805,0.0,0.53994056
2021-04-14,2.4488656520843506,2.4562417465599675,2.4414895576087337,2.4488656520843506,116039651,7.799529542889805,0.0,0.53994056
2021-04-15,2.4414895970973594,2.4488656916922773,2.4341135025024414,2.4341135025024414,95382266,7.8467992475962385,0.0,0.53668791
2021-04-16,2.4414895576087337,2.4488656520843506,2.4341134631331167,2.4488656520843506,102446757,7.799529542889805,0.0,0.53994056
2021-04-19,2.4488656520843506,2.4562417465599675,2.4414895576087337,2.4488656520843506,124394424,7.799529542889805,0.0,0.53994056
2021-04-20,2.448865552259045,2.4562416464339836,2.4341133639091677,2.4414894580841064,120658793,7.823093373087186,0.0,0.53831423
2021-04-21,2.4414894580841064,2.448865552259045,2.4341133639091677,2.4414894580841064,80885819,7.823093373087186,0.0,0.53831423
2021-04-22,2.4488655913805197,2.4488655913805197,2.419361214209423,2.4267373085021973,158010136,7.8706500011691345,0.0,0.53506158
2021-04-23,2.4267371078675954,2.434113201550539,2.411984920501709,2.411984920501709,110111816,7.918789142357935,0.0,0.53180893
2021-04-26,2.419361052317404,2.419361052317404,2.3972327709198,2.3972327709198,126055095,7.967519980411196,0.0,0.52855627
2021-04-27,2.3972327709198,2.4046088647190014,2.3898566771205982,2.3972327709198,98125931,7.967519980411196,0.0,0.52855627
2021-04-28,2.3972327709198,2.4046088647190014,2.3898566771205982,2.3972327709198,90935090,7.967519980411196,0.0,0.52855627
2021-04-29,2.397233305011435,2.4267376867816703,2.389857209568876,2.4193615913391113,147939574,7.894644632027986,0.0,0.53343525
2021-04-30,2.419361052317404,2.4267371461166056,2.3898566771205982,2.3972327709198,160365479,7.967519980411196,0.0,0.52855627
2021-05-06,2.404608964920044,2.4193611531331767,2.3972328708134776,2.404608964920044,140888325,7.943079427317655,0.0,0.5301826
2021-05-07,2.397233305011435,2.4193615913391113,2.397233305011435,2.4193615913391113,174250286,7.894644632027986,0.0,0.53343525
2021-05-10,2.4193611531331767,2.4193611531331767,2.3972328708134776,2.404608964920044,150713490,7.943079427317655,0.0,0.5301826
2021-05-11,2.404608826818766,2.411984920501709,2.397232733135823,2.411984920501709,100131811,7.918789142357935,0.0,0.53180893
2021-05-12,2.4046094004539937,2.4267376867816703,2.4046094004539937,2.4193615913391113,160861042,7.894644632027986,0.0,0.53343525
2021-05-13,2.4119854958965528,2.4193615913391113,2.4046094004539937,2.4193615913391113,133176211,7.894644632027986,0.0,0.53343525
2021-05-14,2.419361214209423,2.4267373085021973,2.4119851199166487,2.4267373085021973,138132181,7.8706500011691345,0.0,0.53506158
2021-05-17,2.4193615913391113,2.434113782224229,2.4193615913391113,2.4193615913391113,167232648,7.894644632027986,0.0,0.53343525
2021-05-18,2.4267376867816703,2.4267376867816703,2.4119854958965528,2.4193615913391113,104819090,7.894644632027986,0.0,0.53343525
2021-05-19,2.4193610141846524,2.4193610141846524,2.411984920501709,2.411984920501709,96810734,7.918789142357935,0.0,0.53180893
2021-05-20,2.4193615913391113,2.4193615913391113,2.4119854958965528,2.4193615913391113,121995906,7.894644632027986,0.0,0.53343525
2021-05-21,2.4193615913391113,2.4267376867816703,2.4119854958965528,2.4193615913391113,148519553,7.894644632027986,0.0,0.53343525
2021-05-24,2.419361214209423,2.4267373085021973,2.4119851199166487,2.4267373085021973,135040376,7.8706500011691345,0.0,0.53506158
2021-05-25,2.4267373686575,2.4488656520843506,2.419361274181883,2.4488656520843506,217045237,7.799529542889805,0.0,0.53994056
2021-05-26,2.4488656520843506,2.4488656520843506,2.4341134631331167,2.4488656520843506,141651320,7.799529542889805,0.0,0.53994056
2021-05-27,2.4414894580841064,2.4562416464339836,2.4414894580841064,2.4414894580841064,164936573,7.823093373087186,0.0,0.53831423
2021-05-28,2.44886561295077,2.4636178016662598,2.441489518593025,2.4636178016662598,239154512,7.7528259404043025,0.0,0.54319321
2021-05-31,2.463617940859084,2.4709940356335736,2.4341135617611265,2.4562418460845947,248959524,7.776107238970223,0.0,0.54156689
2021-06-01,2.44886561295077,2.4709938960240043,2.441489518593025,2.4636178016662598,204512207,7.7528259404043025,0.0,0.54319321
2021-06-02,2.463617762765617,2.478369951248169,2.448865574283065,2.478369951248169,290424960,7.706678331207479,0.0,0.54644587
2021-06-03,2.4783700903216888,2.493122455492027,2.463617901011319,2.470993995666504,382083063,7.729682886116499,0.0,0.54481954
2021-06-04,2.4843169615328686,2.4843169615328686,2.468643052810393,2.476480007171631,275362602,15.667398843374144,0.197,0.51391933
2021-06-07,2.484316994761091,2.484316994761091,2.445132035583065,2.460806131362915,256421059,15.767190883302398,0.0,0.51066668
2021-06-08,2.4529690742492676,2.460806028387379,2.4372949791253196,2.4529690742492676,214891725,15.817565907093535,0.0,0.50904035
2021-06-09,2.4529690742492676,2.4529690742492676,2.4372949791253196,2.4529690742492676,155937247,15.817565907093535,0.0,0.50904035
2021-06-10,2.445131810396943,2.4529689509889674,2.429457902908325,2.429457902908325,203143488,15.970641003308675,0.0,0.50416137
2021-06-11,2.4294579347939402,2.437294888641106,2.4137840270996094,2.4137840270996094,264152844,16.074346157067698,0.0,0.50090871
2021-06-15,2.413784162691941,2.421621116979341,2.405947208404541,2.405947208404541,169435668,16.12670463610442,0.0,0.49928239
2021-06-16,2.405947175850535,2.429458038394618,2.405947175850535,2.421621084213257,180382762,16.022324984259647,0.0,0.50253504
2021-06-17,2.4137840270996094,2.4294579347939402,2.4137840270996094,2.4137840270996094,130983980,16.074346157067698,0.0,0.50090871
2021-06-18,2.4137840591936275,2.421621013144994,2.3981101512908936,2.3981101512908936,163990879,16.179406929708424,0.0,0.49765606
2021-06-21,2.398110254117141,2.413784162691941,2.398110254117141,2.405947208404541,117256234,16.12670463610442,0.0,0.49928239
2021-06-22,2.405947208404541,2.413784162691941,2.398110254117141,2.405947208404541,93062926,16.12670463610442,0.0,0.49928239
2021-06-23,2.405947208404541,2.413784162691941,2.398110254117141,2.405947208404541,87540811,16.12670463610442,0.0,0.49928239
2021-06-24,2.405947208404541,2.413784162691941,2.398110254117141,2.405947208404541,82324426,16.12670463610442,0.0,0.49928239
2021-06-25,2.413784130031896,2.429458038394618,2.405947175850535,2.421621084213257,126541716,16.022324984259647,0.0,0.50253504
2021-06-28,2.421620980946775,2.4294579347939402,2.4137840270996094,2.4137840270996094,96721917,16.074346157067698,0.0,0.50090871
2021-06-29,2.4137840270996094,2.421620980946775,2.4059470732524435,2.4137840270996094,87575985,16.074346157067698,0.0,0.50090871
2021-06-30,2.4137840270996094,2.4137840270996094,2.4059470732524435,2.4137840270996094,60703705,16.074346157067698,0.0,0.50210202
2021-07-01,2.4137840270996094,2.421620980946775,2.4059470732524435,2.4137840270996094,102163800,16.074346157067698,0.0,0.50210202
2021-07-02,2.4137840270996094,2.421620980946775,2.4059470732524435,2.4137840270996094,139673284,16.074346157067698,0.0,0.50210202
2021-07-05,2.4059470732524435,2.4137840270996094,2.4059470732524435,2.4137840270996094,86942777,16.074346157067698,0.0,0.50210202
2021-07-06,2.413784130031896,2.421621084213257,2.405947175850535,2.421621084213257,116196021,16.022324984259647,0.0,0.50373222
2021-07-07,2.421620980946775,2.421620980946775,2.4059470732524435,2.4137840270996094,86328350,16.074346157067698,0.0,0.50210202
2021-07-08,2.413784162691941,2.413784162691941,2.398110254117141,2.405947208404541,137362429,16.12670463610442,0.0,0.50047181
2021-07-09,2.398110254117141,2.413784162691941,2.398110254117141,2.405947208404541,99791332,16.12670463610442,0.0,0.50047181
2021-07-12,2.4137840591936275,2.4137840591936275,2.3981101512908936,2.3981101512908936,121971154,16.179406929708424,0.0,0.49884161
2021-07-13,2.398110047790376,2.405947001403506,2.390273094177246,2.390273094177246,131405517,16.23245481636286,0.0,0.49721141
2021-07-14,2.398110079518985,2.398110079518985,2.3745992183685303,2.3745992183685303,155713527,16.339599415288937,0.0,0.49395101
2021-07-15,2.3745993214252388,2.390273229539117,2.3667623673683,2.3824362754821777,92270020,16.285850076786346,0.0,0.49558121
2021-07-16,2.3824361405641157,2.390273094177246,2.3745991869509857,2.390273094177246,84780214,16.23245481636286,0.0,0.49721141
2021-07-19,2.3824362754821777,2.390273229539117,2.3745993214252388,2.3824362754821777,96518408,16.285850076786346,0.0,0.49558121
2021-07-20,2.3824362754821777,2.390273229539117,2.3745993214252388,2.3824362754821777,74929961,16.285850076786346,0.0,0.49558121
2021-07-21,2.3824362754821777,2.390273229539117,2.3745993214252388,2.3824362754821777,76970531,16.285850076786346,0.0,0.49558121
2021-07-22,2.3824361405641157,2.390273094177246,2.3824361405641157,2.390273094177246,78963361,16.23245481636286,0.0,0.49721141
2021-07-23,2.3824362754821777,2.390273229539117,2.3824362754821777,2.3824362754821777,76945865,16.285850076786346,0.0,0.49558121
2021-07-26,2.3824361405641157,2.390273094177246,2.3745991869509857,2.390273094177246,130272507,16.23245481636286,0.0,0.49721141
2021-07-27,2.3824362754821777,2.390273229539117,2.3745993214252388,2.3824362754821777,114298170,8.26884655960544,0.0,0.49558121
2021-07-28,2.3824362754821777,2.3824362754821777,2.3745993214252388,2.3824362754821777,135743661,8.26884655960544,0.0,0.49558121
2021-07-29,2.382436068003773,2.390273021378218,2.358925207880438,2.366762161254883,142259498,8.323607805845116,0.0,0.49232081
2021-07-30,2.3667623285361667,2.3667623285361667,2.3432514667510986,2.3432514667510986,105662436,8.40712159131342,0.0,0.4874302
2021-08-02,2.343251434916046,2.3589253425598145,2.3197405734503924,2.3589253425598145,160136683,8.351260484836846,0.0,0.49069061
2021-08-03,2.3510884206794547,2.3589253746078107,2.3354145128227426,2.3432514667510986,87425946,8.40712159131342,0.0,0.4874302
2021-08-04,2.3354146480560303,2.3432516024381886,2.3354146480560303,2.3354146480560303,78273948,8.435332893196518,0.0,0.4858
2021-08-05,2.3354145128227426,2.3432514667510986,2.3354145128227426,2.3432514667510986,71672331,8.40712159131342,0.0,0.4874302
2021-08-06,2.3354145128227426,2.3510884206794547,2.3354145128227426,2.3432514667510986,94891595,8.40712159131342,0.0,0.4874302
2021-08-09,2.3432513011315477,2.366762161254883,2.3354143477571028,2.366762161254883,93611627,8.323607805845116,0.0,0.49232081
2021-08-10,2.358925207880438,2.3745991146293277,2.351088254505993,2.366762161254883,81865335,8.323607805845116,0.0,0.49232081
2021-08-11,2.3667623673683,2.3824362754821777,2.3589254133113604,2.3824362754821777,86875390,8.26884655960544,0.0,0.49558121
2021-08-12,2.3745991146293277,2.382436068003773,2.366762161254883,2.366762161254883,66583780,8.323607805845116,0.0,0.49232081
2021-08-13,2.366762264651712,2.3745992183685303,2.3589253109348935,2.3745992183685303,59919131,8.296136816525568,0.0,0.49395101
2021-08-16,2.3745992183685303,2.3824361720853484,2.366762264651712,2.3745992183685303,94766247,8.296136816525568,0.0,0.49395101
2021-08-17,2.3667622963816988,2.374599250203583,2.3589253425598145,2.3589253425598145,113495497,8.351260484836846,0.0,0.49069061
2021-08-18,2.3510884592544214,2.3824362754821777,2.3510884592544214,2.3824362754821777,127778347,8.26884655960544,0.0,0.49558121
2021-08-19,2.382436068003773,2.382436068003773,2.358925207880438,2.366762161254883,98341016,8.323607805845116,0.0,0.49232081
2021-08-20,2.366762161254883,2.3745991146293277,2.358925207880438,2.366762161254883,94007177,8.323607805845116,0.0,0.49232081
2021-08-23,2.3589253109348935,2.3745992183685303,2.3589253109348935,2.3745992183685303,104078650,8.296136816525568,0.0,0.49395101
2021-08-24,2.3745991146293277,2.3745991146293277,2.366762161254883,2.366762161254883,92949307,8.323607805845116,0.0,0.49232081
2021-08-25,2.3745991146293277,2.3745991146293277,2.358925207880438,2.366762161254883,69458850,8.323607805845116,0.0,0.49232081
2021-08-26,2.3589253425598145,2.3667622963816988,2.3589253425598145,2.3589253425598145,60256741,8.351260484836846,0.0,0.49069061
2021-08-27,2.358925207880438,2.366762161254883,2.351088254505993,2.366762161254883,62519285,8.323607805845116,0.0,0.49232081
2021-08-30,2.358925478137053,2.3667624324093595,2.351088523864746,2.351088523864746,161277182,8.37909751165682,0.0,0.4890604
2021-08-31,2.3510883572180754,2.3745992183685303,2.3510883572180754,2.3745992183685303,150082280,8.296136816525568,0.0,0.49395101
2021-09-01,2.374599289436793,2.3981101512908936,2.3667623354854266,2.3981101512908936,217708089,8.214801972042679,0.0,0.49884161
2021-09-02,2.390273094177246,2.398110047790376,2.3824361405641157,2.390273094177246,127946379,8.241736079441969,0.0,0.49721141
2021-09-03,2.390273197339527,2.4059471052422605,2.38243624338816,2.3981101512908936,171108945,8.214801972042679,0.0,0.49884161
2021-09-06,2.3981101512908936,2.4059471052422605,2.390273197339527,2.3981101512908936,153559809,8.214801972042679,0.0,0.49884161
2021-09-07,2.398110221669174,2.429458038394618,2.398110221669174,2.421621084213257,249020704,8.135046448193687,0.0,0.50373222
2021-09-08,2.421620949164016,2.437294856652634,2.4137839954197076,2.429457902908325,184844959,8.108804839308785,0.0,0.50536242
2021-09-09,2.421621084213257,2.429458038394618,2.413784130031896,2.421621084213257,151901443,8.135046448193687,0.0,0.50373222
2021-09-10,2.421620949164016,2.445131810396943,2.4137839954197076,2.429457902908325,268167052,8.108804839308785,0.0,0.50536242
2021-09-13,2.429457902908325,2.437294856652634,2.421620949164016,2.429457902908325,191478074,8.108804839308785,0.0,0.50536242
2021-09-14,2.4372949210477275,2.4372949210477275,2.390273197339527,2.3981101512908936,204273380,8.214801972042679,0.0,0.49884161
2021-09-15,2.3981101512908936,2.4059471052422605,2.390273197339527,2.3981101512908936,133583764,8.214801972042679,0.0,0.49884161
2021-09-16,2.398110047790376,2.405947001403506,2.3824361405641157,2.390273094177246,213224690,8.241736079441969,0.0,0.49721141
2021-09-17,2.390273299829741,2.413784162691941,2.390273299829741,2.405947208404541,114302987,8.188043333279822,0.0,0.50047181
2021-09-22,2.390273094177246,2.398110047790376,2.3824361405641157,2.390273094177246,115075657,8.241736079441969,0.0,0.49721141
2021-09-23,2.398110254117141,2.413784162691941,2.390273299829741,2.405947208404541,154760418,8.188043333279822,0.0,0.50047181
2021-09-24,2.405947001403506,2.4137839550166365,2.390273094177246,2.390273094177246,103465482,8.241736079441969,0.0,0.49721141
2021-09-27,2.390273094177246,2.398110047790376,2.3824361405641157,2.390273094177246,105119511,8.241736079441969,0.0,0.49721141
2021-09-28,2.38243624338816,2.4059471052422605,2.38243624338816,2.3981101512908936,117480018,8.214801972042679,0.0,0.49884161
2021-09-29,2.3981101512908936,2.4059471052422605,2.38243624338816,2.3981101512908936,144978505,8.214801972042679,0.0,0.49884161
2021-09-30,2.398110047790376,2.398110047790376,2.3824361405641157,2.390273094177246,112813214,8.241736079441969,0.0,0.48247587
2021-10-08,2.390273299829741,2.413784162691941,2.390273299829741,2.405947208404541,127072645,8.188043333279822,0.0,0.48563964
2021-10-11,2.4137840270996094,2.4294579347939402,2.4059470732524435,2.4137840270996094,153061278,8.161459260160662,0.0,0.48722153
2021-10-12,2.4137840270996094,2.421620980946775,2.4059470732524435,2.4137840270996094,136669059,8.161459260160662,0.0,0.48722153
2021-10-13,2.413784162691941,2.413784162691941,2.398110254117141,2.405947208404541,87628462,8.188043333279822,0.0,0.48563964
2021-10-14,2.4059471052422605,2.4137840591936275,2.3981101512908936,2.3981101512908936,67086281,8.214801972042679,0.0,0.48405775
2021-10-15,2.405947001403506,2.405947001403506,2.390273094177246,2.390273094177246,126854009,8.241736079441969,0.0,0.48247587
2021-10-18,2.390273197339527,2.4059471052422605,2.390273197339527,2.3981101512908936,116407232,8.214801972042679,0.0,0.48405775
2021-10-19,2.3981101512908936,2.4137840591936275,2.390273197339527,2.3981101512908936,95828632,8.214801972042679,0.0,0.48405775
2021-10-20,2.4059471052422605,2.4137840591936275,2.3981101512908936,2.3981101512908936,77055388,8.214801972042679,0.0,0.48405775
2021-10-21,2.398110119405278,2.4137840270996094,2.398110119405278,2.4137840270996094,98973560,8.161459260160662,0.0,0.48722153
2021-10-22,2.4059471052422605,2.4137840591936275,2.3981101512908936,2.3981101512908936,89351820,8.214801972042679,0.0,0.48405775
2021-10-25,2.398110254117141,2.413784162691941,2.398110254117141,2.405947208404541,94829019,8.188043333279822,0.0,0.48563964
2021-10-26,2.4137840591936275,2.4137840591936275,2.3981101512908936,2.3981101512908936,90072506,8.214801972042679,0.0,0.48405775
2021-10-27,2.3981101512908936,2.4059471052422605,2.390273197339527,2.3981101512908936,90618779,8.214801972042679,0.0,0.48405775
2021-10-28,2.398110047790376,2.398110047790376,2.3824361405641157,2.390273094177246,89734317,8.241736079441969,0.0,0.48247587
2021-10-29,2.390273094177246,2.398110047790376,2.3824361405641157,2.390273094177246,108279091,8.241736079441969,0.0,0.48247587
2021-11-01,2.390273299829741,2.405947208404541,2.390273299829741,2.405947208404541,113980500,8.188043333279822,0.0,0.48563964
2021-11-02,2.4059471376529955,2.4059471376529955,2.3824362754821777,2.3824362754821777,149424773,8.26884655960544,0.0,0.48089398
2021-11-03,2.390273229539117,2.390273229539117,2.3824362754821777,2.3824362754821777,80615457,8.26884655960544,0.0,0.48089398
2021-11-04,2.3824362754821777,2.390273229539117,2.3824362754821777,2.3824362754821777,49139999,8.26884655960544,0.0,0.48089398
2021-11-05,2.3824362754821777,2.390273229539117,2.3824362754821777,2.3824362754821777,58406560,8.26884655960544,0.0,0.48089398
2021-11-08,2.3824361720853484,2.390273125802167,2.3745992183685303,2.3745992183685303,72938332,8.296136816525568,0.0,0.47931209
2021-11-09,2.3745993214252388,2.3824362754821777,2.3745993214252388,2.3824362754821777,60731741,8.26884655960544,0.0,0.48089398
2021-11-10,2.3745993214252388,2.3824362754821777,2.3745993214252388,2.3824362754821777,59729296,8.26884655960544,0.0,0.48089398
2021-11-11,2.382436345542341,2.405947208404541,2.3745993912549412,2.405947208404541,113565177,8.188043333279822,0.0,0.48563964
2021-11-12,2.4059471052422605,2.4059471052422605,2.390273197339527,2.3981101512908936,58156056,8.214801972042679,0.0,0.48405775
2021-11-15,2.390273197339527,2.3981101512908936,2.390273197339527,2.3981101512908936,59525462,8.214801972042679,0.0,0.48405775
2021-11-16,2.3981101512908936,2.4059471052422605,2.390273197339527,2.3981101512908936,100142595,8.214801972042679,0.0,0.48405775
2021-11-17,2.398110254117141,2.405947208404541,2.390273299829741,2.405947208404541,79461275,8.188043333279822,0.0,0.48563964
2021-11-18,2.3981101512908936,2.4059471052422605,2.390273197339527,2.3981101512908936,87171027,8.214801972042679,0.0,0.48405775
2021-11-19,2.3981101512908936,2.4059471052422605,2.390273197339527,2.3981101512908936,63789015,8.214801972042679,0.0,0.48405775
2021-11-22,2.3981101512908936,2.4059471052422605,2.3981101512908936,2.3981101512908936,67459475,8.214801972042679,0.0,0.48405775
2021-11-23,2.398110254117141,2.405947208404541,2.398110254117141,2.405947208404541,83470231,8.188043333279822,0.0,0.48563964
2021-11-24,2.398110119405278,2.4137840270996094,2.398110119405278,2.4137840270996094,115740433,8.161459260160662,0.0,0.48722153
2021-11-25,2.4059470732524435,2.4137840270996094,2.398110119405278,2.4137840270996094,82415265,8.161459260160662,0.0,0.48722153
2021-11-26,2.405947208404541,2.413784162691941,2.398110254117141,2.405947208404541,52959976,8.188043333279822,0.0,0.48563964
2021-11-29,2.3981101512908936,2.4059471052422605,2.390273197339527,2.3981101512908936,97359978,8.214801972042679,0.0,0.48405775
2021-11-30,2.398110047790376,2.398110047790376,2.3824361405641157,2.390273094177246,118947240,8.241736079441969,0.0,0.48247587
2021-12-01,2.38243624338816,2.3981101512908936,2.38243624338816,2.3981101512908936,63929943,8.214801972042679,0.0,0.48405775
2021-12-02,2.398110047790376,2.398110047790376,2.390273094177246,2.390273094177246,108444950,8.241736079441969,0.0,0.48247587
2021-12-03,2.3981101512908936,2.3981101512908936,2.390273197339527,2.3981101512908936,79474180,8.214801972042679,0.0,0.48405775
2021-12-06,2.3981101512908936,2.4059471052422605,2.390273197339527,2.3981101512908936,123987558,8.214801972042679,0.0,0.48405775
2021-12-07,2.405947208404541,2.405947208404541,2.390273299829741,2.405947208404541,104494732,8.188043333279822,0.0,0.48563964
2021-12-08,2.3981101512908936,2.4059471052422605,2.390273197339527,2.3981101512908936,120463174,8.214801972042679,0.0,0.48405775
2021-12-09,2.398110254117141,2.413784162691941,2.390273299829741,2.405947208404541,162429588,8.188043333279822,0.0,0.48563964
2021-12-10,2.405947208404541,2.405947208404541,2.398110254117141,2.405947208404541,126272349,8.188043333279822,0.0,0.48563964
2021-12-13,2.4059471052422605,2.4059471052422605,2.3981101512908936,2.3981101512908936,102284901,8.214801972042679,0.0,0.48405775
2021-12-14,2.398110047790376,2.405947001403506,2.390273094177246,2.390273094177246,73139542,8.241736079441969,0.0,0.48247587
2021-12-15,2.390273094177246,2.398110047790376,2.390273094177246,2.390273094177246,83770662,8.241736079441969,0.0,0.48247587
2021-12-16,2.390273094177246,2.398110047790376,2.390273094177246,2.390273094177246,101356040,8.241736079441969,0.0,0.48247587
2021-12-17,2.390273197339527,2.3981101512908936,2.390273197339527,2.3981101512908936,88226665,8.214801972042679,0.0,0.48405775
2021-12-20,2.390273094177246,2.398110047790376,2.3824361405641157,2.390273094177246,96278940,8.241736079441969,0.0,0.48247587
2021-12-21,2.38243624338816,2.4059471052422605,2.38243624338816,2.3981101512908936,128798481,8.214801972042679,0.0,0.48405775
2021-12-22,2.3981101512908936,2.4059471052422605,2.390273197339527,2.3981101512908936,110247425,8.214801972042679,0.0,0.48405775
2021-12-23,2.3981101512908936,2.4059471052422605,2.390273197339527,2.3981101512908936,81038737,8.214801972042679,0.0,0.48405775
2021-12-24,2.398110047790376,2.405947001403506,2.390273094177246,2.390273094177246,65111092,8.241736079441969,0.0,0.48247587
2021-12-27,2.390273197339527,2.3981101512908936,2.390273197339527,2.3981101512908936,71592541,8.214801972042679,0.0,0.48405775
2021-12-28,2.398110254117141,2.405947208404541,2.390273299829741,2.405947208404541,101425994,8.188043333279822,0.0,0.48563964
2021-12-29,2.398110047790376,2.405947001403506,2.390273094177246,2.390273094177246,82813675,8.241736079441969,0.0,0.48247587
2021-12-30,2.398110047790376,2.398110047790376,2.390273094177246,2.390273094177246,78992662,8.241736079441969,0.0,0.48247587
2021-12-31,2.390273094177246,2.398110047790376,2.390273094177246,2.390273094177246,75290603,8.241736079441969,0.0,0.47116926
2022-01-04,2.398110254117141,2.405947208404541,2.390273299829741,2.405947208404541,113893319,8.188043333279822,0.0,0.4742589
2022-01-05,2.405947175850535,2.429458038394618,2.398110221669174,2.421621084213257,312987617,8.135046448193687,0.0,0.47734853
2022-01-06,2.413784130031896,2.44513194675734,2.413784130031896,2.421621084213257,187797851,8.135046448193687,0.0,0.47734853
2022-01-07,2.4216211721848895,2.460806131362915,2.4216211721848895,2.460806131362915,318936314,8.005506711367454,0.0,0.48507262
2022-01-10,2.460806028387379,2.4764799366636017,2.4372949791253196,2.4529690742492676,154642749,8.031083720869656,0.0,0.4835278
2022-01-11,2.445132035583065,2.468643085828974,2.445132035583065,2.460806131362915,136150760,8.005506711367454,0.0,0.48507262
2022-01-12,2.4608061127972163,2.4608061127972163,2.429458108321756,2.44513201713562,190643304,8.056824687559327,0.0,0.48198298
2022-01-13,2.4372950811170067,2.468643085828974,2.4372950811170067,2.460806131362915,176183426,8.005506711367454,0.0,0.48507262
2022-01-14,2.460806041967788,2.460806041967788,2.413784130031896,2.421621084213257,206659934,8.135046448193687,0.0,0.47734853
2022-01-17,2.421621084213257,2.429458038394618,2.413784130031896,2.421621084213257,114250424,8.135046448193687,0.0,0.47734853
2022-01-18,2.4137841995078912,2.44513201713562,2.4137841995078912,2.44513201713562,158865983,8.056824687559327,0.0,0.48198298
2022-01-19,2.4372949600219727,2.4451319140986585,2.429458005945287,2.4372949600219727,97900582,8.0827311930364,0.0,0.48043817
2022-01-20,2.437295062728688,2.452969158390284,2.429458108321756,2.44513201713562,191778747,8.056824687559327,0.0,0.48198298
2022-01-21,2.44513201713562,2.452969158390284,2.429458108321756,2.44513201713562,171887707,8.056824687559327,0.0,0.48198298
2022-01-24,2.44513201713562,2.44513201713562,2.429458108321756,2.44513201713562,153008996,8.056824687559327,0.0,0.48198298
2022-01-25,2.437294992575979,2.44513194675734,2.413784130031896,2.421621084213257,157682812,8.135046448193687,0.0,0.47734853
2022-01-26,2.421621084213257,2.429458038394618,2.413784130031896,2.421621084213257,92393252,8.135046448193687,0.0,0.47734853
2022-01-27,2.421621084213257,2.429458038394618,2.413784130031896,2.421621084213257,127655838,8.135046448193687,0.0,0.47734853
2022-01-28,2.421621084213257,2.437294992575979,2.413784130031896,2.421621084213257,150392993,8.135046448193687,0.0,0.47734853
2022-02-07,2.4372949791253196,2.4529690742492676,2.4294580249872086,2.4529690742492676,158877519,8.031083720869656,0.0,0.4835278
2022-02-08,2.4451321040106526,2.492154018970656,2.4451321040106526,2.4843170642852783,286303624,7.9297446703597645,0.0,0.48970707
2022-02-09,2.4843169615328686,2.499990870255344,2.476480007171631,2.476480007171631,234779367,7.954839103465739,0.0,0.48816225
2022-02-10,2.484316794009866,2.499990701675415,2.4764798401770913,2.499990701675415,180983578,7.8800293084280995,0.0,0.4927967
2022-02-11,2.499990701675415,2.5078276555081898,2.4921537478426403,2.499990701675415,150563026,7.8800293084280995,0.0,0.4927967
2022-02-14,2.4999909736560335,2.4999909736560335,2.468643154914523,2.4843170642852783,150686439,7.9297446703597645,0.0,0.48970707
2022-02-15,2.4764799040930234,2.4921538121631035,2.4608059960229434,2.4686429500579834,118272584,7.980092868244591,0.0,0.48661744
2022-02-16,2.4764801095999007,2.492154018970656,2.468643154914523,2.4843170642852783,97288401,7.9297446703597645,0.0,0.48970707
2022-02-17,2.4843169287226115,2.5078277914958176,2.4764799744648758,2.4921538829803467,168577859,7.904808822014204,0.0,0.49125189
2022-02-18,2.4921538504780085,2.5078277587890625,2.476479942166955,2.5078277587890625,155036500,7.855403917178269,0.0,0.49434152
2022-02-21,2.4999908372380824,2.4999908372380824,2.4764799744648758,2.4921538829803467,128248537,7.904808822014204,0.0,0.49125189
2022-02-22,2.4843170642852783,2.492154018970656,2.4764801095999007,2.4843170642852783,87527437,7.9297446703597645,0.0,0.48970707
2022-02-23,2.4843169615328686,2.4921539158941064,2.468643052810393,2.476480007171631,100542597,7.954839103465739,0.0,0.48816225
2022-02-24,2.4686429631764395,2.4764799172531253,2.429458005945287,2.4372949600219727,207717201,8.0827311930364,0.0,0.48043817
2022-02-25,2.4451319140986585,2.4608060090997537,2.429458005945287,2.4372949600219727,141574624,8.0827311930364,0.0,0.48043817
2022-02-28,2.437294856652634,2.445131810396943,2.421620949164016,2.429457902908325,160003390,8.108804839308785,0.0,0.47889335
2022-03-01,2.437295062728688,2.452969158390284,2.429458108321756,2.44513201713562,135258879,8.056824687559327,0.0,0.48198298
2022-03-02,2.445131933263431,2.4686429825254903,2.4372949791253196,2.4529690742492676,140013892,8.031083720869656,0.0,0.4835278
2022-03-03,2.4529690419879033,2.4764799040930234,2.4529690419879033,2.4686429500579834,137415776,7.980092868244591,0.0,0.48661744
2022-03-04,2.4686429500579834,2.4764799040930234,2.4608059960229434,2.4686429500579834,156024083,7.980092868244591,0.0,0.48661744
2022-03-07,2.460806028387379,2.4686429825254903,2.445131933263431,2.4529690742492676,136041516,8.031083720869656,0.0,0.4835278
2022-03-08,2.445131810396943,2.4608059047332764,2.429457902908325,2.429457902908325,150037744,8.108804839308785,0.0,0.47889335
2022-03-09,2.4294579347939402,2.437294888641106,2.382436211710947,2.4137840270996094,266049155,8.161459260160662,0.0,0.47580371
2022-03-10,2.421620980946775,2.4294579347939402,2.4137840270996094,2.4137840270996094,110101225,8.161459260160662,0.0,0.47580371
2022-03-11,2.4137839954197076,2.437294856652634,2.39811008793109,2.429457902908325,178942650,8.108804839308785,0.0,0.47889335
2022-03-14,2.413784130031896,2.44513194675734,2.405947175850535,2.421621084213257,157658515,8.135046448193687,0.0,0.47734853
2022-03-15,2.42162094066944,2.42162094066944,2.366762264651712,2.3745992183685303,290229985,8.296136816525568,0.0,0.46807963
2022-03-16,2.382436345542341,2.413784162691941,2.366762436967541,2.405947208404541,219409553,8.188043333279822,0.0,0.4742589
2022-03-17,2.4137840591936275,2.421621013144994,2.390273197339527,2.3981101512908936,198768146,8.214801972042679,0.0,0.47271408
2022-03-18,2.39811008793109,2.437294856652634,2.390273134186781,2.429457902908325,251242558,8.108804839308785,0.0,0.47889335
2022-03-21,2.421621084213257,2.437294992575979,2.413784130031896,2.421621084213257,124568353,8.135046448193687,0.0,0.47734853
2022-03-22,2.429457993035061,2.4843168581280635,2.421621039000021,2.4686429500579834,253281571,7.980092868244591,0.0,0.48661744
2022-03-23,2.468643085828974,2.468643085828974,2.4372950811170067,2.460806131362915,136338669,8.005506711367454,0.0,0.48507262
2022-03-24,2.4529691768968567,2.468643085828974,2.445132035583065,2.460806131362915,78366636,8.005506711367454,0.0,0.48507262
2022-03-25,2.4608060984491553,2.4843169615328686,2.445132002878949,2.476480007171631,155189228,7.954839103465739,0.0,0.48816225
2022-03-28,2.460806200229146,2.4843170642852783,2.4529692455437684,2.4843170642852783,111454863,7.9297446703597645,0.0,0.48970707
2022-03-29,2.4764798401770913,2.499990701675415,2.4764798401770913,2.499990701675415,164742120,7.8800293084280995,0.0,0.4927967
2022-03-30,2.507827726488602,2.5235016345977783,2.4999907724340136,2.5235016345977783,235224962,7.806612736012747,0.0,0.49743116
2022-03-31,2.5235014376948337,2.570523158353367,2.515664484251745,2.5626862049102783,352674202,7.687246281754466,0.0,0.49365454
2022-04-01,2.55484945691766,2.5783603191375732,2.539175548771051,2.5783603191375732,243342012,7.640514730923793,0.0,0.49667384
2022-04-06,2.5705234674801254,2.5940343306367684,2.55484955870903,2.5861973762512207,237666989,7.617361374233473,0.0,0.49818348
2022-04-07,2.5861976492869396,2.6018715597127953,2.5548498284352283,2.570523738861084,235107954,7.6638078466952555,0.0,0.49516419
2022-04-08,2.5705233650642687,2.586197273210878,2.562686410990964,2.5783603191375732,162098159,7.640514730923793,0.0,0.49667384
2022-04-11,2.5861976492869396,2.5940346044998677,2.570523738861084,2.570523738861084,187424293,7.6638078466952555,0.0,0.49516419
2022-04-12,2.5705234674801254,2.5861973762512207,2.55484955870903,2.5861973762512207,193563250,7.617361374233473,0.0,0.49818348
2022-04-13,2.5783603191375732,2.609708135430791,2.5705233650642687,2.5783603191375732,166778612,7.640514730923793,0.0,0.49667384
2022-04-14,2.5861976492869396,2.6018715597127953,2.570523738861084,2.570523738861084,117684503,7.6638078466952555,0.0,0.49516419
2022-04-15,2.570523738861084,2.578360694074012,2.5626867836481564,2.570523738861084,105508451,7.6638078466952555,0.0,0.49516419
2022-04-18,2.5626865092060505,2.5705234635797063,2.5156647829641137,2.531338691711426,180316114,7.78244336267816,0.0,0.48761595
2022-04-19,2.523501570789506,2.55484938621521,2.523501570789506,2.55484938621521,123575331,7.710826362717162,0.0,0.49214489
2022-04-20,2.554849251467189,2.570523158353367,2.5470122980241006,2.5626862049102783,126055526,7.687246281754466,0.0,0.49365454
2022-04-21,2.5626862049102783,2.5861970652395447,2.554849251467189,2.5626862049102783,162730743,7.687246281754466,0.0,0.49365454
2022-04-22,2.55484955870903,2.601871285022316,2.5470126043234824,2.5861973762512207,195626086,7.617361374233473,0.0,0.49818348
2022-04-25,2.578360111796456,2.6097079255688116,2.5626862049102783,2.5626862049102783,290849532,7.687246281754466,0.0,0.49365454
2022-04-26,2.570523738861084,2.5861976492869396,2.5548498284352283,2.570523738861084,215532530,7.6638078466952555,0.0,0.49516419
2022-04-27,2.5705234635797063,2.5783604179533626,2.5156647829641137,2.531338691711426,217741745,7.78244336267816,0.0,0.48761595
2022-04-28,2.531338524645932,2.570523293928062,2.523501570789506,2.55484938621521,221052868,7.710826362717162,0.0,0.49214489
2022-04-29,2.554849554832394,2.5626865092060505,2.5156647829641137,2.531338691711426,371435031,7.78244336267816,0.0,0.48761595
2022-05-05,2.539175646085082,2.547012600458738,2.5078278285904574,2.531338691711426,237357024,7.78244336267816,0.0,0.48761595
2022-05-06,2.515664609340964,2.5235015631737387,2.4921537478426403,2.499990701675415,143763630,7.8800293084280995,0.0,0.48157737
2022-05-09,2.499990701675415,2.5078276555081898,2.4921537478426403,2.499990701675415,109137292,7.8800293084280995,0.0,0.48157737
2022-05-10,2.4921538504780085,2.5078277587890625,2.476479942166955,2.5078277587890625,175808992,7.855403917178269,0.0,0.48308701
2022-05-11,2.5078277587890625,2.5156647129445897,2.4999908046335357,2.5078277587890625,131996763,7.855403917178269,0.0,0.48308701
2022-05-12,2.4999908046335357,2.5078277587890625,2.4999908046335357,2.5078277587890625,90458459,7.855403917178269,0.0,0.48308701
2022-05-13,2.507827623750599,2.515664577484131,2.4999906700170667,2.515664577484131,98605611,7.830932699184245,0.0,0.48459666
2022-05-16,2.515664609340964,2.515664609340964,2.4921537478426403,2.499990701675415,107213450,7.8800293084280995,0.0,0.48157737
2022-05-17,2.5078277587890625,2.5156647129445897,2.4999908046335357,2.5078277587890625,102444983,7.855403917178269,0.0,0.48308701
2022-05-18,2.5078276555081898,2.5078276555081898,2.4921537478426403,2.499990701675415,90701576,7.8800293084280995,0.0,0.48157737
2022-05-19,2.4921538829803467,2.4999908372380824,2.4843169287226115,2.4921538829803467,105301293,7.904808822014204,0.0,0.48006772
2022-05-20,2.499990701675415,2.515664609340964,2.4921537478426403,2.499990701675415,138656349,7.8800293084280995,0.0,0.48157737
2022-05-23,2.5078277587890625,2.5156647129445897,2.4999908046335357,2.5078277587890625,102728278,7.855403917178269,0.0,0.48308701
2022-05-24,2.4999908046335357,2.5078277587890625,2.4999908046335357,2.5078277587890625,91224891,7.855403917178269,0.0,0.48308701
2022-05-25,2.4999908046335357,2.5156647129445897,2.4999908046335357,2.5078277587890625,127520925,7.855403917178269,0.0,0.48308701
2022-05-26,2.507827623750599,2.515664577484131,2.507827623750599,2.515664577484131,104946665,7.830932699184245,0.0,0.48459666
2022-05-27,2.51566468054319,2.5235016345977783,2.507827726488602,2.5235016345977783,107585002,7.806612736012747,0.0,0.48610631
2022-05-30,2.5156647129445897,2.5235016671001165,2.4999908046335357,2.5078277587890625,176262701,7.855403917178269,0.0,0.48308701
2022-05-31,2.499990701675415,2.5078276555081898,2.499990701675415,2.499990701675415,115257848,7.8800293084280995,0.0,0.48157737
2022-06-01,2.499990701675415,2.5078276555081898,2.4921537478426403,2.499990701675415,105838863,7.8800293084280995,0.0,0.48157737
2022-06-02,2.499990701675415,2.5078276555081898,2.4921537478426403,2.499990701675415,67585431,7.8800293084280995,0.0,0.48157737
2022-06-06,2.4999908372380824,2.5078277914958176,2.4921538829803467,2.4921538829803467,132391671,7.904808822014204,0.0,0.48006772
2022-06-07,2.499990701675415,2.499990701675415,2.484316794009866,2.499990701675415,96658859,7.8800293084280995,0.0,0.48157737
2022-06-08,2.499990701675415,2.5078276555081898,2.4921537478426403,2.499990701675415,98539232,7.8800293084280995,0.0,0.48157737
2022-06-09,2.4999906700170667,2.515664577484131,2.4921537162835343,2.515664577484131,133747091,7.830932699184245,0.0,0.48459666
2022-06-10,2.5078278285904574,2.531338691711426,2.4999908742168016,2.531338691711426,197281367,7.78244336267816,0.0,0.48761595
2022-06-13,2.515664577484131,2.5313384849511955,2.4999906700170667,2.515664577484131,129062879,7.830932699184245,0.0,0.48459666
2022-06-14,2.5156647829641137,2.531338691711426,2.4999908742168016,2.531338691711426,146281059,7.78244336267816,0.0,0.48761595
2022-06-15,2.531338691711426,2.554849554832394,2.52350173733777,2.531338691711426,196740444,7.78244336267816,0.0,0.48761595
2022-06-16,2.539175646085082,2.547012600458738,2.52350173733777,2.531338691711426,148140347,7.78244336267816,0.0,0.48761595
2022-06-17,2.531338691711426,2.539175646085082,2.52350173733777,2.531338691711426,139422182,7.78244336267816,0.0,0.48761595
2022-06-20,2.5313385886523663,2.5313385886523663,2.51566468054319,2.5235016345977783,102064084,7.806612736012747,0.0,0.48610631
2022-06-21,2.5235014684854273,2.554849282640274,2.5156645149467156,2.5470123291015625,141733787,0.0,0.0,0.49063525
2022-06-22,2.547012600458738,2.554849554832394,2.531338691711426,2.531338691711426,124648156,0.0,0.0,0.48761595
2022-06-23,2.539175375562851,2.5470123291015625,2.531338422024139,2.5470123291015625,111815207,0.0,0.0,0.49063525
2022-06-24,2.5470123291015625,2.554849282640274,2.539175375562851,2.5470123291015625,130305041,0.0,0.0,0.49063525
2022-06-27,2.5470123291015625,2.554849282640274,2.539175375562851,2.5470123291015625,142387828,0.0,0.0,0.49063525
2022-06-28,2.5470123291015625,2.554849282640274,2.539175375562851,2.5470123291015625,124881605,0.0,0.0,0.49063525
2022-06-29,2.539175478502358,2.55484938621521,2.539175478502358,2.55484938621521,145262952,0.0,0.0,0.49214489
2022-06-30,2.547012432358784,2.562686340071636,2.547012432358784,2.55484938621521,132741063,0.0,0.0,0.49323353
2022-07-01,2.55484938621521,2.562686340071636,2.55484938621521,2.55484938621521,107827360,0.0,0.0,0.49323353
2022-07-04,2.562686410990964,2.586197273210878,2.55484945691766,2.5783603191375732,158278952,0.0,0.0,0.49777248
2022-07-05,2.578360421865673,2.5940343306367684,2.5705234674801254,2.5861973762512207,109701716,0.0,0.0,0.49928547
2022-07-06,2.5940342272841823,2.5940342272841823,2.5783603191375732,2.5783603191375732,155208120,0.0,0.0,0.49777248
2022-07-07,2.586197273210878,2.586197273210878,2.5783603191375732,2.5783603191375732,96617787,0.0,0.0,0.49777248
2022-07-08,2.5861973762512207,2.5940343306367684,2.578360421865673,2.5861973762512207,130241201,0.0,0.0,0.49928547
2022-07-11,2.5940340600732212,2.617544920777629,2.5861971065050855,2.6018710136413574,192268722,0.0,0.0,0.50231144
2022-07-12,2.609708309173584,2.625382218363692,2.6018713545785297,2.609708309173584,223921378,0.0,0.0,0.50382443
2022-07-13,2.609708135430791,2.6175450895040955,2.5705233650642687,2.5783603191375732,225351639,0.0,0.0,0.49777248
2022-07-14,2.5626865092060505,2.5705234635797063,2.5156647829641137,2.531338691711426,225707808,0.0,0.0,0.48869457
2022-07-15,2.5490048811553265,2.5574174305754696,2.5237672328948975,2.5237672328948975,273232104,8.756750508504743,0.221,0.45389588
2022-07-18,2.532179882269876,2.5490049817743134,2.5237673325176577,2.5405924320220947,134613640,8.698758494848498,0.0,0.45692185
2022-07-19,2.5490050810693674,2.5658301812292166,2.540592530989443,2.557417631149292,102681408,8.641529537773758,0.0,0.45994783
2022-07-20,2.57424269108814,2.5910677909851074,2.5658301411396565,2.5910677909851074,98414346,8.529302118952945,0.0,0.46599977
2022-07-21,2.5994802407305166,2.6078927903547187,2.57424259185791,2.57424259185791,113297249,8.585049470434623,0.0,0.4629738
2022-07-22,2.57424269108814,2.5910677909851074,2.57424269108814,2.5910677909851074,73960909,8.529302118952945,0.0,0.46599977
2022-07-25,2.5910676027926574,2.599480152130127,2.5826550534551878,2.599480152130127,54227394,8.501699842520551,0.0,0.46751276
2022-07-26,2.59948025193639,2.6247179009177914,2.59948025193639,2.616305351257324,121188561,8.447026257611464,0.0,0.47053873
2022-07-27,2.6163052508050666,2.6163052508050666,2.599480152130127,2.599480152130127,91483843,8.501699842520551,0.0,0.46751276
2022-07-28,2.599480290995251,2.599480290995251,2.574242641634638,2.582655191421509,99149343,8.557085000509119,0.0,0.46448679
2022-07-29,2.582655141482112,2.582655141482112,2.5658300422337077,2.57424259185791,123286311,8.585049470434623,0.0,0.4629738
2022-08-01,2.5658301812292166,2.5742427313091416,2.557417631149292,2.557417631149292,126754495,8.641529537773758,0.0,0.45994783
2022-08-02,2.5574175315265317,2.5574175315265317,2.5405924320220947,2.5405924320220947,118161970,8.698758494848498,0.0,0.45692185
2022-08-03,2.549004931631961,2.5574174812186934,2.532179832458496,2.532179832458496,141579051,8.7276581689473,0.0,0.45540887
2022-08-04,2.540592719300801,2.5574178207077445,2.5321801685973293,2.5490052700042725,72169836,8.670048767675933,0.0,0.45843484
2022-08-05,2.557417631149292,2.5658301812292166,2.5490050810693674,2.557417631149292,80123699,8.641529537773758,0.0,0.45994783
2022-08-08,2.565830371411216,2.565830371411216,2.5490052700042725,2.5490052700042725,62631923,8.670048767675933,0.0,0.45843484
2022-08-09,2.5490049817743134,2.5574175315265317,2.5405924320220947,2.5405924320220947,51354312,8.698758494848498,0.0,0.45692185
2022-08-10,2.5490049817743134,2.5574175315265317,2.5405924320220947,2.5405924320220947,52157206,8.698758494848498,0.0,0.45692185
2022-08-11,2.5490048933733784,2.5658299922943115,2.5405923439129117,2.5658299922943115,74187883,8.613197314853522,0.0,0.46146081
2022-08-12,2.5658301812292166,2.5658301812292166,2.5490050810693674,2.557417631149292,90434370,8.641529537773758,0.0,0.45994783
2022-08-15,2.5574178207077445,2.565830371411216,2.5490052700042725,2.5490052700042725,74872124,8.670048767675933,0.0,0.45843484
2022-08-16,2.5490052700042725,2.565830371411216,2.5490052700042725,2.5490052700042725,67607430,8.670048767675933,0.0,0.45843484
2022-08-17,2.557417631149292,2.557417631149292,2.5490050810693674,2.557417631149292,78567086,8.641529537773758,0.0,0.45994783
2022-08-18,2.5574175315265317,2.5574175315265317,2.5405924320220947,2.5405924320220947,80063491,8.698758494848498,0.0,0.45692185
2022-08-19,2.540592719300801,2.5574178207077445,2.540592719300801,2.5490052700042725,90415101,8.670048767675933,0.0,0.45843484
2022-08-22,2.5405924320220947,2.5490049817743134,2.5405924320220947,2.5405924320220947,86923624,8.698758494848498,0.0,0.45692185
2022-08-23,2.5405923820452285,2.549004931631961,2.532179832458496,2.532179832458496,75429339,8.7276581689473,0.0,0.45540887
2022-08-24,2.532179832458496,2.549004931631961,2.532179832458496,2.532179832458496,106814759,8.7276581689473,0.0,0.45540887
2022-08-25,2.540592719300801,2.5490052700042725,2.5321801685973293,2.5490052700042725,81020311,8.670048767675933,0.0,0.45843484
2022-08-26,2.5490049817743134,2.5490049817743134,2.532179882269876,2.5405924320220947,69877582,8.698758494848498,0.0,0.45692185
2022-08-29,2.5405924320220947,2.5490049817743134,2.532179882269876,2.5405924320220947,98104781,8.698758494848498,0.0,0.45692185
2022-08-30,2.540592719300801,2.5574178207077445,2.540592719300801,2.5490052700042725,91508323,8.670048767675933,0.0,0.45843484
2022-08-31,2.557417631149292,2.5658301812292166,2.5490050810693674,2.557417631149292,124951539,8.641529537773758,0.0,0.45994783
2022-09-01,2.5658299922943115,2.5742425417547783,2.5574174428338448,2.5658299922943115,96042898,8.613197314853522,0.0,0.46146081
2022-09-02,2.5742427313091416,2.5742427313091416,2.557417631149292,2.557417631149292,83102686,8.641529537773758,0.0,0.45994783
2022-09-05,2.5574174428338448,2.5742425417547783,2.5574174428338448,2.5658299922943115,82660879,8.613197314853522,0.0,0.46146081
2022-09-06,2.574242641634638,2.582655191421509,2.565830091847767,2.582655191421509,91630101,8.557085000509119,0.0,0.46448679
2022-09-07,2.582655141482112,2.582655141482112,2.57424259185791,2.57424259185791,61096711,8.585049470434623,0.0,0.4629738
2022-09-08,2.582655141482112,2.582655141482112,2.57424259185791,2.57424259185791,44417093,8.585049470434623,0.0,0.4629738
2022-09-09,2.582655241036624,2.599480340933591,2.57424269108814,2.5910677909851074,93780393,8.529302118952945,0.0,0.46599977
2022-09-13,2.599480340933591,2.599480340933591,2.582655241036624,2.5910677909851074,109715783,8.529302118952945,0.0,0.46599977
2022-09-14,2.582655191421509,2.59106774120838,2.582655191421509,2.582655191421509,61667247,8.557085000509119,0.0,0.46448679
2022-09-15,2.5826550534551878,2.607892701467597,2.5826550534551878,2.599480152130127,138372957,8.501699842520551,0.0,0.46751276
2022-09-16,2.6078927395966445,2.6078927395966445,2.5658299922943115,2.5658299922943115,130119163,8.613197314853522,0.0,0.46146081
2022-09-19,2.57424269108814,2.5910677909851074,2.5658301411396565,2.5910677909851074,96413485,8.529302118952945,0.0,0.46599977
2022-09-20,2.599480290995251,2.599480290995251,2.574242641634638,2.582655191421509,124474985,8.557085000509119,0.0,0.46448679
2022-09-21,2.582655191421509,2.59106774120838,2.565830091847767,2.582655191421509,83992047,8.557085000509119,0.0,0.46448679
2022-09-22,2.582655191421509,2.59106774120838,2.574242641634638,2.582655191421509,92222319,8.557085000509119,0.0,0.46448679
2022-09-23,2.591067652694747,2.6078927516937256,2.5826551031952576,2.6078927516937256,169034302,8.474274866421137,0.0,0.46902574
2022-09-26,2.6078927903547187,2.6163053399789207,2.57424259185791,2.57424259185791,140392825,8.585049470434623,0.0,0.4629738
2022-09-27,2.5826550912152446,2.5910676406757114,2.5658299922943115,2.5658299922943115,86579287,8.613197314853522,0.0,0.46146081
2022-09-28,2.574242641634638,2.59106774120838,2.5574175420608958,2.582655191421509,114531908,8.557085000509119,0.0,0.46448679
2022-09-29,2.5910676406757114,2.5994801901361777,2.5658299922943115,2.5658299922943115,96899780,8.613197314853522,0.0,0.46146081
2022-09-30,2.5742425041177177,2.599480152130127,2.565829954780248,2.599480152130127,127961507,8.501699842520551,0.0,0.45194213
2022-10-10,2.59106774120838,2.599480290995251,2.574242641634638,2.582655191421509,120890375,8.557085000509119,0.0,0.44901694
2022-10-11,2.582655141482112,2.591067691106314,2.57424259185791,2.57424259185791,107772247,8.585049470434623,0.0,0.44755434
2022-10-12,2.574242641634638,2.59106774120838,2.565830091847767,2.582655191421509,118989573,8.557085000509119,0.0,0.44901694
2022-10-13,2.5742425417547783,2.5826550912152446,2.5658299922943115,2.5658299922943115,86955664,8.613197314853522,0.0,0.44609175
2022-10-14,2.57424259185791,2.591067691106314,2.57424259185791,2.57424259185791,94382812,8.585049470434623,0.0,0.44755434
2022-10-17,2.5742425417547783,2.5742425417547783,2.5658299922943115,2.5658299922943115,77051347,8.613197314853522,0.0,0.44609175
2022-10-18,2.5742425417547783,2.5826550912152446,2.5658299922943115,2.5658299922943115,90180936,8.613197314853522,0.0,0.44609175
2022-10-19,2.5658299922943115,2.5742425417547783,2.5658299922943115,2.5658299922943115,65183649,8.613197314853522,0.0,0.44609175
2022-10-20,2.5658299922943115,2.5742425417547783,2.5574174428338448,2.5658299922943115,95315241,8.613197314853522,0.0,0.44609175
2022-10-21,2.565830091847767,2.59106774120838,2.565830091847767,2.582655191421509,143775202,8.557085000509119,0.0,0.44901694
2022-10-24,2.582655141482112,2.591067691106314,2.57424259185791,2.57424259185791,179927707,8.585049470434623,0.0,0.44755434
2022-10-25,2.5742425417547783,2.5826550912152446,2.5658299922943115,2.5658299922943115,140010265,8.613197314853522,0.0,0.44609175
2022-10-26,2.5742427313091416,2.5742427313091416,2.557417631149292,2.557417631149292,133635973,8.641529537773758,0.0,0.44462915
2022-10-27,2.565830371411216,2.565830371411216,2.5490052700042725,2.5490052700042725,139886596,8.670048767675933,0.0,0.44316656
2022-10-28,2.5574174926095057,2.57424259185791,2.5490049429853037,2.57424259185791,162996080,8.585049470434623,0.0,0.44755434
2022-10-31,2.565830030805426,2.5742425803921583,2.532179832458496,2.532179832458496,181116217,8.7276581689473,0.0,0.44024136
2022-11-01,2.532179882269876,2.5490049817743134,2.5237673325176577,2.5405924320220947,191792262,8.698758494848498,0.0,0.44170396
2022-11-02,2.5321797823150405,2.5321797823150405,2.5153546834747544,2.5237672328948975,136796843,8.756750508504743,0.0,0.43877877
2022-11-03,2.5237672828717637,2.5405923820452285,2.5153547332850312,2.532179832458496,87394641,8.7276581689473,0.0,0.44024136
2022-11-04,2.532179980909518,2.557417631149292,2.532179980909518,2.557417631149292,110639095,8.641529537773758,0.0,0.44462915
2022-11-07,2.557417631149292,2.557417631149292,2.5490050810693674,2.557417631149292,73108247,8.641529537773758,0.0,0.44462915
2022-11-08,2.557417631149292,2.557417631149292,2.540592530989443,2.557417631149292,106204710,8.641529537773758,0.0,0.44462915
2022-11-09,2.5490050810693674,2.557417631149292,2.5490050810693674,2.557417631149292,54728787,8.641529537773758,0.0,0.44462915
2022-11-10,2.5490048933733784,2.5658299922943115,2.5321797944524453,2.5658299922943115,145383127,8.613197314853522,0.0,0.44609175
2022-11-11,2.5658300422337077,2.582655141482112,2.5574174926095057,2.57424259185791,155885389,8.585049470434623,0.0,0.44755434
2022-11-14,2.57424259185791,2.591067691106314,2.5658300422337077,2.57424259185791,151006789,8.585049470434623,0.0,0.44755434
2022-11-15,2.57424259185791,2.582655141482112,2.5658300422337077,2.57424259185791,79451328,8.585049470434623,0.0,0.44755434
2022-11-16,2.5742425417547783,2.5826550912152446,2.5658299922943115,2.5658299922943115,97887858,8.613197314853522,0.0,0.44609175
2022-11-17,2.5658299922943115,2.5742425417547783,2.5574174428338448,2.5658299922943115,72887304,8.613197314853522,0.0,0.44609175
2022-11-18,2.5742427313091416,2.5742427313091416,2.557417631149292,2.557417631149292,87791024,8.641529537773758,0.0,0.44462915
2022-11-21,2.5574174428338448,2.5742425417547783,2.5574174428338448,2.5658299922943115,78549383,8.613197314853522,0.0,0.44609175
2022-11-22,2.57424269108814,2.5910677909851074,2.5658301411396565,2.5910677909851074,193927650,8.529302118952945,0.0,0.45047954
2022-11-23,2.591067652694747,2.616305301193215,2.5742425536957683,2.6078927516937256,251560552,8.474274866421137,0.0,0.45340473
2022-11-24,2.6163052508050666,2.6163052508050666,2.599480152130127,2.599480152130127,77907198,8.501699842520551,0.0,0.45194213
2022-11-25,2.6078927017979185,2.641543099723057,2.599480152459383,2.6331305503845215,212121618,8.39305138014243,0.0,0.45779251
2022-11-28,2.616305351257324,2.6247179009177914,2.591067702275923,2.616305351257324,173296277,8.447026257611464,0.0,0.45486732
2022-11-29,2.6163053008816566,2.649955699446608,2.6163053008816566,2.64154314994812,191444499,8.366321784459226,0.0,0.45925511
2022-11-30,2.6415431998542944,2.658368299169143,2.624717899968441,2.6499557495117188,228597084,8.339761901334446,0.0,0.46071771
2022-12-01,2.649955699762174,2.658368249261663,2.6078927516937256,2.6078927516937256,178381657,8.474274866421137,0.0,0.45340473
2022-12-02,2.616305301193215,2.6247178506927042,2.6078927516937256,2.6078927516937256,111891861,8.474274866421137,0.0,0.45340473
2022-12-05,2.624717899968441,2.6499557495117188,2.6163053503110167,2.6499557495117188,172724263,8.339761901334446,0.0,0.46071771
2022-12-06,2.6415431998542944,2.658368299169143,2.63313065019687,2.6499557495117188,137966224,8.339761901334446,0.0,0.46071771
2022-12-07,2.6583682489450955,2.666780798443583,2.64154314994812,2.64154314994812,151704730,8.366321784459226,0.0,0.45925511
2022-12-08,2.649956036924053,2.6751936886335836,2.6415434863542098,2.6583685874938965,149180876,8.313369373971637,0.0,0.4621803
2022-12-09,2.6667811380637403,2.6667811380637403,2.649956036924053,2.6583685874938965,110735837,8.313369373971637,0.0,0.4621803
2022-12-12,2.6499556490615923,2.6583681984001277,2.6331305503845215,2.6331305503845215,94153702,8.39305138014243,0.0,0.45779251
2022-12-13,2.633130935784366,2.6667811380637403,2.633130935784366,2.6583685874938965,103497967,8.313369373971637,0.0,0.4621803
2022-12-14,2.6667811380637403,2.6667811380637403,2.649956036924053,2.6583685874938965,112826837,8.313369373971637,0.0,0.4621803
2022-12-15,2.666780798443583,2.666780798443583,2.64154314994812,2.64154314994812,75309560,8.366321784459226,0.0,0.45925511
2022-12-16,2.6415433476895673,2.6751935482025146,2.6331307975613303,2.6751935482025146,95367357,8.261084516613455,0.0,0.46510549
2022-12-19,2.6667808488265674,2.683605948141416,2.6499557495117188,2.6499557495117188,98533646,8.339761901334446,0.0,0.46071771
2022-12-20,2.6499556490615923,2.6583681984001277,2.6331305503845215,2.6331305503845215,105749613,8.39305138014243,0.0,0.45779251
2022-12-21,2.6331304620295857,2.641543011085837,2.6247177124023438,2.6247177124023438,64708549,8.419953085077625,0.0,0.45632992
2022-12-22,2.64154314994812,2.6583682489450955,2.624717850380144,2.64154314994812,88405874,8.366321784459226,0.0,0.45925511
2022-12-23,2.6331305503845215,2.641543099723057,2.624717800474989,2.6331305503845215,67185650,8.39305138014243,0.0,0.45779251
2022-12-26,2.6331306511492634,2.6331306511492634,2.616305351257324,2.616305351257324,74086766,8.447026257611464,0.0,0.45486732
2022-12-27,2.63313065019687,2.6499557495117188,2.624717899968441,2.6499557495117188,68385310,8.339761901334446,0.0,0.46071771
2022-12-28,2.649956036924053,2.6667811380637403,2.6415434863542098,2.6583685874938965,78330948,8.313369373971637,0.0,0.4621803
2022-12-29,2.6667808488265674,2.6667808488265674,2.6415431998542944,2.6499557495117188,124477033,8.339761901334446,0.0,0.46071771
2022-12-30,2.6667811380637403,2.6667811380637403,2.649956036924053,2.6583685874938965,122020486,8.313369373971637,0.0,0.4621803
2023-01-03,2.6667811380637403,2.6667811380637403,2.649956036924053,2.6583685874938965,131110342,8.313369373971637,0.0,0.45200556
2023-01-04,2.6583683101425324,2.700431058603283,2.6583683101425324,2.692018508911133,200733667,8.209453213952457,0.0,0.45772715
2023-01-05,2.700431058603283,2.7172561579875834,2.692018508911133,2.692018508911133,118047136,8.209453213952457,0.0,0.45772715
2023-01-06,2.7004313468933105,2.70884389748356,2.675193695122563,2.7004313468933105,125852654,8.183877744355458,0.0,0.45915755
2023-01-09,2.700430768505796,2.7088433172942166,2.683605670928955,2.683605670928955,83515552,8.235189036677614,0.0,0.45629676
2023-01-10,2.6920186484589883,2.6920186484589883,2.6751935482025146,2.6751935482025146,66547032,8.261084516613455,0.0,0.45486636
2023-01-11,2.6751931221405343,2.6920182197173754,2.6751931221405343,2.683605670928955,79022772,8.235189036677614,0.0,0.45629676
2023-01-12,2.6920182197173754,2.6920182197173754,2.6751931221405343,2.683605670928955,85189631,8.235189036677614,0.0,0.45629676
2023-01-13,2.6920184209317055,2.7172560691833496,2.683605871514491,2.7172560691833496,121654168,8.133204761464379,0.0,0.46201835
2023-01-16,2.7172564480738086,2.734081549254307,2.7004313468933105,2.7004313468933105,150522392,8.183877744355458,0.0,0.45915755
2023-01-17,2.70043092035827,2.708843469619751,2.6920183710967893,2.708843469619751,96610670,8.158463288062284,0.0,0.46058795
2023-01-18,2.7172564480738086,2.7172564480738086,2.7004313468933105,2.7004313468933105,77946966,8.183877744355458,0.0,0.45915755
2023-01-19,2.708843469619751,2.708843469619751,2.6920183710967893,2.708843469619751,60890365,8.158463288062284,0.0,0.46058795
2023-01-20,2.708843469619751,2.7172560188812316,2.70043092035827,2.708843469619751,75151339,8.158463288062284,0.0,0.46058795
2023-01-30,2.7256686186005643,2.7340811680177795,2.70043097034892,2.7172560691833496,149912574,8.133204761464379,0.0,0.46201835
2023-01-31,2.7172560188812316,2.725668568142712,2.708843469619751,2.708843469619751,88604596,8.158463288062284,0.0,0.46058795
2023-02-01,2.708843469619751,2.7172560188812316,2.6920183710967893,2.708843469619751,108913528,8.158463288062284,0.0,0.46058795
2023-02-02,2.70884389748356,2.70884389748356,2.6920187963030613,2.7004313468933105,95902999,8.183877744355458,0.0,0.45915755
2023-02-03,2.7004313468933105,2.70884389748356,2.6920187963030613,2.7004313468933105,100975924,8.183877744355458,0.0,0.45915755
2023-02-06,2.692018508911133,2.700431058603283,2.683605959218983,2.692018508911133,111525091,8.209453213952457,0.0,0.45772715
2023-02-07,2.6920182197173754,2.700430768505796,2.683605670928955,2.683605670928955,65696219,8.235189036677614,0.0,0.45629676
2023-02-08,2.692018508911133,2.700431058603283,2.683605959218983,2.692018508911133,48409900,8.209453213952457,0.0,0.45772715
2023-02-09,2.7004313468933105,2.7004313468933105,2.6920187963030613,2.7004313468933105,51333890,8.183877744355458,0.0,0.45915755
2023-02-10,2.70043097034892,2.7172560691833496,2.6920184209317055,2.7172560691833496,74722050,8.133204761464379,0.0,0.46201835
2023-02-13,2.7172564480738086,2.7172564480738086,2.7004313468933105,2.7004313468933105,80093585,8.183877744355458,0.0,0.45915755
2023-02-14,2.700431058603283,2.7088436082954335,2.692018508911133,2.692018508911133,69687157,8.209453213952457,0.0,0.45772715
2023-02-15,2.700431058603283,2.700431058603283,2.692018508911133,2.692018508911133,36648820,8.209453213952457,0.0,0.45772715
2023-02-16,2.6920187963030613,2.7172564480738086,2.6920187963030613,2.7004313468933105,123648447,8.183877744355458,0.0,0.45915755
2023-02-17,2.708843469619751,2.7172560188812316,2.70043092035827,2.708843469619751,79385789,8.158463288062284,0.0,0.46058795
2023-02-20,2.7088433326561128,2.725668430328369,2.7088433326561128,2.725668430328369,77084385,8.108102861703378,0.0,0.46344874
2023-02-21,2.725668430328369,2.725668430328369,2.717255881492241,2.725668430328369,60852608,8.108102861703378,0.0,0.46344874
2023-02-22,2.7256686186005643,2.7256686186005643,2.7172560691833496,2.7172560691833496,52939766,8.133204761464379,0.0,0.46201835
2023-02-23,2.7256686186005643,2.7256686186005643,2.708843519766135,2.7172560691833496,98125190,8.133204761464379,0.0,0.46201835
2023-02-24,2.725668568142712,2.725668568142712,2.708843469619751,2.708843469619751,51398186,8.158463288062284,0.0,0.46058795
2023-02-27,2.70884389748356,2.70884389748356,2.7004313468933105,2.7004313468933105,57616339,8.183877744355458,0.0,0.45915755
2023-02-28,2.708843519766135,2.7172560691833496,2.70043097034892,2.7172560691833496,85384832,8.133204761464379,0.0,0.46201835
2023-03-01,2.717255881492241,2.725668430328369,2.7088433326561128,2.725668430328369,74150580,8.108102861703378,0.0,0.46344874
2023-03-02,2.7256687681167775,2.7509064177528297,2.7172562182380933,2.7424938678741455,131111406,8.058358947993163,0.0,0.46630954
2023-03-03,2.750906427637905,2.7929691771824734,2.7424938777289913,2.7845566272735596,188952449,7.936631556902024,0.0,0.47346152
2023-03-06,2.7845566272735596,2.8013817270913868,2.776144077364646,2.7845566272735596,159190598,7.936631556902024,0.0,0.47346152
2023-03-07,2.7845565386225184,2.8686822356043824,2.776143988981432,2.8097941875457764,330385225,7.865344763668729,0.0,0.47775272
2023-03-08,2.792969038491009,2.826619236455684,2.7761439395086716,2.8013815879821777,187085097,7.888964536216049,0.0,0.47632232
2023-03-09,2.8097942373192666,2.8434446370507076,2.801381687529158,2.818206787109375,224044140,7.841866005392703,0.0,0.47918311
2023-03-10,2.801381676985296,2.826619326260631,2.776144027709961,2.776144027709961,132462634,7.960682075356974,0.0,0.47203113
2023-03-13,2.7677315766617308,2.801381776895634,2.759319026603255,2.792969226837158,124682895,7.9127259218056984,0.0,0.47489192
2023-03-14,2.7845564889998404,2.8097941374733466,2.7761439395086716,2.8013815879821777,146560260,7.888964536216049,0.0,0.47632232
2023-03-15,2.818206785649757,2.8602697351495205,2.8097942358640053,2.8518571853637695,237150206,7.749336156600362,0.0,0.4849047
2023-03-16,2.8518569741179407,2.986457760719665,2.843444424955333,2.9359824657440186,580690527,7.527292910586084,0.0,0.49920868
2023-03-17,2.952807753707662,2.96122030341055,2.8939199057874485,2.927570104598999,421627133,7.548922557066187,0.0,0.49777828
2023-03-20,2.9191574670720453,3.0116955110197643,2.9191574670720453,2.952807664871216,412149934,7.484402137978016,0.0,0.50206947
2023-03-21,2.9443951928976566,2.9696328419111158,2.8686822458572787,2.885507345199585,304180208,7.65896508174419,0.0,0.49062629
2023-03-22,2.8855073949469943,2.9191575942117507,2.868682295314616,2.8939199447631836,221591441,7.636700538310329,0.0,0.49205669
2023-03-23,2.893919856357809,2.935982604153794,2.8855073067986123,2.9191575050354004,186147346,7.570677485500049,0.0,0.49634788
2023-03-24,2.927569940356198,2.927569940356198,2.860269546508789,2.860269546508789,246398006,7.72654452339116,0.0,0.4863351
2023-03-27,2.8602695457400493,2.8602695457400493,2.8013815005683993,2.8266191482543945,228519248,7.818527661799809,0.0,0.48061351
2023-03-28,2.835032073303869,2.84344482421875,2.8097944222722915,2.84344482421875,151853505,7.7722626483783035,0.0,0.48347431
2023-03-29,2.843444635578018,2.8855073845067745,2.818206785649757,2.8518571853637695,226228868,7.749336156600362,0.0,0.4849047
2023-03-30,2.860269546508789,2.9023322926634196,2.82661914901409,2.860269546508789,191528971,7.72654452339116,0.0,0.4863351
2023-03-31,2.8518573745626092,2.8770950255941874,2.835032073303869,2.84344482421875,154458817,7.7722626483783035,0.0,0.47216192
2023-04-03,2.843444447282719,2.8518569965113842,2.8182065990257295,2.8266191482543945,174610298,7.818527661799809,0.0,0.46936807
2023-04-04,2.835031846601661,2.885507345199585,2.818206747259355,2.885507345199585,237369205,7.65896508174419,0.0,0.47914657
2023-04-06,2.8770948451308054,2.910745044395562,2.868682295314616,2.8939199447631836,145282636,7.636700538310329,0.0,0.4805435
2023-04-07,2.893919894870738,2.902332444541891,2.8686822458572787,2.885507345199585,118461830,7.65896508174419,0.0,0.47914657
2023-04-10,2.885507345199585,2.902332444541891,2.8686822458572787,2.885507345199585,150665699,7.65896508174419,0.0,0.47914657
2023-04-11,2.893920043682889,2.910745143890381,2.8770949434753965,2.910745143890381,191372454,7.592557543688644,0.0,0.48333735
2023-04-12,2.910744818256195,2.9696326623944493,2.9023322690935873,2.9359824657440186,277212370,7.527292910586084,0.0,0.48752814
2023-04-13,2.935982479138496,2.98645777434442,2.9275699299375084,2.9780452251434326,217472683,7.420975280499842,0.0,0.49451278
2023-04-14,2.9780453132205937,2.9864578626703864,2.944395115421423,2.952807664871216,157922606,7.484402137978016,0.0,0.490322
2023-04-17,2.9528077750519444,3.011695623397827,2.944395225288247,3.011695623397827,282708720,7.338058942047584,0.0,0.5001005
2023-04-18,3.0116957224442977,3.062171223257492,3.003283172403934,3.0285208225250244,275066262,7.297291745735518,0.0,0.50289436
2023-04-19,3.028520634152936,3.06217103279237,3.0116955351187196,3.036933183670044,217108696,7.277078112496635,0.0,0.50429129
2023-04-20,3.0285208225250244,3.062171223257492,3.003283172403934,3.0285208225250244,229313181,7.297291745735518,0.0,0.50289436
2023-04-21,3.0201081731615247,3.0705836723147173,3.0032830736341296,3.011695623397827,284943173,7.338058942047584,0.0,0.5001005
2023-04-24,3.0116955846122107,3.078996182426079,3.0032830349568527,3.0453457832336426,311925242,7.256975586047748,0.0,0.50568821
2023-04-25,3.0621711316852607,3.121058980206802,3.053758581896469,3.0874087810516357,335322299,7.158106220217551,0.0,0.51267286
2023-04-26,3.087408731140832,3.104233830446422,3.011695583694672,3.078996181488037,306562428,7.177663984409155,0.0,0.51127593
2023-04-27,3.078996231262844,3.095821330840427,3.036933281747878,3.0874087810516357,186113552,7.158106220217551,0.0,0.51267286
2023-04-28,3.078996231262844,3.1042338806292187,3.053758581896469,3.0874087810516357,226704779,7.158106220217551,0.0,0.51267286
2023-05-04,3.070583636317703,3.3397854261711304,3.070583636317703,3.3145477771759033,631070023,6.667576238357885,0.0,0.55038994
2023-05-05,3.3061352114475144,3.5164489520525684,3.3061352114475144,3.432323455810547,665262112,6.438787102825966,0.0,0.56994694
2023-05-08,3.4407361509826035,3.777238130569458,3.432323400921931,3.777238130569458,941382675,5.850835778963239,0.0,0.62722102
2023-05-09,3.911839476452167,4.01279007427418,3.726762979303126,3.8361263275146484,1310416599,5.761019870875358,0.0,0.63699952
2023-05-10,3.74358823281768,3.7856511842101623,3.56692447879651,3.625812530517578,1078241969,6.095185510555138,0.0,0.6020763
2023-05-11,3.583749915157316,3.6258124646435688,3.4743865644374106,3.499624013900757,784238054,6.3149640967764595,0.0,0.58112237
2023-05-12,3.4912116644603173,3.53327421394657,3.4491487138320376,3.499624013900757,531245828,6.3149640967764595,0.0,0.58112237
2023-05-15,3.449148577184049,3.5332740739657065,3.3566105307242253,3.516448974609375,706461545,6.284749234120475,0.0,0.58391623
2023-05-16,3.491211613041344,3.634225161700742,3.4743865132662397,3.5248618125915527,670751951,6.269749333450214,0.0,0.58531315
2023-05-17,3.4996237631749065,3.550099059627391,3.432323367904927,3.491211414337158,354923904,6.330180953591981,0.0,0.57972544
2023-05-18,3.4996240605300204,3.5921623124600064,3.4996240605300204,3.54168701171875,442986511,6.239964154617678,0.0,0.58810701
2023-05-19,3.5248618645061303,3.53327421394657,3.4575614644145043,3.499624013900757,275512633,6.3149640967764595,0.0,0.58112237
2023-05-22,3.5164484845620243,3.566923775596853,3.4827982905388053,3.5080361366271973,277860661,6.299821079165979,0.0,0.5825193
2023-05-23,3.491211298554429,3.5164487453726965,3.3902607089973915,3.3986730575561523,337049586,6.502537792173283,0.0,0.56435922
2023-05-24,3.3818479166661026,3.3818479166661026,3.264072230334203,3.27248477935791,491028400,6.753278163248237,0.0,0.54340529
2023-05-25,3.247246931715799,3.27248477935791,3.2220092846446775,3.27248477935791,280922299,6.753278163248237,0.0,0.54340529
2023-05-26,3.264072230334203,3.2977224264290315,3.2304218336683848,3.27248477935791,238655912,6.753278163248237,0.0,0.54340529
2023-05-29,3.272485223931187,3.3818483760965696,3.264072673764619,3.348198175430298,297568246,6.600565092644133,0.0,0.55597765
2023-05-30,3.3313728262266276,3.35661047484095,3.2808975289979823,3.3061351776123047,261902967,6.684542165623323,0.0,0.54899301
2023-05-31,3.3061350263813982,3.3145475755346947,3.264072280614916,3.280897378921509,205519842,6.735961978568398,0.0,0.54480222
2023-06-01,3.2808976670116983,3.314547866579652,3.2388347169807448,3.2893102169036865,239958427,6.718733881173209,0.0,0.54619915
2023-06-02,3.289309877405324,3.314547524476446,3.247246931715799,3.27248477935791,248662637,6.753278163248237,0.0,0.54340529
2023-06-05,3.264072673764619,3.348198175430298,3.2472473728604663,3.348198175430298,303274910,6.600565092644133,0.0,0.55597765
2023-06-06,3.331372887496827,3.4239111346889644,3.322960337803997,3.3566105365753174,287616913,6.584022709571838,0.0,0.55737458
2023-06-07,3.3650228610371395,3.4323232540751647,3.3566103119073865,3.3986730575561523,246819846,6.502537792173283,0.0,0.56435922
2023-06-08,3.4154982690874323,3.5416867107896426,3.365022972634948,3.491211414337158,378819309,6.330180953591981,0.0,0.57972544
2023-06-09,3.4912117926879898,3.516449243078275,3.440736490765378,3.474386692047119,273257633,6.360834863484528,0.0,0.57693158
2023-06-12,3.4575611020354167,3.4659734505941775,3.3818479592966457,3.3986730575561523,269742028,6.502537792173283,0.0,0.56435922
2023-06-13,3.3902610457766422,3.4323235950327944,3.3818482952401974,3.4154984951019287,144130792,6.470504973635033,0.0,0.56715308
2023-06-14,3.4154984350439577,3.4491486343139854,3.356610586321409,3.365023136138916,285583339,6.567562571161965,0.0,0.55877151
2023-06-15,3.3734359741210938,3.407086174264873,3.3397855734063007,3.3734359741210938,181084355,6.551184065604766,0.0,0.56016844
2023-06-16,3.3734359264595524,3.3902610262937287,3.3229604263860124,3.3313729763031006,255840522,6.633901444600439,0.0,0.55318379
2023-06-19,3.3313726738412877,3.339785222994584,3.2724848297682123,3.280897378921509,279652432,6.735961978568398,0.0,0.54480222
2023-06-20,3.2893102188077354,3.306135318601452,3.247247268752434,3.255659818649292,175346924,6.788178504831886,0.0,0.54061143
2023-06-21,3.2556599059380433,3.3145479573659316,3.2304222555708124,3.2640726566314697,230816583,6.770682617955953,0.0,0.54200836
2023-06-26,3.255659849196179,3.255659849196179,3.1631217994624814,3.1799468994140625,252428043,6.949801584445373,0.0,0.52803908
2023-06-27,3.1799468209401893,3.2556597688538815,3.163121721403813,3.2472472190856934,182924388,6.8057645473086446,0.0,0.53921451
2023-06-28,3.247247268752434,3.2808976689108773,3.222009619061859,3.255659818649292,156523776,6.788178504831886,0.0,0.54061143
2023-06-29,3.2556597688538815,3.264072519193077,3.213597020012941,3.2472472190856934,151302217,6.8057645473086446,0.0,0.53921451
2023-06-30,3.255659816764722,3.3061353166876635,3.2388347169807448,3.2893102169036865,179058522,6.718733881173209,0.0,0.54398798
2023-07-03,3.2977228744308906,3.3650232757634337,3.2808977740977547,3.348198175430298,181310274,6.600565092644133,0.0,0.5537269
2023-07-04,3.3481981165794954,3.3481981165794954,3.280897716429882,3.297722816467285,185500410,6.701594169662453,0.0,0.54537925
2023-07-05,3.2893102664485836,3.3145479165046887,3.2640726163924785,3.297722816467285,151022394,6.701594169662453,0.0,0.54537925
2023-07-06,3.2808973283816174,3.2977224264290315,3.255659480739506,3.27248477935791,159507269,6.753278163248237,0.0,0.54120543
2023-07-07,3.2556599059380433,3.2893103069987006,3.247247355815633,3.2640726566314697,122138130,6.770682617955953,0.0,0.53981416
2023-07-10,3.27248477935791,3.289309877405324,3.264072230334203,3.27248477935791,89067481,6.753278163248237,0.0,0.54120543
2023-07-11,3.2724849794598745,3.3061351776123047,3.2724849794598745,3.3061351776123047,113642540,6.684542165623323,0.0,0.54677053
2023-07-12,3.3145477271504125,3.32296027668852,3.2977226280741974,3.3061351776123047,139650474,6.684542165623323,0.0,0.54677053
2023-07-13,3.3145477881111667,3.3650230862681476,3.3145477881111667,3.3566105365753174,169345874,6.584022709571838,0.0,0.55511817
2023-07-14,3.3566105365753174,3.381848185653808,3.322960337803997,3.3566105365753174,220776521,6.584022709571838,0.0,0.55511817
2023-07-17,3.3762605415428606,3.3851924392868926,3.3405329505667307,3.367328643798828,166940098,13.452800362513806,0.232,0.52451015
2023-07-18,3.376260436265608,3.376260436265608,3.3048052565414365,3.313737154006958,204961536,13.670366083569247,0.0,0.51616251
2023-07-19,3.304805234424349,3.32266902923584,3.2869414396128573,3.32266902923584,122485185,13.63361791421587,0.0,0.51755378
2023-07-20,3.3226690071184315,3.3583965965035927,3.3226690071184315,3.3316009044647217,110058315,13.597066785308193,0.0,0.51894506
2023-07-21,3.3226692222629124,3.3494649160368177,3.3137373243382777,3.3405330181121826,93900950,13.560710148466109,0.0,0.52033633
2023-07-24,3.3316009489380005,3.340532846403522,3.295873359075915,3.313737154006958,116608026,13.670366083569247,0.0,0.51616251
2023-07-25,3.3316009646531306,3.4030561447143555,3.3226690671454775,3.4030561447143555,202199310,13.311564098159295,0.0,0.53007524
2023-07-26,3.40305618950703,3.438783780007906,3.3673285990061537,3.385192394256592,119371892,13.381809576571541,0.0,0.5272927
2023-07-27,3.3851925641414256,3.4655798597558456,3.376260666067962,3.4119882583618164,185360929,13.276716263305577,0.0,0.53146652
2023-07-28,3.4119880823722695,3.5013072714530904,3.3941242871467523,3.492375373840332,252603774,6.643043062833337,0.0,0.54398798
2023-07-31,3.5281029642913655,3.554898657129641,3.4566475704360613,3.492375373840332,233086780,6.643043062833337,0.0,0.54398798
2023-08-01,3.4923755665056584,3.528103158927691,3.4745117702946424,3.510239362716675,149887268,6.60923589610848,0.0,0.54677053
2023-08-02,3.483443655902773,3.4923755539762364,3.403056360288353,3.4119882583618164,281130848,6.799554465975484,0.0,0.53146652
2023-08-03,3.4209202793472753,3.4566478729248047,3.3941245841641283,3.4566478729248047,134064164,6.711704765105154,0.0,0.53842289
2023-08-04,3.4655799634604043,3.4923756584826338,3.4387840554849207,3.4745118618011475,189218721,6.6771969481702635,0.0,0.54120543
2023-08-07,3.4566478961503195,3.4655800075579726,3.40305650542394,3.447715997695923,132388633,6.72909253996105,0.0,0.53703161
2023-08-08,3.4387836899547493,3.4477155873460643,3.411987997780804,3.420919895172119,102765479,6.781801594577449,0.0,0.53285779
2023-08-09,3.4209201108650986,3.4387839067740615,3.411988212910617,3.42985200881958,83260303,6.764140242886027,0.0,0.53424907
2023-08-10,3.420919895172119,3.429851792563434,3.403056100389489,3.420919895172119,79211633,6.781801594577449,0.0,0.53285779
2023-08-11,3.420920249022314,3.4477159439679292,3.376260757446289,3.376260757446289,169439118,6.871507169235307,0.0,0.52590142
2023-08-14,3.3494647214530766,3.3583966188588223,3.295873337018603,3.32266902923584,158907541,6.982338534432852,0.0,0.51755378
2023-08-15,3.331601175700644,3.4298520545087436,3.3226692776271802,3.4119882583618164,222225544,6.799554465975484,0.0,0.53146652
2023-08-16,3.3941242472067024,3.4119880422220086,3.35839665717609,3.4030561447143555,129332445,6.817401480735004,0.0,0.53007524
2023-08-17,3.394124337030925,3.41198813251899,3.3405329505667307,3.367328643798828,137760644,6.889734401993826,0.0,0.52451015
2023-08-18,3.367328859131084,3.411988350707109,3.367328859131084,3.376260757446289,132725785,6.871507169235307,0.0,0.52590142
2023-08-21,3.3851922885424632,3.3941241858887534,3.3316009044647217,3.3316009044647217,114630961,6.9636191924757185,0.0,0.51894506
2023-08-22,3.3316010085052774,3.385192394256592,3.3316010085052774,3.385192394256592,136113786,6.853377089988073,0.0,0.5272927
2023-08-23,3.385192305606859,3.4387836899547493,3.3673285108242292,3.420919895172119,179745303,6.781801594577449,0.0,0.53285779
2023-08-24,3.420920249022314,3.429852147337519,3.367328859131084,3.376260757446289,139880001,6.871507169235307,0.0,0.52590142
2023-08-25,3.3673285990061537,3.40305618950703,3.3673285990061537,3.385192394256592,161917100,6.853377089988073,0.0,0.5272927
2023-08-28,3.5191712013176404,3.528103099272122,3.3941244170016542,3.42985200881958,271252607,6.764140242886027,0.0,0.53424907
2023-08-29,3.4209202024851475,3.4387839988725437,3.3762607115166565,3.3941245079040527,189578514,6.835341469051327,0.0,0.52868397
2023-08-30,3.394124359785599,3.394124359785599,3.3494648707660333,3.3583967685699463,175412159,6.908058099960266,0.0,0.52311888
2023-08-31,3.3494648933410645,3.385192484797517,3.3405329954769516,3.3494648933410645,136168414,6.9264795239750026,0.0,0.5217276
2023-09-01,3.3494647438690435,3.358396641334565,3.3048052565414365,3.313737154006958,224250710,7.001158788936126,0.0,0.51616251
2023-09-04,3.3226690071184315,3.349464699157302,3.3137371097721413,3.3316009044647217,215340957,6.9636191924757185,0.0,0.51894506
2023-09-05,3.3316009489380005,3.3316009489380005,3.313737154006958,3.313737154006958,90534871,7.001158788936126,0.0,0.51616251
2023-09-06,3.313737154006958,3.3226690514724795,3.3048052565414365,3.313737154006958,93932714,7.001158788936126,0.0,0.51616251
2023-09-07,3.3226690514724795,3.3316009489380005,3.3048052565414365,3.313737154006958,148846160,7.001158788936126,0.0,0.51616251
2023-09-08,3.3137374616229143,3.3137374616229143,3.2780098684442174,3.2869417667388916,111351052,7.058232742290918,0.0,0.51198869
2023-09-11,3.2958736419677734,3.3048055401999386,3.2690779472712777,3.2958736419677734,130594845,7.039104808080154,0.0,0.51337996
2023-09-12,3.286941550799313,3.2958734485071957,3.2690777553835484,3.2780096530914307,92124082,7.077465430316994,0.0,0.51059741
2023-09-13,3.2780098455034428,3.2958736419677734,3.2690779472712777,3.2958736419677734,91951313,7.039104808080154,0.0,0.51337996
2023-09-14,3.295873315079561,3.340532801811012,3.2869414177332703,3.3316009044647217,204197939,6.9636191924757185,0.0,0.51894506
2023-09-15,3.331601211706638,3.349465008046627,3.295873619026661,3.3048055171966553,218638759,7.020080267742868,0.0,0.51477123
2023-09-18,3.3048055171966553,3.3137374153666492,3.278009822686672,3.3048055171966553,135263872,7.020080267742868,0.0,0.51477123
2023-09-19,3.304805212425851,3.340532801811012,3.295873315079561,3.3316009044647217,194447703,6.9636191924757185,0.0,0.51894506
2023-09-20,3.3405331641854694,3.3851926557614944,3.322669367555059,3.376260757446289,231722104,6.871507169235307,0.0,0.52590142
2023-09-21,3.3762605641777723,3.394124359785599,3.3405329729621203,3.3583967685699463,206833265,6.908058099960266,0.0,0.52311888
2023-09-22,3.3583967013809346,3.385192394256592,3.3405329061304965,3.385192394256592,192013842,6.853377089988073,0.0,0.5272927
2023-09-25,3.3851926097103546,3.403056406097751,3.3583969151292603,3.3941245079040527,192074062,6.835341469051327,0.0,0.52868397
2023-09-26,3.4030564523919042,3.411988350707109,3.367328859131084,3.376260757446289,143694862,6.871507169235307,0.0,0.52590142
2023-09-27,3.376260609810723,3.385192507735358,3.3405330181121826,3.3405330181121826,154195169,6.944999457934078,0.0,0.52033633
2023-09-28,3.3405329505667307,3.3762605415428606,3.3405329505667307,3.367328643798828,122602431,6.889734401993826,0.0,0.52451015
2023-10-09,3.3405329729621203,3.3673286663738593,3.2958734839425547,3.3583967685699463,182671107,6.908058099960266,0.0,0.51103234
2023-10-10,3.358396813961453,3.385192507735358,3.3316011201875475,3.3405330181121826,139469384,6.944999457934078,0.0,0.50831408
2023-10-11,3.3405329505667307,3.3762605415428606,3.3316010528226983,3.367328643798828,166005986,6.889734401993826,0.0,0.51239147
2023-10-12,3.4298521571441776,3.4834437601418906,3.403056462121948,3.4745118618011475,470914668,6.6771969481702635,0.0,0.52870101
2023-10-13,3.4566476719288253,3.590626353007269,3.447715774053812,3.545966863632202,465273453,6.542644331491523,0.0,0.53957404
2023-10-16,3.5370349208054686,3.5727625118514648,3.5013073297594723,3.563830614089966,262981563,6.509849235897028,0.0,0.5422923
2023-10-17,3.554898977279663,3.5727627741139725,3.5370351804453537,3.554898977279663,161438645,6.526205146272111,0.0,0.54093317
2023-10-18,3.5459667518098845,3.5995583503231927,3.537034854216539,3.5906262397766113,234041941,6.461268439191091,0.0,0.54636968
2023-10-19,3.572762557257242,3.5816946680854986,3.5013073742571352,3.545966863632202,301912121,6.542644331491523,0.0,0.53957404
2023-10-20,3.5191712379455566,3.5548988301353392,3.49237554380322,3.5191712379455566,201033376,6.592461244808264,0.0,0.53549666
2023-10-23,3.51023938565166,3.53703508014326,3.4655798948323255,3.501307487487793,218221870,6.626096132061263,0.0,0.5327784
2023-10-24,3.5013074054086775,3.510239303363159,3.4209201108650986,3.42985200881958,237866870,6.764140242886027,0.0,0.52190537
2023-10-25,3.4477158506556704,3.456647748729134,3.394124462214889,3.4119882583618164,172927871,6.799554465975484,0.0,0.51918711
2023-10-26,3.4119883832171514,3.4745118849725753,3.394124586416532,3.4655799865722656,171107258,6.694406157090793,0.0,0.52734188
2023-10-27,3.4655799634604043,3.5281032518456064,3.4387840554849207,3.4745118618011475,252554238,6.6771969481702635,0.0,0.52870101
2023-10-30,3.4477158047285434,3.4745117115452326,3.3851925190471728,3.42985200881958,330306624,6.764140242886027,0.0,0.52190537
2023-10-31,3.429851899637294,3.501307293951756,3.4119881042969884,3.48344349861145,228710522,6.66007644712706,0.0,0.53006014
2023-11-01,3.492375589323926,3.5191712838155267,3.4655798948323255,3.501307487487793,143484020,6.626096132061263,0.0,0.5327784
2023-11-02,3.519171215184761,3.55489880714347,3.510239317195084,3.5281031131744385,134366335,6.575771528152877,0.0,0.53685578
2023-11-03,3.5281032518456064,3.5370351501863495,3.4745118618011475,3.4745118618011475,172724411,6.6771969481702635,0.0,0.52870101
2023-11-06,3.4834436094997145,3.492375507454196,3.4209201108650986,3.42985200881958,256610910,6.764140242886027,0.0,0.52190537
2023-11-07,3.4298521571441776,3.4834437601418906,3.4209202588034344,3.4745118618011475,176048068,6.6771969481702635,0.0,0.52870101
2023-11-08,3.4566478752187,3.5013075801735045,3.4566478752187,3.4655799865722656,175100720,6.694406157090793,0.0,0.52734188
2023-11-09,3.4655798272466978,3.537035011164116,3.4655798272466978,3.5281031131744385,240132476,6.575771528152877,0.0,0.53685578
2023-11-10,3.519171215184761,3.5638307051331473,3.4923755212157297,3.5281031131744385,191965005,6.575771528152877,0.0,0.53685578
2023-11-13,3.537035034040448,3.537035034040448,3.483443645755774,3.5191712379455566,100246844,6.592461244808264,0.0,0.53549666
2023-11-14,3.519171192538919,3.554898784267721,3.5102392946067185,3.5370349884033203,132129569,6.559166102700297,0.0,0.53821491
2023-11-15,3.55489880714347,3.5638307051331473,3.510239317195084,3.5281031131744385,145447760,6.575771528152877,0.0,0.53685578
2023-11-16,3.545966863632202,3.5638306593822286,3.5102392721321483,3.545966863632202,172051545,6.542644331491523,0.0,0.53957404
2023-11-17,3.537035011164116,3.55489880714347,3.510239317195084,3.5281031131744385,111892876,6.575771528152877,0.0,0.53685578
2023-11-20,3.528103067882175,3.554898761507215,3.5191711700071617,3.545966863632202,107044853,6.542644331491523,0.0,0.53957404
2023-11-21,3.554898761507215,3.5638306593822286,3.5370349657571887,3.545966863632202,129114146,6.542644331491523,0.0,0.53957404
2023-11-22,3.5370349657571887,3.5638306593822286,3.5191711700071617,3.545966863632202,139509274,6.542644331491523,0.0,0.53957404
2023-11-23,3.554898784267721,3.5638306821999217,3.5370349884033203,3.5370349884033203,94855250,6.559166102700297,0.0,0.53821491
2023-11-24,3.5370351804453537,3.563830875696818,3.5281032820281992,3.554898977279663,144039759,6.526205146272111,0.0,0.54093317
2023-11-27,3.554898977279663,3.563830875696818,3.5191713836110443,3.554898977279663,175017593,6.526205146272111,0.0,0.54093317
2023-11-28,3.545966863632202,3.554898761507215,3.5370349657571887,3.545966863632202,134163227,6.542644331491523,0.0,0.53957404
2023-11-29,3.5459670788625086,3.5727627741139725,3.5370351804453537,3.554898977279663,165165082,6.526205146272111,0.0,0.54093317
2023-11-30,3.554898716328467,3.5727625118514648,3.5370349208054686,3.563830614089966,159897206,6.509849235897028,0.0,0.5422923
2023-12-01,3.5638307382890804,3.6263540247985038,3.5548988402163055,3.608490228652954,241289808,6.429281646873279,0.0,0.54908794
2023-12-04,3.5995583534240723,3.6174221486261517,3.5906262428697957,3.5995583534240723,118609900,6.445235143342252,0.0,0.54772881
2023-12-05,3.6084900831509343,3.617422193816795,3.5816946029663086,3.5816946029663086,170890412,6.4773808411208735,0.0,0.54501056
2023-12-06,3.5727625801321223,3.5816946910175673,3.5102392946067185,3.5370349884033203,219287961,6.559166102700297,0.0,0.53821491
2023-12-07,3.5370349208054686,3.581694622566204,3.5102392275209713,3.563830614089966,233086785,6.509849235897028,0.0,0.5422923
2023-12-08,3.563830728182785,3.5727626262302308,3.49237554380322,3.5191712379455566,444899798,6.592461244808264,0.0,0.53549666
2023-12-11,3.501307487487793,3.5191712838155267,3.4119882928958747,3.501307487487793,322524275,6.626096132061263,0.0,0.5327784
2023-12-12,3.501307586776735,3.554898977279663,3.474511891525271,3.554898977279663,212756105,6.526205146272111,0.0,0.54093317
2023-12-13,3.554898977279663,3.5727627741139725,3.5370351804453537,3.554898977279663,153605158,6.526205146272111,0.0,0.54093317
2023-12-14,3.563830875696818,3.5727627741139725,3.5281032820281992,3.554898977279663,133399783,6.526205146272111,0.0,0.54093317
2023-12-15,3.5459667595168827,3.554898657129641,3.492375373840332,3.492375373840332,203309474,6.643043062833337,0.0,0.53141927
2023-12-18,3.4834435342364745,3.563830614089966,3.4834435342364745,3.563830614089966,264559689,6.509849235897028,0.0,0.5422923
2023-12-19,3.5638306593822286,3.572762557257242,3.5370349657571887,3.545966863632202,118244244,6.542644331491523,0.0,0.53957404
2023-12-20,3.554898716328467,3.5995584180892024,3.5459668185669675,3.563830614089966,162518270,6.509849235897028,0.0,0.5422923
2023-12-21,3.554898977279663,3.5727627741139725,3.5281032820281992,3.554898977279663,168090273,6.526205146272111,0.0,0.54093317
2023-12-22,3.563830614089966,3.581694622566204,3.5459668185669675,3.563830614089966,172164040,6.509849235897028,0.0,0.5422923
2023-12-25,3.563830546996575,3.5995583503231927,3.5548986494032295,3.5906262397766113,112311710,6.461268439191091,0.0,0.54636968
2023-12-26,3.5906262428697957,3.626353833273955,3.581694558221993,3.5995583534240723,174125016,6.445235143342252,0.0,0.54772881
2023-12-27,3.59955854614192,3.617422342300415,3.57276263895093,3.617422342300415,133353000,6.413406510130224,0.0,0.55044707
2023-12-28,3.6174222136122003,3.6352860091351986,3.563830614089966,3.563830614089966,267378672,6.509849235897028,0.0,0.5422923
2023-12-29,3.563830614089966,3.581694622566204,3.5459668185669675,3.563830614089966,131607896,6.509849235897028,0.0,0.5422923
2024-01-02,3.5638305945878264,3.6084900831509343,3.5548986968752048,3.5816946029663086,167052841,6.4773808411208735,0.0,0.52936879
2024-01-03,3.5816947499834253,3.6263540274264146,3.5816947499834253,3.617422342300415,183377660,6.413406510130224,0.0,0.53464927
2024-01-04,3.617422349441679,3.7067413304104804,3.6084902383915503,3.6978092193603516,256306363,6.273985114898152,0.0,0.54653037
2024-01-05,3.697809265318367,3.7424689693110667,3.662081672486808,3.679945468902588,214880085,6.304441246766239,0.0,0.54389013
2024-01-08,3.6799450359215977,3.7067409403457217,3.644217447293734,3.662081241607666,186333583,6.335195335485,0.0,0.54124988
2024-01-09,3.653149557403926,3.6799450359215977,3.617421968776062,3.662081241607666,166919951,6.335195335485,0.0,0.54124988
2024-01-10,3.6620816170896027,3.6888775242611747,3.608490228652954,3.608490228652954,203708518,6.429281646873279,0.0,0.53332915
2024-01-11,3.5995586823186927,3.6084903677825912,3.554898977279663,3.554898977279663,203953985,6.526205146272111,0.0,0.52540842
2024-01-12,3.5459667548645966,3.6084900380718756,3.5459667548645966,3.5995583534240723,156383098,6.445235143342252,0.0,0.53200903
2024-01-15,3.60,3.62,3.58,3.62,129558959,6.41,0.0
2024-01-16,3.6084901859040515,3.6352860927581787,3.5906263899701303,3.6352860927581787,186165023,6.381891110638175,0.0,0.53728952
2024-01-17,3.626353833273955,3.6620814236781145,3.5995583534240723,3.5995583534240723,217728928,6.445235143342252,0.0,0.53200903
2024-01-18,3.599558398391552,3.6084900831509343,3.474511617461611,3.5816946029663086,398524417,6.4773808411208735,0.0,0.52936879
2024-01-19,3.572762557257242,3.572762557257242,3.528103067882175,3.545966863632202,243185844,6.542644331491523,0.0,0.5240883
2024-01-22,3.545966796203345,3.5995583953875894,3.52810300079301,3.5727624893188477,289722201,6.493574669281505,0.0,0.52804867
2024-01-23,3.554898977279663,3.5727627741139725,3.5281032820281992,3.554898977279663,220844247,6.526205146272111,0.0,0.52540842
2024-01-24,3.56383037288104,3.662081241607666,3.554898475724074,3.662081241607666,270184731,6.335195335485,0.0,0.54124988
2024-01-25,3.6710137405952574,3.72460512921409,3.66208162953887,3.7067413330078125,240280996,6.2588667284141195,0.0,0.54785049
2024-01-26,3.697809189565185,3.8317878728920993,3.697809189565185,3.8228561878204346,338161640,6.068760858416508,0.0,0.56501207
2024-01-29,3.8317878274060706,3.88537921491937,3.7871281248584103,3.8407199382781982,274380378,6.040534163602828,0.0,0.56765232
2024-01-30,3.8228561851448797,3.8764475732568395,3.7781964820983336,3.8139240741729736,208305689,6.082973742740482,0.0,0.56369195
2024-01-31,3.796060425641167,3.8853794092984804,3.7871283143221808,3.858583927154541,250145132,6.012568454642508,0.0,0.57029256
2024-02-01,3.8496516662476132,3.867515462284933,3.8139240741729736,3.8139240741729736,207757060,6.082973742740482,0.0,0.56369195
2024-02-02,3.822856333691616,3.867515612567018,3.796060425641167,3.858583927154541,282839382,6.012568454642508,0.0,0.57029256
2024-02-05,3.840719861535359,3.974698114688295,3.8228560660545354,3.965766429901123,398751528,5.850067171146647,0.0,0.58613402
2024-02-06,3.9657661477305215,4.028289640417997,3.9300385593109497,3.9836299419403076,362253486,5.823834125691898,0.0,0.58877426
2024-02-07,3.956834256800332,3.9746980519994075,3.787127989455874,3.8853790760040283,474552707,5.9711033456895946,0.0,0.57425292
2024-02-08,3.858583685848896,3.8764474814632046,3.7424688014026524,3.849651575088501,349456882,6.0265194258435315,0.0,0.56897244
2024-02-19,3.8407197355717035,4.037221479416115,3.8139238302760505,4.028289794921875,358566170,5.759267873241464,0.0,0.59537487
2024-02-20,4.019357640378274,4.064017340078395,3.983630050980762,4.046153545379639,188611547,5.733840730412324,0.0,0.59801511
2024-02-21,4.03722134405569,4.144404109831734,4.028289659860913,4.072948932647705,218315737,5.696118557744439,0.0,0.60197548
2024-02-22,4.072948932647705,4.090812726943712,4.03722134405569,4.072948932647705,152926631,5.696118557744439,0.0,0.60197548
2024-02-23,4.081881429371624,4.171200409311666,4.0729493184243735,4.108676910400391,192314923,5.646586603408337,0.0,0.60725597
2024-02-26,4.108676501408809,4.108676501408809,3.9746978318821897,3.9836299419403076,231359421,5.823834125691898,0.0,0.58877426
2024-02-27,3.9746978318821897,4.028289640417997,3.9568340376724036,3.9836299419403076,156993738,5.823834125691898,0.0,0.58877426
2024-02-28,3.9836299419403076,4.019357530359879,3.9121747651011636,3.9836299419403076,231075058,5.823834125691898,0.0,0.58877426
2024-02-29,3.9746982594563027,4.001494166606749,3.9568344633248373,3.9925620555877686,177942425,5.8108051113521375,0.0,0.59009438
2024-03-01,3.9925622960967644,4.019358204861376,3.9657668132386736,4.001494407653809,188682830,5.7978339181543,0.0,0.59141451
2024-03-04,3.9925617792255164,4.055085274311062,3.97469798433057,4.028289794921875,192842250,5.759267873241464,0.0,0.59537487
2024-03-05,4.028290041407598,4.117609021347641,4.028290041407598,4.108676910400391,207707420,5.646586603408337,0.0,0.60725597
2024-03-06,4.108677051221997,4.135472959075664,4.055085661421169,4.0640177726745605,170246452,5.708636452328284,0.0,0.60065536
2024-03-07,4.064017726733985,4.090813208378243,4.046153930335645,4.081881523132324,141901702,5.683653449646661,0.0,0.6032956
2024-03-08,4.072949458021445,4.090813254621721,4.046153976074285,4.0640177726745605,117178156,5.708636452328284,0.0,0.60065536
2024-03-11,4.064017384711768,4.072949069206008,4.019357684521169,4.028289794921875,171416127,5.759267873241464,0.0,0.59537487
2024-03-12,4.028290016510218,4.028290016510218,3.9211068153381348,3.9211068153381348,257246315,5.916696762569412,0.0,0.57953341
2024-03-13,3.9211071496362786,3.930039261289839,3.8853795548350867,3.8943116664886475,195789334,5.957407107304937,0.0,0.57557305
2024-03-14,3.8853790314674814,3.9389704164504127,3.8764473469235607,3.903242826461792,162453962,5.94377573506753,0.0,0.57689317
2024-03-15,3.903242871203104,3.9300387769549543,3.8853790760040283,3.8853790760040283,129543243,5.9711033456895946,0.0,0.57425292
2024-03-18,3.8853790760040283,3.8943111865568025,3.840719800959575,3.8853790760040283,176963572,5.9711033456895946,0.0,0.57425292
2024-03-19,3.87644728594869,3.87644728594869,3.8317875862121578,3.831787586212158,166392738,6.054615366331912,0.0,0.56633219
2024-03-20,3.822856005760499,3.9121749817558786,3.8139238952077243,3.8853790760040283,158331753,5.9711033456895946,0.0,0.57425292
2024-03-21,3.894311141917871,3.947902526900802,3.8853790314674814,3.903242826461792,173950282,5.94377573506753,0.0,0.57689317
2024-03-22,3.91217513035258,3.938970611215734,3.885379223582937,3.9211068153381348,155670272,5.916696762569412,0.0,0.57953341
2024-03-25,3.921106818087289,3.947902724875719,3.8943113372053486,3.9300389289855957,141982701,5.903249412846982,0.0,0.58085353
2024-03-26,3.938970523726648,3.965766429901123,3.9032429327650013,3.965766429901123,158314805,5.850067171146647,0.0,0.58613402
2024-03-27,3.96576629341513,4.046153583265463,3.9568341830288865,4.010425567626953,166417009,5.784922225530268,0.0,0.59273463
2024-03-28,4.001494159015718,4.010425844111259,3.9032430675257963,3.912175178527832,219075156,5.930204794339056,0.0,0.57821329
2024-03-29,3.9032430221971652,3.97469820575766,3.8943113372053486,3.9300389289855957,102703446,5.903249412846982,0.0,0.58085353
2024-04-01,3.938970243462618,3.992561626091976,3.921106449252832,3.9836299419403076,180010859,5.823834125691898,0.0,0.5723559
2024-04-02,3.9925622496586284,4.028290269564726,3.9746984526588376,4.019358158111572,130503433,5.772065859117201,0.0,0.57748913
2024-04-03,4.010426093304332,4.037222002068943,3.983630610446241,4.001494407653809,131281585,5.7978339181543,0.0,0.57492252
2024-04-08,3.9925617353769094,4.064017340078395,3.9657662562820057,4.046153545379639,180091455,5.733840730412324,0.0,0.58133906
2024-04-09,4.046153583265463,4.081881172997507,3.992561772760931,4.010425567626953,164582852,5.784922225530268,0.0,0.57620583
2024-04-10,4.0014943611117815,4.046154066564517,4.0014943611117815,4.019358158111572,138645132,5.772065859117201,0.0,0.57748913
2024-04-11,4.019358204861376,4.0282903164184205,3.983630610446241,4.001494407653809,117529510,5.7978339181543,0.0,0.57492252
2024-04-12,4.001493883147175,4.028289788399441,3.9746979778949085,4.010425567626953,157180391,5.784922225530268,0.0,0.57620583
2024-04-15,4.010425866692777,4.099745273590088,4.001494181546944,4.099745273590088,225622080,5.658888162991672,0.0,0.58903892
2024-04-16,4.090813024529398,4.153336522066913,4.064017544089379,4.144404411315918,243578220,5.597909300707846,0.0,0.59545546
2024-04-17,4.126541043714255,4.189064547736542,4.064017965598495,4.16226863861084,243918366,5.573883382919517,0.0,0.59802208
2024-04-18,4.153336435433129,4.2247916163246835,4.1444043248684475,4.189064025878906,260096872,5.538229985666647,0.0,0.60187201
2024-04-19,4.189064407660954,4.233723686835087,4.18013229628222,4.215859889984131,150963300,5.503029181571622,0.0,0.60572194
2024-04-22,4.233723828404009,4.26945184920712,4.153336952839957,4.16226863861084,201102713,5.573883382919517,0.0,0.59802208
2024-04-23,4.16226863861084,4.215860030955716,4.126541043714255,4.16226863861084,202561503,5.573883382919517,0.0,0.59802208
2024-04-24,4.162268255256868,4.180132051059866,4.126540663650872,4.135472774505615,132581646,5.609999452305305,0.0,0.59417215
2024-04-25,4.135472729355414,4.16226820981412,4.108676822990226,4.153336524963379,164718824,5.585870506894349,0.0,0.59673877
2024-04-26,4.153336219932964,4.180131698423748,4.064017248452927,4.072948932647705,257369376,5.696118557744439,0.0,0.58518899
2024-04-29,4.064017726733985,4.108677004776583,4.046153930335645,4.081881523132324,211116619,5.683653449646661,0.0,0.5864723
2024-04-30,4.0729493663395955,4.117609069788251,4.055085570141432,4.099745273590088,192288273,5.658888162991672,0.0,0.58903892
2024-05-06,4.117609302456258,4.126540988106781,3.9925622960967644,4.001494407653809,394654586,5.7978339181543,0.0,0.57492252
2024-05-07,4.001494407653809,4.010426093304332,3.947903016031106,4.001494407653809,242697714,5.7978339181543,0.0,0.57492252
2024-05-08,4.001493889626222,4.0461535898168215,4.001493889626222,4.028289794921875,181812721,5.759267873241464,0.0,0.57877244
2024-05-09,4.04615386988866,4.04615386988866,3.983630370475283,3.9925620555877686,168154498,5.8108051113521375,0.0,0.57363921
2024-05-10,3.9925620555877686,4.019357962738215,3.9746982594563027,3.9925620555877686,164434931,5.8108051113521375,0.0,0.57363921
2024-05-13,3.992561626091976,4.001493736150094,3.9568340376724036,3.9836299419403076,166800111,5.823834125691898,0.0,0.5723559
2024-05-14,3.9836302708124545,3.9925619557014858,3.9479026794433594,3.9479026794433594,168048987,5.876537970604463,0.0,0.56722266
2024-05-15,3.9479026344203,3.9836302253819467,3.9479026344203,3.965766429901123,126861111,5.850067171146647,0.0,0.56978928
2024-05-16,3.9657665743438177,4.001494166606749,3.947902778212352,3.9925620555877686,159200943,5.8108051113521375,0.0,0.57363921
2024-05-17,3.992561772760931,4.010425567626953,3.9746979778949085,4.010425567626953,154369929,5.784922225530268,0.0,0.57620583
2024-05-20,4.010425851719234,4.0550855550011455,3.9925620555877686,3.9925620555877686,203389961,5.8108051113521375,0.0,0.57363921
2024-05-21,3.9925617792255164,4.028289794921875,3.97469798433057,4.028289794921875,168482143,5.759267873241464,0.0,0.57877244
2024-05-22,4.028289750680883,4.055085229775786,4.010425530075666,4.046153545379639,141491366,5.733840730412324,0.0,0.58133906
2024-05-23,4.046153542027386,4.055085226416134,4.010425526753013,4.037221431732178,154854933,5.7465265139162796,0.0,0.58005575
2024-05-24,4.0282903164184205,4.046154113625987,4.001494407653809,4.001494407653809,136877247,5.7978339181543,0.0,0.57492252
2024-05-27,4.010425574120463,4.037221479416115,4.001493889626222,4.028289794921875,137485256,5.759267873241464,0.0,0.57877244
2024-05-28,4.0282903164184205,4.037222002068943,3.9925622960967644,4.001494407653809,163078102,5.7978339181543,0.0,0.57492252
2024-05-29,3.9925621014667456,4.001494212588366,3.9568345087932646,3.974698305130005,187756598,5.836920998521213,0.0,0.57107259
2024-05-30,3.965766472256561,3.992561952810739,3.9300388809133335,3.9389705657958984,179812217,5.889863763252637,0.0,0.56593935
2024-05-31,3.938970523726648,3.974698114688295,3.938970523726648,3.965766429901123,134737239,5.850067171146647,0.0,0.56978928
2024-06-03,3.965766429901123,3.9836302253819467,3.938970523726648,3.965766429901123,141784758,5.850067171146647,0.0,0.56978928
2024-06-04,3.965766429901123,3.974698114688295,3.9568343192074718,3.965766429901123,92280860,5.850067171146647,0.0,0.56978928
2024-06-05,3.9657666199148847,3.9836304162516254,3.9479028235781444,3.974698305130005,109343236,5.836920998521213,0.0,0.57107259
2024-06-06,3.9657666199148847,3.9925621014667456,3.9657666199148847,3.974698305130005,147063016,5.836920998521213,0.0,0.57107259
2024-06-07,3.9746979406781535,4.046153545379639,3.9657662562820057,4.046153545379639,249526464,5.733840730412324,0.0,0.58133906
2024-06-11,4.046153434627783,4.072948912989237,3.9836299419403076,3.9836299419403076,209145139,5.823834125691898,0.0,0.5723559
2024-06-12,3.983630267928174,3.983630267928174,3.9121750852417203,3.9389705657958984,198311460,5.889863763252637,0.0,0.56593935
2024-06-13,3.938970712456524,3.974698305130005,3.930039027241404,3.974698305130005,124257637,5.836920998521213,0.0,0.57107259
2024-06-14,3.9746984988891967,4.010426093304332,3.9568347016816294,4.001494407653809,170373186,5.7978339181543,0.0,0.57492252
2024-06-17,4.00149450009471,4.00149450009471,3.947903107233961,3.9568347930908203,138062959,5.863272340940391,0.0,0.56850597
2024-06-18,3.9568343192074718,3.974698114688295,3.9300388389394763,3.965766429901123,108895102,5.850067171146647,0.0,0.56978928
2024-06-19,3.9657668132386736,4.010426093304332,3.9568347016816294,4.001494407653809,158838448,5.7978339181543,0.0,0.57492252
2024-06-20,4.001493883147175,4.019357678013197,3.9836300882811524,4.010425567626953,108144373,5.784922225530268,0.0,0.57620583
2024-06-21,4.010425851719234,4.028290073757195,3.983630370475283,3.9925620555877686,130423465,5.8108051113521375,0.0,0.57363921
2024-06-24,4.001493883147175,4.019357678013197,3.9836300882811524,4.010425567626953,148737176,5.784922225530268,0.0,0.57620583
2024-06-25,4.010425526753013,4.046153542027386,4.001493842364266,4.037221431732178,202776979,5.7465265139162796,0.0,0.58005575
2024-06-26,4.028290179474009,4.090813254621721,4.028290179474009,4.0640177726745605,184573342,5.708636452328284,0.0,0.58390568
2024-06-27,4.064017636048682,4.135472820047575,4.055085525095574,4.117609024047852,226128197,5.634337758759096,0.0,0.59160554
2024-06-28,4.1176094517210124,4.135473249576148,4.099745653865876,4.1265411376953125,162223187,5.622141940636821,0.0,0.59288885
2024-07-01,4.126540573931398,4.197995755589806,4.108676778516796,4.171200275421143,195508252,5.5619482326721,0.0,0.60052688
2024-07-02,4.171200569745651,4.251587867736816,4.162268458454851,4.251587867736816,224677163,5.456784787644459,0.0,0.6121002
2024-07-03,4.251587476871913,4.278382956467884,4.171200186271063,4.20692777633667,215707951,5.514713166814149,0.0,0.60567058
2024-07-04,4.206928158412342,4.242655751722751,4.197996047131487,4.2337236404418945,146257032,5.479809730230409,0.0,0.60952835
2024-07-05,4.2337236404418945,4.2337236404418945,4.2337236404418945,4.2337236404418945,0,5.479809730230409,0.0,0.59538318
2024-07-08,4.1444043248684475,4.206927821101795,4.126540529645559,4.189064025878906,194208720,5.538229985666647,0.0,0.60309873
2024-07-09,4.189064361757139,4.242655751722751,4.162268453821079,4.2337236404418945,175552680,5.479809730230409,0.0,0.60952835
2024-07-10,4.2337231669702495,4.26945118219158,4.224791482594762,4.242655277252197,137590833,5.468273636180439,0.0,0.61081428
2024-07-11,4.242655363190645,4.25158747365352,4.1712001831135215,4.197995662689209,215789636,5.5264468723005375,0.0,0.60438465
2024-07-12,4.1890638498215145,4.278382822182072,4.18013173963223,4.260519027709961,207327456,5.445345942386286,0.0,0.61338613
2024-07-15,4.260519323528416,4.349838302090613,4.2515876386254385,4.331974506378174,219146122,5.3555255151759384,0.0,0.62367352
2024-07-16,4.349838259760857,4.439157237453861,4.3230427794061965,4.358770370483398,333215812,5.322602024897922,0.0,0.6275313
2024-07-17,4.364777718650598,4.392937323672665,4.327231280228607,4.37416410446167,282409959,10.708331667808933,0.2364,0.59924095
2024-07-18,4.37416410446167,4.383550937861594,4.327231280228607,4.37416410446167,190394576,10.708331667808933,0.0,0.59924095
2024-07-19,4.374164762782553,4.392937984818958,4.317845096673339,4.383551597595215,213419778,10.685399488783501,0.0,0.60052688
2024-07-22,4.364777565002441,4.383550783552586,4.317844294832663,4.364777565002441,180067070,10.731360144345363,0.0,0.59795503
2024-07-23,4.3553906947989365,4.514963274909065,4.34600430939831,4.4680304527282715,280630309,10.48336632786344,0.0,0.6121002
2024-07-24,4.4492567867493555,4.505576889508439,4.43987040134873,4.4680304527282715,200928699,10.48336632786344,0.0,0.6121002
2024-07-25,4.458644054571543,4.486804108697416,4.3741643397828,4.439870834350586,200097004,10.549856459247925,0.0,0.60824243
2024-07-26,4.439870581850505,4.439870581850505,4.299071214406299,4.346004486083984,240079585,10.777715520078928,0.0,0.59538318
2024-07-29,4.364778103702175,4.468031042265835,4.289685220233656,4.4492573738098145,226429707,10.52759956655234,0.0,0.60952835
2024-07-30,4.4586437731514685,4.48680382549994,4.430483720802998,4.4774169921875,158416497,5.279829875405545,0.0,0.61338613
2024-07-31,4.486803867316496,4.486803867316496,4.37416410446167,4.37416410446167,239307440,5.404461157707155,0.0,0.59924095
2024-08-01,4.374164146793072,4.449257024363774,4.317844488615046,4.402324199676514,174642792,5.36989075037615,0.0,0.60309873
2024-08-02,4.402324352907123,4.4492571792279625,4.374164299043522,4.411710739135742,138897781,5.358465547229213,0.0,0.60438465
2024-08-05,4.4117112068553626,4.430484428891766,4.355391540746148,4.383551597595215,167968404,5.392887359411655,0.0,0.60052688
2024-08-06,4.374164232775339,4.392937452537036,4.299071353728548,4.327231407165527,178945901,5.463077375722078,0.0,0.59281133
2024-08-07,4.327231560206372,4.374164387476053,4.3084583397807235,4.336617946624756,141953511,5.451252633033839,0.0,0.59409725
2024-08-08,4.34600478063202,4.364778001057669,4.327231560206372,4.336617946624756,73465905,5.451252633033839,0.0,0.59409725
2024-08-09,4.336617652712907,4.364777705237288,4.3178444335596025,4.346004486083984,96115932,5.4394789687161795,0.0,0.59538318
2024-08-12,4.346004499439602,4.392937323672665,4.336617666039679,4.37416410446167,102727927,5.404461157707155,0.0,0.59924095
2024-08-13,4.364777912814902,4.430483959181852,4.355391078997411,4.411710739135742,149191970,5.358465547229213,0.0,0.60438465
2024-08-14,4.411710598606087,4.439870651572684,4.40232421267646,4.430483818054199,94814228,5.335760375349328,0.0,0.6069565
2024-08-15,4.430483860035613,4.468030746876473,4.421097474017044,4.458643913269043,129166405,5.302060550214995,0.0,0.61081428
2024-08-16,4.4586439673010645,4.524350460582757,4.44925713357988,4.514963626861572,153312967,5.235922579609476,0.0,0.61852982
2024-08-19,4.514963582610681,4.627602900627725,4.496190362941174,4.618216514587402,192969469,5.118859179800069,0.0,0.632675
2024-08-20,4.627603094781312,4.665149535695608,4.580670267432883,4.655763149261475,182475890,5.07757788403603,0.0,0.6378187
2024-08-21,4.64637565612793,4.665148873922007,4.57128278495162,4.64637565612793,140557753,5.087836574044997,0.0,0.63653277
2024-08-22,4.6463758022543935,4.777788778534633,4.636989416856566,4.7590155601501465,214650766,4.967413890795129,0.0,0.65196387
2024-08-23,4.75901618980681,4.7777894106751475,4.693309692973185,4.768402576446533,152449886,4.957635103371828,0.0,0.65324979
2024-08-26,4.749629355578196,4.768402576446533,4.693309692973185,4.768402576446533,137483202,4.957635103371828,0.0,0.65324979
2024-08-27,4.759015811536018,4.852881908416748,4.749628978053517,4.852881908416748,187745937,4.871332219932907,0.0,0.66482312
2024-08-28,4.8434951738021566,4.881041613320866,4.768402294764738,4.805948734283447,206616031,4.918903905770574,0.0,0.65839349
2024-08-29,4.79656213513432,4.8059485208026205,4.5900562793655695,4.608829498291016,297435772,5.129284997148596,0.0,0.63138907
2024-08-30,4.6088298705948585,4.655763145494191,4.496190547943115,4.496190547943115,378075167,5.257784283812138,0.0,0.61595798
2024-09-02,4.477417280288502,4.627603042240508,4.4398708398005,4.599443435668945,264042411,5.13975230495726,0.0,0.63010315
2024-09-03,4.580669763068775,4.599442981458858,4.421097182958646,4.4680304527282715,243637889,5.290921861457979,0.0,0.6121002
2024-09-04,4.4492573738098145,4.505577484000096,4.421097766303565,4.4492573738098145,153994793,5.31324623726083,0.0,0.60952835
2024-09-05,4.449257362869134,4.477417417895029,4.364778092969228,4.421097755432129,170267229,5.3470882816273235,0.0,0.60567058
2024-09-06,4.421097432124571,4.505577143435505,4.421097432124571,4.430483818054199,110378260,5.335760375349328,0.0,0.6069565
2024-09-09,4.4492568392144936,4.4492568392144936,4.33661752754576,4.392937183380127,132881462,5.381365362891509,0.0,0.6018128
2024-09-10,4.411710543740287,4.514963473215238,4.402324157927392,4.505577087402344,194804893,5.24683065929507,0.0,0.6172439
2024-09-11,4.4868038535281904,4.496190239310417,4.336617652712907,4.346004486083984,196461878,5.4394789687161795,0.0,0.59538318
2024-09-12,4.336617652712907,4.374164091019515,4.299071214406299,4.346004486083984,135614509,5.4394789687161795,0.0,0.59538318
2024-09-13,4.36477780427253,4.383551023851791,4.270911706376221,4.299071311950684,147627671,5.4988620296399455,0.0,0.58895355
2024-09-18,4.317844294832663,4.374163950483095,4.3084579093520095,4.364777565002441,119022612,5.416083557052185,0.0,0.59795503
2024-09-19,4.374164232775339,4.392937452537036,4.299071353728548,4.327231407165527,151005209,5.463077375722078,0.0,0.59281133
2024-09-20,4.317844585911804,4.364777859245498,4.289684979982681,4.355391025543213,163674263,5.4277560525237964,0.0,0.5966691
2024-09-23,4.346004541498488,4.421097419069189,4.317844488615046,4.402324199676514,129778378,5.36989075037615,0.0,0.60309873
2024-09-24,4.430484005884062,4.599443435668945,4.411710785640062,4.599443435668945,266090547,5.13975230495726,0.0,0.63010315
2024-09-25,4.674536316644948,4.777789251781391,4.524350554692942,4.599443435668945,304060722,5.13975230495726,0.0,0.63010315
2024-09-26,4.599443030932347,4.693309123892428,4.571282979249904,4.683922290802002,294366626,5.047052135434179,0.0,0.64167647
2024-09-27,4.721469548646171,4.740242768721571,4.533736900303302,4.571283340454102,306440305,5.171414292086225,0.0,0.62624537
2024-09-30,4.561896771824514,4.777789017854594,4.458643841743469,4.693309307098389,802777316,5.036957603507128,0.0,0.62566637
2024-10-08,4.974907999309179,5.068774095079591,4.618216387792764,4.665149211883545,832929630,5.067362034162118,0.0,0.62191238
2024-10-09,4.646376165836089,4.6745362194107765,4.505577240729255,4.514963626861572,575567867,5.235922579609476,0.0,0.60189105
2024-10-10,4.543123268478027,4.787175104443592,4.533736435608015,4.702695846557617,563798117,5.0269038805272785,0.0,0.62691771
2024-10-11,4.721469696981047,4.824722186845203,4.646376366731362,4.712082862854004,334033665,5.016889704202225,0.0,0.62816904
2024-10-14,4.759015769756654,4.8622682516245765,4.74962893635656,4.824721813201904,401207274,4.89976436264445,0.0,0.64318503
2024-10-15,4.805948966180003,4.815335800307046,4.702696476315848,4.712082862854004,270654116,5.016889704202225,0.0,0.62816904
2024-10-16,4.721469608068579,4.824722095988333,4.683922719856358,4.78717565536499,288884026,4.938193561689477,0.0,0.6381797
2024-10-17,4.787175786337626,4.824722227988204,4.740242958068848,4.740242958068848,188988781,4.987086149194096,0.0,0.63192304
2024-10-18,4.7496293446870474,4.777789399719426,4.636990019735312,4.740242958068848,289552972,4.987086149194096,0.0,0.63192304
2024-10-21,4.740242192687135,4.740242192687135,4.627602438333852,4.64637565612793,282232187,5.087836574044997,0.0,0.61940971
2024-10-22,4.6463759792612676,4.693309250804855,4.6182163744061935,4.636989593505859,202407869,5.098135228318823,0.0,0.61815838
2024-10-23,4.64637631523846,4.655763149261475,4.6182167083471795,4.655763149261475,170825071,5.07757788403603,0.0,0.62066104
2024-10-24,4.6369892710253,4.683922091716084,4.618216053231222,4.64637565612793,134299060,5.087836574044997,0.0,0.61940971
2024-10-25,4.636989550473607,4.646375936141908,4.599443112622715,4.608829498291016,168068154,5.129284997148596,0.0,0.61440438
2024-10-28,4.6088294844223405,4.6088294844223405,4.552509827815476,4.58066987991333,163470330,5.160817221005956,0.0,0.61065038
2024-10-29,4.580670215424944,4.618216655912946,4.561896995180944,4.599443435668945,161951359,5.13975230495726,0.0,0.61315305
2024-10-30,4.590056846350388,4.608830067594788,4.5337371826171875,4.5337371826171875,156696795,5.21424137478418,0.0,0.60439372
2024-10-31,4.5431233849533,4.5618966035858,4.514963333210131,4.524350166320801,166940804,5.225059761283693,0.0,0.60314238
2024-11-01,4.533736608946522,4.5994430987822845,4.524350223306467,4.58066987991333,189850017,5.160817221005956,0.0,0.61065038
2024-11-04,4.590056419372559,4.599443252916023,4.514963541380274,4.590056419372559,144145567,5.15026349136499,0.0,0.61190171
2024-11-05,4.580669893697269,4.608829498291016,4.561896674771823,4.608829498291016,179576987,5.129284997148596,0.0,0.61440438
2024-11-06,4.60882963887063,4.60882963887063,4.571283199874488,4.590056419372559,149623782,5.15026349136499,0.0,0.61190171
2024-11-07,4.580670075248388,4.627602900627725,4.571283241619203,4.618216514587402,196967798,5.118859179800069,0.0,0.61565571
2024-11-08,4.627603328962684,4.636990163460722,4.552510443333993,4.561897277832031,247878143,5.182054430483479,0.0,0.60814772
2024-11-11,4.543123680436259,4.543123680436259,4.505577240729255,4.514963626861572,226469237,5.235922579609476,0.0,0.60189105
2024-11-12,4.514963768385072,4.552510209268987,4.496190547943115,4.496190547943115,176540327,5.257784283812138,0.0,0.59938839
2024-11-13,4.496190114577632,4.533736551842631,4.486803729055802,4.524350166320801,139841111,5.225059761283693,0.0,0.60314238
2024-11-14,4.505577282025278,4.561896942101986,4.48680406199971,4.543123722076416,222994987,5.203468240392853,0.0,0.60564505
2024-11-15,4.53373722192682,4.599443720646377,4.4961907791124744,4.561897277832031,269925729,5.182054430483479,0.0,0.60814772
2024-11-18,4.580669991149352,4.721469359880075,4.580669991149352,4.693309307098389,437119030,5.036957603507128,0.0,0.62566637
2024-11-19,4.702696281807445,4.7402427215848855,4.608829734774978,4.674536228179932,254357724,5.0571861776338025,0.0,0.62316371
2024-11-20,4.674536369718623,4.693309590175771,4.636989928804327,4.655763149261475,169515945,5.07757788403603,0.0,0.62066104
2024-11-21,4.64637631523846,4.674536369718623,4.636989928804327,4.655763149261475,105766610,5.07757788403603,0.0,0.62066104
2024-11-22,4.655762769399053,4.674535988324499,4.608829498291016,4.608829498291016,158013531,5.129284997148596,0.0,0.61440438
2024-11-25,4.618216331548161,4.665149155067353,4.599443112622715,4.608829498291016,171404001,5.129284997148596,0.0,0.61440438
2024-11-26,4.608829416433937,4.693309123892428,4.580669812340331,4.683922290802002,197268844,5.047052135434179,0.0,0.62441504
2024-11-27,4.674535810303791,4.7402422978349685,4.674535810303791,4.730855464935303,230333881,4.996982083941829,0.0,0.6306717
2024-11-28,4.712082568772024,4.749629007759142,4.693309349278464,4.721469402313232,140185864,5.0069158530219084,0.0,0.62942037
2024-11-29,4.73085544999,4.787175104443592,4.702695846557617,4.702695846557617,200863223,5.0269038805272785,0.0,0.62691771
2024-12-02,4.702695846557617,4.712082231838803,4.655762577385211,4.702695846557617,168268882,5.0269038805272785,0.0,0.62691771
2024-12-03,4.702696237065326,4.787175501966384,4.683922569766354,4.777789115905762,230857576,4.9478952349110505,0.0,0.63692837
2024-12-04,4.768402142291195,4.805948580609326,4.749628923132129,4.796562194824219,165667032,4.9285298594708085,0.0,0.63943103
2024-12-05,4.7777894106751475,4.834109073280159,4.768402576446533,4.768402576446533,141108448,4.957635103371828,0.0,0.63567704
2024-12-06,4.768402435053319,4.824722095988333,4.759016048691922,4.78717565536499,224396113,4.938193561689477,0.0,0.6381797
2024-12-09,4.787175555899826,4.852882049419903,4.759015949811841,4.834108829498291,209392732,4.890249854481138,0.0,0.64443636
2024-12-10,4.871655322962576,4.91858814948875,4.815335662577843,4.89042854309082,222780831,4.833932198722851,0.0,0.65194436
2024-12-11,4.890428148191953,4.9279745854165915,4.815335273742676,4.815335273742676,191518646,4.909315479839065,0.0,0.6419337
2024-12-12,4.82472186851475,4.890428360302143,4.805948649088189,4.881041526794434,184378062,4.8432286163165035,0.0,0.65069303
2024-12-13,4.8716552816549425,4.899814887814102,4.824722007937851,4.862268447875977,223783449,4.861928182991799,0.0,0.64819036
2024-12-16,4.871655224311388,4.974908156720293,4.871655224311388,4.937361717224121,234519846,4.787982196550683,0.0,0.65820102
2024-12-17,4.946747962740831,4.99368123457186,4.927974743526191,4.956134796142578,182663784,4.769846053904609,0.0,0.66070369
2024-12-18,4.956134796142578,5.012454453786501,4.927974743526191,4.956134796142578,202979922,4.769846053904609,0.0,0.66070369
2024-12-19,4.946747580701676,4.974907631143252,4.881041094730543,4.909201145172119,200749652,4.815447422285478,0.0,0.65444703
2024-12-20,4.918588049887171,4.984294542799904,4.918588049887171,4.937361717224121,167005976,4.787982196550683,0.0,0.65820102
2024-12-23,4.937361494154007,5.068774026453387,4.927974660909629,5.0312275886535645,259772763,4.6986544701958985,0.0,0.67071435
2024-12-24,5.050001016309862,5.106320675337732,5.012454576957948,5.096933841705322,210874090,4.638082567713019,0.0,0.67947368
2024-12-25,5.096933785587562,5.247119988930513,5.08754739964736,5.172027111053467,265533328,4.570741701929106,0.0,0.68948434
2024-12-26,5.172027405657983,5.190800626196588,5.059387634837466,5.162640571594238,236688016,4.579052070770037,0.0,0.68823301
2024-12-27,5.1532534017017895,5.200186673784184,5.031227699947501,5.143867015838623,210912165,4.595764223143682,0.0,0.68573035
2024-12-30,5.125094170615438,5.200187053357382,5.115707336478251,5.190800666809082,199378103,4.554210711876962,0.0,0.69198701
2024-12-31,5.1814134969936685,5.247119988930513,5.162640277524407,5.172027111053467,243872790,4.570741701929106,0.0,0.67397873
2025-01-02,5.172027112010808,5.21895993689822,5.003067689167319,5.040614128112793,267809557,4.68990472175874,0.0,0.65685404
2025-01-03,5.040613790572784,5.068773841690605,4.937361314181367,5.021840572357178,230171636,4.707437374680282,0.0,0.65440766
2025-01-06,5.0218407691288505,5.07816042598245,4.890428236470451,5.05938720703125,228566588,4.6725026238645,0.0,0.65930042
2025-01-07,5.059387914446468,5.1438676353334385,5.012455084300636,5.125094413757324,185805202,4.612597952643173,0.0,0.66786277
2025-01-08,5.1250935187820765,5.2189596102711775,5.09693346754093,5.181413173675537,225653497,4.5624618627413,0.0,0.67520192
2025-01-09,5.172027691492065,5.181414078485669,5.078161136022583,5.125094413757324,164478106,4.612597952643173,0.0,0.66786277
2025-01-10,5.134480139783196,5.143866973157329,5.040614043986116,5.115706920623779,164200862,4.6210622240097905,0.0,0.66663957
2025-01-13,5.078160227003995,5.115706663435206,4.974907750612578,5.021840572357178,185774136,4.707437374680282,0.0,0.65440766
2025-01-14,5.031227796633905,5.106320675337732,5.0218409630014955,5.096933841705322,157752823,4.638082567713019,0.0,0.66419319
2025-01-15,5.096933701464364,5.2095734640097096,5.0781604823049475,5.115706920623779,196107779,4.6210622240097905,0.0,0.66663957
2025-01-16,5.134480182386603,5.16264023515381,5.087547357893063,5.143867015838623,129091334,4.595764223143682,0.0,0.67030915
2025-01-17,5.143866973157329,5.172027025690878,5.106320534838497,5.115706920623779,126339765,4.6210622240097905,0.0,0.66663957
2025-01-20,5.1250940370720945,5.134480423375815,5.0687743764831446,5.078160762786865,131338078,4.65522875392911,0.0,0.66174681
2025-01-21,5.087547596679461,5.106320816875778,5.031227936090511,5.078160762786865,121086315,4.65522875392911,0.0,0.66174681
2025-01-22,5.087547344271772,5.087547344271772,4.974908028682228,4.984294414520264,174116676,4.742897997985807,0.0,0.64951489
2025-01-23,5.033088695460423,5.138745270398086,5.013878450745244,5.129140377044678,245875728,6.964129927085609,0.1208,0.65318446
2025-01-24,5.129140225965489,5.148350470114828,5.05229924936813,5.100324630737305,139969769,7.003475775783376,0.0,0.64951489
2025-01-27,5.109929696222922,5.273216533362057,5.109929696222922,5.234796047210693,231212281,6.823570522682165,0.0,0.66663957
2025-02-05,5.244401748987945,5.254006642164897,5.100324687266844,5.109930038452148,215563787,6.9903109692711105,0.0,0.65073808
2025-02-06,5.119534836865453,5.148350431879632,5.06190410484544,5.090719699859619,163336514,7.016689605005165,0.0,0.6482917
2025-02-07,5.090719604915481,5.090719604915481,5.03308841596197,5.07150936126709,201406010,7.043268079677871,0.0,0.64584531
2025-02-10,5.061904430389404,5.100324920873666,5.0426941851472735,5.061904430389404,153186638,7.05663263524952,0.0,0.64462212
2025-02-11,5.071509359189959,5.167560577392578,5.06190400836553,5.167560577392578,207721547,6.912352446581946,0.0,0.65807723
2025-02-12,5.16756067199291,5.205981159977305,5.119534833008244,5.186770915985107,150845246,6.886751040018859,0.0,0.66052361
2025-02-13,5.167560709668583,5.22519144206535,5.157955358598282,5.196375846862793,148043097,6.874021635976395,0.0,0.66174681
2025-02-14,5.196375846862793,5.215586090995049,5.148350465536328,5.196375846862793,150428836,6.874021635976395,0.0,0.66174681
2025-02-17,5.2059813484823785,5.234796486509879,5.148350614419016,5.225191593170166,151483442,6.836112966018226,0.0,0.66541638
2025-02-18,5.205981432893317,5.35966339288745,5.205981432893317,5.340453147888184,249119083,6.688570990296026,0.0,0.68009468
2025-02-19,5.311637878417969,5.378873505253307,5.292427633892393,5.311637878417969,173347644,6.724856027014954,0.0,0.67642511
2025-02-20,5.3020321464498394,5.3596628758885165,5.292427253880889,5.33084774017334,145796170,6.700622816670153,0.0,0.67887149
2025-02-21,5.330848263409802,5.340453156921498,5.23479658024263,5.244401931762695,245166766,6.811072161281535,0.0,0.66786277
2025-02-24,5.244401686197606,5.282822174462117,5.177165602730537,5.196375846862793,237696873,6.874021635976395,0.0,0.66174681
2025-02-25,5.205980968658725,5.225191211944951,5.119534644866547,5.148350238800049,252435870,6.938144909178797,0.0,0.65563085
2025-02-26,5.138745114466026,5.205981197933095,5.129140221404072,5.196375846862793,176546311,6.874021635976395,0.0,0.66174681
2025-02-27,5.186771047739238,5.234796429935498,5.129140314298712,5.215586185455322,218928330,6.848702855225014,0.0,0.66419319
2025-02-28,5.205981159977305,5.254006540953626,5.186770915985107,5.186770915985107,204479024,6.886751040018859,0.0,0.66052361
2025-03-03,5.196375427445457,5.225191020322209,5.109929564831824,5.2059807777404785,242406622,6.861339202927934,0.0,0.66297
2025-03-04,5.1963757138491955,5.225191308314149,5.157955226568148,5.167560577392578,149783096,6.912352446581946,0.0,0.65807723
2025-03-05,5.167560519395246,5.273216629228143,5.1483502759703255,5.254006385803223,251576463,6.798621352368074,0.0,0.66908596
2025-03-06,5.2444018378579536,5.254006731197666,5.186771103794591,5.225191593170166,168412612,6.836112966018226,0.0,0.66541638
2025-03-07,5.22519144206535,5.244401686197606,5.196375846862793,5.196375846862793,135260626,6.874021635976395,0.0,0.66174681
2025-03-10,5.196375656535017,5.205981007253504,5.1387449262490925,5.157955169677734,158931477,6.925224982564508,0.0,0.65685404
2025-03-11,5.148350371601802,5.177165508270264,5.129140127820048,5.177165508270264,163293737,6.8995283119574,0.0,0.65930042
2025-03-12,5.157954977921609,5.167560328283,5.119534492492676,5.119534492492676,145097499,6.97719686279682,0.0,0.65196127
2025-03-13,5.119534492492676,5.1483500855685325,5.1099296001395995,5.119534492492676,146099309,6.97719686279682,0.0,0.65196127
2025-03-14,5.129139995513823,5.167560482086274,5.109929752227598,5.148350238800049,190656542,6.938144909178797,0.0,0.65563085
2025-03-17,5.148350276967579,5.177165413106375,5.129140033538937,5.157955169677734,150743956,6.925224982564508,0.0,0.65685404
2025-03-18,5.16756052039622,5.177165413106375,5.129140033538937,5.157955169677734,145667303,6.925224982564508,0.0,0.65685404
2025-03-19,5.167560803259063,5.2251915366995885,5.148350558778887,5.215586185455322,198275317,6.848702855225014,0.0,0.66419319
2025-03-20,5.215585670027188,5.24440126290394,5.167560292577017,5.2059807777404785,130824618,6.861339202927934,0.0,0.66297
2025-03-21,5.196375618011449,5.225191211944951,5.138744888152772,5.148350238800049,159260550,6.938144909178797,0.0,0.65563085
2025-03-24,5.148350428000713,5.215586052969232,5.148350428000713,5.186770915985107,166988160,6.886751040018859,0.0,0.66052361
2025-03-25,5.186770818986295,5.263611793518066,5.177165468165655,5.263611793518066,180797800,6.786214751625072,0.0,0.67030915
2025-03-26,5.254006442697427,5.282822037151009,5.215585955431541,5.263611793518066,128176226,6.786214751625072,0.0,0.67030915
2025-03-27,5.2540066868328825,5.311637878417969,5.225191549048697,5.311637878417969,169445477,6.724856027014954,0.0,0.67642511
2025-03-28,5.311637727082143,5.311637727082143,5.2732167811172985,5.282822132110596,126474061,6.761537509067929,0.0,0.67275553
2025-03-31,5.321242616341681,5.417293836165686,5.244401640482477,5.378873348236084,303957309,6.6407958855758915,0.0,0.67663938
2025-04-01,5.378872964239511,5.407688557133746,5.28282175127258,5.302031993865967,212101278,6.737039693710869,0.0,0.6669731
2025-04-02,5.282822091122811,5.3884786611876025,5.282822091122811,5.369268417358398,160078866,6.652675415615321,0.0,0.6754311
2025-04-03,5.330847778124257,5.436503887176514,5.330847778124257,5.436503887176514,168446174,6.57039905448342,0.0,0.68388909
2025-04-07,5.359663305984679,5.407689146708328,5.081114529007579,5.225191593170166,458647782,6.836112966018226,0.0,0.65730683
2025-04-08,5.186770762820166,5.273216629228143,5.167560519395246,5.254006385803223,383322869,6.798621352368074,0.0,0.66093168
2025-04-09,5.234796335127304,5.273216823391816,5.167560709668583,5.196375846862793,330911112,6.874021635976395,0.0,0.65368197
2025-04-10,5.215585957489719,5.215585957489719,5.148350333752054,5.167560577392578,298046130,6.912352446581946,0.0,0.65005712
2025-04-11,5.177165184863727,5.2059807777404785,5.148350049995286,5.2059807777404785,216407770,6.861339202927934,0.0,0.65489026
2025-04-14,5.205981062619237,5.282822037151009,5.186770818986295,5.263611793518066,233699989,6.786214751625072,0.0,0.66213997
2025-04-15,5.2540064406984,5.378873253269188,5.2540064406984,5.359663009643555,243186757,6.664598116659497,0.0,0.67422281
2025-04-16,5.359662914044572,5.436503887176514,5.330847778124257,5.436503887176514,296744007,6.57039905448342,0.0,0.68388909
2025-04-17,5.426898994539185,5.436503887176514,5.350058021407243,5.436503887176514,174213725,6.57039905448342,0.0,0.68388909
2025-04-18,5.417294212011032,5.4941351932013704,5.417294212011032,5.455714702606201,174302581,6.547263181290715,0.0,0.68630566
2025-04-21,5.455714476795472,5.590186646321169,5.39808374328804,5.407689094543457,242958231,6.605409330215138,0.0,0.68026423
2025-04-22,5.426898862568455,5.5325554270596955,5.417293512156381,5.503739833831787,227208582,6.490132360622722,0.0,0.69234708
2025-04-23,5.513344629955649,5.542160222680348,5.4557139025145585,5.484529495239258,167061618,6.512864965172686,0.0,0.68993051
2025-04-24,5.484529593020158,5.60939640037286,5.484529593020158,5.599791049957275,248785040,6.378809437947249,0.0,0.70442993
2025-04-25,5.640599694352428,5.6504096574784,5.522882943429492,5.552311897277832,276692793,8.623434865659194,0.1216,0.68388909
2025-04-28,5.562121880764132,5.630789751838146,5.552311917602251,5.60136079788208,213439000,8.547922857978335,0.0,0.68993051
2025-04-29,5.6111702855583445,5.630789744090323,5.562121873110795,5.591550827026367,147505971,8.562919569393054,0.0,0.68872223
2025-04-30,5.571931807553101,5.591551267631059,5.4051666307728725,5.42478609085083,311040633,8.826154469159988,0.0,0.66818139
2025-05-06,5.444405532059846,5.444405532059846,5.346307764245213,5.385546684265137,249548738,8.8904623443132,0.0,0.66334825
2025-05-07,5.414975675320816,5.522882930632538,5.365926795334182,5.513072967529297,320530177,8.68481158910864,0.0,0.67905595
2025-05-08,5.4934539794921875,5.5523123598573205,5.483644483313745,5.4934539794921875,176393322,8.715827997966773,0.0,0.67663938
2025-05-09,5.493453523147111,5.581741320243094,5.4836440277835505,5.542502403259277,207561737,8.638697201438125,0.0,0.6826808
2025-05-12,5.542502396854245,5.562121855323482,5.464024562977301,5.52288293838501,244170300,8.669385271091944,0.0,0.68026423
2025-05-13,5.522882951104702,5.5817413266479665,5.473834070936254,5.562121868133545,217997893,8.608225625963652,0.0,0.68509737
2025-05-14,5.542502408270025,5.611170279171391,5.522882949760379,5.5719313621521,223524206,8.593070676575394,0.0,0.68630566
2025-05-15,5.5817413266479665,5.620980243676809,5.55231190499394,5.562121868133545,186326214,8.608225625963652,0.0,0.68509737
2025-05-16,5.562121855323482,5.581741313792718,5.483644021446538,5.52288293838501,247433118,8.669385271091944,0.0,0.68026423
2025-05-19,5.5228829319571435,5.552311885744353,5.503263473510742,5.503263473510742,152971400,8.700292150369373,0.0,0.67784767
2025-05-20,5.513072968851549,5.542502390403546,5.473834051958746,5.503263473510742,153014691,8.700292150369373,0.0,0.67784767
2025-05-21,5.503263472190842,5.542502389074235,5.4738340506459044,5.513072967529297,162050690,8.68481158910864,0.0,0.67905595
2025-05-22,5.513072975267998,5.542502396854245,5.483644021446538,5.52288293838501,140499886,8.669385271091944,0.0,0.68026423
2025-05-23,5.5326928971103575,5.5326928971103575,5.464025020599365,5.464025020599365,184644033,8.762771001137894,0.0,0.67301453
2025-05-26,5.464025006158208,5.473834502306069,5.395356662063875,5.4051666259765625,194368669,8.858191303464103,0.0,0.66576482
2025-05-27,5.414976129568613,5.473834509831173,5.414976129568613,5.454215049743652,158193716,8.77853175265804,0.0,0.67180624
2025-05-28,5.464025011006746,5.473834507163312,5.414976126929439,5.42478609085083,123481251,8.826154469159988,0.0,0.66818139
2025-05-29,5.424786086037111,5.434595582184972,5.385546698151189,5.4051666259765625,150073548,8.858191303464103,0.0,0.66576482
2025-05-30,5.4051666238511125,5.44440554395678,5.385546696033455,5.414976119995117,200600668,8.842144256777106,0.0,0.6669731
2025-06-03,5.385546696033455,5.434595580047951,5.346307775927787,5.414976119995117,329020980,8.842144256777106,0.0,0.6669731
2025-06-04,5.405166619020912,5.414976115156151,5.385546691220787,5.39535665512085,165346701,8.87429748588651,0.0,0.66455653
2025-06-05,5.395356643261545,5.405166607140045,5.356117723277192,5.365927219390869,260660423,8.922968583505174,0.0,0.66093168
2025-06-06,5.365927214490862,5.385546674465123,5.3266882945423415,5.346307754516602,264957838,8.955713400439885,0.0,0.65851511
2025-06-09,5.336498253502851,5.356117713459064,5.307068829686122,5.326688289642334,251250343,8.988699431333714,0.0,0.65609854
2025-06-10,5.316878798437623,5.385546674465123,5.3070688345680805,5.346307754516602,365049947,8.955713400439885,0.0,0.65851511
2025-06-11,5.336498253502851,5.346307749598546,5.307068829686122,5.326688289642334,250389273,8.988699431333714,0.0,0.65609854
2025-06-12,5.326688289642334,5.336498253502851,5.297259333590427,5.326688289642334,271815121,8.988699431333714,0.0,0.65609854
2025-06-13,5.316878775687963,5.326688271750709,5.228590972299142,5.238400936126709,754649769,9.140193846140123,0.0,0.64522398
2025-06-16,5.218781486093137,5.277639865875244,5.169732602392305,5.277639865875244,493267087,9.072237063689752,0.0,0.65005712
2025-06-17,5.25802039895131,5.297259318753835,5.25802039895131,5.267829895019531,258076622,9.089131759031957,0.0,0.71017601
2025-06-18,5.267829931008981,5.39535665512085,5.24821047097368,5.39535665512085,536191732,8.87429748588651,0.0,0.72736836
2025-06-19,5.385546700811373,5.454215044939624,5.365927240741134,5.434595584869385,400249737,8.810223180783515,0.0,0.73265831
2025-06-20,5.434595601267623,5.493453981655939,5.414976141138184,5.483644485473633,364407001,8.73141942860005,0.0,0.73927075
2025-06-23,5.473834063329208,5.58174131889096,5.444405109480868,5.552311897277832,466957263,8.623434865659194,0.0,0.74852816
2025-06-24,5.542502422205159,5.60136079788208,5.49345354192533,5.60136079788208,491050567,8.547922857978335,0.0,0.7551406
2025-06-25,5.57193139481159,5.699458109754171,5.552311936186945,5.660219192504883,460033118,8.459036367955761,0.0,0.76307553
2025-06-26,5.66021920634355,5.709268086907475,5.6307897844522365,5.689648628234863,319389308,8.415282406438184,0.0,0.76704299
2025-06-27,5.679839084530856,5.6896490484741244,5.4934539794921875,5.4934539794921875,495485241,8.715827997966773,0.0,0.74059324
2025-06-30,5.483644013749146,5.522882930632538,5.444405096865753,5.513072967529297,250450904,8.68481158910864,0.0,0.68653352
2025-07-01,5.51307298163902,5.601360778735003,5.493453523147111,5.542502403259277,289554367,8.638697201438125,0.0,0.69019829
2025-07-02,5.552311898622838,5.581741320243094,5.532692440130929,5.542502403259277,188164494,8.638697201438125,0.0,0.69019829
2025-07-03,5.5326924259709935,5.562121847515931,5.493453509087601,5.513072967529297,232805790,8.68481158910864,0.0,0.68653352
2025-07-04,5.503263497514861,5.6111702855583445,5.503263497514861,5.591550827026367,296586243,8.562919569393054,0.0,0.69630623
2025-07-07,5.5915508410024275,5.630789758164461,5.562121887013298,5.620980262756348,187733270,8.518087195083156,0.0,0.699971
2025-07-08,5.611170293279172,5.640599715000027,5.581741339323107,5.60136079788208,180105836,8.547922857978335,0.0,0.69752782
2025-07-09,5.611170319642346,5.709268080662901,5.591550860991194,5.670029163360596,349282652,8.444401011091411,0.0,0.70607895
2025-07-10,5.67983867118585,5.7681264691909,5.670029175721285,5.709268093109131,280153969,8.386363929518275,0.0,0.71096531
2025-07-11,5.719077542765244,5.787745881526354,5.5817413330078125,5.5817413330078125,504311475,8.577968261778816,0.0,0.69508464
2025-07-14,5.5915508472409545,5.728887525226089,5.5915508472409545,5.640599727630615,346442959,8.488459084493915,0.0,0.70241418
2025-07-15,5.660219165770684,5.679838624302661,5.591550827026367,5.591550827026367,210816761,8.562919569393054,0.0,0.69630623
2025-07-16,5.5915508347201985,5.620980256441054,5.552311917602251,5.60136079788208,221504972,8.547922857978335,0.0,0.69752782
2025-07-17,5.601360785162387,5.620980243676809,5.55231190499394,5.562121868133545,176157307,8.608225625963652,0.0,0.69264147
2025-07-18,5.562121874471037,5.611170286930582,5.532692452783478,5.5817413330078125,182781300,8.577968261778816,0.0,0.69508464
2025-07-21,5.581741320243094,5.601360778735003,5.522882944767368,5.542502403259277,245163731,8.638697201438125,0.0,0.69019829
2025-07-22,5.532692894931951,5.542502858866702,5.444405558343318,5.47383451461792,391331218,8.747067503070484,0.0,0.68164716
2025-07-23,5.45421459986029,5.571931350675706,5.45421459986029,5.52288293838501,382041039,8.669385271091944,0.0,0.68775511
2025-07-24,5.532692890093733,5.552312350181253,5.454215049743652,5.454215049743652,346870297,8.77853175265804,0.0,0.67920398
2025-07-25,5.454215047085354,5.483644471084704,5.414976126929439,5.42478609085083,251028330,8.826154469159988,0.0,0.67553921
2025-07-28,5.434595587007396,5.464025011006746,5.414976126929439,5.42478609085083,212506390,8.826154469159988,0.0,0.67553921
2025-07-29,5.444405532059846,5.464024992069808,5.385546684265137,5.385546684265137,245627577,8.8904623443132,0.0,0.67065285
2025-07-30,5.385546702930089,5.464025011006746,5.365927242852131,5.42478609085083,304303859,8.826154469159988,0.0,0.67553921
2025-07-31,5.424786095629856,5.46402501582034,5.346307787484063,5.444405555725098,372210578,4.452276699796965,0.0,0.67798239
2025-08-01,5.434595591795064,5.46402501582034,5.39535667160458,5.444405555725098,281524660,4.452276699796965,0.0,0.67798239
2025-08-04,5.434595594408567,5.522883398762025,5.424786098238641,5.47383451461792,328229275,4.428339938897839,0.0,0.68164716
2025-08-05,5.4640245692916425,5.552311898622838,5.4444051107997335,5.542502403259277,320884233,4.37347577616667,0.0,0.69019829
2025-08-06,5.542502401916648,5.571931355764988,5.51307298030352,5.552311897277832,242262223,4.36574897960691,0.0,0.69141988
2025-08-07,5.552311916238174,5.611170291900635,5.513072999129866,5.611170291900635,303145272,4.319954437132106,0.0,0.69874941
2025-08-08,5.601360785162387,5.630789739051625,5.562121868133545,5.562121868133545,232362471,4.358049063771071,0.0,0.69264147
2025-08-11,5.562121847515931,5.571931342854386,5.483644013749146,5.513072967529297,258600591,4.396821907268034,0.0,0.68653352
2025-08-12,5.51307298030352,5.571931355764988,5.503263484942336,5.552311897277832,246479482,4.36574897960691,0.0,0.69141988
2025-08-13,5.552312355036627,5.581741779076055,5.47383451461792,5.47383451461792,346875028,4.428339938897839,0.0,0.68164716
2025-08-14,5.473834516773153,5.513073436997956,5.454215056660751,5.464025020599365,229218033,4.436290080776578,0.0,0.68042557
2025-08-15,5.473834478231706,5.473834478231706,5.316878798437623,5.346307754516602,640922934,4.533970192703902,0.0,0.66576649
2025-08-18,5.336498258411883,5.356117718386144,5.297259338463362,5.346307754516602,350600992,4.533970192703902,0.0,0.66576649
2025-08-19,5.34630778537988,5.483644473757345,5.336498289218532,5.454215049743652,440087113,4.444269208112591,0.0,0.67920398
2025-08-20,5.464024575561438,5.620980243676809,5.454214612421833,5.562121868133545,584579983,4.358049063771071,0.0,0.69264147
2025-08-21,5.571931376161225,5.620980256441054,5.513073000484304,5.60136079788208,397331141,4.327519842886275,0.0,0.69752782
2025-08-22,5.60136079017475,5.6111702855583445,5.532692451430433,5.591550827026367,329347195,4.33511216295087,0.0,0.69630623
2025-08-25,5.581741325289316,5.5915508206617455,5.532692445132808,5.5719313621521,316309791,4.350376633253708,0.0,0.69386305
2025-08-26,5.562121860403804,5.591550814252145,5.542502401916648,5.552311897277832,221798355,4.36574897960691,0.0,0.69141988
2025-08-27,5.542502856201307,5.552312352366515,5.444405555725098,5.444405555725098,286151287,4.452276699796965,0.0,0.67798239
2025-08-28,5.4444055509287885,5.473834507163312,5.395356666851481,5.42478609085083,298504312,4.468378954311573,0.0,0.67553921
2025-08-29,5.434595580047951,5.5228833841681135,5.4051666238511125,5.414976119995117,339758294,4.476474034759336,0.0,0.67431762
2025-09-01,5.424786083903946,5.473834500153617,5.385546696033455,5.414976119995117,340603008,4.476474034759336,0.0,0.67431762
2025-09-02,5.414975682921818,5.52288293838501,5.3953562244525815,5.52288293838501,450040823,4.389012092131761,0.0,0.68775511
2025-09-03,5.5228833961060655,5.5228833961060655,5.414976131699822,5.444405555725098,332681361,4.452276699796965,0.0,0.67798239
2025-09-04,5.414975675320816,5.542502389074235,5.307068420009093,5.513072967529297,652994405,4.396821907268034,0.0,0.68653352
2025-09-05,5.483644464062447,5.483644464062447,5.3953566599422835,5.414976119995117,367034920,4.476474034759336,0.0,0.67431762
2025-09-08,5.395356643261545,5.424786067132222,5.356117723277192,5.365927219390869,326458380,4.517392616210639,0.0,0.66820967
2025-09-09,5.36592722635535,5.405166614155455,5.3561177302289416,5.375737190246582,200436850,4.509149004527159,0.0,0.66943126
2025-09-10,5.375737188142568,5.3953566481525295,5.346307764245213,5.385546684265137,222658547,4.500935823436757,0.0,0.67065285
2025-09-11,5.375737195085549,5.434595575191452,5.336498275014947,5.39535665512085,410841315,4.4927521106493105,0.0,0.67187444
2025-09-12,5.38554668637299,5.424786074173095,5.375737190246582,5.375737190246582,282750254,4.509149004527159,0.0,0.66943126
2025-09-15,5.375737185372165,5.395356645372016,5.346307761489977,5.3561177253723145,233596095,4.525666022084126,0.0,0.66698808
2025-09-16,5.356117708495556,5.36592720458216,5.297259328681462,5.307068824768066,319359139,4.567493055087589,0.0,0.66088013
2025-09-17,5.316878790695203,5.326688286785637,5.258020410858131,5.297259330749512,242599692,4.575951163895589,0.0,0.65965854
2025-09-18,5.307068801685606,5.307068801685606,5.189352042569414,5.199162006378174,338132545,4.662289801753264,0.0,0.64744264
2025-09-19,5.189352035522461,5.199161999317899,5.101064232422798,5.189352035522461,320561590,4.671103412154526,0.0,0.64622105
2025-09-22,5.169732555271012,5.199161978776232,5.110874176025391,5.110874176025391,196640163,4.742828558313461,0.0,0.63644833
2025-09-23,5.091254743305921,5.24821042212751,5.061825319644463,5.199162006378174,454593090,4.662289801753264,0.0,0.64744264
2025-09-24,5.189352037538335,5.267829876873045,5.169732577704657,5.179542541503906,326623672,4.679949977389662,0.0,0.64499946
2025-09-25,5.16973255844148,5.1795425222041755,5.1108741791597625,5.140303134918213,244371841,4.7156751973122075,0.0,0.6401131
2025-09-26,5.130493638920336,5.16973255844148,5.101064215397067,5.140303134918213,179661578,4.7156751973122075,0.0,0.6401131
2025-09-29,5.140303124612151,5.140303124612151,5.061825285727205,5.101064205169678,291778846,4.751949598170898,0.0,0.63522674
2025-09-30,5.091254704028489,5.11087416372983,5.0618252805940696,5.08144474029541,192134770,4.770296881864901,0.0,0.62424181
2025-10-09,5.081444757596895,5.130493640899658,5.0323963420589495,5.130493640899658,268985454,4.724691559260834,0.0,0.63026731
2025-10-10,5.1206836771331785,5.179542524202422,5.110874181131516,5.130493640899658,240980260,4.724691559260834,0.0,0.63026731
2025-10-13,5.110874168912705,5.150113088355178,5.052015789748995,5.101064205169678,302141116,4.751949598170898,0.0,0.62665201
2025-10-14,5.091254738369947,5.189352037538335,5.06182531473702,5.179542541503906,386101133,4.679949977389662,0.0,0.63629281
2025-10-15,5.179542541503906,5.208971497372013,5.140303154071731,5.179542541503906,292244320,4.679949977389662,0.0,0.63629281
2025-10-16,5.1795425662384,5.297259325802613,5.169732602392305,5.277639865875244,407723467,4.5929621224694985,0.0,0.64834381
2025-10-17,5.277639855907336,5.326688271750709,5.228590972299142,5.238400936126709,309618125,4.627366308070939,0.0,0.64352341
2025-10-20,5.218781481183156,5.287449356981931,5.140303173782693,5.258020401000977,333580272,4.610100028403351,0.0,0.64593361
2025-10-21,5.248210440054368,5.297259323736067,5.228590980134654,5.287449359893799,261947823,4.584441069802865,0.0,0.64954891
2025-10-22,5.287449381490425,5.3659272214898275,5.277639885372912,5.3561177253723145,336587708,4.525666022084126,0.0,0.65798461
2025-10-23,5.356117728132606,5.414976108162492,5.326688304235252,5.385546684265137,377882229,4.500935823436757,0.0,0.66159991
2025-10-24,5.365927242852131,5.464025011006746,5.336498286617608,5.42478609085083,431725622,4.468378954311573,0.0,0.66642031
2025-10-27,5.405166644955878,5.5326929019148166,5.356117760749868,5.483644485473633,441059535,4.420417856083233,0.0,0.67365091
2025-10-28,5.483644483313745,5.5228834035571674,5.4345955991270545,5.4934539794921875,299608198,4.412524450098467,0.0,0.67485601
2025-10-29,5.4934539794921875,5.5621223238005895,5.4542150592487655,5.4934539794921875,395088198,4.412524450098467,0.0,0.67485601
2025-10-30,5.493453523147111,5.611170274098564,5.4836440277835505,5.542502403259277,462552172,4.37347577616667,0.0,0.68088151
2025-10-31,5.552311885744353,5.562121848849947,5.385546255067545,5.503263473510742,488445593,4.404659183896274,0.0,0.67606111
2025-11-03,5.483644032741087,5.601360783798962,5.483644032741087,5.5719313621521,407451801,4.350376633253708,0.0,0.68449681
2025-11-04,5.571931382421411,5.640599721337364,5.562121887013298,5.620980262756348,408813179,4.312415071194981,0.0,0.69052231
2025-11-05,5.611170286930582,5.64059970861814,5.552311911320254,5.5817413330078125,248713659,4.342730799196294,0.0,0.68570191
2025-11-06,5.562121860403804,5.591550814252145,5.532692438790676,5.552311897277832,211273435,4.36574897960691,0.0,0.68208661
2025-11-07,5.552311890868071,5.611170266261591,5.522882937053704,5.5326924324035645,223737787,4.381230349627339,0.0,0.67967641
2025-11-10,5.522882943429492,5.562121860403804,5.493453521816364,5.552311897277832,174406315,4.36574897960691,0.0,0.68208661
2025-11-11,5.542502408270025,5.581741325289316,5.522882949760379,5.5719313621521,162552677,4.350376633253708,0.0,0.68449681
2025-11-12,5.581741359400526,5.709268074374961,5.571931396203358,5.650409698486328,400963641,4.289954409234004,0.0,0.69413761
2025-11-13,5.66021917852156,5.69945809567391,5.552311922470203,5.630789756774902,304440399,4.3049023400020765,0.0,0.69172741
2025-11-14,5.630789790568646,5.7681264691909,5.620980295104081,5.709268093109131,383146386,4.2457281046684,0.0,0.70136821
2025-11-17,5.7092680729488885,5.719077568378815,5.581741358006307,5.660219192504883,293560745,4.282519664980111,0.0,0.69534271
2025-11-18,5.630789778293499,5.709268080662901,5.6013608241991655,5.670029163360596,232418530,4.275110286316955,0.0,0.69654781
2025-11-19,5.679838724862141,5.885843276977539,5.670029229304873,5.885843276977539,568942724,4.118356344079819,0.0,0.72306001
2025-11-20,5.876033382712506,6.209564655345734,5.846604427930046,6.12127685546875,723204709,3.9599581218653714,0.0,0.75198241
2025-11-21,6.111467378562541,6.268423051923761,6.111467378562541,6.170325756072998,680700731,3.9284797850652136,0.0,0.75800791
2025-11-24,6.170325721182674,6.2095646393011,6.0231795443561715,6.052608966827393,619916667,4.004884527127469,0.0,0.74354671
2025-11-25,6.032989537932575,6.170325752033738,5.974131160460647,6.140896797180176,435450435,3.947306199825848,0.0,0.75439261
2025-11-26,6.140896760557191,6.189945174275548,5.99375058387252,6.032989501953125,414893159,4.017908533099971,0.0,0.74113651
2025-11-27,6.013370048708965,6.052608966827393,5.944701708119317,6.052608966827393,342024226,4.004884527127469,0.0,0.74354671
2025-11-28,6.03298947830971,6.03298947830971,5.925082220128535,5.954511642456055,360117873,4.070862810506108,0.0,0.73149571
2025-12-01,5.944701679091948,5.983940597018775,5.915272724529227,5.954511642456055,306503056,4.070862810506108,0.0,0.73149571
2025-12-02,5.954511634952086,5.98394058947772,5.866223835845586,5.944701671600342,253389110,4.077580564858603,0.0,0.73029061
2025-12-03,5.925082176448629,5.964321094086186,5.807365423535958,5.826984882354736,322553176,4.159955875877337,0.0,0.71582941
2025-12-04,5.8367943594989935,5.846604322759885,5.748507028974946,5.768126487731934,249983311,4.202404377150081,0.0,0.70859881
2025-12-05,5.768126461472661,5.787745920140332,5.660219204918077,5.699458122253418,320717371,4.25303589921214,0.0,0.70016311
2025-12-08,5.699458128438723,5.75831650450561,5.660219211060798,5.7190775871276855,306472964,4.23844573372437,0.0,0.70257331
2025-12-09,5.699458136028369,5.758316512173635,5.67983867731328,5.728887557983398,250922698,4.231187949608252,0.0,0.70377841
2025-12-10,5.71907756204224,5.738697020645146,5.620980269027709,5.640599727630615,283999891,4.297415376109702,0.0,0.69293251
2025-12-11,5.659999847412109,5.710000038146973,5.639999866485596,5.710000038146973,252725841,6.161120799469684,0.1094,0.68811211
2025-12-12,5.699999809265137,5.710000038146973,5.579999923706055,5.590000152587891,356392585,6.293380865779301,0.0,0.67365091
2025-12-15,5.590000152587891,5.639999866485596,5.579999923706055,5.610000133514404,201936140,6.270944592288514,0.0,0.67606111
2025-12-16,5.599999904632568,5.619999885559082,5.550000190734863,5.590000152587891,221626997,6.293380865779301,0.0,0.67365091
2025-12-17,5.579999923706055,5.659999847412109,5.559999942779541,5.610000133514404,251701089,6.270944592288514,0.0,0.67606111
2025-12-18,5.610000133514404,5.710000038146973,5.579999923706055,5.699999809265137,287964556,6.1719300310881104,0.0,0.68690701
2025-12-19,5.690000057220459,5.690000057220459,5.630000114440918,5.659999847412109,239860297,6.215547870745112,0.0,0.68208661
2025-12-22,5.650000095367432,5.670000076293945,5.610000133514404,5.670000076293945,166517602,6.204585454431692,0.0,0.68329171
2025-12-23,5.659999847412109,5.710000038146973,5.630000114440918,5.699999809265137,260633092,6.1719300310881104,0.0,0.68690701
2025-12-24,5.699999809265137,5.730000019073486,5.659999847412109,5.670000076293945,184149763,6.204585454431692,0.0,0.68329171
2025-12-25,5.659999847412109,5.710000038146973,5.630000114440918,5.650000095367432,226869010,6.226548567467267,0.0,0.68088151
2025-12-26,5.650000095367432,5.650000095367432,5.599999904632568,5.610000133514404,154495518,6.270944592288514,0.0,0.67606111
2025-12-29,5.610000133514404,5.679999828338623,5.590000152587891,5.679999828338623,252761075,6.193662159016299,0.0,0.68449681
2025-12-30,5.659999847412109,5.699999809265137,5.610000133514404,5.670000076293945,236688700,6.204585454431692,0.0,0.68329171
2025-12-31,5.659999847412109,5.760000228881836,5.659999847412109,5.730000019073486,302369271,6.1396160354094445,0.0,0.68530615
2026-01-05,5.730000019073486,5.760000228881836,5.639999866485596,5.670000076293945,346197426,6.204585454431692,0.0,0.67813017
2026-01-06,5.670000076293945,5.670000076293945,5.550000190734863,5.590000152587891,560642836,6.293380865779301,0.0,0.66856219
2026-01-07,5.579999923706055,5.599999904632568,5.550000190734863,5.559999942779541,274475697,6.327338194613883,0.0,0.6649742
2026-01-08,5.559999942779541,5.559999942779541,5.480000019073486,5.519999980926514,316687204,6.373188427818645,0.0,0.66019021
2026-01-09,5.510000228881836,5.519999980926514,5.460000038146973,5.489999771118164,227623324,6.4080148391034975,0.0,0.65660222
2026-01-12,5.46999979019165,5.539999961853027,5.440000057220459,5.53000020980835,261567452,6.361663411441211,0.0,0.66138621
2026-01-13,5.519999980926514,5.610000133514404,5.519999980926514,5.550000190734863,353767323,6.338738520897581,0.0,0.6637782
2026-01-14,5.53000020980835,5.539999961853027,5.460000038146973,5.46999979019165,362334858,6.431444488001965,0.0,0.65421023
2026-01-15,5.460000038146973,5.489999771118164,5.420000076293945,5.429999828338623,227658533,6.478821567617575,0.0,0.64942624
2026-01-16,5.429999828338623,5.440000057220459,5.380000114440918,5.400000095367432,286266015,6.5148146997590475,0.0,0.64583825
2026-01-19,5.380000114440918,5.420000076293945,5.349999904632568,5.360000133514404,253682627,6.563432672329701,0.0,0.64105427
2026-01-20,5.360000133514404,5.449999809265137,5.340000152587891,5.440000057220459,317440678,6.466911696683887,0.0,0.65062224
2026-01-21,5.440000057220459,5.480000019073486,5.329999923706055,5.329999923706055,364120330,6.600375328999751,0.0,0.63746628
2026-01-22,5.329999923706055,5.360000133514404,5.300000190734863,5.300000190734863,249659484,6.637735610179699,0.0,0.63387828
2026-01-23,5.320000171661377,5.320000171661377,5.260000228881836,5.269999980926514,247374052,6.675521845792311,0.0,0.63029029
2026-01-26,5.260000228881836,5.360000133514404,5.230000019073486,5.309999942779541,379622885,6.6252354762898324,0.0,0.63507428
2026-01-27,5.309999942779541,5.420000076293945,5.300000190734863,5.329999923706055,430591172,6.600375328999751,0.0,0.63746628
2026-01-28,5.320000171661377,5.400000095367432,5.300000190734863,5.340000152587891,331404075,6.588014793024105,0.0,0.63866227
2026-01-29,5.340000152587891,5.400000095367432,5.300000190734863,5.369999885559082,323012120,6.5512105679192825,0.0,0.64225026
2026-01-30,5.380000114440918,5.429999828338623,5.349999904632568,5.369999885559082,324854861,6.5512105679192825,0.0,0.64225026
2026-02-02,5.369999885559082,5.449999809265137,5.360000133514404,5.420000076293945,338563858,6.490774816382505,0.0,0.64823025
2026-02-03,5.400000095367432,5.400000095367432,5.269999980926514,5.28000020980835,448757315,6.662878523119783,0.0,0.63148629
2026-02-04,5.289999961853027,5.360000133514404,5.28000020980835,5.349999904632568,272475935,6.5757010517958365,0.0,0.63985827
2026-02-05,5.369999885559082,5.429999828338623,5.349999904632568,5.400000095367432,266343156,6.5148146997590475,0.0,0.64583825
2026-02-06,5.420000076293945,5.429999828338623,5.329999923706055,5.349999904632568,271598355,4.317757086312786,0.0,0.63985827
2026-02-09,5.329999923706055,5.380000114440918,5.309999942779541,5.380000114440918,172065954,4.293680206064552,0.0,0.64344626
2026-02-10,5.380000114440918,5.420000076293945,5.360000133514404,5.409999847412109,209240437,4.269870730412304,0.0,0.64703425
2026-02-11,5.409999847412109,5.429999828338623,5.360000133514404,5.409999847412109,170686804,4.269870730412304,0.0,0.64703425
2026-02-12,5.409999847412109,5.409999847412109,5.329999923706055,5.340000152587891,235306383,4.325842573020376,0.0,0.63866227
2026-02-13,5.349999904632568,5.360000133514404,5.300000190734863,5.309999942779541,211973073,4.350282532754267,0.0,0.63507428
2026-02-24,5.320000171661377,5.320000171661377,5.28000020980835,5.289999961853027,157530558,4.366729710128075,0.0,0.63268229
2026-02-25,5.289999961853027,5.309999942779541,5.269999980926514,5.289999961853027,187928206,4.366729710128075,0.0,0.63268229
2026-02-26,5.289999961853027,5.309999942779541,5.25,5.269999980926514,156390840,4.383301723644182,0.0,0.63029029
2026-02-27,5.28000020980835,5.300000190734863,5.260000228881836,5.28000020980835,141987166,4.374999826153126,0.0,0.63148629
2026-03-02,5.28000020980835,5.329999923706055,5.25,5.309999942779541,227969156,4.350282532754267,0.0,0.63507428
2026-03-03,5.300000190734863,5.440000057220459,5.28000020980835,5.420000076293945,495574107,4.261992559932799,0.0,0.64823025
2026-03-04,5.409999847412109,5.420000076293945,5.28000020980835,5.349999904632568,423813553,4.317757086312786,0.0,0.63985827
2026-03-05,5.309999942779541,5.400000095367432,5.289999961853027,5.389999866485596,249638030,4.285714391874694,0.0,0.64464226
2026-03-06,5.369999885559082,5.420000076293945,5.349999904632568,5.389999866485596,194947276,4.285714391874694,0.0,0.64464226
2026-03-09,5.369999885559082,5.409999847412109,5.349999904632568,5.360000133514404,248943616,4.309701385185221,0.0,0.64105427
2026-03-10,5.349999904632568,5.349999904632568,5.309999942779541,5.329999923706055,203870611,4.333958786239177,0.0,0.63746628
2026-03-11,5.329999923706055,5.360000133514404,5.300000190734863,5.360000133514404,136654818,4.309701385185221,0.0,0.64105427
2026-03-12,5.349999904632568,5.380000114440918,5.329999923706055,5.369999885559082,164286248,4.301676069327328,0.0,0.64225026
2026-03-13,5.369999885559082,5.420000076293945,5.329999923706055,5.389999866485596,237995758,4.285714391874694,0.0,0.64464226
2026-03-16,5.389999866485596,5.420000076293945,5.369999885559082,5.400000095367432,206924880,4.277777702229505,0.0,0.64583825
2026-03-17,5.400000095367432,5.5,5.380000114440918,5.5,362388776,4.199999999999999,0.0,0.65779822
2026-03-18,5.5,5.539999961853027,5.460000038146973,5.5,298110031,4.199999999999999,0.0,0.65779822
2026-03-19,5.480000019073486,5.559999942779541,5.480000019073486,5.53000020980835,356527575,4.177215031389766,0.0,0.66138621
2026-03-20,5.519999980926514,5.579999923706055,5.489999771118164,5.510000228881836,259377052,4.192377321314153,0.0,0.65899422
2026-03-23,5.489999771118164,5.5,5.320000171661377,5.389999866485596,433148480,4.285714391874694,0.0,0.64464226
2026-03-24,5.380000114440918,5.489999771118164,5.369999885559082,5.46999979019165,300944305,4.223034896897254,0.0,0.65421023
2026-03-25,5.460000038146973,5.550000190734863,5.380000114440918,5.550000190734863,317240980,4.16216201912263,0.0,0.6637782
2026-03-26,5.53000020980835,5.599999904632568,5.519999980926514,5.579999923706055,275051317,4.139785002838805,0.0,0.66736619
2026-03-27,5.570000171661377,5.599999904632568,5.559999942779541,5.570000171661377,217430554,4.147217107375763,0.0,0.6661702
2026-03-30,5.550000190734863,5.679999828338623,5.550000190734863,5.670000076293945,289633041,4.074074019254465,0.0,0.67813017
2026-03-31,5.670000076293945,5.909999847412109,5.670000076293945,5.869999885559082,652254090,3.935264131235986,0.0,0.7020501
2026-04-01,5.889999866485596,5.949999809265137,5.849999904632568,5.869999885559082,343189269,3.935264131235986,0.0,0.7020501
2026-04-02,5.869999885559082,5.96999979019165,5.840000152587891,5.940000057220459,292924188,3.8888888514269344,0.0,0.71042208
2026-04-03,5.949999809265137,5.960000038146973,5.78000020980835,5.820000171661377,239214989,3.9690720478803483,0.0,0.69607012
2026-04-07,5.820000171661377,5.840000152587891,5.75,5.800000190734863,250996350,3.982758489715362,0.0,0.69367812
2026-04-08,5.769999980926514,5.78000020980835,5.630000114440918,5.739999771118164,314917943,4.02439040437454,0.0,0.68650214
2026-04-09,5.739999771118164,5.769999980926514,5.670000076293945,5.690000057220459,223535039,4.059753913479616,0.0,0.68052216
2026-04-10,5.679999828338623,5.679999828338623,5.619999885559082,5.650000095367432,177626358,4.08849550621074,0.0,0.67573817
2026-04-13,5.650000095367432,5.690000057220459,5.579999923706055,5.690000057220459,200252806,4.059753913479616,0.0,0.68052216
2026-04-14,5.659999847412109,5.739999771118164,5.650000095367432,5.730000019073486,188066450,4.031413599146053,0.0,0.68530615
2026-04-15,5.710000038146973,5.820000171661377,5.699999809265137,5.789999961853027,231003234,3.989637331984902,0.0,0.69248213
