Date,Adj Close,Close,Dividends,High,Low,Open,Stock Splits,Volume
2019-01-02,2.3505423069000244,3.5199999809265137,0.0,3.619999885559082,3.509999990463257,3.609999895095825,0.0,198899698
2019-01-03,2.3638975620269775,3.5399999618530273,0.0,3.549999952316284,3.5,3.509999990463257,0.0,147048862
2019-01-04,2.3972859382629395,3.5899999141693115,0.0,3.5999999046325684,3.5199999809265137,3.5299999713897705,0.0,204976550
2019-01-07,2.3839306831359863,3.569999933242798,0.0,3.5999999046325684,3.549999952316284,3.5299999713897705,0.0,226877469
2019-01-08,2.357219934463501,3.5299999713897705,0.0,3.569999933242798,3.5199999809265137,3.569999933242798,0.0,195106588
2019-01-09,2.370575428009033,3.549999952316284,0.0,3.5799999237060547,3.5299999713897705,3.5399999618530273,0.0,289708174
2019-01-10,2.3438644409179688,3.509999990463257,0.0,3.559999942779541,3.5,3.549999952316284,0.0,273770773
2019-01-11,2.357219934463501,3.5299999713897705,0.0,3.5299999713897705,3.5,3.509999990463257,0.0,206216594
2019-01-14,2.3371870517730713,3.5,0.0,3.5399999618530273,3.490000009536743,3.5299999713897705,0.0,165913296
2019-01-15,2.357219934463501,3.5299999713897705,0.0,3.5299999713897705,3.490000009536743,3.5,0.0,173063112
2019-01-16,2.3505423069000244,3.5199999809265137,0.0,3.5299999713897705,3.5,3.5199999809265137,0.0,148983626
2019-01-17,2.357219934463501,3.5299999713897705,0.0,3.549999952316284,3.5199999809265137,3.5299999713897705,0.0,249369770
2019-01-18,2.390608549118042,3.5799999237060547,0.0,3.5999999046325684,3.5299999713897705,3.5399999618530273,0.0,353170342
2019-01-21,2.390608549118042,3.5799999237060547,0.0,3.630000114440918,3.5799999237060547,3.5799999237060547,0.0,291304550
2019-01-22,2.3839306831359863,3.569999933242798,0.0,3.5899999141693115,3.559999942779541,3.5899999141693115,0.0,136111972
2019-01-23,2.3972859382629395,3.5899999141693115,0.0,3.5999999046325684,3.559999942779541,3.569999933242798,0.0,165453400
2019-01-24,2.4106411933898926,3.609999895095825,0.0,3.619999885559082,3.5899999141693115,3.5999999046325684,0.0,155817732
2019-01-25,2.4507076740264893,3.6700000762939453,0.0,3.680000066757202,3.619999885559082,3.630000114440918,0.0,276101150
2019-01-28,2.4573850631713867,3.680000066757202,0.0,3.7200000286102295,3.6500000953674316,3.690000057220459,0.0,220707245
2019-01-29,2.4640629291534424,3.690000057220459,0.0,3.7100000381469727,3.6500000953674316,3.6700000762939453,0.0,165201103
2019-01-30,2.4573850631713867,3.680000066757202,0.0,3.700000047683716,3.6700000762939453,3.690000057220459,0.0,159900539
2019-01-31,2.484096050262451,3.7200000286102295,0.0,3.740000009536743,3.690000057220459,3.700000047683716,0.0,251356505
2019-02-01,2.484096050262451,3.7200000286102295,0.0,3.740000009536743,3.700000047683716,3.7300000190734863,0.0,176772422
2019-02-11,2.470741033554077,3.700000047683716,0.0,3.7100000381469727,3.680000066757202,3.700000047683716,0.0,203141064
2019-02-12,2.484096050262451,3.7200000286102295,0.0,3.7300000190734863,3.690000057220459,3.7100000381469727,0.0,186859970
2019-02-13,2.5108065605163574,3.759999990463257,0.0,3.7699999809265137,3.700000047683716,3.7200000286102295,0.0,246742300
2019-02-14,2.4774181842803955,3.7100000381469727,0.0,3.759999990463257,3.7100000381469727,3.759999990463257,0.0,220081343
2019-02-15,2.437352418899536,3.6500000953674316,0.0,3.7200000286102295,3.6500000953674316,3.7100000381469727,0.0,266914752
2019-02-18,2.470741033554077,3.700000047683716,0.0,3.7100000381469727,3.6600000858306885,3.6700000762939453,0.0,349713973
2019-02-19,2.4640629291534424,3.690000057220459,0.0,3.7300000190734863,3.6700000762939453,3.7100000381469727,0.0,302487986
2019-02-20,2.470741033554077,3.700000047683716,0.0,3.7100000381469727,3.680000066757202,3.700000047683716,0.0,201068400
2019-02-21,2.4573850631713867,3.680000066757202,0.0,3.7200000286102295,3.680000066757202,3.700000047683716,0.0,216428418
2019-02-22,2.4573850631713867,3.680000066757202,0.0,3.690000057220459,3.630000114440918,3.6700000762939453,0.0,353510569
2019-02-25,2.5909385681152344,3.880000114440918,0.0,3.9000000953674316,3.690000057220459,3.700000047683716,0.0,950189816
2019-02-26,2.530839204788208,3.7899999618530273,0.0,3.869999885559082,3.7799999713897705,3.8499999046325684,0.0,735600412
2019-02-27,2.550872802734375,3.819999933242798,0.0,3.890000104904175,3.7799999713897705,3.7899999618530273,0.0,604074661
2019-02-28,2.5375170707702637,3.799999952316284,0.0,3.8299999237060547,3.7899999618530273,3.819999933242798,0.0,347213872
2019-03-01,2.5709054470062256,3.8499999046325684,0.0,3.8499999046325684,3.7699999809265137,3.819999933242798,0.0,524432633
2019-03-04,2.584261178970337,3.869999885559082,0.0,3.940000057220459,3.8299999237060547,3.869999885559082,0.0,914699980
2019-03-05,2.564228057861328,3.8399999141693115,0.0,3.859999895095825,3.819999933242798,3.8499999046325684,0.0,460860398
2019-03-06,2.5709054470062256,3.8499999046325684,0.0,3.859999895095825,3.819999933242798,3.8399999141693115,0.0,540351574
2019-03-07,2.5375170707702637,3.799999952316284,0.0,3.8499999046325684,3.7899999618530273,3.8399999141693115,0.0,530042371
2019-03-08,2.4640629291534424,3.690000057220459,0.0,3.7699999809265137,3.690000057220459,3.7699999809265137,0.0,556763570
2019-03-11,2.4774181842803955,3.7100000381469727,0.0,3.7200000286102295,3.680000066757202,3.690000057220459,0.0,430845277
2019-03-12,2.497451066970825,3.740000009536743,0.0,3.7799999713897705,3.7100000381469727,3.7200000286102295,0.0,451901902
2019-03-13,2.4774181842803955,3.7100000381469727,0.0,3.740000009536743,3.690000057220459,3.740000009536743,0.0,367129728
2019-03-14,2.470741033554077,3.700000047683716,0.0,3.7300000190734863,3.690000057220459,3.700000047683716,0.0,297425598
2019-03-15,2.4774181842803955,3.7100000381469727,0.0,3.740000009536743,3.700000047683716,3.700000047683716,0.0,274260627
2019-03-18,2.504128932952881,3.75,0.0,3.759999990463257,3.700000047683716,3.7200000286102295,0.0,374789081
2019-03-19,2.497451066970825,3.740000009536743,0.0,3.7699999809265137,3.7300000190734863,3.759999990463257,0.0,240269726
2019-03-20,2.4907734394073486,3.7300000190734863,0.0,3.75,3.7100000381469727,3.7300000190734863,0.0,239019783
2019-03-21,2.4774181842803955,3.7100000381469727,0.0,3.740000009536743,3.7100000381469727,3.7300000190734863,0.0,251745348
2019-03-22,2.484096050262451,3.7200000286102295,0.0,3.7300000190734863,3.690000057220459,3.7200000286102295,0.0,228546009
2019-03-25,2.4440298080444336,3.6600000858306885,0.0,3.700000047683716,3.6600000858306885,3.690000057220459,0.0,339843323
2019-03-26,2.4507076740264893,3.6700000762939453,0.0,3.680000066757202,3.6500000953674316,3.680000066757202,0.0,246438583
2019-03-27,2.4640629291534424,3.690000057220459,0.0,3.7100000381469727,3.6700000762939453,3.6700000762939453,0.0,262892504
2019-03-28,2.4507076740264893,3.6700000762939453,0.0,3.690000057220459,3.6600000858306885,3.680000066757202,0.0,206865101
2019-03-29,2.4907734394073486,3.7300000190734863,0.0,3.740000009536743,3.6600000858306885,3.6700000762939453,0.0,390197104
2019-04-01,2.517484188079834,3.7699999809265137,0.0,3.7799999713897705,3.7200000286102295,3.7300000190734863,0.0,587266643
2019-04-02,2.504128932952881,3.75,0.0,3.7899999618530273,3.7300000190734863,3.7799999713897705,0.0,495862088
2019-04-03,2.497451066970825,3.740000009536743,0.0,3.75,3.700000047683716,3.7200000286102295,0.0,446371399
2019-04-04,2.530839204788208,3.7899999618530273,0.0,3.7899999618530273,3.740000009536743,3.75,0.0,675944536
2019-04-08,2.530839204788208,3.7899999618530273,0.0,3.8499999046325684,3.7699999809265137,3.799999952316284,0.0,627843137
2019-04-09,2.5241620540618896,3.7799999713897705,0.0,3.799999952316284,3.759999990463257,3.7799999713897705,0.0,270014712
2019-04-10,2.517484188079834,3.7699999809265137,0.0,3.7899999618530273,3.75,3.7699999809265137,0.0,255750265
2019-04-11,2.4907734394073486,3.7300000190734863,0.0,3.7899999618530273,3.7300000190734863,3.7699999809265137,0.0,277319532
2019-04-12,2.497451066970825,3.740000009536743,0.0,3.75,3.7200000286102295,3.7300000190734863,0.0,222190608
2019-04-15,2.5241620540618896,3.7799999713897705,0.0,3.8299999237060547,3.7699999809265137,3.7699999809265137,0.0,550800450
2019-04-16,2.59761643409729,3.890000104904175,0.0,3.890000104904175,3.759999990463257,3.759999990463257,0.0,757167479
2019-04-17,2.5909385681152344,3.880000114440918,0.0,3.9200000762939453,3.8499999046325684,3.869999885559082,0.0,502880017
2019-04-18,2.564228057861328,3.8399999141693115,0.0,3.869999885559082,3.8299999237060547,3.869999885559082,0.0,245128346
2019-04-19,2.5709054470062256,3.8499999046325684,0.0,3.869999885559082,3.8299999237060547,3.8399999141693115,0.0,250975387
2019-04-22,2.5241620540618896,3.7799999713897705,0.0,3.859999895095825,3.7699999809265137,3.8499999046325684,0.0,328456286
2019-04-23,2.517484188079834,3.7699999809265137,0.0,3.799999952316284,3.759999990463257,3.7799999713897705,0.0,301897122
2019-04-24,2.517484188079834,3.7699999809265137,0.0,3.7899999618530273,3.740000009536743,3.7799999713897705,0.0,329860442
2019-04-25,2.497451066970825,3.740000009536743,0.0,3.7699999809265137,3.7300000190734863,3.7699999809265137,0.0,306619171
2019-04-26,2.484096050262451,3.7200000286102295,0.0,3.740000009536743,3.7100000381469727,3.7300000190734863,0.0,262923716
2019-05-06,2.437352418899536,3.6500000953674316,0.0,3.7200000286102295,3.619999885559082,3.7100000381469727,0.0,610123206
2019-05-07,2.4440298080444336,3.6600000858306885,0.0,3.680000066757202,3.640000104904175,3.6700000762939453,0.0,275761947
2019-05-08,2.4106411933898926,3.609999895095825,0.0,3.640000104904175,3.609999895095825,3.640000104904175,0.0,245611404
2019-05-09,2.3972859382629395,3.5899999141693115,0.0,3.619999885559082,3.5799999237060547,3.5999999046325684,0.0,239386564
2019-05-10,2.437352418899536,3.6500000953674316,0.0,3.6700000762939453,3.5799999237060547,3.609999895095825,0.0,313570503
2019-05-13,2.403963804244995,3.5999999046325684,0.0,3.630000114440918,3.5899999141693115,3.630000114440918,0.0,189496607
2019-05-14,2.390608549118042,3.5799999237060547,0.0,3.609999895095825,3.5799999237060547,3.5799999237060547,0.0,227471068
2019-05-15,2.4106411933898926,3.609999895095825,0.0,3.630000114440918,3.5799999237060547,3.5999999046325684,0.0,255584178
2019-05-16,2.417318820953369,3.619999885559082,0.0,3.640000104904175,3.5899999141693115,3.5999999046325684,0.0,246612382
2019-05-17,2.4106411933898926,3.609999895095825,0.0,3.640000104904175,3.5999999046325684,3.619999885559082,0.0,289635862
2019-05-20,2.437352418899536,3.6500000953674316,0.0,3.6600000858306885,3.5999999046325684,3.5999999046325684,0.0,312331077
2019-05-21,2.4507076740264893,3.6700000762939453,0.0,3.690000057220459,3.640000104904175,3.6500000953674316,0.0,227540672
2019-05-22,2.4507076740264893,3.6700000762939453,0.0,3.690000057220459,3.6600000858306885,3.6700000762939453,0.0,165985902
2019-05-23,2.4573850631713867,3.680000066757202,0.0,3.690000057220459,3.6500000953674316,3.6700000762939453,0.0,240320900
2019-05-24,2.4640629291534424,3.690000057220459,0.0,3.7100000381469727,3.6700000762939453,3.680000066757202,0.0,209079771
2019-05-27,2.470741033554077,3.700000047683716,0.0,3.7100000381469727,3.6600000858306885,3.680000066757202,0.0,230033685
2019-05-28,2.484096050262451,3.7200000286102295,0.0,3.7300000190734863,3.690000057220459,3.700000047683716,0.0,321528176
2019-05-29,2.4573850631713867,3.680000066757202,0.0,3.7200000286102295,3.6700000762939453,3.7100000381469727,0.0,228557639
2019-05-30,2.4774181842803955,3.7100000381469727,0.0,3.7200000286102295,3.6700000762939453,3.690000057220459,0.0,204351116
2019-05-31,2.4573850631713867,3.680000066757202,0.0,3.7100000381469727,3.6700000762939453,3.7100000381469727,0.0,207123887
2019-06-03,2.4907734394073486,3.7300000190734863,0.0,3.7300000190734863,3.680000066757202,3.690000057220459,0.0,246018844
2019-06-04,2.504128932952881,3.75,0.0,3.75,3.7200000286102295,3.7300000190734863,0.0,212909361
2019-06-05,2.517484188079834,3.7699999809265137,0.0,3.799999952316284,3.75,3.759999990463257,0.0,255237134
2019-06-06,2.517484188079834,3.7699999809265137,0.0,3.7799999713897705,3.75,3.7799999713897705,0.0,143683130
2019-06-10,2.530839204788208,3.7899999618530273,0.0,3.799999952316284,3.759999990463257,3.759999990463257,0.0,227794172
2019-06-11,2.5441949367523193,3.809999942779541,0.0,3.819999933242798,3.7899999618530273,3.799999952316284,0.0,271599122
2019-06-12,2.5441949367523193,3.809999942779541,0.0,3.8299999237060547,3.7899999618530273,3.799999952316284,0.0,220016021
2019-06-13,2.5241620540618896,3.7799999713897705,0.0,3.819999933242798,3.7799999713897705,3.819999933242798,0.0,199022585
2019-06-14,2.5108065605163574,3.759999990463257,0.0,3.799999952316284,3.75,3.7899999618530273,0.0,219216215
2019-06-17,2.5375170707702637,3.799999952316284,0.0,3.809999942779541,3.75,3.759999990463257,0.0,240431940
2019-06-18,2.550872802734375,3.819999933242798,0.0,3.8299999237060547,3.7899999618530273,3.799999952316284,0.0,320183506
2019-06-19,2.5536015033721924,3.6500000953674316,0.1739,3.700000047683716,3.640000104904175,3.700000047683716,0.0,482920206
2019-06-20,2.567593812942505,3.6700000762939453,0.0,3.690000057220459,3.630000114440918,3.6500000953674316,0.0,557328071
2019-06-21,2.546605348587036,3.640000104904175,0.0,3.6700000762939453,3.630000114440918,3.6600000858306885,0.0,418751318
2019-06-24,2.5605974197387695,3.6600000858306885,0.0,3.6600000858306885,3.630000114440918,3.640000104904175,0.0,211389155
2019-06-25,2.546605348587036,3.640000104904175,0.0,3.6600000858306885,3.619999885559082,3.6500000953674316,0.0,316850550
2019-06-26,2.5326125621795654,3.619999885559082,0.0,3.640000104904175,3.5999999046325684,3.640000104904175,0.0,241612737
2019-06-27,2.5326125621795654,3.619999885559082,0.0,3.640000104904175,3.609999895095825,3.619999885559082,0.0,293532986
2019-06-28,2.518620491027832,3.5999999046325684,0.0,3.619999885559082,3.5799999237060547,3.619999885559082,0.0,283583756
2019-07-01,2.5326125621795654,3.619999885559082,0.0,3.630000114440918,3.609999895095825,3.619999885559082,0.0,343989287
2019-07-02,2.546605348587036,3.640000104904175,0.0,3.640000104904175,3.609999895095825,3.619999885559082,0.0,297112690
2019-07-03,2.5605974197387695,3.6600000858306885,0.0,3.6600000858306885,3.619999885559082,3.640000104904175,0.0,292418636
2019-07-04,2.5605974197387695,3.6600000858306885,0.0,3.6700000762939453,3.640000104904175,3.6600000858306885,0.0,225548232
2019-07-05,2.5536015033721924,3.6500000953674316,0.0,3.6600000858306885,3.640000104904175,3.6600000858306885,0.0,159652038
2019-07-08,2.518620491027832,3.5999999046325684,0.0,3.640000104904175,3.5899999141693115,3.640000104904175,0.0,315446519
2019-07-09,2.5046279430389404,3.5799999237060547,0.0,3.5999999046325684,3.5799999237060547,3.5999999046325684,0.0,185049896
2019-07-10,2.5116240978240967,3.5899999141693115,0.0,3.5999999046325684,3.569999933242798,3.5899999141693115,0.0,122350036
2019-07-11,2.5116240978240967,3.5899999141693115,0.0,3.5999999046325684,3.5799999237060547,3.5899999141693115,0.0,128905193
2019-07-12,2.518620491027832,3.5999999046325684,0.0,3.609999895095825,3.5799999237060547,3.5999999046325684,0.0,165900185
2019-07-15,2.5116240978240967,3.5899999141693115,0.0,3.5999999046325684,3.559999942779541,3.5999999046325684,0.0,279921905
2019-07-16,2.5046279430389404,3.5799999237060547,0.0,3.5899999141693115,3.569999933242798,3.5799999237060547,0.0,127118988
2019-07-17,2.497631788253784,3.569999933242798,0.0,3.5799999237060547,3.559999942779541,3.5799999237060547,0.0,125189039
2019-07-18,2.4836394786834717,3.549999952316284,0.0,3.569999933242798,3.549999952316284,3.559999942779541,0.0,183895031
2019-07-19,2.497631788253784,3.569999933242798,0.0,3.5799999237060547,3.549999952316284,3.559999942779541,0.0,164821689
2019-07-22,2.497631788253784,3.569999933242798,0.0,3.5899999141693115,3.549999952316284,3.569999933242798,0.0,217378877
2019-07-23,2.5116240978240967,3.5899999141693115,0.0,3.5999999046325684,3.569999933242798,3.569999933242798,0.0,210022699
2019-07-24,2.5116240978240967,3.5899999141693115,0.0,3.609999895095825,3.569999933242798,3.5999999046325684,0.0,277058569
2019-07-25,2.5116240978240967,3.5899999141693115,0.0,3.5999999046325684,3.569999933242798,3.5799999237060547,0.0,215801553
2019-07-26,2.5116240978240967,3.5899999141693115,0.0,3.5999999046325684,3.569999933242798,3.5899999141693115,0.0,202154415
2019-07-29,2.518620491027832,3.5999999046325684,0.0,3.609999895095825,3.5799999237060547,3.5899999141693115,0.0,200120401
2019-07-30,2.525616407394409,3.609999895095825,0.0,3.619999885559082,3.5899999141693115,3.5999999046325684,0.0,229704558
2019-07-31,2.518620491027832,3.5999999046325684,0.0,3.609999895095825,3.5899999141693115,3.609999895095825,0.0,236235988
2019-08-01,2.5046279430389404,3.5799999237060547,0.0,3.5999999046325684,3.569999933242798,3.5899999141693115,0.0,212269241
2019-08-02,2.4836394786834717,3.549999952316284,0.0,3.559999942779541,3.5399999618530273,3.549999952316284,0.0,264946137
2019-08-05,2.4486589431762695,3.5,0.0,3.5399999618530273,3.5,3.5399999618530273,0.0,303806487
2019-08-06,2.4206740856170654,3.4600000381469727,0.0,3.4700000286102295,3.430000066757202,3.4600000381469727,0.0,293539625
2019-08-07,2.3996853828430176,3.430000066757202,0.0,3.4700000286102295,3.4200000762939453,3.4600000381469727,0.0,184721682
2019-08-08,2.4206740856170654,3.4600000381469727,0.0,3.4600000381469727,3.430000066757202,3.440000057220459,0.0,232095186
2019-08-09,2.4206740856170654,3.4600000381469727,0.0,3.4800000190734863,3.450000047683716,3.4600000381469727,0.0,209008028
2019-08-12,2.434666156768799,3.4800000190734863,0.0,3.4800000190734863,3.450000047683716,3.450000047683716,0.0,179997357
2019-08-13,2.413677930831909,3.450000047683716,0.0,3.4700000286102295,3.440000057220459,3.4600000381469727,0.0,161807887
2019-08-14,2.406681776046753,3.440000057220459,0.0,3.4800000190734863,3.430000066757202,3.4700000286102295,0.0,273300635
2019-08-15,2.3996853828430176,3.430000066757202,0.0,3.430000066757202,3.4000000953674316,3.4000000953674316,0.0,207257165
2019-08-16,2.3926894664764404,3.4200000762939453,0.0,3.440000057220459,3.4200000762939453,3.430000066757202,0.0,199304121
2019-08-19,2.3996853828430176,3.430000066757202,0.0,3.440000057220459,3.380000114440918,3.4200000762939453,0.0,461904833
2019-08-20,2.3996853828430176,3.430000066757202,0.0,3.440000057220459,3.4200000762939453,3.4200000762939453,0.0,198732350
2019-08-21,2.3926894664764404,3.4200000762939453,0.0,3.430000066757202,3.4200000762939453,3.430000066757202,0.0,108424751
2019-08-22,2.385693311691284,3.4100000858306885,0.0,3.430000066757202,3.4000000953674316,3.430000066757202,0.0,160324045
2019-08-23,2.385693311691284,3.4100000858306885,0.0,3.4200000762939453,3.390000104904175,3.4100000858306885,0.0,134898887
2019-08-26,2.3647048473358154,3.380000114440918,0.0,3.4000000953674316,3.380000114440918,3.380000114440918,0.0,196295693
2019-08-27,2.385693311691284,3.4100000858306885,0.0,3.430000066757202,3.390000104904175,3.390000104904175,0.0,270240520
2019-08-28,2.378696918487549,3.4000000953674316,0.0,3.4200000762939453,3.390000104904175,3.4200000762939453,0.0,156862885
2019-08-29,2.3717007637023926,3.390000104904175,0.0,3.4100000858306885,3.390000104904175,3.4000000953674316,0.0,112191675
2019-08-30,2.378696918487549,3.4000000953674316,0.0,3.4200000762939453,3.4000000953674316,3.4100000858306885,0.0,179458761
2019-09-02,2.385693311691284,3.4100000858306885,0.0,3.4200000762939453,3.390000104904175,3.4000000953674316,0.0,233125497
2019-09-03,2.385693311691284,3.4100000858306885,0.0,3.4200000762939453,3.4000000953674316,3.4200000762939453,0.0,166996557
2019-09-04,2.413677930831909,3.450000047683716,0.0,3.450000047683716,3.4000000953674316,3.4100000858306885,0.0,248845930
2019-09-05,2.434666156768799,3.4800000190734863,0.0,3.5,3.440000057220459,3.450000047683716,0.0,358071894
2019-09-06,2.441662549972534,3.490000009536743,0.0,3.5,3.4700000286102295,3.490000009536743,0.0,214380851
2019-09-09,2.441662549972534,3.490000009536743,0.0,3.5199999809265137,3.4700000286102295,3.509999990463257,0.0,326948859
2019-09-10,2.434666156768799,3.4800000190734863,0.0,3.490000009536743,3.450000047683716,3.490000009536743,0.0,268309081
2019-09-11,2.462650775909424,3.5199999809265137,0.0,3.5199999809265137,3.4800000190734863,3.490000009536743,0.0,270219081
2019-09-12,2.46964693069458,3.5299999713897705,0.0,3.5399999618530273,3.509999990463257,3.5299999713897705,0.0,190130750
2019-09-16,2.462650775909424,3.5199999809265137,0.0,3.5399999618530273,3.509999990463257,3.5299999713897705,0.0,131800173
2019-09-17,2.441662549972534,3.490000009536743,0.0,3.5299999713897705,3.4800000190734863,3.5199999809265137,0.0,198459239
2019-09-18,2.434666156768799,3.4800000190734863,0.0,3.509999990463257,3.4800000190734863,3.490000009536743,0.0,138553315
2019-09-19,2.434666156768799,3.4800000190734863,0.0,3.5,3.4800000190734863,3.490000009536743,0.0,127115598
2019-09-20,2.441662549972534,3.490000009536743,0.0,3.490000009536743,3.4800000190734863,3.490000009536743,0.0,207473601
2019-09-23,2.427670478820801,3.4700000286102295,0.0,3.490000009536743,3.4600000381469727,3.4800000190734863,0.0,127952037
2019-09-24,2.427670478820801,3.4700000286102295,0.0,3.4800000190734863,3.4600000381469727,3.4700000286102295,0.0,101762519
2019-09-25,2.4206740856170654,3.4600000381469727,0.0,3.4800000190734863,3.4600000381469727,3.4800000190734863,0.0,111001765
2019-09-26,2.4486589431762695,3.5,0.0,3.5199999809265137,3.4600000381469727,3.4700000286102295,0.0,235863523
2019-09-27,2.441662549972534,3.490000009536743,0.0,3.5,3.4600000381469727,3.490000009536743,0.0,211009713
2019-09-30,2.4206740856170654,3.4600000381469727,0.0,3.5,3.4600000381469727,3.4800000190734863,0.0,150646837
2019-10-08,2.434666156768799,3.4800000190734863,0.0,3.490000009536743,3.4600000381469727,3.4600000381469727,0.0,172507730
2019-10-09,2.441662549972534,3.490000009536743,0.0,3.5,3.4600000381469727,3.4700000286102295,0.0,218890908
2019-10-10,2.441662549972534,3.490000009536743,0.0,3.509999990463257,3.4700000286102295,3.490000009536743,0.0,191470591
2019-10-11,2.46964693069458,3.5299999713897705,0.0,3.5399999618530273,3.490000009536743,3.5,0.0,254183971
2019-10-14,2.490635633468628,3.559999942779541,0.0,3.5999999046325684,3.5399999618530273,3.5399999618530273,0.0,405927642
2019-10-15,2.5046279430389404,3.5799999237060547,0.0,3.5999999046325684,3.559999942779541,3.569999933242798,0.0,245334954
2019-10-16,2.5116240978240967,3.5899999141693115,0.0,3.630000114440918,3.5799999237060547,3.5999999046325684,0.0,248873379
2019-10-17,2.5116240978240967,3.5899999141693115,0.0,3.609999895095825,3.569999933242798,3.5899999141693115,0.0,160213283
2019-10-18,2.497631788253784,3.569999933242798,0.0,3.619999885559082,3.559999942779541,3.5999999046325684,0.0,213512765
2019-10-21,2.518620491027832,3.5999999046325684,0.0,3.5999999046325684,3.559999942779541,3.559999942779541,0.0,189666747
2019-10-22,2.525616407394409,3.609999895095825,0.0,3.619999885559082,3.5899999141693115,3.609999895095825,0.0,186703305
2019-10-23,2.546605348587036,3.640000104904175,0.0,3.6500000953674316,3.5999999046325684,3.609999895095825,0.0,270733781
2019-10-24,2.5536015033721924,3.6500000953674316,0.0,3.690000057220459,3.640000104904175,3.6500000953674316,0.0,279708136
2019-10-25,2.5605974197387695,3.6600000858306885,0.0,3.6600000858306885,3.5999999046325684,3.6600000858306885,0.0,191549935
2019-10-28,2.5536015033721924,3.6500000953674316,0.0,3.6700000762939453,3.640000104904175,3.6600000858306885,0.0,202277829
2019-10-29,2.525616407394409,3.609999895095825,0.0,3.6500000953674316,3.5999999046325684,3.6500000953674316,0.0,202899906
2019-10-30,2.5326125621795654,3.619999885559082,0.0,3.640000104904175,3.5999999046325684,3.609999895095825,0.0,151780110
2019-10-31,2.546605348587036,3.640000104904175,0.0,3.640000104904175,3.619999885559082,3.630000114440918,0.0,185131164
2019-11-01,2.5605974197387695,3.6600000858306885,0.0,3.6700000762939453,3.619999885559082,3.630000114440918,0.0,173021019
2019-11-04,2.5536015033721924,3.6500000953674316,0.0,3.680000066757202,3.6500000953674316,3.6600000858306885,0.0,134023151
2019-11-05,2.5605974197387695,3.6600000858306885,0.0,3.690000057220459,3.6500000953674316,3.6500000953674316,0.0,219858746
2019-11-06,2.574589729309082,3.680000066757202,0.0,3.690000057220459,3.6600000858306885,3.6600000858306885,0.0,138561150
2019-11-07,2.5605974197387695,3.6600000858306885,0.0,3.690000057220459,3.6600000858306885,3.680000066757202,0.0,145672679
2019-11-08,2.525616407394409,3.609999895095825,0.0,3.690000057220459,3.5999999046325684,3.6700000762939453,0.0,204312415
2019-11-11,2.4836394786834717,3.549999952316284,0.0,3.609999895095825,3.549999952316284,3.5999999046325684,0.0,260894477
2019-11-12,2.490635633468628,3.559999942779541,0.0,3.5799999237060547,3.549999952316284,3.569999933242798,0.0,145827949
2019-11-13,2.497631788253784,3.569999933242798,0.0,3.5799999237060547,3.549999952316284,3.549999952316284,0.0,172842094
2019-11-14,2.490635633468628,3.559999942779541,0.0,3.5799999237060547,3.5399999618530273,3.569999933242798,0.0,174748455
2019-11-15,2.497631788253784,3.569999933242798,0.0,3.5799999237060547,3.559999942779541,3.569999933242798,0.0,138611707
2019-11-18,2.5116240978240967,3.5899999141693115,0.0,3.5899999141693115,3.549999952316284,3.569999933242798,0.0,169752843
2019-11-19,2.518620491027832,3.5999999046325684,0.0,3.609999895095825,3.569999933242798,3.569999933242798,0.0,148638436
2019-11-20,2.5046279430389404,3.5799999237060547,0.0,3.5999999046325684,3.569999933242798,3.5999999046325684,0.0,157592961
2019-11-21,2.5116240978240967,3.5899999141693115,0.0,3.609999895095825,3.559999942779541,3.569999933242798,0.0,189956378
2019-11-22,2.518620491027832,3.5999999046325684,0.0,3.619999885559082,3.5899999141693115,3.5999999046325684,0.0,154868189
2019-11-25,2.546605348587036,3.640000104904175,0.0,3.6500000953674316,3.609999895095825,3.609999895095825,0.0,194810621
2019-11-26,2.546605348587036,3.640000104904175,0.0,3.6700000762939453,3.640000104904175,3.6500000953674316,0.0,254088670
2019-11-27,2.5605974197387695,3.6600000858306885,0.0,3.6600000858306885,3.640000104904175,3.6500000953674316,0.0,109121239
2019-11-28,2.546605348587036,3.640000104904175,0.0,3.6600000858306885,3.630000114440918,3.6600000858306885,0.0,137938467
2019-11-29,2.5326125621795654,3.619999885559082,0.0,3.6600000858306885,3.619999885559082,3.640000104904175,0.0,216240805
2019-12-02,2.5326125621795654,3.619999885559082,0.0,3.640000104904175,3.619999885559082,3.619999885559082,0.0,120396297
2019-12-03,2.539608955383301,3.630000114440918,0.0,3.640000104904175,3.609999895095825,3.619999885559082,0.0,126300404
2019-12-04,2.525616407394409,3.609999895095825,0.0,3.630000114440918,3.609999895095825,3.619999885559082,0.0,116511990
2019-12-05,2.5326125621795654,3.619999885559082,0.0,3.630000114440918,3.609999895095825,3.630000114440918,0.0,144662203
2019-12-06,2.525616407394409,3.609999895095825,0.0,3.630000114440918,3.5999999046325684,3.630000114440918,0.0,91737829
2019-12-09,2.525616407394409,3.609999895095825,0.0,3.619999885559082,3.5899999141693115,3.609999895095825,0.0,133984769
2019-12-10,2.525616407394409,3.609999895095825,0.0,3.619999885559082,3.5999999046325684,3.609999895095825,0.0,152707709
2019-12-11,2.525616407394409,3.609999895095825,0.0,3.619999885559082,3.5999999046325684,3.619999885559082,0.0,157484384
2019-12-12,2.525616407394409,3.609999895095825,0.0,3.619999885559082,3.5899999141693115,3.619999885559082,0.0,196178457
2019-12-13,2.5605974197387695,3.6600000858306885,0.0,3.6700000762939453,3.609999895095825,3.619999885559082,0.0,259315828
2019-12-16,2.546605348587036,3.640000104904175,0.0,3.6600000858306885,3.630000114440918,3.6500000953674316,0.0,152624950
2019-12-17,2.5605974197387695,3.6600000858306885,0.0,3.690000057220459,3.630000114440918,3.6500000953674316,0.0,207725824
2019-12-18,2.574589729309082,3.680000066757202,0.0,3.680000066757202,3.6600000858306885,3.6600000858306885,0.0,159226990
2019-12-19,2.5815858840942383,3.690000057220459,0.0,3.700000047683716,3.6700000762939453,3.680000066757202,0.0,166233146
2019-12-20,2.595578193664551,3.7100000381469727,0.0,3.7100000381469727,3.680000066757202,3.690000057220459,0.0,132013445
2019-12-23,2.5815858840942383,3.690000057220459,0.0,3.7200000286102295,3.680000066757202,3.7100000381469727,0.0,184262426
2019-12-24,2.574589729309082,3.680000066757202,0.0,3.690000057220459,3.680000066757202,3.690000057220459,0.0,76969896
2019-12-25,2.567593812942505,3.6700000762939453,0.0,3.690000057220459,3.6600000858306885,3.680000066757202,0.0,97558103
2019-12-26,2.595578193664551,3.7100000381469727,0.0,3.7100000381469727,3.6600000858306885,3.6700000762939453,0.0,127617677
2019-12-27,2.6095705032348633,3.7300000190734863,0.0,3.75,3.700000047683716,3.700000047683716,0.0,216008974
2019-12-30,2.602574586868286,3.7200000286102295,0.0,3.7300000190734863,3.680000066757202,3.7300000190734863,0.0,216000829
2019-12-31,2.5815858840942383,3.690000057220459,0.0,3.7200000286102295,3.680000066757202,3.7100000381469727,0.0,196703080
2020-01-02,2.6095705032348633,3.7300000190734863,0.0,3.75,3.7100000381469727,3.7100000381469727,0.0,205512470
2020-01-03,2.602574586868286,3.7200000286102295,0.0,3.740000009536743,3.7100000381469727,3.740000009536743,0.0,111814276
2020-01-06,2.5815858840942383,3.690000057220459,0.0,3.7200000286102295,3.6700000762939453,3.7100000381469727,0.0,251080218
2020-01-07,2.602574586868286,3.7200000286102295,0.0,3.75,3.680000066757202,3.690000057220459,0.0,291294955
2020-01-08,2.5815858840942383,3.690000057220459,0.0,3.690000057220459,3.690000057220459,3.690000057220459,0.0,168214884
2020-01-09,2.574589729309082,3.680000066757202,0.0,3.7100000381469727,3.6700000762939453,3.700000047683716,0.0,129099347
2020-01-10,2.574589729309082,3.680000066757202,0.0,3.700000047683716,3.6700000762939453,3.690000057220459,0.0,102724818
2020-01-13,2.574589729309082,3.680000066757202,0.0,3.680000066757202,3.680000066757202,3.680000066757202,0.0,166226509
2020-01-14,2.574589729309082,3.680000066757202,0.0,3.680000066757202,3.680000066757202,3.680000066757202,0.0,131418569
2020-01-15,2.5536015033721924,3.6500000953674316,0.0,3.680000066757202,3.6500000953674316,3.6700000762939453,0.0,103306490
2020-01-16,2.525616407394409,3.609999895095825,0.0,3.6600000858306885,3.609999895095825,3.6600000858306885,0.0,182015981
2020-01-17,2.5326125621795654,3.619999885559082,0.0,3.640000104904175,3.5999999046325684,3.609999895095825,0.0,99263777
2020-01-20,2.5326125621795654,3.619999885559082,0.0,3.630000114440918,3.609999895095825,3.619999885559082,0.0,87250009
2020-01-21,2.5046279430389404,3.5799999237060547,0.0,3.619999885559082,3.569999933242798,3.619999885559082,0.0,195067423
2020-01-22,2.497631788253784,3.569999933242798,0.0,3.5799999237060547,3.5399999618530273,3.569999933242798,0.0,178800980
2020-01-23,2.462650775909424,3.5199999809265137,0.0,3.559999942779541,3.509999990463257,3.559999942779541,0.0,243127436
2020-02-03,2.35770845413208,3.369999885559082,0.0,3.4000000953674316,3.2699999809265137,3.299999952316284,0.0,477726568
2020-02-04,2.3926894664764404,3.4200000762939453,0.0,3.430000066757202,3.3499999046325684,3.3499999046325684,0.0,321948123
2020-02-05,2.3926894664764404,3.4200000762939453,0.0,3.440000057220459,3.390000104904175,3.4200000762939453,0.0,248194123
2020-02-06,2.3996853828430176,3.430000066757202,0.0,3.440000057220459,3.4000000953674316,3.430000066757202,0.0,191076262
2020-02-07,2.378696918487549,3.4000000953674316,0.0,3.4100000858306885,3.380000114440918,3.4100000858306885,0.0,199168477
2020-02-10,2.3717007637023926,3.390000104904175,0.0,3.4000000953674316,3.369999885559082,3.380000114440918,0.0,158609776
2020-02-11,2.3926894664764404,3.4200000762939453,0.0,3.430000066757202,3.390000104904175,3.4000000953674316,0.0,179148338
2020-02-12,2.3996853828430176,3.430000066757202,0.0,3.430000066757202,3.4000000953674316,3.4200000762939453,0.0,123211353
2020-02-13,2.385693311691284,3.4100000858306885,0.0,3.430000066757202,3.4000000953674316,3.430000066757202,0.0,123277241
2020-02-14,2.3996853828430176,3.430000066757202,0.0,3.430000066757202,3.4000000953674316,3.4000000953674316,0.0,112313558
2020-02-17,2.427670478820801,3.4700000286102295,0.0,3.4800000190734863,3.4200000762939453,3.4200000762939453,0.0,189505766
2020-02-18,2.413677930831909,3.450000047683716,0.0,3.4700000286102295,3.440000057220459,3.4600000381469727,0.0,159354952
2020-02-19,2.434666156768799,3.4800000190734863,0.0,3.490000009536743,3.440000057220459,3.450000047683716,0.0,158263116
2020-02-20,2.4556546211242676,3.509999990463257,0.0,3.509999990463257,3.4600000381469727,3.4800000190734863,0.0,199422933
2020-02-21,2.441662549972534,3.490000009536743,0.0,3.509999990463257,3.4800000190734863,3.490000009536743,0.0,143243525
2020-02-24,2.4206740856170654,3.4600000381469727,0.0,3.5,3.4600000381469727,3.4800000190734863,0.0,186010540
2020-02-25,2.3996853828430176,3.430000066757202,0.0,3.440000057220459,3.4200000762939453,3.440000057220459,0.0,210579001
2020-02-26,2.413677930831909,3.450000047683716,0.0,3.4600000381469727,3.4000000953674316,3.4100000858306885,0.0,218918963
2020-02-27,2.4206740856170654,3.4600000381469727,0.0,3.4700000286102295,3.440000057220459,3.440000057220459,0.0,170022334
2020-02-28,2.385693311691284,3.4100000858306885,0.0,3.4800000190734863,3.4100000858306885,3.440000057220459,0.0,253585883
2020-03-02,2.4206740856170654,3.4600000381469727,0.0,3.4700000286102295,3.4200000762939453,3.4200000762939453,0.0,181282521
2020-03-03,2.434666156768799,3.4800000190734863,0.0,3.490000009536743,3.4600000381469727,3.4700000286102295,0.0,190756755
2020-03-04,2.441662549972534,3.490000009536743,0.0,3.5,3.4700000286102295,3.4800000190734863,0.0,140680791
2020-03-05,2.462650775909424,3.5199999809265137,0.0,3.5299999713897705,3.490000009536743,3.490000009536743,0.0,229182326
2020-03-06,2.4486589431762695,3.5,0.0,3.5199999809265137,3.4800000190734863,3.509999990463257,0.0,151993255
2020-03-09,2.3996853828430176,3.430000066757202,0.0,3.4700000286102295,3.4200000762939453,3.4700000286102295,0.0,282171772
2020-03-10,2.4206740856170654,3.4600000381469727,0.0,3.4700000286102295,3.4100000858306885,3.4100000858306885,0.0,207809322
2020-03-11,2.3996853828430176,3.430000066757202,0.0,3.4700000286102295,3.430000066757202,3.4700000286102295,0.0,158365714
2020-03-12,2.3996853828430176,3.430000066757202,0.0,3.440000057220459,3.4000000953674316,3.4200000762939453,0.0,185871971
2020-03-13,2.378696918487549,3.4000000953674316,0.0,3.430000066757202,3.3499999046325684,3.380000114440918,0.0,290398330
2020-03-16,2.35770845413208,3.369999885559082,0.0,3.430000066757202,3.369999885559082,3.4100000858306885,0.0,259602687
2020-03-17,2.378696918487549,3.4000000953674316,0.0,3.4200000762939453,3.359999895095825,3.369999885559082,0.0,279297235
2020-03-18,2.3507120609283447,3.359999895095825,0.0,3.4100000858306885,3.3499999046325684,3.4000000953674316,0.0,214330968
2020-03-19,2.3157315254211426,3.309999942779541,0.0,3.380000114440918,3.299999952316284,3.3499999046325684,0.0,253594646
2020-03-20,2.3367199897766113,3.3399999141693115,0.0,3.369999885559082,3.309999942779541,3.3299999237060547,0.0,245826690
2020-03-23,2.294743061065674,3.2799999713897705,0.0,3.309999942779541,3.2799999713897705,3.309999942779541,0.0,176363185
2020-03-24,2.3437161445617676,3.3499999046325684,0.0,3.3499999046325684,3.299999952316284,3.309999942779541,0.0,213795149
2020-03-25,2.35770845413208,3.369999885559082,0.0,3.390000104904175,3.3499999046325684,3.380000114440918,0.0,167423154
2020-03-26,2.35770845413208,3.369999885559082,0.0,3.390000104904175,3.3399999141693115,3.3499999046325684,0.0,135757601
2020-03-27,2.3717007637023926,3.390000104904175,0.0,3.4200000762939453,3.369999885559082,3.390000104904175,0.0,168381375
2020-03-30,2.385693311691284,3.4100000858306885,0.0,3.4100000858306885,3.359999895095825,3.369999885559082,0.0,218104609
2020-03-31,2.35770845413208,3.369999885559082,0.0,3.430000066757202,3.3499999046325684,3.4200000762939453,0.0,165190034
2020-04-01,2.3647048473358154,3.380000114440918,0.0,3.4100000858306885,3.369999885559082,3.369999885559082,0.0,111666535
2020-04-02,2.378696918487549,3.4000000953674316,0.0,3.4000000953674316,3.359999895095825,3.369999885559082,0.0,104786774
2020-04-03,2.378696918487549,3.4000000953674316,0.0,3.4100000858306885,3.380000114440918,3.390000104904175,0.0,115780429
2020-04-07,2.3926894664764404,3.4200000762939453,0.0,3.430000066757202,3.4100000858306885,3.430000066757202,0.0,122096677
2020-04-08,2.378696918487549,3.4000000953674316,0.0,3.4100000858306885,3.390000104904175,3.4100000858306885,0.0,96615864
2020-04-09,2.378696918487549,3.4000000953674316,0.0,3.4200000762939453,3.390000104904175,3.4100000858306885,0.0,72232000
2020-04-10,2.385693311691284,3.4100000858306885,0.0,3.4100000858306885,3.390000104904175,3.4100000858306885,0.0,90758039
2020-04-13,2.378696918487549,3.4000000953674316,0.0,3.4200000762939453,3.390000104904175,3.4000000953674316,0.0,92047901
2020-04-14,2.3926894664764404,3.4200000762939453,0.0,3.4200000762939453,3.4000000953674316,3.4100000858306885,0.0,83178366
2020-04-15,2.3926894664764404,3.4200000762939453,0.0,3.4200000762939453,3.4100000858306885,3.4100000858306885,0.0,86267240
2020-04-16,2.3996853828430176,3.430000066757202,0.0,3.440000057220459,3.4000000953674316,3.4000000953674316,0.0,106371186
2020-04-17,2.406681776046753,3.440000057220459,0.0,3.440000057220459,3.4200000762939453,3.440000057220459,0.0,123078194
2020-04-20,2.3926894664764404,3.4200000762939453,0.0,3.440000057220459,3.4200000762939453,3.430000066757202,0.0,112027490
2020-04-21,2.385693311691284,3.4100000858306885,0.0,3.4200000762939453,3.4000000953674316,3.4100000858306885,0.0,103995997
2020-04-22,2.3926894664764404,3.4200000762939453,0.0,3.430000066757202,3.4000000953674316,3.4100000858306885,0.0,84810504
2020-04-23,2.378696918487549,3.4000000953674316,0.0,3.4200000762939453,3.380000114440918,3.4200000762939453,0.0,117940836
2020-04-24,2.378696918487549,3.4000000953674316,0.0,3.4000000953674316,3.380000114440918,3.4000000953674316,0.0,61244538
2020-04-27,2.385693311691284,3.4100000858306885,0.0,3.430000066757202,3.390000104904175,3.390000104904175,0.0,137867838
2020-04-28,2.378696918487549,3.4000000953674316,0.0,3.4100000858306885,3.380000114440918,3.4100000858306885,0.0,122904867
2020-04-29,2.406681776046753,3.440000057220459,0.0,3.440000057220459,3.4000000953674316,3.4100000858306885,0.0,144993202
2020-04-30,2.4206740856170654,3.4600000381469727,0.0,3.4700000286102295,3.440000057220459,3.450000047683716,0.0,118473509
2020-05-06,2.3926894664764404,3.4200000762939453,0.0,3.430000066757202,3.4000000953674316,3.4200000762939453,0.0,226361303
2020-05-07,2.385693311691284,3.4100000858306885,0.0,3.4200000762939453,3.4000000953674316,3.4100000858306885,0.0,131475071
2020-05-08,2.3926894664764404,3.4200000762939453,0.0,3.4200000762939453,3.4000000953674316,3.4200000762939453,0.0,134273116
2020-05-11,2.3926894664764404,3.4200000762939453,0.0,3.430000066757202,3.4000000953674316,3.4200000762939453,0.0,131582721
2020-05-12,2.385693311691284,3.4100000858306885,0.0,3.430000066757202,3.4100000858306885,3.4200000762939453,0.0,78839002
2020-05-13,2.385693311691284,3.4100000858306885,0.0,3.4100000858306885,3.4000000953674316,3.4100000858306885,0.0,69012112
2020-05-14,2.3717007637023926,3.390000104904175,0.0,3.4100000858306885,3.390000104904175,3.4000000953674316,0.0,79468142
2020-05-15,2.3717007637023926,3.390000104904175,0.0,3.4000000953674316,3.390000104904175,3.4000000953674316,0.0,93688825
2020-05-18,2.3717007637023926,3.390000104904175,0.0,3.4000000953674316,3.380000114440918,3.390000104904175,0.0,96288527
2020-05-19,2.378696918487549,3.4000000953674316,0.0,3.4100000858306885,3.390000104904175,3.4000000953674316,0.0,89759979
2020-05-20,2.385693311691284,3.4100000858306885,0.0,3.4100000858306885,3.390000104904175,3.4000000953674316,0.0,96843403
2020-05-21,2.378696918487549,3.4000000953674316,0.0,3.4100000858306885,3.390000104904175,3.4100000858306885,0.0,82631670
2020-05-22,2.35770845413208,3.369999885559082,0.0,3.4000000953674316,3.369999885559082,3.4000000953674316,0.0,127162933
2020-05-25,2.3717007637023926,3.390000104904175,0.0,3.390000104904175,3.369999885559082,3.380000114440918,0.0,70311257
2020-05-26,2.3647048473358154,3.380000114440918,0.0,3.390000104904175,3.380000114440918,3.390000104904175,0.0,83279123
2020-05-27,2.378696918487549,3.4000000953674316,0.0,3.4100000858306885,3.380000114440918,3.390000104904175,0.0,103589163
2020-05-28,2.3996853828430176,3.430000066757202,0.0,3.430000066757202,3.4000000953674316,3.4100000858306885,0.0,162505708
2020-05-29,2.378696918487549,3.4000000953674316,0.0,3.430000066757202,3.4000000953674316,3.4200000762939453,0.0,96201395
2020-06-01,2.3926894664764404,3.4200000762939453,0.0,3.430000066757202,3.4000000953674316,3.4100000858306885,0.0,109345482
2020-06-02,2.3996853828430176,3.430000066757202,0.0,3.430000066757202,3.4100000858306885,3.4200000762939453,0.0,90373963
2020-06-03,2.3926894664764404,3.4200000762939453,0.0,3.450000047683716,3.4200000762939453,3.430000066757202,0.0,148983016
2020-06-04,2.385693311691284,3.4100000858306885,0.0,3.440000057220459,3.4100000858306885,3.430000066757202,0.0,98478704
2020-06-05,2.3926894664764404,3.4200000762939453,0.0,3.4200000762939453,3.4100000858306885,3.4200000762939453,0.0,73067661
2020-06-08,2.385693311691284,3.4100000858306885,0.0,3.4200000762939453,3.4000000953674316,3.4100000858306885,0.0,117445201
2020-06-09,2.3926894664764404,3.4200000762939453,0.0,3.4200000762939453,3.4000000953674316,3.4100000858306885,0.0,147120706
2020-06-10,2.378696918487549,3.4000000953674316,0.0,3.4200000762939453,3.4000000953674316,3.4200000762939453,0.0,107119972
2020-06-11,2.3647048473358154,3.380000114440918,0.0,3.4100000858306885,3.380000114440918,3.4000000953674316,0.0,184507195
2020-06-12,2.3647048473358154,3.380000114440918,0.0,3.380000114440918,3.359999895095825,3.369999885559082,0.0,300063791
2020-06-15,2.329723834991455,3.3299999237060547,0.0,3.369999885559082,3.3299999237060547,3.359999895095825,0.0,234611693
2020-06-16,2.3437161445617676,3.3499999046325684,0.0,3.359999895095825,3.3399999141693115,3.3499999046325684,0.0,133918000
2020-06-17,2.3507120609283447,3.359999895095825,0.0,3.359999895095825,3.3399999141693115,3.3499999046325684,0.0,90960316
2020-06-18,2.3437161445617676,3.3499999046325684,0.0,3.359999895095825,3.3299999237060547,3.3499999046325684,0.0,168454316
2020-06-19,2.3437161445617676,3.3499999046325684,0.0,3.359999895095825,3.3399999141693115,3.3499999046325684,0.0,201198910
2020-06-22,2.3507120609283447,3.359999895095825,0.0,3.369999885559082,3.3399999141693115,3.3499999046325684,0.0,199926753
2020-06-23,2.3437161445617676,3.3499999046325684,0.0,3.359999895095825,3.3399999141693115,3.3499999046325684,0.0,122107607
2020-06-24,2.35770845413208,3.369999885559082,0.0,3.380000114440918,3.3499999046325684,3.359999895095825,0.0,171274838
2020-06-29,2.35770845413208,3.369999885559082,0.0,3.380000114440918,3.3499999046325684,3.369999885559082,0.0,164591544
2020-06-30,2.3647048473358154,3.380000114440918,0.0,3.380000114440918,3.359999895095825,3.369999885559082,0.0,152992065
2020-07-01,2.3717007637023926,3.390000104904175,0.0,3.4000000953674316,3.369999885559082,3.380000114440918,0.0,179974646
2020-07-02,2.413677930831909,3.450000047683716,0.0,3.450000047683716,3.380000114440918,3.390000104904175,0.0,327696423
2020-07-03,2.4556546211242676,3.509999990463257,0.0,3.509999990463257,3.450000047683716,3.450000047683716,0.0,371692267
2020-07-06,2.630558967590332,3.759999990463257,0.0,3.7799999713897705,3.5199999809265137,3.5299999713897705,0.0,692382560
2020-07-07,2.6095705032348633,3.7300000190734863,0.0,3.859999895095825,3.7200000286102295,3.799999952316284,0.0,501185052
2020-07-08,2.595578193664551,3.7100000381469727,0.0,3.759999990463257,3.690000057220459,3.7200000286102295,0.0,461270911
2020-07-09,2.546605348587036,3.640000104904175,0.0,3.7200000286102295,3.630000114440918,3.7100000381469727,0.0,531172647
2020-07-10,2.47436261177063,3.359999895095825,0.1819,3.4800000190734863,3.359999895095825,3.4700000286102295,0.0,548927959
2020-07-13,2.466998338699341,3.3499999046325684,0.0,3.380000114440918,3.3299999237060547,3.3499999046325684,0.0,629893377
2020-07-14,2.4375417232513428,3.309999942779541,0.0,3.3499999046325684,3.299999952316284,3.3399999141693115,0.0,451347504
2020-07-15,2.4154491424560547,3.2799999713897705,0.0,3.3299999237060547,3.2799999713897705,3.319999933242798,0.0,405786647
2020-07-16,2.4080851078033447,3.2699999809265137,0.0,3.309999942779541,3.259999990463257,3.2899999618530273,0.0,395619375
2020-07-17,2.4154491424560547,3.2799999713897705,0.0,3.2899999618530273,3.259999990463257,3.2799999713897705,0.0,242578693
2020-07-20,2.444905996322632,3.319999933242798,0.0,3.3299999237060547,3.2699999809265137,3.2799999713897705,0.0,350214702
2020-07-21,2.4301774501800537,3.299999952316284,0.0,3.3299999237060547,3.2899999618530273,3.3299999237060547,0.0,208622973
2020-07-22,2.422813653945923,3.2899999618530273,0.0,3.3299999237060547,3.2799999713897705,3.299999952316284,0.0,258983062
2020-07-23,2.4080851078033447,3.2699999809265137,0.0,3.2899999618530273,3.25,3.2799999713897705,0.0,338177527
2020-07-24,2.3786282539367676,3.2300000190734863,0.0,3.2699999809265137,3.2200000286102295,3.2699999809265137,0.0,310450471
2020-07-27,2.3712639808654785,3.2200000286102295,0.0,3.25,3.2200000286102295,3.240000009536743,0.0,181384780
2020-07-28,2.3786282539367676,3.2300000190734863,0.0,3.25,3.2200000286102295,3.2300000190734863,0.0,166485812
2020-07-29,2.3933568000793457,3.25,0.0,3.259999990463257,3.2200000286102295,3.2200000286102295,0.0,201071042
2020-07-30,2.3786282539367676,3.2300000190734863,0.0,3.25,3.2200000286102295,3.240000009536743,0.0,203399995
2020-07-31,2.3786282539367676,3.2300000190734863,0.0,3.25,3.2200000286102295,3.2300000190734863,0.0,219950570
2020-08-03,2.3859925270080566,3.240000009536743,0.0,3.240000009536743,3.2200000286102295,3.240000009536743,0.0,210190867
2020-08-04,2.4080851078033447,3.2699999809265137,0.0,3.2799999713897705,3.2300000190734863,3.2300000190734863,0.0,398255740
2020-08-05,2.3859925270080566,3.240000009536743,0.0,3.259999990463257,3.2300000190734863,3.25,0.0,203689022
2020-08-06,2.3933568000793457,3.25,0.0,3.259999990463257,3.2300000190734863,3.25,0.0,190830091
2020-08-07,2.3786282539367676,3.2300000190734863,0.0,3.25,3.2200000286102295,3.25,0.0,178201649
2020-08-10,2.3786282539367676,3.2300000190734863,0.0,3.25,3.2200000286102295,3.2300000190734863,0.0,190710047
2020-08-11,2.3786282539367676,3.2300000190734863,0.0,3.25,3.2300000190734863,3.240000009536743,0.0,231982530
2020-08-12,2.3859925270080566,3.240000009536743,0.0,3.240000009536743,3.2200000286102295,3.2300000190734863,0.0,195918381
2020-08-13,2.3859925270080566,3.240000009536743,0.0,3.25,3.2300000190734863,3.240000009536743,0.0,154615735
2020-08-14,2.3933568000793457,3.25,0.0,3.259999990463257,3.2300000190734863,3.240000009536743,0.0,168527897
2020-08-17,2.4301774501800537,3.299999952316284,0.0,3.309999942779541,3.25,3.259999990463257,0.0,458069327
2020-08-18,2.4080851078033447,3.2699999809265137,0.0,3.299999952316284,3.259999990463257,3.2899999618530273,0.0,278792146
2020-08-19,2.3933568000793457,3.25,0.0,3.2699999809265137,3.25,3.2699999809265137,0.0,198384408
2020-08-20,2.3859925270080566,3.240000009536743,0.0,3.25,3.2300000190734863,3.25,0.0,159807213
2020-08-21,2.3859925270080566,3.240000009536743,0.0,3.25,3.2300000190734863,3.25,0.0,142477178
2020-08-24,2.3786282539367676,3.2300000190734863,0.0,3.25,3.2300000190734863,3.240000009536743,0.0,129657506
2020-08-25,2.3786282539367676,3.2300000190734863,0.0,3.240000009536743,3.2300000190734863,3.240000009536743,0.0,110487145
2020-08-26,2.3786282539367676,3.2300000190734863,0.0,3.240000009536743,3.2200000286102295,3.2300000190734863,0.0,141627305
2020-08-27,2.3712639808654785,3.2200000286102295,0.0,3.2300000190734863,3.2100000381469727,3.2300000190734863,0.0,194114700
2020-08-28,2.3786282539367676,3.2300000190734863,0.0,3.240000009536743,3.2100000381469727,3.2200000286102295,0.0,173854818
2020-08-31,2.3639001846313477,3.2100000381469727,0.0,3.240000009536743,3.2100000381469727,3.2300000190734863,0.0,228893501
2020-09-01,2.3639001846313477,3.2100000381469727,0.0,3.2200000286102295,3.200000047683716,3.2100000381469727,0.0,144609423
2020-09-02,2.3491714000701904,3.190000057220459,0.0,3.2100000381469727,3.180000066757202,3.2100000381469727,0.0,248703068
2020-09-03,2.3344433307647705,3.1700000762939453,0.0,3.200000047683716,3.1700000762939453,3.190000057220459,0.0,176171754
2020-09-04,2.3270792961120605,3.1600000858306885,0.0,3.1700000762939453,3.140000104904175,3.1600000858306885,0.0,158929975
2020-09-07,2.3123509883880615,3.140000104904175,0.0,3.1700000762939453,3.140000104904175,3.1500000953674316,0.0,133297141
2020-09-08,2.3418073654174805,3.180000066757202,0.0,3.180000066757202,3.140000104904175,3.140000104904175,0.0,154322460
2020-09-09,2.3344433307647705,3.1700000762939453,0.0,3.180000066757202,3.1600000858306885,3.1600000858306885,0.0,132893077
2020-09-10,2.3270792961120605,3.1600000858306885,0.0,3.180000066757202,3.1500000953674316,3.180000066757202,0.0,124434460
2020-09-11,2.3270792961120605,3.1600000858306885,0.0,3.1700000762939453,3.1500000953674316,3.1600000858306885,0.0,103323266
2020-09-14,2.3270792961120605,3.1600000858306885,0.0,3.1700000762939453,3.1500000953674316,3.1600000858306885,0.0,92604120
2020-09-15,2.3270792961120605,3.1600000858306885,0.0,3.1700000762939453,3.1500000953674316,3.1600000858306885,0.0,86195014
2020-09-16,2.3344433307647705,3.1700000762939453,0.0,3.1700000762939453,3.1500000953674316,3.1600000858306885,0.0,106070970
2020-09-17,2.3344433307647705,3.1700000762939453,0.0,3.180000066757202,3.1600000858306885,3.1700000762939453,0.0,107962823
2020-09-18,2.3565359115600586,3.200000047683716,0.0,3.200000047683716,3.1600000858306885,3.1700000762939453,0.0,204192290
2020-09-21,2.3491714000701904,3.190000057220459,0.0,3.2100000381469727,3.180000066757202,3.200000047683716,0.0,147606024
2020-09-22,2.3344433307647705,3.1700000762939453,0.0,3.190000057220459,3.1600000858306885,3.180000066757202,0.0,133495158
2020-09-23,2.3270792961120605,3.1600000858306885,0.0,3.1700000762939453,3.1600000858306885,3.1700000762939453,0.0,94759450
2020-09-24,2.3197152614593506,3.1500000953674316,0.0,3.1600000858306885,3.140000104904175,3.1600000858306885,0.0,135611697
2020-09-25,2.3197152614593506,3.1500000953674316,0.0,3.1600000858306885,3.140000104904175,3.1500000953674316,0.0,170132720
2020-09-28,2.3491714000701904,3.190000057220459,0.0,3.190000057220459,3.140000104904175,3.1500000953674316,0.0,234250419
2020-09-29,2.3344433307647705,3.1700000762939453,0.0,3.190000057220459,3.1700000762939453,3.190000057220459,0.0,96549668
2020-09-30,2.3344433307647705,3.1700000762939453,0.0,3.190000057220459,3.1500000953674316,3.180000066757202,0.0,186881015
2020-10-09,2.3344433307647705,3.1700000762939453,0.0,3.190000057220459,3.1600000858306885,3.180000066757202,0.0,113031530
2020-10-12,2.3491714000701904,3.190000057220459,0.0,3.200000047683716,3.1600000858306885,3.1700000762939453,0.0,197601332
2020-10-13,2.3344433307647705,3.1700000762939453,0.0,3.190000057220459,3.1600000858306885,3.180000066757202,0.0,180409485
2020-10-14,2.3344433307647705,3.1700000762939453,0.0,3.1700000762939453,3.1500000953674316,3.1700000762939453,0.0,206025071
2020-10-15,2.3418073654174805,3.180000066757202,0.0,3.180000066757202,3.1500000953674316,3.1600000858306885,0.0,139277502
2020-10-16,2.3491714000701904,3.190000057220459,0.0,3.2100000381469727,3.1700000762939453,3.180000066757202,0.0,366034090
2020-10-19,2.3639001846313477,3.2100000381469727,0.0,3.240000009536743,3.200000047683716,3.200000047683716,0.0,405585266
2020-10-20,2.3418073654174805,3.180000066757202,0.0,3.2100000381469727,3.180000066757202,3.200000047683716,0.0,210863092
2020-10-21,2.3639001846313477,3.2100000381469727,0.0,3.2100000381469727,3.1700000762939453,3.190000057220459,0.0,192068951
2020-10-22,2.3639001846313477,3.2100000381469727,0.0,3.2300000190734863,3.200000047683716,3.2100000381469727,0.0,211567497
2020-10-23,2.3786282539367676,3.2300000190734863,0.0,3.240000009536743,3.2100000381469727,3.2100000381469727,0.0,227266763
2020-10-26,2.3786282539367676,3.2300000190734863,0.0,3.25,3.2100000381469727,3.2300000190734863,0.0,196192411
2020-10-27,2.3639001846313477,3.2100000381469727,0.0,3.2200000286102295,3.200000047683716,3.2200000286102295,0.0,113615245
2020-10-28,2.3418073654174805,3.180000066757202,0.0,3.2100000381469727,3.180000066757202,3.200000047683716,0.0,123130771
2020-10-29,2.3197152614593506,3.1500000953674316,0.0,3.1700000762939453,3.1500000953674316,3.1700000762939453,0.0,167850048
2020-10-30,2.3197152614593506,3.1500000953674316,0.0,3.1700000762939453,3.1500000953674316,3.1600000858306885,0.0,161391215
2020-11-02,2.3344433307647705,3.1700000762939453,0.0,3.180000066757202,3.1500000953674316,3.1600000858306885,0.0,144823849
2020-11-03,2.3418073654174805,3.180000066757202,0.0,3.200000047683716,3.1700000762939453,3.190000057220459,0.0,160954920
2020-11-04,2.3344433307647705,3.1700000762939453,0.0,3.190000057220459,3.1700000762939453,3.190000057220459,0.0,119375737
2020-11-05,2.3418073654174805,3.180000066757202,0.0,3.190000057220459,3.1700000762939453,3.190000057220459,0.0,134203551
2020-11-06,2.3565359115600586,3.200000047683716,0.0,3.200000047683716,3.1700000762939453,3.190000057220459,0.0,153600891
2020-11-09,2.3639001846313477,3.2100000381469727,0.0,3.2200000286102295,3.190000057220459,3.200000047683716,0.0,187192263
2020-11-10,2.3639001846313477,3.2100000381469727,0.0,3.2300000190734863,3.2100000381469727,3.2200000286102295,0.0,157541147
2020-11-11,2.3786282539367676,3.2300000190734863,0.0,3.240000009536743,3.200000047683716,3.2200000286102295,0.0,244281435
2020-11-12,2.3639001846313477,3.2100000381469727,0.0,3.2300000190734863,3.2100000381469727,3.2300000190734863,0.0,127584149
2020-11-13,2.3418073654174805,3.180000066757202,0.0,3.2100000381469727,3.180000066757202,3.2100000381469727,0.0,154093460
2020-11-16,2.3491714000701904,3.190000057220459,0.0,3.200000047683716,3.180000066757202,3.190000057220459,0.0,108945517
2020-11-17,2.3491714000701904,3.190000057220459,0.0,3.200000047683716,3.180000066757202,3.190000057220459,0.0,123346530
2020-11-18,2.3639001846313477,3.2100000381469727,0.0,3.2300000190734863,3.190000057220459,3.200000047683716,0.0,204092112
2020-11-19,2.3786282539367676,3.2300000190734863,0.0,3.2300000190734863,3.200000047683716,3.2100000381469727,0.0,143500394
2020-11-20,2.3565359115600586,3.200000047683716,0.0,3.2300000190734863,3.200000047683716,3.2200000286102295,0.0,127999308
2020-11-23,2.3859925270080566,3.240000009536743,0.0,3.240000009536743,3.200000047683716,3.200000047683716,0.0,249323252
2020-11-24,2.3786282539367676,3.2300000190734863,0.0,3.25,3.2300000190734863,3.2300000190734863,0.0,128675905
2020-11-25,2.3712639808654785,3.2200000286102295,0.0,3.25,3.2100000381469727,3.240000009536743,0.0,153247443
2020-11-26,2.3786282539367676,3.2300000190734863,0.0,3.240000009536743,3.2100000381469727,3.2200000286102295,0.0,136631201
2020-11-27,2.444905996322632,3.319999933242798,0.0,3.319999933242798,3.2300000190734863,3.240000009536743,0.0,578934062
2020-11-30,2.422813653945923,3.2899999618530273,0.0,3.450000047683716,3.2899999618530273,3.3399999141693115,0.0,750705220
2020-12-01,2.47436261177063,3.359999895095825,0.0,3.380000114440918,3.2699999809265137,3.2799999713897705,0.0,409982894
2020-12-02,2.452270269393921,3.3299999237060547,0.0,3.359999895095825,3.309999942779541,3.359999895095825,0.0,244126446
2020-12-03,2.4375417232513428,3.309999942779541,0.0,3.3399999141693115,3.2899999618530273,3.319999933242798,0.0,231280748
2020-12-04,2.4080851078033447,3.2699999809265137,0.0,3.309999942779541,3.259999990463257,3.309999942779541,0.0,201699058
2020-12-07,2.3859925270080566,3.240000009536743,0.0,3.2799999713897705,3.2300000190734863,3.2699999809265137,0.0,264575580
2020-12-08,2.3712639808654785,3.2200000286102295,0.0,3.259999990463257,3.2100000381469727,3.240000009536743,0.0,195223444
2020-12-09,2.3786282539367676,3.2300000190734863,0.0,3.240000009536743,3.2200000286102295,3.2300000190734863,0.0,143305533
2020-12-10,2.3786282539367676,3.2300000190734863,0.0,3.25,3.2200000286102295,3.2300000190734863,0.0,193437946
2020-12-11,2.3712639808654785,3.2200000286102295,0.0,3.240000009536743,3.2100000381469727,3.240000009536743,0.0,208543599
2020-12-14,2.3712639808654785,3.2200000286102295,0.0,3.240000009536743,3.2200000286102295,3.2300000190734863,0.0,139590321
2020-12-15,2.3491714000701904,3.190000057220459,0.0,3.2300000190734863,3.180000066757202,3.2200000286102295,0.0,187867461
2020-12-16,2.3418073654174805,3.180000066757202,0.0,3.190000057220459,3.1600000858306885,3.190000057220459,0.0,209685906
2020-12-17,2.3418073654174805,3.180000066757202,0.0,3.190000057220459,3.1600000858306885,3.1700000762939453,0.0,176380111
2020-12-18,2.3344433307647705,3.1700000762939453,0.0,3.190000057220459,3.1600000858306885,3.180000066757202,0.0,163284776
2020-12-21,2.3344433307647705,3.1700000762939453,0.0,3.180000066757202,3.1600000858306885,3.1700000762939453,0.0,137205954
2020-12-22,2.3197152614593506,3.1500000953674316,0.0,3.1700000762939453,3.140000104904175,3.1600000858306885,0.0,266340713
2020-12-23,2.3123509883880615,3.140000104904175,0.0,3.1500000953674316,3.130000114440918,3.1500000953674316,0.0,234051821
2020-12-24,2.3123509883880615,3.140000104904175,0.0,3.1500000953674316,3.130000114440918,3.1500000953674316,0.0,89172343
2020-12-25,2.3197152614593506,3.1500000953674316,0.0,3.1500000953674316,3.130000114440918,3.140000104904175,0.0,120116303
2020-12-28,2.3123509883880615,3.140000104904175,0.0,3.1500000953674316,3.130000114440918,3.1500000953674316,0.0,162816555
2020-12-29,2.3123509883880615,3.140000104904175,0.0,3.1500000953674316,3.130000114440918,3.140000104904175,0.0,163133678
2020-12-30,2.3049864768981934,3.130000114440918,0.0,3.140000104904175,3.119999885559082,3.140000104904175,0.0,244114200
2020-12-31,2.3123509883880615,3.140000104904175,0.0,3.1600000858306885,3.119999885559082,3.130000114440918,0.0,259822373
2021-01-04,2.3049864768981934,3.130000114440918,0.0,3.140000104904175,3.119999885559082,3.130000114440918,0.0,253791724
2021-01-05,2.3049864768981934,3.130000114440918,0.0,3.130000114440918,3.109999895095825,3.130000114440918,0.0,212200506
2021-01-06,2.3049864768981934,3.130000114440918,0.0,3.140000104904175,3.119999885559082,3.130000114440918,0.0,223077047
2021-01-07,2.3123509883880615,3.140000104904175,0.0,3.1500000953674316,3.119999885559082,3.130000114440918,0.0,265171731
2021-01-08,2.3123509883880615,3.140000104904175,0.0,3.1500000953674316,3.130000114440918,3.140000104904175,0.0,194969059
2021-01-11,2.3197152614593506,3.1500000953674316,0.0,3.1600000858306885,3.130000114440918,3.140000104904175,0.0,287207519
2021-01-12,2.3197152614593506,3.1500000953674316,0.0,3.1600000858306885,3.130000114440918,3.1500000953674316,0.0,235845629
2021-01-13,2.3270792961120605,3.1600000858306885,0.0,3.1700000762939453,3.140000104904175,3.1500000953674316,0.0,235177366
2021-01-14,2.3418073654174805,3.180000066757202,0.0,3.200000047683716,3.1600000858306885,3.1600000858306885,0.0,241565920
2021-01-15,2.3565359115600586,3.200000047683716,0.0,3.240000009536743,3.1700000762939453,3.180000066757202,0.0,445389509
2021-01-18,2.3491714000701904,3.190000057220459,0.0,3.2100000381469727,3.1600000858306885,3.190000057220459,0.0,298821506
2021-01-19,2.3565359115600586,3.200000047683716,0.0,3.2200000286102295,3.1700000762939453,3.180000066757202,0.0,321825623
2021-01-20,2.3418073654174805,3.180000066757202,0.0,3.2100000381469727,3.1700000762939453,3.190000057220459,0.0,193065581
2021-01-21,2.3270792961120605,3.1600000858306885,0.0,3.190000057220459,3.1600000858306885,3.180000066757202,0.0,175611002
2021-01-22,2.3123509883880615,3.140000104904175,0.0,3.1700000762939453,3.140000104904175,3.1600000858306885,0.0,164904192
2021-01-25,2.3123509883880615,3.140000104904175,0.0,3.1500000953674316,3.130000114440918,3.140000104904175,0.0,171858466
2021-01-26,2.3049864768981934,3.130000114440918,0.0,3.1500000953674316,3.130000114440918,3.140000104904175,0.0,159395974
2021-01-27,2.3197152614593506,3.1500000953674316,0.0,3.1700000762939453,3.130000114440918,3.140000104904175,0.0,167316787
2021-01-28,2.3123509883880615,3.140000104904175,0.0,3.1500000953674316,3.130000114440918,3.140000104904175,0.0,137600722
2021-01-29,2.3197152614593506,3.1500000953674316,0.0,3.1700000762939453,3.130000114440918,3.140000104904175,0.0,234836660
2021-02-01,2.3344433307647705,3.1700000762939453,0.0,3.180000066757202,3.140000104904175,3.1500000953674316,0.0,212143605
2021-02-02,2.3197152614593506,3.1500000953674316,0.0,3.190000057220459,3.1500000953674316,3.180000066757202,0.0,157196193
2021-02-03,2.3123509883880615,3.140000104904175,0.0,3.1600000858306885,3.140000104904175,3.1500000953674316,0.0,152066367
2021-02-04,2.3197152614593506,3.1500000953674316,0.0,3.1600000858306885,3.130000114440918,3.140000104904175,0.0,188994996
2021-02-05,2.3491714000701904,3.190000057220459,0.0,3.2100000381469727,3.140000104904175,3.1500000953674316,0.0,437397816
2021-02-08,2.3418073654174805,3.180000066757202,0.0,3.200000047683716,3.1600000858306885,3.190000057220459,0.0,282975356
2021-02-09,2.3270792961120605,3.1600000858306885,0.0,3.180000066757202,3.140000104904175,3.1700000762939453,0.0,315499247
2021-02-10,2.3639001846313477,3.2100000381469727,0.0,3.2300000190734863,3.1700000762939453,3.1700000762939453,0.0,389293614
2021-02-18,2.3712639808654785,3.2200000286102295,0.0,3.259999990463257,3.2100000381469727,3.240000009536743,0.0,371403378
2021-02-19,2.3786282539367676,3.2300000190734863,0.0,3.240000009536743,3.2100000381469727,3.2200000286102295,0.0,235821273
2021-02-22,2.4007210731506348,3.259999990463257,0.0,3.2699999809265137,3.2100000381469727,3.240000009536743,0.0,403266343
2021-02-23,2.3933568000793457,3.25,0.0,3.2899999618530273,3.240000009536743,3.240000009536743,0.0,405909706
2021-02-24,2.3712639808654785,3.2200000286102295,0.0,3.259999990463257,3.2200000286102295,3.25,0.0,317561432
2021-02-25,2.4080851078033447,3.2699999809265137,0.0,3.2699999809265137,3.2300000190734863,3.2300000190734863,0.0,309709272
2021-02-26,2.4007210731506348,3.259999990463257,0.0,3.2799999713897705,3.240000009536743,3.25,0.0,380885823
2021-03-01,2.3933568000793457,3.25,0.0,3.2799999713897705,3.240000009536743,3.259999990463257,0.0,215737184
2021-03-02,2.3639001846313477,3.2100000381469727,0.0,3.259999990463257,3.2100000381469727,3.259999990463257,0.0,256137101
2021-03-03,2.4154491424560547,3.2799999713897705,0.0,3.2899999618530273,3.2100000381469727,3.2100000381469727,0.0,364578628
2021-03-04,2.4301774501800537,3.299999952316284,0.0,3.3299999237060547,3.2699999809265137,3.2699999809265137,0.0,453185406
2021-03-05,2.466998338699341,3.3499999046325684,0.0,3.359999895095825,3.2899999618530273,3.299999952316284,0.0,437777386
2021-03-08,2.47436261177063,3.359999895095825,0.0,3.4000000953674316,3.3299999237060547,3.359999895095825,0.0,456822788
2021-03-09,2.452270269393921,3.3299999237060547,0.0,3.4100000858306885,3.3299999237060547,3.369999885559082,0.0,387930235
2021-03-10,2.47436261177063,3.359999895095825,0.0,3.369999885559082,3.309999942779541,3.3299999237060547,0.0,206706777
2021-03-11,2.48909068107605,3.380000114440918,0.0,3.430000066757202,3.3399999141693115,3.390000104904175,0.0,398670980
2021-03-12,2.48909068107605,3.380000114440918,0.0,3.4000000953674316,3.3399999141693115,3.369999885559082,0.0,222746942
2021-03-15,2.518547534942627,3.4200000762939453,0.0,3.440000057220459,3.359999895095825,3.380000114440918,0.0,310914793
2021-03-16,2.511183261871338,3.4100000858306885,0.0,3.440000057220459,3.390000104904175,3.4200000762939453,0.0,218045807
2021-03-17,2.503819227218628,3.4000000953674316,0.0,3.4100000858306885,3.3499999046325684,3.4000000953674316,0.0,224101293
2021-03-18,2.496454954147339,3.390000104904175,0.0,3.4200000762939453,3.380000114440918,3.390000104904175,0.0,175002219
2021-03-19,2.4596340656280518,3.3399999141693115,0.0,3.4100000858306885,3.319999933242798,3.390000104904175,0.0,269543900
2021-03-22,2.496454954147339,3.390000104904175,0.0,3.390000104904175,3.3299999237060547,3.3399999141693115,0.0,209832595
2021-03-23,2.496454954147339,3.390000104904175,0.0,3.4200000762939453,3.359999895095825,3.390000104904175,0.0,176861044
2021-03-24,2.503819227218628,3.4000000953674316,0.0,3.4000000953674316,3.359999895095825,3.390000104904175,0.0,223654717
2021-03-25,2.4596340656280518,3.3399999141693115,0.0,3.4100000858306885,3.3399999141693115,3.4000000953674316,0.0,232617936
2021-03-26,2.452270269393921,3.3299999237060547,0.0,3.359999895095825,3.309999942779541,3.3499999046325684,0.0,213906069
2021-03-29,2.48909068107605,3.380000114440918,0.0,3.390000104904175,3.309999942779541,3.319999933242798,0.0,252092496
2021-03-30,2.48909068107605,3.380000114440918,0.0,3.390000104904175,3.3499999046325684,3.380000114440918,0.0,207678889
2021-03-31,2.503819227218628,3.4000000953674316,0.0,3.4000000953674316,3.359999895095825,3.369999885559082,0.0,215634028
2021-04-01,2.48909068107605,3.380000114440918,0.0,3.4000000953674316,3.369999885559082,3.390000104904175,0.0,131927119
2021-04-02,2.466998338699341,3.3499999046325684,0.0,3.390000104904175,3.3299999237060547,3.380000114440918,0.0,222853120
2021-04-06,2.4596340656280518,3.3399999141693115,0.0,3.3499999046325684,3.3299999237060547,3.3399999141693115,0.0,98961506
2021-04-07,2.466998338699341,3.3499999046325684,0.0,3.3499999046325684,3.309999942779541,3.3299999237060547,0.0,179495928
2021-04-08,2.4596340656280518,3.3399999141693115,0.0,3.3499999046325684,3.3299999237060547,3.3399999141693115,0.0,136878645
2021-04-09,2.47436261177063,3.359999895095825,0.0,3.359999895095825,3.3299999237060547,3.3399999141693115,0.0,168993883
2021-04-12,2.503819227218628,3.4000000953674316,0.0,3.4000000953674316,3.3499999046325684,3.359999895095825,0.0,192694200
2021-04-13,2.496454954147339,3.390000104904175,0.0,3.4100000858306885,3.369999885559082,3.4000000953674316,0.0,174065200
2021-04-14,2.466998338699341,3.3499999046325684,0.0,3.390000104904175,3.3399999141693115,3.390000104904175,0.0,169921172
2021-04-15,2.466998338699341,3.3499999046325684,0.0,3.359999895095825,3.3299999237060547,3.3399999141693115,0.0,129151123
2021-04-16,2.466998338699341,3.3499999046325684,0.0,3.359999895095825,3.3399999141693115,3.3499999046325684,0.0,86774400
2021-04-19,2.466998338699341,3.3499999046325684,0.0,3.369999885559082,3.3399999141693115,3.3499999046325684,0.0,157188622
2021-04-20,2.452270269393921,3.3299999237060547,0.0,3.3499999046325684,3.3299999237060547,3.3499999046325684,0.0,160963782
2021-04-21,2.452270269393921,3.3299999237060547,0.0,3.3399999141693115,3.319999933242798,3.3299999237060547,0.0,111339053
2021-04-22,2.4301774501800537,3.299999952316284,0.0,3.3399999141693115,3.2899999618530273,3.3399999141693115,0.0,192221877
2021-04-23,2.4007210731506348,3.259999990463257,0.0,3.309999942779541,3.259999990463257,3.299999952316284,0.0,200712826
2021-04-26,2.3859925270080566,3.240000009536743,0.0,3.2799999713897705,3.240000009536743,3.2699999809265137,0.0,183402970
2021-04-27,2.3786282539367676,3.2300000190734863,0.0,3.25,3.2200000286102295,3.240000009536743,0.0,135003064
2021-04-28,2.3712639808654785,3.2200000286102295,0.0,3.240000009536743,3.2100000381469727,3.240000009536743,0.0,159644455
2021-04-29,2.3786282539367676,3.2300000190734863,0.0,3.240000009536743,3.2100000381469727,3.2200000286102295,0.0,285228224
2021-04-30,2.3565359115600586,3.200000047683716,0.0,3.240000009536743,3.190000057220459,3.2300000190734863,0.0,260285200
2021-05-06,2.3639001846313477,3.2100000381469727,0.0,3.2200000286102295,3.200000047683716,3.200000047683716,0.0,152610095
2021-05-07,2.3933568000793457,3.25,0.0,3.259999990463257,3.2100000381469727,3.2100000381469727,0.0,220665130
2021-05-10,2.3859925270080566,3.240000009536743,0.0,3.25,3.2200000286102295,3.25,0.0,150554246
2021-05-11,2.4007210731506348,3.259999990463257,0.0,3.2699999809265137,3.2300000190734863,3.240000009536743,0.0,161816273
2021-05-12,2.4080851078033447,3.2699999809265137,0.0,3.2799999713897705,3.240000009536743,3.25,0.0,131970748
2021-05-13,2.4080851078033447,3.2699999809265137,0.0,3.2699999809265137,3.25,3.259999990463257,0.0,105838097
2021-05-14,2.422813653945923,3.2899999618530273,0.0,3.2899999618530273,3.259999990463257,3.2699999809265137,0.0,141880300
2021-05-17,2.4080851078033447,3.2699999809265137,0.0,3.2899999618530273,3.259999990463257,3.2799999713897705,0.0,151239919
2021-05-18,2.3933568000793457,3.25,0.0,3.2699999809265137,3.240000009536743,3.2699999809265137,0.0,170160941
2021-05-19,2.3859925270080566,3.240000009536743,0.0,3.25,3.2300000190734863,3.25,0.0,155371942
2021-05-20,2.3933568000793457,3.25,0.0,3.259999990463257,3.2300000190734863,3.240000009536743,0.0,159066900
2021-05-21,2.3859925270080566,3.240000009536743,0.0,3.259999990463257,3.2300000190734863,3.25,0.0,117533798
2021-05-24,2.3859925270080566,3.240000009536743,0.0,3.25,3.2300000190734863,3.240000009536743,0.0,93092807
2021-05-25,2.4080851078033447,3.2699999809265137,0.0,3.2799999713897705,3.240000009536743,3.25,0.0,382064232
2021-05-26,2.4154491424560547,3.2799999713897705,0.0,3.2899999618530273,3.259999990463257,3.2699999809265137,0.0,236646078
2021-05-27,2.4080851078033447,3.2699999809265137,0.0,3.2899999618530273,3.2699999809265137,3.2799999713897705,0.0,172984660
2021-05-28,2.4154491424560547,3.2799999713897705,0.0,3.2899999618530273,3.259999990463257,3.2799999713897705,0.0,209558119
2021-05-31,2.4007210731506348,3.259999990463257,0.0,3.2799999713897705,3.25,3.2799999713897705,0.0,187245978
2021-06-01,2.3933568000793457,3.25,0.0,3.259999990463257,3.240000009536743,3.259999990463257,0.0,178310087
2021-06-02,2.422813653945923,3.2899999618530273,0.0,3.2899999618530273,3.2300000190734863,3.25,0.0,361495367
2021-06-03,2.422813653945923,3.2899999618530273,0.0,3.309999942779541,3.2799999713897705,3.2899999618530273,0.0,267426255
2021-06-04,2.444905996322632,3.319999933242798,0.0,3.3299999237060547,3.2899999618530273,3.2899999618530273,0.0,281208513
2021-06-07,2.444905996322632,3.319999933242798,0.0,3.3299999237060547,3.2899999618530273,3.319999933242798,0.0,280517455
2021-06-08,2.466998338699341,3.3499999046325684,0.0,3.3499999046325684,3.2899999618530273,3.319999933242798,0.0,368124274
2021-06-09,2.466998338699341,3.3499999046325684,0.0,3.369999885559082,3.3399999141693115,3.3399999141693115,0.0,278743063
2021-06-10,2.444905996322632,3.319999933242798,0.0,3.369999885559082,3.309999942779541,3.3399999141693115,0.0,254124399
2021-06-11,2.444905996322632,3.319999933242798,0.0,3.3399999141693115,3.299999952316284,3.319999933242798,0.0,201129402
2021-06-15,2.4154491424560547,3.2799999713897705,0.0,3.3299999237060547,3.2699999809265137,3.319999933242798,0.0,220972569
2021-06-16,2.4080851078033447,3.2699999809265137,0.0,3.2899999618530273,3.259999990463257,3.2799999713897705,0.0,224681186
2021-06-17,2.4042603969573975,3.0799999237060547,0.1851,3.130000114440918,3.069999933242798,3.0899999141693115,0.0,309272058
2021-06-18,2.3808419704437256,3.049999952316284,0.0,3.0799999237060547,3.049999952316284,3.0799999237060547,0.0,260288949
2021-06-21,2.365229606628418,3.0299999713897705,0.0,3.059999942779541,3.0199999809265137,3.059999942779541,0.0,253213497
2021-06-22,2.3730359077453613,3.0399999618530273,0.0,3.049999952316284,3.0199999809265137,3.0299999713897705,0.0,198914404
2021-06-23,2.3730359077453613,3.0399999618530273,0.0,3.049999952316284,3.0299999713897705,3.0299999713897705,0.0,177425824
2021-06-24,2.38864803314209,3.059999942779541,0.0,3.059999942779541,3.0299999713897705,3.0399999618530273,0.0,207003086
2021-06-25,2.396454095840454,3.069999933242798,0.0,3.0799999237060547,3.049999952316284,3.049999952316284,0.0,132684697
2021-06-28,2.3808419704437256,3.049999952316284,0.0,3.0799999237060547,3.0399999618530273,3.069999933242798,0.0,142609236
2021-06-29,2.365229606628418,3.0299999713897705,0.0,3.049999952316284,3.0299999713897705,3.0399999618530273,0.0,132939514
2021-06-30,2.365229606628418,3.0299999713897705,0.0,3.049999952316284,3.0299999713897705,3.0299999713897705,0.0,164799333
2021-07-01,2.3730359077453613,3.0399999618530273,0.0,3.049999952316284,3.0299999713897705,3.0399999618530273,0.0,110927527
2021-07-02,2.365229606628418,3.0299999713897705,0.0,3.049999952316284,3.0299999713897705,3.0399999618530273,0.0,130582829
2021-07-05,2.3730359077453613,3.0399999618530273,0.0,3.0399999618530273,3.0199999809265137,3.0299999713897705,0.0,149388107
2021-07-06,2.3808419704437256,3.049999952316284,0.0,3.049999952316284,3.0299999713897705,3.0399999618530273,0.0,131020315
2021-07-07,2.365229606628418,3.0299999713897705,0.0,3.049999952316284,3.0299999713897705,3.0399999618530273,0.0,113428662
2021-07-08,2.357423782348633,3.0199999809265137,0.0,3.049999952316284,3.0199999809265137,3.0399999618530273,0.0,176351173
2021-07-09,2.365229606628418,3.0299999713897705,0.0,3.0399999618530273,3.0199999809265137,3.0299999713897705,0.0,195685650
2021-07-12,2.357423782348633,3.0199999809265137,0.0,3.0399999618530273,3.0199999809265137,3.0399999618530273,0.0,204729217
2021-07-13,2.357423782348633,3.0199999809265137,0.0,3.0299999713897705,3.009999990463257,3.0199999809265137,0.0,185575962
2021-07-14,2.334005832672119,2.990000009536743,0.0,3.0299999713897705,2.9800000190734863,3.0299999713897705,0.0,297413002
2021-07-15,2.3418116569519043,3.0,0.0,3.009999990463257,2.990000009536743,2.990000009536743,0.0,158234441
2021-07-16,2.334005832672119,2.990000009536743,0.0,3.009999990463257,2.990000009536743,3.0,0.0,135014220
2021-07-19,2.3418116569519043,3.0,0.0,3.009999990463257,2.990000009536743,2.990000009536743,0.0,133880534
2021-07-20,2.3418116569519043,3.0,0.0,3.0,2.990000009536743,3.0,0.0,103930321
2021-07-21,2.334005832672119,2.990000009536743,0.0,3.0,2.9800000190734863,2.990000009536743,0.0,187615757
2021-07-22,2.3418116569519043,3.0,0.0,3.0,2.9800000190734863,2.990000009536743,0.0,129534451
2021-07-23,2.334005832672119,2.990000009536743,0.0,3.0,2.9800000190734863,2.990000009536743,0.0,163241891
2021-07-26,2.3261992931365967,2.9800000190734863,0.0,3.0,2.9700000286102295,2.990000009536743,0.0,219835199
2021-07-27,2.3105878829956055,2.9600000381469727,0.0,2.990000009536743,2.9600000381469727,2.9800000190734863,0.0,227911352
2021-07-28,2.3183937072753906,2.9700000286102295,0.0,2.9800000190734863,2.950000047683716,2.9600000381469727,0.0,306646937
2021-07-29,2.302781581878662,2.950000047683716,0.0,2.9800000190734863,2.950000047683716,2.9700000286102295,0.0,163406246
2021-07-30,2.2871696949005127,2.930000066757202,0.0,2.9600000381469727,2.9200000762939453,2.950000047683716,0.0,191968801
2021-08-02,2.294975519180298,2.940000057220459,0.0,2.950000047683716,2.9000000953674316,2.9200000762939453,0.0,236233754
2021-08-03,2.2793636322021484,2.9200000762939453,0.0,2.930000066757202,2.9100000858306885,2.930000066757202,0.0,159535785
2021-08-04,2.2793636322021484,2.9200000762939453,0.0,2.930000066757202,2.9100000858306885,2.9100000858306885,0.0,132448861
2021-08-05,2.2637510299682617,2.9000000953674316,0.0,2.9200000762939453,2.9000000953674316,2.9100000858306885,0.0,152128600
2021-08-06,2.271557331085205,2.9100000858306885,0.0,2.9100000858306885,2.9000000953674316,2.9100000858306885,0.0,102400332
2021-08-09,2.2793636322021484,2.9200000762939453,0.0,2.930000066757202,2.9000000953674316,2.9000000953674316,0.0,167823486
2021-08-10,2.2793636322021484,2.9200000762939453,0.0,2.930000066757202,2.9100000858306885,2.9200000762939453,0.0,142364007
2021-08-11,2.302781581878662,2.950000047683716,0.0,2.9600000381469727,2.9200000762939453,2.9200000762939453,0.0,308205959
2021-08-12,2.294975519180298,2.940000057220459,0.0,2.950000047683716,2.930000066757202,2.940000057220459,0.0,121160392
2021-08-13,2.2871696949005127,2.930000066757202,0.0,2.940000057220459,2.9200000762939453,2.930000066757202,0.0,90128249
2021-08-16,2.2871696949005127,2.930000066757202,0.0,2.940000057220459,2.9200000762939453,2.930000066757202,0.0,101268763
2021-08-17,2.2871696949005127,2.930000066757202,0.0,2.950000047683716,2.930000066757202,2.930000066757202,0.0,178037724
2021-08-18,2.3105878829956055,2.9600000381469727,0.0,2.9700000286102295,2.9200000762939453,2.9200000762939453,0.0,236552293
2021-08-19,2.294975519180298,2.940000057220459,0.0,2.9600000381469727,2.930000066757202,2.9600000381469727,0.0,151186552
2021-08-20,2.3105878829956055,2.9600000381469727,0.0,2.9700000286102295,2.930000066757202,2.940000057220459,0.0,211841377
2021-08-23,2.302781581878662,2.950000047683716,0.0,2.9600000381469727,2.950000047683716,2.9600000381469727,0.0,127369000
2021-08-24,2.294975519180298,2.940000057220459,0.0,2.9600000381469727,2.940000057220459,2.950000047683716,0.0,117760376
2021-08-25,2.2871696949005127,2.930000066757202,0.0,2.940000057220459,2.930000066757202,2.940000057220459,0.0,109946575
2021-08-26,2.2793636322021484,2.9200000762939453,0.0,2.940000057220459,2.9200000762939453,2.930000066757202,0.0,122231834
2021-08-27,2.2871696949005127,2.930000066757202,0.0,2.930000066757202,2.9200000762939453,2.9200000762939453,0.0,128252501
2021-08-30,2.2793636322021484,2.9200000762939453,0.0,2.930000066757202,2.9100000858306885,2.9200000762939453,0.0,197291201
2021-08-31,2.3105878829956055,2.9600000381469727,0.0,2.9600000381469727,2.9100000858306885,2.9200000762939453,0.0,266424336
2021-09-01,2.334005832672119,2.990000009536743,0.0,2.990000009536743,2.950000047683716,2.950000047683716,0.0,338156721
2021-09-02,2.3261992931365967,2.9800000190734863,0.0,2.990000009536743,2.9700000286102295,2.9800000190734863,0.0,160218107
2021-09-03,2.3496174812316895,3.009999990463257,0.0,3.009999990463257,2.9700000286102295,2.990000009536743,0.0,217275144
2021-09-06,2.3496174812316895,3.009999990463257,0.0,3.0199999809265137,2.990000009536743,3.0,0.0,160102315
2021-09-07,2.357423782348633,3.0199999809265137,0.0,3.0399999618530273,2.990000009536743,3.009999990463257,0.0,245622390
2021-09-08,2.3730359077453613,3.0399999618530273,0.0,3.049999952316284,3.009999990463257,3.0299999713897705,0.0,208800294
2021-09-09,2.3730359077453613,3.0399999618530273,0.0,3.049999952316284,3.0199999809265137,3.0299999713897705,0.0,171636994
2021-09-10,2.3730359077453613,3.0399999618530273,0.0,3.0799999237060547,3.0299999713897705,3.0399999618530273,0.0,326372357
2021-09-13,2.365229606628418,3.0299999713897705,0.0,3.049999952316284,3.0199999809265137,3.0299999713897705,0.0,233139516
2021-09-14,2.334005832672119,2.990000009536743,0.0,3.049999952316284,2.990000009536743,3.0399999618530273,0.0,283614513
2021-09-15,2.3261992931365967,2.9800000190734863,0.0,3.0,2.9700000286102295,2.990000009536743,0.0,200771159
2021-09-16,2.3183937072753906,2.9700000286102295,0.0,3.0,2.9700000286102295,2.9800000190734863,0.0,263277400
2021-09-17,2.3261992931365967,2.9800000190734863,0.0,2.990000009536743,2.9700000286102295,2.9700000286102295,0.0,189527408
2021-09-22,2.302781581878662,2.950000047683716,0.0,2.9600000381469727,2.940000057220459,2.950000047683716,0.0,231919577
2021-09-23,2.3105878829956055,2.9600000381469727,0.0,2.9800000190734863,2.950000047683716,2.9600000381469727,0.0,198436817
2021-09-24,2.294975519180298,2.940000057220459,0.0,2.9700000286102295,2.940000057220459,2.9600000381469727,0.0,172857251
2021-09-27,2.2871696949005127,2.930000066757202,0.0,2.950000047683716,2.9200000762939453,2.940000057220459,0.0,230452993
2021-09-28,2.302781581878662,2.950000047683716,0.0,2.9600000381469727,2.930000066757202,2.930000066757202,0.0,216021109
2021-09-29,2.3105878829956055,2.9600000381469727,0.0,2.9700000286102295,2.930000066757202,2.940000057220459,0.0,248050713
2021-09-30,2.294975519180298,2.940000057220459,0.0,2.9600000381469727,2.930000066757202,2.950000047683716,0.0,206052263
2021-10-08,2.3105878829956055,2.9600000381469727,0.0,2.9700000286102295,2.940000057220459,2.950000047683716,0.0,260039610
2021-10-11,2.334005832672119,2.990000009536743,0.0,3.0,2.950000047683716,2.9600000381469727,0.0,308489727
2021-10-12,2.3261992931365967,2.9800000190734863,0.0,2.990000009536743,2.9700000286102295,2.9800000190734863,0.0,240611496
2021-10-13,2.3105878829956055,2.9600000381469727,0.0,2.9800000190734863,2.9600000381469727,2.9800000190734863,0.0,142343745
2021-10-14,2.302781581878662,2.950000047683716,0.0,2.9700000286102295,2.950000047683716,2.9700000286102295,0.0,133277879
2021-10-15,2.302781581878662,2.950000047683716,0.0,2.9600000381469727,2.950000047683716,2.9600000381469727,0.0,161284978
2021-10-18,2.3105878829956055,2.9600000381469727,0.0,2.9600000381469727,2.940000057220459,2.950000047683716,0.0,201259136
2021-10-19,2.302781581878662,2.950000047683716,0.0,2.9600000381469727,2.950000047683716,2.950000047683716,0.0,148527619
2021-10-20,2.302781581878662,2.950000047683716,0.0,2.9600000381469727,2.940000057220459,2.950000047683716,0.0,148281400
2021-10-21,2.3183937072753906,2.9700000286102295,0.0,2.9700000286102295,2.940000057220459,2.950000047683716,0.0,235727462
2021-10-22,2.3105878829956055,2.9600000381469727,0.0,2.9800000190734863,2.950000047683716,2.9700000286102295,0.0,167106255
2021-10-25,2.3105878829956055,2.9600000381469727,0.0,2.9700000286102295,2.950000047683716,2.9600000381469727,0.0,143950637
2021-10-26,2.294975519180298,2.940000057220459,0.0,2.9600000381469727,2.940000057220459,2.9600000381469727,0.0,217735467
2021-10-27,2.294975519180298,2.940000057220459,0.0,2.950000047683716,2.930000066757202,2.940000057220459,0.0,161775136
2021-10-28,2.2871696949005127,2.930000066757202,0.0,2.940000057220459,2.9200000762939453,2.940000057220459,0.0,158669249
2021-10-29,2.294975519180298,2.940000057220459,0.0,2.940000057220459,2.930000066757202,2.940000057220459,0.0,148746268
2021-11-01,2.3105878829956055,2.9600000381469727,0.0,2.9600000381469727,2.930000066757202,2.940000057220459,0.0,267299329
2021-11-02,2.2871696949005127,2.930000066757202,0.0,2.9600000381469727,2.9200000762939453,2.9600000381469727,0.0,304074436
2021-11-03,2.2871696949005127,2.930000066757202,0.0,2.940000057220459,2.9200000762939453,2.930000066757202,0.0,175212782
2021-11-04,2.2793636322021484,2.9200000762939453,0.0,2.940000057220459,2.9200000762939453,2.930000066757202,0.0,175747451
2021-11-05,2.2793636322021484,2.9200000762939453,0.0,2.930000066757202,2.9200000762939453,2.9200000762939453,0.0,140045753
2021-11-08,2.2793636322021484,2.9200000762939453,0.0,2.930000066757202,2.9200000762939453,2.9200000762939453,0.0,133476075
2021-11-09,2.2793636322021484,2.9200000762939453,0.0,2.930000066757202,2.9200000762939453,2.930000066757202,0.0,122066587
2021-11-10,2.271557331085205,2.9100000858306885,0.0,2.930000066757202,2.9100000858306885,2.9200000762939453,0.0,184956370
2021-11-11,2.294975519180298,2.940000057220459,0.0,2.940000057220459,2.9100000858306885,2.9100000858306885,0.0,228879063
2021-11-12,2.2871696949005127,2.930000066757202,0.0,2.940000057220459,2.9200000762939453,2.930000066757202,0.0,150743726
2021-11-15,2.2871696949005127,2.930000066757202,0.0,2.940000057220459,2.9200000762939453,2.930000066757202,0.0,142080997
2021-11-16,2.2871696949005127,2.930000066757202,0.0,2.940000057220459,2.9200000762939453,2.930000066757202,0.0,144486097
2021-11-17,2.2871696949005127,2.930000066757202,0.0,2.940000057220459,2.9200000762939453,2.930000066757202,0.0,177832960
2021-11-18,2.2871696949005127,2.930000066757202,0.0,2.940000057220459,2.9200000762939453,2.930000066757202,0.0,144809838
2021-11-19,2.302781581878662,2.950000047683716,0.0,2.950000047683716,2.930000066757202,2.930000066757202,0.0,231489241
2021-11-22,2.294975519180298,2.940000057220459,0.0,2.950000047683716,2.930000066757202,2.940000057220459,0.0,184232654
2021-11-23,2.294975519180298,2.940000057220459,0.0,2.940000057220459,2.930000066757202,2.940000057220459,0.0,145440185
2021-11-24,2.294975519180298,2.940000057220459,0.0,2.940000057220459,2.930000066757202,2.930000066757202,0.0,127755183
2021-11-25,2.2793636322021484,2.9200000762939453,0.0,2.940000057220459,2.9200000762939453,2.930000066757202,0.0,147321479
2021-11-26,2.2793636322021484,2.9200000762939453,0.0,2.930000066757202,2.9100000858306885,2.930000066757202,0.0,204104801
2021-11-29,2.2793636322021484,2.9200000762939453,0.0,2.9200000762939453,2.9100000858306885,2.9100000858306885,0.0,242686842
2021-11-30,2.271557331085205,2.9100000858306885,0.0,2.9200000762939453,2.9100000858306885,2.9200000762939453,0.0,196939872
2021-12-01,2.2871696949005127,2.930000066757202,0.0,2.930000066757202,2.9100000858306885,2.9100000858306885,0.0,181093243
2021-12-02,2.2871696949005127,2.930000066757202,0.0,2.930000066757202,2.9200000762939453,2.930000066757202,0.0,180201694
2021-12-03,2.2871696949005127,2.930000066757202,0.0,2.930000066757202,2.9200000762939453,2.9200000762939453,0.0,157691575
2021-12-06,2.2871696949005127,2.930000066757202,0.0,2.940000057220459,2.9200000762939453,2.930000066757202,0.0,216585245
2021-12-07,2.294975519180298,2.940000057220459,0.0,2.950000047683716,2.930000066757202,2.940000057220459,0.0,302280664
2021-12-08,2.2871696949005127,2.930000066757202,0.0,2.950000047683716,2.930000066757202,2.950000047683716,0.0,256122314
2021-12-09,2.302781581878662,2.950000047683716,0.0,2.950000047683716,2.930000066757202,2.940000057220459,0.0,328748346
2021-12-10,2.294975519180298,2.940000057220459,0.0,2.950000047683716,2.940000057220459,2.940000057220459,0.0,342293485
2021-12-13,2.2871696949005127,2.930000066757202,0.0,2.950000047683716,2.930000066757202,2.940000057220459,0.0,257586782
2021-12-14,2.2871696949005127,2.930000066757202,0.0,2.940000057220459,2.9200000762939453,2.930000066757202,0.0,242429570
2021-12-15,2.2871696949005127,2.930000066757202,0.0,2.940000057220459,2.9200000762939453,2.9200000762939453,0.0,240547258
2021-12-16,2.294975519180298,2.940000057220459,0.0,2.940000057220459,2.9200000762939453,2.930000066757202,0.0,252412362
2021-12-17,2.2871696949005127,2.930000066757202,0.0,2.940000057220459,2.930000066757202,2.940000057220459,0.0,210258146
2021-12-20,2.294975519180298,2.940000057220459,0.0,2.940000057220459,2.930000066757202,2.940000057220459,0.0,175776174
2021-12-21,2.294975519180298,2.940000057220459,0.0,2.950000047683716,2.930000066757202,2.940000057220459,0.0,276515519
2021-12-22,2.294975519180298,2.940000057220459,0.0,2.9600000381469727,2.940000057220459,2.950000047683716,0.0,235006861
2021-12-23,2.294975519180298,2.940000057220459,0.0,2.950000047683716,2.930000066757202,2.940000057220459,0.0,164013232
2021-12-24,2.294975519180298,2.940000057220459,0.0,2.950000047683716,2.930000066757202,2.940000057220459,0.0,133179200
2021-12-27,2.294975519180298,2.940000057220459,0.0,2.940000057220459,2.930000066757202,2.940000057220459,0.0,131071501
2021-12-28,2.302781581878662,2.950000047683716,0.0,2.9600000381469727,2.930000066757202,2.940000057220459,0.0,294658456
2021-12-29,2.294975519180298,2.940000057220459,0.0,2.950000047683716,2.930000066757202,2.940000057220459,0.0,161999103
2021-12-30,2.294975519180298,2.940000057220459,0.0,2.940000057220459,2.930000066757202,2.940000057220459,0.0,183023418
2021-12-31,2.294975519180298,2.940000057220459,0.0,2.940000057220459,2.930000066757202,2.940000057220459,0.0,107307436
2022-01-04,2.294975519180298,2.940000057220459,0.0,2.950000047683716,2.930000066757202,2.940000057220459,0.0,231024414
2022-01-05,2.3183937072753906,2.9700000286102295,0.0,2.9700000286102295,2.940000057220459,2.940000057220459,0.0,472465072
2022-01-06,2.3105878829956055,2.9600000381469727,0.0,2.9700000286102295,2.9600000381469727,2.9600000381469727,0.0,221426817
2022-01-07,2.334005832672119,2.990000009536743,0.0,3.0,2.9600000381469727,2.9600000381469727,0.0,419049015
2022-01-10,2.334005832672119,2.990000009536743,0.0,3.009999990463257,2.9800000190734863,2.990000009536743,0.0,313520683
2022-01-11,2.3418116569519043,3.0,0.0,3.009999990463257,2.9800000190734863,2.990000009536743,0.0,242776320
2022-01-12,2.3261992931365967,2.9800000190734863,0.0,3.009999990463257,2.9700000286102295,3.0,0.0,253262375
2022-01-13,2.3496174812316895,3.009999990463257,0.0,3.009999990463257,2.9800000190734863,2.9800000190734863,0.0,336983734
2022-01-14,2.3183937072753906,2.9700000286102295,0.0,3.009999990463257,2.9600000381469727,3.009999990463257,0.0,313231500
2022-01-17,2.302781581878662,2.950000047683716,0.0,2.9800000190734863,2.950000047683716,2.9700000286102295,0.0,201754618
2022-01-18,2.334005832672119,2.990000009536743,0.0,2.990000009536743,2.950000047683716,2.9600000381469727,0.0,297302007
2022-01-19,2.3261992931365967,2.9800000190734863,0.0,2.990000009536743,2.9700000286102295,2.9800000190734863,0.0,215592347
2022-01-20,2.3418116569519043,3.0,0.0,3.009999990463257,2.9800000190734863,2.990000009536743,0.0,361103013
2022-01-21,2.3418116569519043,3.0,0.0,3.009999990463257,2.9800000190734863,3.0,0.0,228763781
2022-01-24,2.334005832672119,2.990000009536743,0.0,3.0,2.9700000286102295,2.990000009536743,0.0,287347150
2022-01-25,2.302781581878662,2.950000047683716,0.0,2.990000009536743,2.950000047683716,2.9800000190734863,0.0,274827986
2022-01-26,2.3105878829956055,2.9600000381469727,0.0,2.9700000286102295,2.950000047683716,2.950000047683716,0.0,231947200
2022-01-27,2.302781581878662,2.950000047683716,0.0,2.9700000286102295,2.940000057220459,2.950000047683716,0.0,311217350
2022-01-28,2.3105878829956055,2.9600000381469727,0.0,2.9800000190734863,2.950000047683716,2.950000047683716,0.0,366889077
2022-02-07,2.3418116569519043,3.0,0.0,3.009999990463257,2.9700000286102295,2.9800000190734863,0.0,350365400
2022-02-08,2.38864803314209,3.059999942779541,0.0,3.0799999237060547,3.0,3.0,0.0,573849689
2022-02-09,2.3808419704437256,3.049999952316284,0.0,3.0799999237060547,3.0399999618530273,3.059999942779541,0.0,415602903
2022-02-10,2.4042603969573975,3.0799999237060547,0.0,3.0799999237060547,3.0399999618530273,3.049999952316284,0.0,332191333
2022-02-11,2.4042603969573975,3.0799999237060547,0.0,3.0899999141693115,3.059999942779541,3.069999933242798,0.0,338708795
2022-02-14,2.3730359077453613,3.0399999618530273,0.0,3.0799999237060547,3.0299999713897705,3.0799999237060547,0.0,339775500
2022-02-15,2.357423782348633,3.0199999809265137,0.0,3.049999952316284,3.0199999809265137,3.0399999618530273,0.0,312390766
2022-02-16,2.3730359077453613,3.0399999618530273,0.0,3.049999952316284,3.0299999713897705,3.0299999713897705,0.0,184504168
2022-02-17,2.3730359077453613,3.0399999618530273,0.0,3.059999942779541,3.0299999713897705,3.0399999618530273,0.0,267894278
2022-02-18,2.3808419704437256,3.049999952316284,0.0,3.049999952316284,3.0299999713897705,3.0299999713897705,0.0,187930048
2022-02-21,2.365229606628418,3.0299999713897705,0.0,3.049999952316284,3.0299999713897705,3.049999952316284,0.0,185332109
2022-02-22,2.3496174812316895,3.009999990463257,0.0,3.0299999713897705,3.009999990463257,3.0299999713897705,0.0,196674954
2022-02-23,2.3496174812316895,3.009999990463257,0.0,3.0199999809265137,3.0,3.0199999809265137,0.0,242722355
2022-02-24,2.3183937072753906,2.9700000286102295,0.0,3.009999990463257,2.9700000286102295,3.0,0.0,339357797
2022-02-25,2.3183937072753906,2.9700000286102295,0.0,2.990000009536743,2.9600000381469727,2.9800000190734863,0.0,315008207
2022-02-28,2.3261992931365967,2.9800000190734863,0.0,2.9800000190734863,2.9600000381469727,2.9600000381469727,0.0,250824665
2022-03-01,2.3418116569519043,3.0,0.0,3.0,2.9700000286102295,2.9700000286102295,0.0,211719687
2022-03-02,2.3418116569519043,3.0,0.0,3.0,2.9800000190734863,2.990000009536743,0.0,190007191
2022-03-03,2.3496174812316895,3.009999990463257,0.0,3.0199999809265137,2.990000009536743,3.0,0.0,223999685
2022-03-04,2.3418116569519043,3.0,0.0,3.0199999809265137,2.990000009536743,3.0199999809265137,0.0,251834004
2022-03-07,2.3183937072753906,2.9700000286102295,0.0,3.0,2.9700000286102295,2.990000009536743,0.0,325604013
2022-03-08,2.3183937072753906,2.9700000286102295,0.0,2.9800000190734863,2.9600000381469727,2.9700000286102295,0.0,337625505
2022-03-09,2.294975519180298,2.940000057220459,0.0,2.9800000190734863,2.930000066757202,2.9700000286102295,0.0,436928509
2022-03-10,2.294975519180298,2.940000057220459,0.0,2.9700000286102295,2.940000057220459,2.9600000381469727,0.0,222231860
2022-03-11,2.3183937072753906,2.9700000286102295,0.0,2.9800000190734863,2.930000066757202,2.940000057220459,0.0,372625107
2022-03-14,2.3183937072753906,2.9700000286102295,0.0,3.0,2.950000047683716,2.9600000381469727,0.0,399317547
2022-03-15,2.2871696949005127,2.930000066757202,0.0,2.9700000286102295,2.9200000762939453,2.9700000286102295,0.0,476669895
2022-03-16,2.294975519180298,2.940000057220459,0.0,2.950000047683716,2.9000000953674316,2.930000066757202,0.0,419432863
2022-03-17,2.2871696949005127,2.930000066757202,0.0,2.950000047683716,2.9200000762939453,2.950000047683716,0.0,407034154
2022-03-18,2.3105878829956055,2.9600000381469727,0.0,2.9700000286102295,2.9200000762939453,2.930000066757202,0.0,412635930
2022-03-21,2.294975519180298,2.940000057220459,0.0,2.9700000286102295,2.940000057220459,2.9600000381469727,0.0,211464898
2022-03-22,2.334005832672119,2.990000009536743,0.0,2.990000009536743,2.940000057220459,2.950000047683716,0.0,391138100
2022-03-23,2.334005832672119,2.990000009536743,0.0,3.0,2.9700000286102295,2.990000009536743,0.0,232445190
2022-03-24,2.334005832672119,2.990000009536743,0.0,3.0,2.9700000286102295,2.9800000190734863,0.0,194144215
2022-03-25,2.3261992931365967,2.9800000190734863,0.0,3.0,2.9800000190734863,2.990000009536743,0.0,202145451
2022-03-28,2.357423782348633,3.0199999809265137,0.0,3.0199999809265137,2.9600000381469727,2.9800000190734863,0.0,358056734
2022-03-29,2.365229606628418,3.0299999713897705,0.0,3.0299999713897705,3.0,3.009999990463257,0.0,212065525
2022-03-30,2.3808419704437256,3.049999952316284,0.0,3.049999952316284,3.0199999809265137,3.0399999618530273,0.0,393457892
2022-03-31,2.4042603969573975,3.0799999237060547,0.0,3.0899999141693115,3.0399999618530273,3.049999952316284,0.0,537523806
2022-04-01,2.4042603969573975,3.0799999237060547,0.0,3.0899999141693115,3.059999942779541,3.069999933242798,0.0,326442141
2022-04-06,2.4198718070983887,3.0999999046325684,0.0,3.109999895095825,3.069999933242798,3.069999933242798,0.0,473153317
2022-04-07,2.4120659828186035,3.0899999141693115,0.0,3.109999895095825,3.069999933242798,3.0999999046325684,0.0,379481184
2022-04-08,2.4198718070983887,3.0999999046325684,0.0,3.0999999046325684,3.069999933242798,3.0899999141693115,0.0,287115350
2022-04-11,2.396454095840454,3.069999933242798,0.0,3.0999999046325684,3.069999933242798,3.0999999046325684,0.0,348035779
2022-04-12,2.4042603969573975,3.0799999237060547,0.0,3.0899999141693115,3.059999942779541,3.069999933242798,0.0,401061660
2022-04-13,2.396454095840454,3.069999933242798,0.0,3.0899999141693115,3.059999942779541,3.0799999237060547,0.0,346660989
2022-04-14,2.396454095840454,3.069999933242798,0.0,3.0999999046325684,3.069999933242798,3.0899999141693115,0.0,330050226
2022-04-15,2.396454095840454,3.069999933242798,0.0,3.0799999237060547,3.059999942779541,3.069999933242798,0.0,349508652
2022-04-18,2.3730359077453613,3.0399999618530273,0.0,3.069999933242798,3.0399999618530273,3.059999942779541,0.0,274075853
2022-04-19,2.38864803314209,3.059999942779541,0.0,3.059999942779541,3.0299999713897705,3.0399999618530273,0.0,248261290
2022-04-20,2.38864803314209,3.059999942779541,0.0,3.0799999237060547,3.049999952316284,3.049999952316284,0.0,300254664
2022-04-21,2.396454095840454,3.069999933242798,0.0,3.0899999141693115,3.059999942779541,3.059999942779541,0.0,415564827
2022-04-22,2.4120659828186035,3.0899999141693115,0.0,3.0999999046325684,3.069999933242798,3.069999933242798,0.0,332052994
2022-04-25,2.38864803314209,3.059999942779541,0.0,3.0999999046325684,3.059999942779541,3.0799999237060547,0.0,528144423
2022-04-26,2.396454095840454,3.069999933242798,0.0,3.0899999141693115,3.049999952316284,3.059999942779541,0.0,462329568
2022-04-27,2.365229606628418,3.0299999713897705,0.0,3.069999933242798,3.009999990463257,3.069999933242798,0.0,462516555
2022-04-28,2.38864803314209,3.059999942779541,0.0,3.059999942779541,3.0199999809265137,3.0199999809265137,0.0,453661053
2022-04-29,2.38864803314209,3.059999942779541,0.0,3.0799999237060547,3.0399999618530273,3.059999942779541,0.0,399406129
2022-05-05,2.4042603969573975,3.0799999237060547,0.0,3.0899999141693115,3.049999952316284,3.069999933242798,0.0,376936200
2022-05-06,2.3808419704437256,3.049999952316284,0.0,3.069999933242798,3.049999952316284,3.069999933242798,0.0,239738115
2022-05-09,2.396454095840454,3.069999933242798,0.0,3.069999933242798,3.049999952316284,3.049999952316284,0.0,218089813
2022-05-10,2.4120659828186035,3.0899999141693115,0.0,3.0999999046325684,3.059999942779541,3.059999942779541,0.0,389746195
2022-05-11,2.3808419704437256,3.049999952316284,0.0,3.0899999141693115,3.0399999618530273,3.0899999141693115,0.0,431728741
2022-05-12,2.365229606628418,3.0299999713897705,0.0,3.049999952316284,3.0299999713897705,3.049999952316284,0.0,228867769
2022-05-13,2.3808419704437256,3.049999952316284,0.0,3.049999952316284,3.0299999713897705,3.0399999618530273,0.0,202560612
2022-05-16,2.3730359077453613,3.0399999618530273,0.0,3.049999952316284,3.0299999713897705,3.049999952316284,0.0,310214692
2022-05-17,2.357423782348633,3.0199999809265137,0.0,3.049999952316284,3.009999990463257,3.0399999618530273,0.0,459353260
2022-05-18,2.357423782348633,3.0199999809265137,0.0,3.0299999713897705,3.009999990463257,3.0199999809265137,0.0,196547407
2022-05-19,2.357423782348633,3.0199999809265137,0.0,3.0199999809265137,3.0,3.009999990463257,0.0,284091400
2022-05-20,2.357423782348633,3.0199999809265137,0.0,3.0299999713897705,3.009999990463257,3.0199999809265137,0.0,362682300
2022-05-23,2.3496174812316895,3.009999990463257,0.0,3.0299999713897705,3.009999990463257,3.0199999809265137,0.0,272528407
2022-05-24,2.365229606628418,3.0299999713897705,0.0,3.0299999713897705,3.009999990463257,3.009999990463257,0.0,396047839
2022-05-25,2.365229606628418,3.0299999713897705,0.0,3.0299999713897705,3.0199999809265137,3.0199999809265137,0.0,254075172
2022-05-26,2.3730359077453613,3.0399999618530273,0.0,3.0399999618530273,3.0199999809265137,3.0299999713897705,0.0,299335190
2022-05-27,2.3730359077453613,3.0399999618530273,0.0,3.0399999618530273,3.0299999713897705,3.0399999618530273,0.0,223678800
2022-05-30,2.357423782348633,3.0199999809265137,0.0,3.0399999618530273,3.0199999809265137,3.0399999618530273,0.0,360547459
2022-05-31,2.365229606628418,3.0299999713897705,0.0,3.0299999713897705,3.009999990463257,3.0199999809265137,0.0,374277205
2022-06-01,2.3496174812316895,3.009999990463257,0.0,3.0299999713897705,3.009999990463257,3.0299999713897705,0.0,255056486
2022-06-02,2.3496174812316895,3.009999990463257,0.0,3.0199999809265137,3.009999990463257,3.009999990463257,0.0,248773937
2022-06-06,2.334005832672119,2.990000009536743,0.0,3.0199999809265137,2.990000009536743,3.009999990463257,0.0,485609968
2022-06-07,2.334005832672119,2.990000009536743,0.0,3.0,2.990000009536743,3.0,0.0,287600299
2022-06-08,2.334005832672119,2.990000009536743,0.0,3.0,2.9800000190734863,3.0,0.0,334912194
2022-06-09,2.3418116569519043,3.0,0.0,3.0,2.9800000190734863,2.990000009536743,0.0,306906421
2022-06-10,2.357423782348633,3.0199999809265137,0.0,3.0299999713897705,2.990000009536743,3.0,0.0,574591777
2022-06-13,2.3418116569519043,3.0,0.0,3.0199999809265137,2.990000009536743,3.009999990463257,0.0,344440962
2022-06-14,2.357423782348633,3.0199999809265137,0.0,3.0199999809265137,2.990000009536743,2.990000009536743,0.0,368205980
2022-06-15,2.365229606628418,3.0299999713897705,0.0,3.049999952316284,3.009999990463257,3.0199999809265137,0.0,526833668
2022-06-16,2.3418116569519043,3.0,0.0,3.0399999618530273,3.0,3.0399999618530273,0.0,373659181
2022-06-17,2.3496174812316895,3.009999990463257,0.0,3.0199999809265137,3.0,3.0,0.0,304867389
2022-06-20,2.3418116569519043,3.0,0.0,3.0199999809265137,3.0,3.009999990463257,0.0,284048633
2022-06-21,2.3496174812316895,3.009999990463257,0.0,3.0199999809265137,2.990000009536743,3.0,0.0,343795371
2022-06-22,2.3496174812316895,3.009999990463257,0.0,3.0299999713897705,3.009999990463257,3.0199999809265137,0.0,314131339
2022-06-23,2.357423782348633,3.0199999809265137,0.0,3.0299999713897705,3.009999990463257,3.0199999809265137,0.0,341626440
2022-06-24,2.3496174812316895,3.009999990463257,0.0,3.0299999713897705,3.009999990463257,3.0299999713897705,0.0,343710070
2022-06-27,2.3496174812316895,3.009999990463257,0.0,3.0199999809265137,3.0,3.009999990463257,0.0,471793516
2022-06-28,2.3496174812316895,3.009999990463257,0.0,3.0199999809265137,3.0,3.009999990463257,0.0,275002862
2022-06-29,2.357423782348633,3.0199999809265137,0.0,3.0299999713897705,3.009999990463257,3.0199999809265137,0.0,361608457
2022-06-30,2.357423782348633,3.0199999809265137,0.0,3.0299999713897705,3.009999990463257,3.0199999809265137,0.0,334237332
2022-07-01,2.3496174812316895,3.009999990463257,0.0,3.0199999809265137,3.009999990463257,3.0199999809265137,0.0,208297761
2022-07-04,2.357423782348633,3.0199999809265137,0.0,3.0199999809265137,3.009999990463257,3.009999990463257,0.0,274738402
2022-07-05,2.365229606628418,3.0299999713897705,0.0,3.0299999713897705,3.009999990463257,3.0199999809265137,0.0,259947901
2022-07-06,2.357423782348633,3.0199999809265137,0.0,3.0299999713897705,3.009999990463257,3.0299999713897705,0.0,447248700
2022-07-07,2.357423782348633,3.0199999809265137,0.0,3.0299999713897705,3.009999990463257,3.0199999809265137,0.0,257336251
2022-07-08,2.365229606628418,3.0299999713897705,0.0,3.0399999618530273,3.0199999809265137,3.0299999713897705,0.0,301241900
2022-07-11,2.3730359077453613,3.0399999618530273,0.0,3.049999952316284,3.0299999713897705,3.0299999713897705,0.0,505724381
2022-07-12,2.3730359077453613,3.0399999618530273,0.0,3.059999942779541,3.0399999618530273,3.0399999618530273,0.0,536453445
2022-07-13,2.3496174812316895,3.009999990463257,0.0,3.049999952316284,3.009999990463257,3.0399999618530273,0.0,630665655
2022-07-14,2.302781581878662,2.950000047683716,0.0,3.009999990463257,2.940000057220459,3.009999990463257,0.0,870201818
2022-07-15,2.3168842792510986,2.759999990463257,0.2068,2.7899999618530273,2.759999990463257,2.7799999713897705,0.0,572563337
2022-07-18,2.3504621982574463,2.799999952316284,0.0,2.799999952316284,2.759999990463257,2.7699999809265137,0.0,287459943
2022-07-19,2.384040594100952,2.8399999141693115,0.0,2.8399999141693115,2.7899999618530273,2.799999952316284,0.0,362597698
2022-07-20,2.392434597015381,2.8499999046325684,0.0,2.859999895095825,2.8399999141693115,2.8499999046325684,0.0,266088035
2022-07-21,2.367251396179199,2.819999933242798,0.0,2.859999895095825,2.819999933242798,2.859999895095825,0.0,273296120
2022-07-22,2.392434597015381,2.8499999046325684,0.0,2.859999895095825,2.819999933242798,2.8299999237060547,0.0,302244988
2022-07-25,2.400829315185547,2.859999895095825,0.0,2.859999895095825,2.8399999141693115,2.8499999046325684,0.0,167733964
2022-07-26,2.400829315185547,2.859999895095825,0.0,2.880000114440918,2.859999895095825,2.859999895095825,0.0,252623806
2022-07-27,2.384040594100952,2.8399999141693115,0.0,2.869999885559082,2.8399999141693115,2.869999885559082,0.0,192560416
2022-07-28,2.392434597015381,2.8499999046325684,0.0,2.859999895095825,2.8299999237060547,2.8399999141693115,0.0,237532044
2022-07-29,2.392434597015381,2.8499999046325684,0.0,2.859999895095825,2.8299999237060547,2.859999895095825,0.0,230825942
2022-08-01,2.384040594100952,2.8399999141693115,0.0,2.8499999046325684,2.8299999237060547,2.8399999141693115,0.0,204907346
2022-08-02,2.358856678009033,2.809999942779541,0.0,2.8399999141693115,2.799999952316284,2.8299999237060547,0.0,297661384
2022-08-03,2.3504621982574463,2.799999952316284,0.0,2.8299999237060547,2.799999952316284,2.819999933242798,0.0,215980460
2022-08-04,2.400829315185547,2.859999895095825,0.0,2.859999895095825,2.799999952316284,2.809999942779541,0.0,411016647
2022-08-05,2.400829315185547,2.859999895095825,0.0,2.859999895095825,2.8399999141693115,2.859999895095825,0.0,191457657
2022-08-08,2.384040594100952,2.8399999141693115,0.0,2.859999895095825,2.8299999237060547,2.8499999046325684,0.0,244449546
2022-08-09,2.384040594100952,2.8399999141693115,0.0,2.8499999046325684,2.8299999237060547,2.8499999046325684,0.0,150098748
2022-08-10,2.384040594100952,2.8399999141693115,0.0,2.8399999141693115,2.819999933242798,2.8399999141693115,0.0,117808216
2022-08-11,2.392434597015381,2.8499999046325684,0.0,2.859999895095825,2.8299999237060547,2.8399999141693115,0.0,202809796
2022-08-12,2.375645875930786,2.8299999237060547,0.0,2.8499999046325684,2.809999942779541,2.8399999141693115,0.0,270504182
2022-08-15,2.375645875930786,2.8299999237060547,0.0,2.8399999141693115,2.819999933242798,2.8299999237060547,0.0,175760280
2022-08-16,2.367251396179199,2.819999933242798,0.0,2.8399999141693115,2.819999933242798,2.8299999237060547,0.0,117202888
2022-08-17,2.375645875930786,2.8299999237060547,0.0,2.8399999141693115,2.809999942779541,2.8299999237060547,0.0,255128952
2022-08-18,2.367251396179199,2.819999933242798,0.0,2.8399999141693115,2.809999942779541,2.8299999237060547,0.0,155213571
2022-08-19,2.375645875930786,2.8299999237060547,0.0,2.8299999237060547,2.809999942779541,2.809999942779541,0.0,133513856
2022-08-22,2.367251396179199,2.819999933242798,0.0,2.8299999237060547,2.819999933242798,2.819999933242798,0.0,140175002
2022-08-23,2.367251396179199,2.819999933242798,0.0,2.8299999237060547,2.819999933242798,2.8299999237060547,0.0,122992256
2022-08-24,2.367251396179199,2.819999933242798,0.0,2.8299999237060547,2.809999942779541,2.819999933242798,0.0,181391119
2022-08-25,2.375645875930786,2.8299999237060547,0.0,2.8299999237060547,2.809999942779541,2.819999933242798,0.0,172536939
2022-08-26,2.367251396179199,2.819999933242798,0.0,2.8299999237060547,2.819999933242798,2.8299999237060547,0.0,126774909
2022-08-29,2.367251396179199,2.819999933242798,0.0,2.8299999237060547,2.809999942779541,2.819999933242798,0.0,182687130
2022-08-30,2.367251396179199,2.819999933242798,0.0,2.8299999237060547,2.819999933242798,2.819999933242798,0.0,152284514
2022-08-31,2.392434597015381,2.8499999046325684,0.0,2.8499999046325684,2.819999933242798,2.8299999237060547,0.0,434219545
2022-09-01,2.375645875930786,2.8299999237060547,0.0,2.8499999046325684,2.8299999237060547,2.8399999141693115,0.0,150496236
2022-09-02,2.375645875930786,2.8299999237060547,0.0,2.8499999046325684,2.8299999237060547,2.8399999141693115,0.0,190654783
2022-09-05,2.384040594100952,2.8399999141693115,0.0,2.8399999141693115,2.819999933242798,2.8299999237060547,0.0,153969150
2022-09-06,2.384040594100952,2.8399999141693115,0.0,2.8499999046325684,2.8299999237060547,2.8399999141693115,0.0,168132505
2022-09-07,2.375645875930786,2.8299999237060547,0.0,2.8499999046325684,2.819999933242798,2.8499999046325684,0.0,203958577
2022-09-08,2.375645875930786,2.8299999237060547,0.0,2.8399999141693115,2.8299999237060547,2.8299999237060547,0.0,166476486
2022-09-09,2.384040594100952,2.8399999141693115,0.0,2.8499999046325684,2.8299999237060547,2.8399999141693115,0.0,308136293
2022-09-13,2.392434597015381,2.8499999046325684,0.0,2.859999895095825,2.8399999141693115,2.8499999046325684,0.0,314404432
2022-09-14,2.392434597015381,2.8499999046325684,0.0,2.859999895095825,2.8399999141693115,2.8399999141693115,0.0,295085924
2022-09-15,2.409223794937134,2.869999885559082,0.0,2.869999885559082,2.8499999046325684,2.859999895095825,0.0,397121729
2022-09-16,2.392434597015381,2.8499999046325684,0.0,2.880000114440918,2.8499999046325684,2.869999885559082,0.0,419139016
2022-09-19,2.409223794937134,2.869999885559082,0.0,2.869999885559082,2.8499999046325684,2.8499999046325684,0.0,292135824
2022-09-20,2.384040594100952,2.8399999141693115,0.0,2.880000114440918,2.8399999141693115,2.869999885559082,0.0,269382560
2022-09-21,2.400829315185547,2.859999895095825,0.0,2.869999885559082,2.8299999237060547,2.8499999046325684,0.0,253244180
2022-09-22,2.400829315185547,2.859999895095825,0.0,2.869999885559082,2.8499999046325684,2.859999895095825,0.0,196000075
2022-09-23,2.4176185131073,2.880000114440918,0.0,2.890000104904175,2.859999895095825,2.859999895095825,0.0,419116350
2022-09-26,2.392434597015381,2.8499999046325684,0.0,2.890000104904175,2.8499999046325684,2.880000114440918,0.0,366754675
2022-09-27,2.375645875930786,2.8299999237060547,0.0,2.859999895095825,2.8299999237060547,2.8499999046325684,0.0,239162491
2022-09-28,2.392434597015381,2.8499999046325684,0.0,2.859999895095825,2.8299999237060547,2.8299999237060547,0.0,251207652
2022-09-29,2.367251396179199,2.819999933242798,0.0,2.859999895095825,2.819999933242798,2.859999895095825,0.0,251312431
2022-09-30,2.400829315185547,2.859999895095825,0.0,2.859999895095825,2.8299999237060547,2.8299999237060547,0.0,260210009
2022-10-10,2.409223794937134,2.869999885559082,0.0,2.880000114440918,2.8499999046325684,2.8499999046325684,0.0,620957911
2022-10-11,2.409223794937134,2.869999885559082,0.0,2.890000104904175,2.8499999046325684,2.869999885559082,0.0,393074736
2022-10-12,2.400829315185547,2.859999895095825,0.0,2.880000114440918,2.8499999046325684,2.869999885559082,0.0,298419758
2022-10-13,2.400829315185547,2.859999895095825,0.0,2.869999885559082,2.8499999046325684,2.859999895095825,0.0,219388382
2022-10-14,2.392434597015381,2.8499999046325684,0.0,2.869999885559082,2.8399999141693115,2.859999895095825,0.0,442767746
2022-10-17,2.392434597015381,2.8499999046325684,0.0,2.859999895095825,2.8399999141693115,2.8499999046325684,0.0,175809703
2022-10-18,2.392434597015381,2.8499999046325684,0.0,2.859999895095825,2.8399999141693115,2.8499999046325684,0.0,212057088
2022-10-19,2.384040594100952,2.8399999141693115,0.0,2.8499999046325684,2.8399999141693115,2.8399999141693115,0.0,176381773
2022-10-20,2.392434597015381,2.8499999046325684,0.0,2.8499999046325684,2.8399999141693115,2.8399999141693115,0.0,218325380
2022-10-21,2.400829315185547,2.859999895095825,0.0,2.869999885559082,2.8399999141693115,2.8499999046325684,0.0,333806176
2022-10-24,2.392434597015381,2.8499999046325684,0.0,2.869999885559082,2.8499999046325684,2.859999895095825,0.0,442983981
2022-10-25,2.392434597015381,2.8499999046325684,0.0,2.859999895095825,2.8399999141693115,2.8499999046325684,0.0,320270082
2022-10-26,2.375645875930786,2.8299999237060547,0.0,2.859999895095825,2.819999933242798,2.859999895095825,0.0,535902607
2022-10-27,2.3504621982574463,2.799999952316284,0.0,2.8299999237060547,2.7799999713897705,2.8299999237060547,0.0,581566465
2022-10-28,2.3504621982574463,2.799999952316284,0.0,2.809999942779541,2.7899999618530273,2.799999952316284,0.0,306746672
2022-10-31,2.3168842792510986,2.759999990463257,0.0,2.799999952316284,2.759999990463257,2.7899999618530273,0.0,423520849
2022-11-01,2.291700839996338,2.7300000190734863,0.0,2.7699999809265137,2.7100000381469727,2.7699999809265137,0.0,853481093
2022-11-02,2.283306121826172,2.7200000286102295,0.0,2.7300000190734863,2.700000047683716,2.7200000286102295,0.0,536492219
2022-11-03,2.283306121826172,2.7200000286102295,0.0,2.7300000190734863,2.7100000381469727,2.7200000286102295,0.0,187457306
2022-11-04,2.3084895610809326,2.75,0.0,2.759999990463257,2.7200000286102295,2.7300000190734863,0.0,402034948
2022-11-07,2.3084895610809326,2.75,0.0,2.75,2.740000009536743,2.740000009536743,0.0,286722263
2022-11-08,2.291700839996338,2.7300000190734863,0.0,2.75,2.7300000190734863,2.75,0.0,271550563
2022-11-09,2.3084895610809326,2.75,0.0,2.75,2.7300000190734863,2.7300000190734863,0.0,160843824
2022-11-10,2.3168842792510986,2.759999990463257,0.0,2.7699999809265137,2.7300000190734863,2.740000009536743,0.0,334545512
2022-11-11,2.3420679569244385,2.7899999618530273,0.0,2.7899999618530273,2.759999990463257,2.7699999809265137,0.0,408408303
2022-11-14,2.3504621982574463,2.799999952316284,0.0,2.819999933242798,2.7899999618530273,2.7899999618530273,0.0,330314584
2022-11-15,2.3504621982574463,2.799999952316284,0.0,2.809999942779541,2.7899999618530273,2.809999942779541,0.0,186899992
2022-11-16,2.3420679569244385,2.7899999618530273,0.0,2.809999942779541,2.7899999618530273,2.799999952316284,0.0,180113318
2022-11-17,2.3420679569244385,2.7899999618530273,0.0,2.799999952316284,2.7799999713897705,2.7899999618530273,0.0,196005171
2022-11-18,2.3420679569244385,2.7899999618530273,0.0,2.809999942779541,2.7899999618530273,2.799999952316284,0.0,271923903
2022-11-21,2.3420679569244385,2.7899999618530273,0.0,2.799999952316284,2.7799999713897705,2.7899999618530273,0.0,192328742
2022-11-22,2.358856678009033,2.809999942779541,0.0,2.8299999237060547,2.7899999618530273,2.7899999618530273,0.0,325820338
2022-11-23,2.384040594100952,2.8399999141693115,0.0,2.8499999046325684,2.819999933242798,2.8299999237060547,0.0,345723467
2022-11-24,2.375645875930786,2.8299999237060547,0.0,2.859999895095825,2.8299999237060547,2.8499999046325684,0.0,165855218
2022-11-25,2.409223794937134,2.869999885559082,0.0,2.880000114440918,2.8299999237060547,2.8399999141693115,0.0,509765415
2022-11-28,2.400829315185547,2.859999895095825,0.0,2.859999895095825,2.8299999237060547,2.859999895095825,0.0,346515544
2022-11-29,2.4176185131073,2.880000114440918,0.0,2.890000104904175,2.8499999046325684,2.859999895095825,0.0,499383372
2022-11-30,2.4176185131073,2.880000114440918,0.0,2.890000104904175,2.869999885559082,2.869999885559082,0.0,349978360
2022-12-01,2.400829315185547,2.859999895095825,0.0,2.890000104904175,2.859999895095825,2.890000104904175,0.0,294680890
2022-12-02,2.400829315185547,2.859999895095825,0.0,2.869999885559082,2.8499999046325684,2.859999895095825,0.0,239654463
2022-12-05,2.4260129928588867,2.890000104904175,0.0,2.890000104904175,2.8499999046325684,2.869999885559082,0.0,411425796
2022-12-06,2.4260129928588867,2.890000104904175,0.0,2.9000000953674316,2.869999885559082,2.890000104904175,0.0,323856436
2022-12-07,2.4176185131073,2.880000114440918,0.0,2.9000000953674316,2.880000114440918,2.890000104904175,0.0,295295652
2022-12-08,2.4344072341918945,2.9000000953674316,0.0,2.9000000953674316,2.869999885559082,2.880000114440918,0.0,205380934
2022-12-09,2.4260129928588867,2.890000104904175,0.0,2.9000000953674316,2.880000114440918,2.9000000953674316,0.0,228034581
2022-12-12,2.400829315185547,2.859999895095825,0.0,2.890000104904175,2.859999895095825,2.890000104904175,0.0,348297323
2022-12-13,2.4176185131073,2.880000114440918,0.0,2.890000104904175,2.859999895095825,2.859999895095825,0.0,267212344
2022-12-14,2.4260129928588867,2.890000104904175,0.0,2.9000000953674316,2.880000114440918,2.9000000953674316,0.0,183394978
2022-12-15,2.4176185131073,2.880000114440918,0.0,2.890000104904175,2.869999885559082,2.890000104904175,0.0,162774250
2022-12-16,2.4344072341918945,2.9000000953674316,0.0,2.9000000953674316,2.869999885559082,2.880000114440918,0.0,269709819
2022-12-19,2.4176185131073,2.880000114440918,0.0,2.9000000953674316,2.869999885559082,2.9000000953674316,0.0,262815645
2022-12-20,2.392434597015381,2.8499999046325684,0.0,2.890000104904175,2.8499999046325684,2.869999885559082,0.0,236562015
2022-12-21,2.392434597015381,2.8499999046325684,0.0,2.869999885559082,2.8499999046325684,2.859999895095825,0.0,124825175
2022-12-22,2.400829315185547,2.859999895095825,0.0,2.869999885559082,2.8499999046325684,2.869999885559082,0.0,138653557
2022-12-23,2.409223794937134,2.869999885559082,0.0,2.880000114440918,2.8499999046325684,2.859999895095825,0.0,189585146
2022-12-26,2.392434597015381,2.8499999046325684,0.0,2.880000114440918,2.8499999046325684,2.869999885559082,0.0,210788898
2022-12-27,2.4260129928588867,2.890000104904175,0.0,2.9000000953674316,2.859999895095825,2.859999895095825,0.0,356658635
2022-12-28,2.4344072341918945,2.9000000953674316,0.0,2.9100000858306885,2.890000104904175,2.9000000953674316,0.0,351024368
2022-12-29,2.4176185131073,2.880000114440918,0.0,2.9100000858306885,2.880000114440918,2.9000000953674316,0.0,237440379
2022-12-30,2.4428017139434814,2.9100000858306885,0.0,2.9200000762939453,2.880000114440918,2.890000104904175,0.0,385463989
2023-01-03,2.4344072341918945,2.9000000953674316,0.0,2.9100000858306885,2.890000104904175,2.9100000858306885,0.0,298768191
2023-01-04,2.4595909118652344,2.930000066757202,0.0,2.940000057220459,2.890000104904175,2.9000000953674316,0.0,397245830
2023-01-05,2.4595909118652344,2.930000066757202,0.0,2.950000047683716,2.9200000762939453,2.940000057220459,0.0,297218466
2023-01-06,2.4511964321136475,2.9200000762939453,0.0,2.940000057220459,2.9100000858306885,2.930000066757202,0.0,362164227
2023-01-09,2.4511964321136475,2.9200000762939453,0.0,2.930000066757202,2.9100000858306885,2.930000066757202,0.0,225179832
2023-01-10,2.4428017139434814,2.9100000858306885,0.0,2.9200000762939453,2.9000000953674316,2.9200000762939453,0.0,263467091
2023-01-11,2.4428017139434814,2.9100000858306885,0.0,2.9200000762939453,2.9000000953674316,2.9100000858306885,0.0,198161792
2023-01-12,2.4511964321136475,2.9200000762939453,0.0,2.9200000762939453,2.9000000953674316,2.9100000858306885,0.0,286362436
2023-01-13,2.4679856300354004,2.940000057220459,0.0,2.940000057220459,2.9100000858306885,2.9200000762939453,0.0,308328340
2023-01-16,2.4428017139434814,2.9100000858306885,0.0,2.950000047683716,2.9100000858306885,2.940000057220459,0.0,561153913
2023-01-17,2.4428017139434814,2.9100000858306885,0.0,2.9200000762939453,2.9000000953674316,2.9100000858306885,0.0,223444959
2023-01-18,2.4511964321136475,2.9200000762939453,0.0,2.930000066757202,2.9100000858306885,2.9200000762939453,0.0,222885525
2023-01-19,2.4511964321136475,2.9200000762939453,0.0,2.930000066757202,2.9100000858306885,2.9200000762939453,0.0,194992239
2023-01-20,2.4511964321136475,2.9200000762939453,0.0,2.9200000762939453,2.9100000858306885,2.9200000762939453,0.0,306483201
2023-01-30,2.4511964321136475,2.9200000762939453,0.0,2.940000057220459,2.9100000858306885,2.930000066757202,0.0,377949673
2023-01-31,2.4428017139434814,2.9100000858306885,0.0,2.930000066757202,2.9100000858306885,2.9200000762939453,0.0,231689564
2023-02-01,2.4511964321136475,2.9200000762939453,0.0,2.9200000762939453,2.9000000953674316,2.9100000858306885,0.0,260657052
2023-02-02,2.4511964321136475,2.9200000762939453,0.0,2.930000066757202,2.9100000858306885,2.9200000762939453,0.0,273986639
2023-02-03,2.4428017139434814,2.9100000858306885,0.0,2.930000066757202,2.9100000858306885,2.9200000762939453,0.0,259866314
2023-02-06,2.4511964321136475,2.9200000762939453,0.0,2.9200000762939453,2.9000000953674316,2.9100000858306885,0.0,193454209
2023-02-07,2.4511964321136475,2.9200000762939453,0.0,2.9200000762939453,2.9100000858306885,2.9200000762939453,0.0,111893889
2023-02-08,2.4511964321136475,2.9200000762939453,0.0,2.930000066757202,2.9100000858306885,2.9200000762939453,0.0,227574277
2023-02-09,2.4595909118652344,2.930000066757202,0.0,2.930000066757202,2.9200000762939453,2.930000066757202,0.0,141700529
2023-02-10,2.4595909118652344,2.930000066757202,0.0,2.930000066757202,2.9200000762939453,2.930000066757202,0.0,130485465
2023-02-13,2.4511964321136475,2.9200000762939453,0.0,2.930000066757202,2.9100000858306885,2.9200000762939453,0.0,288264744
2023-02-14,2.4428017139434814,2.9100000858306885,0.0,2.9200000762939453,2.9100000858306885,2.9200000762939453,0.0,117038776
2023-02-15,2.4428017139434814,2.9100000858306885,0.0,2.9200000762939453,2.9100000858306885,2.9200000762939453,0.0,194154261
2023-02-16,2.4428017139434814,2.9100000858306885,0.0,2.9200000762939453,2.9100000858306885,2.9100000858306885,0.0,180787064
2023-02-17,2.4511964321136475,2.9200000762939453,0.0,2.930000066757202,2.9100000858306885,2.9100000858306885,0.0,356391117
2023-02-20,2.4679856300354004,2.940000057220459,0.0,2.940000057220459,2.9200000762939453,2.9200000762939453,0.0,339037609
2023-02-21,2.4679856300354004,2.940000057220459,0.0,2.940000057220459,2.930000066757202,2.940000057220459,0.0,238331801
2023-02-22,2.4595909118652344,2.930000066757202,0.0,2.940000057220459,2.930000066757202,2.940000057220459,0.0,157112359
2023-02-23,2.4595909118652344,2.930000066757202,0.0,2.950000047683716,2.930000066757202,2.940000057220459,0.0,284611600
2023-02-24,2.4511964321136475,2.9200000762939453,0.0,2.940000057220459,2.9200000762939453,2.930000066757202,0.0,263536600
2023-02-27,2.4511964321136475,2.9200000762939453,0.0,2.930000066757202,2.9100000858306885,2.930000066757202,0.0,236175780
2023-02-28,2.4595909118652344,2.930000066757202,0.0,2.930000066757202,2.9100000858306885,2.930000066757202,0.0,185698166
2023-03-01,2.4595909118652344,2.930000066757202,0.0,2.940000057220459,2.9200000762939453,2.930000066757202,0.0,338619090
2023-03-02,2.4595909118652344,2.930000066757202,0.0,2.940000057220459,2.9200000762939453,2.930000066757202,0.0,222670046
2023-03-03,2.493168830871582,2.9700000286102295,0.0,2.9700000286102295,2.930000066757202,2.940000057220459,0.0,583747432
2023-03-06,2.484774589538574,2.9600000381469727,0.0,2.990000009536743,2.9600000381469727,2.9800000190734863,0.0,459740136
2023-03-07,2.526746988296509,3.009999990463257,0.0,3.049999952316284,2.9600000381469727,2.9700000286102295,0.0,855575115
2023-03-08,2.5351412296295166,3.0199999809265137,0.0,3.0199999809265137,2.9800000190734863,3.009999990463257,0.0,337071855
2023-03-09,2.526746988296509,3.009999990463257,0.0,3.049999952316284,3.009999990463257,3.009999990463257,0.0,409131809
2023-03-10,2.501563549041748,2.9800000190734863,0.0,3.009999990463257,2.9800000190734863,3.0,0.0,341730567
2023-03-13,2.526746988296509,3.009999990463257,0.0,3.009999990463257,2.9700000286102295,2.9800000190734863,0.0,278804114
2023-03-14,2.526746988296509,3.009999990463257,0.0,3.0299999713897705,2.990000009536743,3.0,0.0,283681718
2023-03-15,2.5519304275512695,3.0399999618530273,0.0,3.049999952316284,3.009999990463257,3.0199999809265137,0.0,347694380
2023-03-16,2.5771138668060303,3.069999933242798,0.0,3.109999895095825,3.0299999713897705,3.0299999713897705,0.0,676203415
2023-03-17,2.585508346557617,3.0799999237060547,0.0,3.109999895095825,3.059999942779541,3.0799999237060547,0.0,503806166
2023-03-20,2.602297306060791,3.0999999046325684,0.0,3.130000114440918,3.0799999237060547,3.0799999237060547,0.0,557506630
2023-03-21,2.5603246688842773,3.049999952316284,0.0,3.130000114440918,3.049999952316284,3.109999895095825,0.0,447498766
2023-03-22,2.593903064727783,3.0899999141693115,0.0,3.0899999141693115,3.049999952316284,3.059999942779541,0.0,293580979
2023-03-23,2.602297306060791,3.0999999046325684,0.0,3.0999999046325684,3.069999933242798,3.0799999237060547,0.0,259443039
2023-03-24,2.5603246688842773,3.049999952316284,0.0,3.0899999141693115,3.049999952316284,3.0899999141693115,0.0,293850984
2023-03-27,2.5603246688842773,3.049999952316284,0.0,3.0799999237060547,3.0199999809265137,3.049999952316284,0.0,434528031
2023-03-28,2.593903064727783,3.0899999141693115,0.0,3.0899999141693115,3.049999952316284,3.049999952316284,0.0,278778801
2023-03-29,2.602297306060791,3.0999999046325684,0.0,3.119999885559082,3.0799999237060547,3.0799999237060547,0.0,359316211
2023-03-30,2.593903064727783,3.0899999141693115,0.0,3.130000114440918,3.0799999237060547,3.109999895095825,0.0,264246343
2023-03-31,2.610692024230957,3.109999895095825,0.0,3.130000114440918,3.0999999046325684,3.109999895095825,0.0,299611550
2023-04-03,2.602297306060791,3.0999999046325684,0.0,3.119999885559082,3.0799999237060547,3.109999895095825,0.0,366963472
2023-04-04,2.644270181655884,3.1500000953674316,0.0,3.1500000953674316,3.0899999141693115,3.0999999046325684,0.0,426679776
2023-04-06,2.6694536209106445,3.180000066757202,0.0,3.190000057220459,3.140000104904175,3.1500000953674316,0.0,418326090
2023-04-07,2.6610591411590576,3.1700000762939453,0.0,3.190000057220459,3.1500000953674316,3.190000057220459,0.0,249052400
2023-04-10,2.6610591411590576,3.1700000762939453,0.0,3.190000057220459,3.140000104904175,3.1700000762939453,0.0,353460451
2023-04-11,2.6946372985839844,3.2100000381469727,0.0,3.2100000381469727,3.1600000858306885,3.1700000762939453,0.0,356700706
2023-04-12,2.711426258087158,3.2300000190734863,0.0,3.259999990463257,3.200000047683716,3.2100000381469727,0.0,411673090
2023-04-13,2.719820976257324,3.240000009536743,0.0,3.259999990463257,3.2200000286102295,3.2300000190734863,0.0,281756452
2023-04-14,2.711426258087158,3.2300000190734863,0.0,3.259999990463257,3.2300000190734863,3.25,0.0,209895593
2023-04-17,2.7701873779296875,3.299999952316284,0.0,3.299999952316284,3.2100000381469727,3.2200000286102295,0.0,424177620
2023-04-18,2.812160015106201,3.3499999046325684,0.0,3.369999885559082,3.2899999618530273,3.299999952316284,0.0,517150521
2023-04-19,2.828948974609375,3.369999885559082,0.0,3.4000000953674316,3.3399999141693115,3.359999895095825,0.0,463117054
2023-04-20,2.828948974609375,3.369999885559082,0.0,3.4000000953674316,3.319999933242798,3.380000114440918,0.0,444196857
2023-04-21,2.7953710556030273,3.3299999237060547,0.0,3.4100000858306885,3.3299999237060547,3.369999885559082,0.0,465976726
2023-04-24,2.820554494857788,3.359999895095825,0.0,3.380000114440918,3.3299999237060547,3.3399999141693115,0.0,462033303
2023-04-25,2.8709218502044678,3.4200000762939453,0.0,3.440000057220459,3.3499999046325684,3.3499999046325684,0.0,623594102
2023-04-26,2.845738410949707,3.390000104904175,0.0,3.4200000762939453,3.3299999237060547,3.4200000762939453,0.0,670934792
2023-04-27,2.8709218502044678,3.4200000762939453,0.0,3.440000057220459,3.380000114440918,3.390000104904175,0.0,455359201
2023-04-28,2.8709218502044678,3.4200000762939453,0.0,3.440000057220459,3.390000104904175,3.4100000858306885,0.0,390995268
2023-05-04,3.0052340030670166,3.5799999237060547,0.0,3.5999999046325684,3.4000000953674316,3.4100000858306885,0.0,748326071
2023-05-05,3.0388121604919434,3.619999885559082,0.0,3.7100000381469727,3.5799999237060547,3.5899999141693115,0.0,711930769
2023-05-08,3.2654638290405273,3.890000104904175,0.0,3.930000066757202,3.619999885559082,3.640000104904175,0.0,1179848402
2023-05-09,3.2150964736938477,3.8299999237060547,0.0,3.9700000286102295,3.7899999618530273,3.9200000762939453,0.0,1117140060
2023-05-10,3.0304172039031982,3.609999895095825,0.0,3.809999942779541,3.5799999237060547,3.799999952316284,0.0,1170821354
2023-05-11,3.0136284828186035,3.5899999141693115,0.0,3.640000104904175,3.549999952316284,3.5999999046325684,0.0,544042911
2023-05-12,2.9884448051452637,3.559999942779541,0.0,3.609999895095825,3.5299999713897705,3.569999933242798,0.0,458137848
2023-05-15,3.0052340030670166,3.5799999237060547,0.0,3.5899999141693115,3.4100000858306885,3.549999952316284,0.0,1002708171
2023-05-16,3.0220229625701904,3.5999999046325684,0.0,3.6700000762939453,3.559999942779541,3.569999933242798,0.0,659366779
2023-05-17,3.0052340030670166,3.5799999237060547,0.0,3.619999885559082,3.549999952316284,3.5899999141693115,0.0,365120591
2023-05-18,3.0975735187530518,3.690000057220459,0.0,3.7200000286102295,3.5899999141693115,3.5899999141693115,0.0,583925529
2023-05-19,3.0388121604919434,3.619999885559082,0.0,3.680000066757202,3.619999885559082,3.680000066757202,0.0,429029818
2023-05-22,3.0304172039031982,3.609999895095825,0.0,3.6600000858306885,3.5799999237060547,3.609999895095825,0.0,390896203
2023-05-23,2.938077926635742,3.5,0.0,3.619999885559082,3.5,3.5999999046325684,0.0,597172740
2023-05-24,2.8625271320343018,3.4100000858306885,0.0,3.4800000190734863,3.390000104904175,3.4800000190734863,0.0,685244783
2023-05-25,2.8877110481262207,3.440000057220459,0.0,3.450000047683716,3.369999885559082,3.390000104904175,0.0,434507964
2023-05-26,2.938077926635742,3.5,0.0,3.5199999809265137,3.4200000762939453,3.430000066757202,0.0,306748255
2023-05-29,2.9884448051452637,3.559999942779541,0.0,3.569999933242798,3.509999990463257,3.509999990463257,0.0,342975287
2023-05-30,2.938077926635742,3.5,0.0,3.559999942779541,3.4700000286102295,3.549999952316284,0.0,397539821
2023-05-31,2.954867124557495,3.5199999809265137,0.0,3.5199999809265137,3.4600000381469727,3.5,0.0,382594170
2023-06-01,2.9044997692108154,3.4600000381469727,0.0,3.509999990463257,3.430000066757202,3.5,0.0,506522761
2023-06-02,2.9044997692108154,3.4600000381469727,0.0,3.490000009536743,3.440000057220459,3.4600000381469727,0.0,343754345
2023-06-05,2.9884448051452637,3.559999942779541,0.0,3.559999942779541,3.450000047683716,3.4600000381469727,0.0,435377213
2023-06-06,2.9884448051452637,3.559999942779541,0.0,3.630000114440918,3.549999952316284,3.549999952316284,0.0,374261925
2023-06-07,3.0388121604919434,3.619999885559082,0.0,3.6500000953674316,3.549999952316284,3.559999942779541,0.0,346899745
2023-06-08,3.1143624782562256,3.7100000381469727,0.0,3.7200000286102295,3.5999999046325684,3.640000104904175,0.0,503610593
2023-06-09,3.0891788005828857,3.680000066757202,0.0,3.7200000286102295,3.6700000762939453,3.7200000286102295,0.0,342519522
2023-06-12,3.072389841079712,3.6600000858306885,0.0,3.680000066757202,3.619999885559082,3.6700000762939453,0.0,440983239
2023-06-13,3.080784559249878,3.6700000762939453,0.0,3.700000047683716,3.630000114440918,3.6500000953674316,0.0,346555050
2023-06-14,2.9884448051452637,3.559999942779541,0.0,3.690000057220459,3.549999952316284,3.6700000762939453,0.0,549349972
2023-06-15,3.0220229625701904,3.5999999046325684,0.0,3.630000114440918,3.559999942779541,3.559999942779541,0.0,362613781
2023-06-16,3.0052340030670166,3.5799999237060547,0.0,3.619999885559082,3.569999933242798,3.619999885559082,0.0,285337886
2023-06-19,2.954867124557495,3.5199999809265137,0.0,3.5899999141693115,3.5,3.5799999237060547,0.0,439920944
2023-06-20,2.938077926635742,3.5,0.0,3.5399999618530273,3.4800000190734863,3.5299999713897705,0.0,305483909
2023-06-21,2.963261365890503,3.5299999713897705,0.0,3.5799999237060547,3.4800000190734863,3.5,0.0,299818969
2023-06-26,2.9128942489624023,3.4700000286102295,0.0,3.5299999713897705,3.4600000381469727,3.5199999809265137,0.0,402903699
2023-06-27,2.963261365890503,3.5299999713897705,0.0,3.5399999618530273,3.440000057220459,3.4600000381469727,0.0,411394152
2023-06-28,2.954867124557495,3.5199999809265137,0.0,3.5399999618530273,3.490000009536743,3.5199999809265137,0.0,325250945
2023-06-29,2.9296834468841553,3.490000009536743,0.0,3.5199999809265137,3.4800000190734863,3.509999990463257,0.0,286425940
2023-06-30,2.963261365890503,3.5299999713897705,0.0,3.5399999618530273,3.4800000190734863,3.490000009536743,0.0,280310298
2023-07-03,3.0388121604919434,3.619999885559082,0.0,3.630000114440918,3.5299999713897705,3.5399999618530273,0.0,358692671
2023-07-04,2.9884448051452637,3.559999942779541,0.0,3.619999885559082,3.5399999618530273,3.619999885559082,0.0,372932670
2023-07-05,2.9800503253936768,3.549999952316284,0.0,3.569999933242798,3.5199999809265137,3.569999933242798,0.0,211622606
2023-07-06,2.94647216796875,3.509999990463257,0.0,3.549999952316284,3.490000009536743,3.5399999618530273,0.0,343989671
2023-07-07,2.954867124557495,3.5199999809265137,0.0,3.5399999618530273,3.5,3.5,0.0,180537910
2023-07-10,2.94647216796875,3.509999990463257,0.0,3.5399999618530273,3.5,3.5199999809265137,0.0,179716530
2023-07-11,2.963261365890503,3.5299999713897705,0.0,3.5399999618530273,3.509999990463257,3.5199999809265137,0.0,184501600
2023-07-12,2.9800503253936768,3.549999952316284,0.0,3.559999942779541,3.5199999809265137,3.5299999713897705,0.0,220946288
2023-07-13,3.0304172039031982,3.609999895095825,0.0,3.609999895095825,3.549999952316284,3.549999952316284,0.0,317188740
2023-07-14,3.0304172039031982,3.609999895095825,0.0,3.630000114440918,3.5899999141693115,3.609999895095825,0.0,295427855
2023-07-17,3.0388121604919434,3.619999885559082,0.0,3.630000114440918,3.5799999237060547,3.619999885559082,0.0,432382887
2023-07-18,3.0407798290252686,3.4000000953674316,0.2222,3.440000057220459,3.4000000953674316,3.4200000762939453,0.0,400172056
2023-07-19,3.0407798290252686,3.4000000953674316,0.0,3.4100000858306885,3.369999885559082,3.4000000953674316,0.0,272850265
2023-07-20,3.058666467666626,3.4200000762939453,0.0,3.430000066757202,3.390000104904175,3.4000000953674316,0.0,208740244
2023-07-21,3.0497231483459473,3.4100000858306885,0.0,3.430000066757202,3.4100000858306885,3.4100000858306885,0.0,149440001
2023-07-24,3.067610025405884,3.430000066757202,0.0,3.430000066757202,3.390000104904175,3.4100000858306885,0.0,156123292
2023-07-25,3.1212708950042725,3.490000009536743,0.0,3.490000009536743,3.430000066757202,3.440000057220459,0.0,319508954
2023-07-26,3.1123273372650146,3.4800000190734863,0.0,3.5,3.4600000381469727,3.4800000190734863,0.0,178460145
2023-07-27,3.165987730026245,3.5399999618530273,0.0,3.5799999237060547,3.4800000190734863,3.490000009536743,0.0,300481230
2023-07-28,3.2285923957824707,3.609999895095825,0.0,3.619999885559082,3.5199999809265137,3.5299999713897705,0.0,327432693
2023-07-31,3.2375357151031494,3.619999885559082,0.0,3.7100000381469727,3.5799999237060547,3.619999885559082,0.0,441307391
2023-08-01,3.2464792728424072,3.630000114440918,0.0,3.6500000953674316,3.5899999141693115,3.609999895095825,0.0,214856950
2023-08-02,3.13915753364563,3.509999990463257,0.0,3.609999895095825,3.5,3.609999895095825,0.0,501006450
2023-08-03,3.174931526184082,3.549999952316284,0.0,3.569999933242798,3.4700000286102295,3.509999990463257,0.0,322527600
2023-08-04,3.174931526184082,3.549999952316284,0.0,3.5999999046325684,3.549999952316284,3.569999933242798,0.0,280590470
2023-08-07,3.1570446491241455,3.5299999713897705,0.0,3.549999952316284,3.490000009536743,3.549999952316284,0.0,267323724
2023-08-08,3.13915753364563,3.509999990463257,0.0,3.549999952316284,3.5,3.5199999809265137,0.0,197353095
2023-08-09,3.1481010913848877,3.5199999809265137,0.0,3.5399999618530273,3.5,3.509999990463257,0.0,206402403
2023-08-10,3.1481010913848877,3.5199999809265137,0.0,3.5299999713897705,3.5,3.5299999713897705,0.0,183122565
2023-08-11,3.094440460205078,3.4600000381469727,0.0,3.5299999713897705,3.4600000381469727,3.5199999809265137,0.0,302292001
2023-08-14,3.058666467666626,3.4200000762939453,0.0,3.440000057220459,3.4000000953674316,3.430000066757202,0.0,279416003
2023-08-15,3.1212708950042725,3.490000009536743,0.0,3.5,3.4100000858306885,3.4200000762939453,0.0,319544012
2023-08-16,3.1212708950042725,3.490000009536743,0.0,3.5,3.450000047683716,3.4800000190734863,0.0,213216540
2023-08-17,3.103383779525757,3.4700000286102295,0.0,3.5,3.440000057220459,3.4800000190734863,0.0,245525423
2023-08-18,3.1212708950042725,3.490000009536743,0.0,3.5199999809265137,3.4600000381469727,3.4600000381469727,0.0,285772160
2023-08-21,3.067610025405884,3.430000066757202,0.0,3.509999990463257,3.4200000762939453,3.509999990463257,0.0,317558713
2023-08-22,3.1123273372650146,3.4800000190734863,0.0,3.490000009536743,3.430000066757202,3.430000066757202,0.0,316327001
2023-08-23,3.1123273372650146,3.4800000190734863,0.0,3.509999990463257,3.4700000286102295,3.4800000190734863,0.0,251081448
2023-08-24,3.103383779525757,3.4700000286102295,0.0,3.5,3.450000047683716,3.490000009536743,0.0,276357832
2023-08-25,3.1123273372650146,3.4800000190734863,0.0,3.5,3.450000047683716,3.4600000381469727,0.0,260660614
2023-08-28,3.165987730026245,3.5399999618530273,0.0,3.609999895095825,3.509999990463257,3.5899999141693115,0.0,452672599
2023-08-29,3.1123273372650146,3.4800000190734863,0.0,3.5399999618530273,3.4600000381469727,3.5299999713897705,0.0,397523753
2023-08-30,3.1123273372650146,3.4800000190734863,0.0,3.4800000190734863,3.450000047683716,3.4800000190734863,0.0,219117370
2023-08-31,3.094440460205078,3.4600000381469727,0.0,3.5,3.4600000381469727,3.4800000190734863,0.0,206704566
2023-09-01,3.0765533447265625,3.440000057220459,0.0,3.4700000286102295,3.440000057220459,3.4600000381469727,0.0,213338839
2023-09-04,3.1123273372650146,3.4800000190734863,0.0,3.4800000190734863,3.450000047683716,3.450000047683716,0.0,232213314
2023-09-05,3.0854969024658203,3.450000047683716,0.0,3.4700000286102295,3.450000047683716,3.4700000286102295,0.0,134652188
2023-09-06,3.094440460205078,3.4600000381469727,0.0,3.4700000286102295,3.450000047683716,3.450000047683716,0.0,129955192
2023-09-07,3.094440460205078,3.4600000381469727,0.0,3.4700000286102295,3.440000057220459,3.4600000381469727,0.0,200640294
2023-09-08,3.0854969024658203,3.450000047683716,0.0,3.4600000381469727,3.440000057220459,3.450000047683716,0.0,132714509
2023-09-11,3.0765533447265625,3.440000057220459,0.0,3.450000047683716,3.430000066757202,3.450000047683716,0.0,220049148
2023-09-12,3.0765533447265625,3.440000057220459,0.0,3.450000047683716,3.430000066757202,3.440000057220459,0.0,116045524
2023-09-13,3.0854969024658203,3.450000047683716,0.0,3.4600000381469727,3.430000066757202,3.440000057220459,0.0,205895783
2023-09-14,3.130214214324951,3.5,0.0,3.509999990463257,3.440000057220459,3.450000047683716,0.0,455291387
2023-09-15,3.103383779525757,3.4700000286102295,0.0,3.5299999713897705,3.4700000286102295,3.509999990463257,0.0,355535076
2023-09-18,3.103383779525757,3.4700000286102295,0.0,3.4800000190734863,3.450000047683716,3.4800000190734863,0.0,263499145
2023-09-19,3.1570446491241455,3.5299999713897705,0.0,3.5299999713897705,3.4600000381469727,3.4700000286102295,0.0,363573330
2023-09-20,3.2017617225646973,3.5799999237060547,0.0,3.5999999046325684,3.5199999809265137,3.5299999713897705,0.0,417744050
2023-09-21,3.18387508392334,3.559999942779541,0.0,3.609999895095825,3.549999952316284,3.5899999141693115,0.0,280587564
2023-09-22,3.210705280303955,3.5899999141693115,0.0,3.5999999046325684,3.5299999713897705,3.559999942779541,0.0,371428185
2023-09-25,3.2375357151031494,3.619999885559082,0.0,3.630000114440918,3.5799999237060547,3.5899999141693115,0.0,329133391
2023-09-26,3.2375357151031494,3.619999885559082,0.0,3.640000104904175,3.5999999046325684,3.619999885559082,0.0,258603641
2023-09-27,3.18387508392334,3.559999942779541,0.0,3.619999885559082,3.559999942779541,3.619999885559082,0.0,315458964
2023-09-28,3.219648838043213,3.5999999046325684,0.0,3.619999885559082,3.569999933242798,3.5799999237060547,0.0,263110406
2023-10-09,3.219648838043213,3.5999999046325684,0.0,3.640000104904175,3.549999952316284,3.5799999237060547,0.0,302263792
2023-10-10,3.2285923957824707,3.609999895095825,0.0,3.6500000953674316,3.5899999141693115,3.5999999046325684,0.0,267048570
2023-10-11,3.264366626739502,3.6500000953674316,0.0,3.6600000858306885,3.5999999046325684,3.619999885559082,0.0,370703803
2023-10-12,3.2822532653808594,3.6700000762939453,0.0,3.7699999809265137,3.6500000953674316,3.700000047683716,0.0,595478698
2023-10-13,3.3269705772399902,3.7200000286102295,0.0,3.75,3.6500000953674316,3.6600000858306885,0.0,507283316
2023-10-16,3.3180270195007324,3.7100000381469727,0.0,3.7300000190734863,3.6700000762939453,3.7200000286102295,0.0,329202504
2023-10-17,3.3269705772399902,3.7200000286102295,0.0,3.7300000190734863,3.700000047683716,3.700000047683716,0.0,202920100
2023-10-18,3.3448574542999268,3.740000009536743,0.0,3.75,3.700000047683716,3.7100000381469727,0.0,313793102
2023-10-19,3.2822532653808594,3.6700000762939453,0.0,3.740000009536743,3.6600000858306885,3.7300000190734863,0.0,471854191
2023-10-20,3.2733099460601807,3.6600000858306885,0.0,3.680000066757202,3.619999885559082,3.6500000953674316,0.0,420766864
2023-10-23,3.264366626739502,3.6500000953674316,0.0,3.690000057220459,3.630000114440918,3.640000104904175,0.0,291995071
2023-10-24,3.219648838043213,3.5999999046325684,0.0,3.6700000762939453,3.5799999237060547,3.6600000858306885,0.0,402914728
2023-10-25,3.18387508392334,3.559999942779541,0.0,3.619999885559082,3.5399999618530273,3.619999885559082,0.0,540132729
2023-10-26,3.2375357151031494,3.619999885559082,0.0,3.630000114440918,3.5399999618530273,3.549999952316284,0.0,423721924
2023-10-27,3.2464792728424072,3.630000114440918,0.0,3.6700000762939453,3.5999999046325684,3.630000114440918,0.0,419813535
2023-10-30,3.18387508392334,3.559999942779541,0.0,3.630000114440918,3.5299999713897705,3.630000114440918,0.0,603878656
2023-10-31,3.210705280303955,3.5899999141693115,0.0,3.5999999046325684,3.5399999618530273,3.549999952316284,0.0,321090252
2023-11-01,3.2375357151031494,3.619999885559082,0.0,3.630000114440918,3.569999933242798,3.5899999141693115,0.0,309276021
2023-11-02,3.2733099460601807,3.6600000858306885,0.0,3.680000066757202,3.619999885559082,3.630000114440918,0.0,297169100
2023-11-03,3.2375357151031494,3.619999885559082,0.0,3.6600000858306885,3.609999895095825,3.6600000858306885,0.0,293657387
2023-11-06,3.2017617225646973,3.5799999237060547,0.0,3.619999885559082,3.559999942779541,3.619999885559082,0.0,374210309
2023-11-07,3.2285923957824707,3.609999895095825,0.0,3.619999885559082,3.559999942779541,3.569999933242798,0.0,261554862
2023-11-08,3.219648838043213,3.5999999046325684,0.0,3.619999885559082,3.5899999141693115,3.5999999046325684,0.0,162671061
2023-11-09,3.2464792728424072,3.630000114440918,0.0,3.640000104904175,3.5799999237060547,3.5899999141693115,0.0,254762976
2023-11-10,3.2464792728424072,3.630000114440918,0.0,3.680000066757202,3.619999885559082,3.630000114440918,0.0,307448677
2023-11-13,3.2375357151031494,3.619999885559082,0.0,3.630000114440918,3.5799999237060547,3.630000114440918,0.0,195194414
2023-11-14,3.2464792728424072,3.630000114440918,0.0,3.6500000953674316,3.5999999046325684,3.619999885559082,0.0,249893769
2023-11-15,3.2375357151031494,3.619999885559082,0.0,3.6500000953674316,3.609999895095825,3.640000104904175,0.0,224659419
2023-11-16,3.264366626739502,3.6500000953674316,0.0,3.6600000858306885,3.5999999046325684,3.619999885559082,0.0,311545298
2023-11-17,3.2464792728424072,3.630000114440918,0.0,3.6500000953674316,3.619999885559082,3.640000104904175,0.0,192791475
2023-11-20,3.264366626739502,3.6500000953674316,0.0,3.6600000858306885,3.630000114440918,3.630000114440918,0.0,227433502
2023-11-21,3.2822532653808594,3.6700000762939453,0.0,3.680000066757202,3.6500000953674316,3.6600000858306885,0.0,274810201
2023-11-22,3.2733099460601807,3.6600000858306885,0.0,3.680000066757202,3.6500000953674316,3.6600000858306885,0.0,163343293
2023-11-23,3.2733099460601807,3.6600000858306885,0.0,3.6700000762939453,3.6500000953674316,3.6600000858306885,0.0,175517401
2023-11-24,3.2733099460601807,3.6600000858306885,0.0,3.680000066757202,3.640000104904175,3.6600000858306885,0.0,222233000
2023-11-27,3.2464792728424072,3.630000114440918,0.0,3.6600000858306885,3.609999895095825,3.6600000858306885,0.0,309868793
2023-11-28,3.255423069000244,3.640000104904175,0.0,3.6500000953674316,3.619999885559082,3.640000104904175,0.0,185998487
2023-11-29,3.2464792728424072,3.630000114440918,0.0,3.6500000953674316,3.619999885559082,3.640000104904175,0.0,215374800
2023-11-30,3.2733099460601807,3.6600000858306885,0.0,3.6600000858306885,3.619999885559082,3.630000114440918,0.0,278503935
2023-12-01,3.264366626739502,3.6500000953674316,0.0,3.680000066757202,3.6500000953674316,3.6600000858306885,0.0,319075564
2023-12-04,3.255423069000244,3.640000104904175,0.0,3.6700000762939453,3.640000104904175,3.6600000858306885,0.0,187612717
2023-12-05,3.2285923957824707,3.609999895095825,0.0,3.6500000953674316,3.609999895095825,3.6500000953674316,0.0,271783205
2023-12-06,3.1570446491241455,3.5299999713897705,0.0,3.609999895095825,3.5299999713897705,3.609999895095825,0.0,516995691
2023-12-07,3.18387508392334,3.559999942779541,0.0,3.569999933242798,3.509999990463257,3.5299999713897705,0.0,353005656
2023-12-08,3.1928184032440186,3.569999933242798,0.0,3.5899999141693115,3.5399999618530273,3.559999942779541,0.0,315602573
2023-12-11,3.174931526184082,3.549999952316284,0.0,3.569999933242798,3.5,3.569999933242798,0.0,396480957
2023-12-12,3.2375357151031494,3.619999885559082,0.0,3.630000114440918,3.5399999618530273,3.549999952316284,0.0,411889614
2023-12-13,3.2375357151031494,3.619999885559082,0.0,3.640000104904175,3.5999999046325684,3.619999885559082,0.0,306981098
2023-12-14,3.2375357151031494,3.619999885559082,0.0,3.6500000953674316,3.609999895095825,3.630000114440918,0.0,216057045
2023-12-15,3.2017617225646973,3.5799999237060547,0.0,3.640000104904175,3.5799999237060547,3.630000114440918,0.0,266197966
2023-12-18,3.2375357151031494,3.619999885559082,0.0,3.640000104904175,3.549999952316284,3.5799999237060547,0.0,308682749
2023-12-19,3.255423069000244,3.640000104904175,0.0,3.640000104904175,3.5999999046325684,3.630000114440918,0.0,262120577
2023-12-20,3.2464792728424072,3.630000114440918,0.0,3.6700000762939453,3.630000114440918,3.640000104904175,0.0,303765282
2023-12-21,3.2285923957824707,3.609999895095825,0.0,3.630000114440918,3.5999999046325684,3.630000114440918,0.0,322125122
2023-12-22,3.2464792728424072,3.630000114440918,0.0,3.640000104904175,3.609999895095825,3.619999885559082,0.0,285183570
2023-12-25,3.2733099460601807,3.6600000858306885,0.0,3.6600000858306885,3.630000114440918,3.630000114440918,0.0,209268966
2023-12-26,3.2822532653808594,3.6700000762939453,0.0,3.680000066757202,3.640000104904175,3.6600000858306885,0.0,230749363
2023-12-27,3.300140380859375,3.690000057220459,0.0,3.700000047683716,3.640000104904175,3.6700000762939453,0.0,341089772
2023-12-28,3.2464792728424072,3.630000114440918,0.0,3.7100000381469727,3.619999885559082,3.690000057220459,0.0,565540560
2023-12-29,3.255423069000244,3.640000104904175,0.0,3.6600000858306885,3.619999885559082,3.630000114440918,0.0,323725330
2024-01-02,3.2733099460601807,3.6600000858306885,0.0,3.680000066757202,3.630000114440918,3.640000104904175,0.0,347908816
2024-01-03,3.3269705772399902,3.7200000286102295,0.0,3.7200000286102295,3.6600000858306885,3.6700000762939453,0.0,478476267
2024-01-04,3.371687889099121,3.7699999809265137,0.0,3.7799999713897705,3.700000047683716,3.7200000286102295,0.0,388624371
2024-01-05,3.335914134979248,3.7300000190734863,0.0,3.7799999713897705,3.7200000286102295,3.7699999809265137,0.0,492790067
2024-01-08,3.3269705772399902,3.7200000286102295,0.0,3.740000009536743,3.700000047683716,3.7300000190734863,0.0,393248434
2024-01-09,3.3269705772399902,3.7200000286102295,0.0,3.7300000190734863,3.6700000762939453,3.7200000286102295,0.0,383728571
2024-01-10,3.3180270195007324,3.7100000381469727,0.0,3.7300000190734863,3.700000047683716,3.7200000286102295,0.0,259581257
2024-01-11,3.264366626739502,3.6500000953674316,0.0,3.7200000286102295,3.640000104904175,3.7100000381469727,0.0,375408554
2024-01-12,3.3090834617614746,3.700000047683716,0.0,3.7100000381469727,3.640000104904175,3.640000104904175,0.0,329581703
2024-01-15,3.3180270195007324,3.7100000381469727,0.0,3.7200000286102295,3.690000057220459,3.700000047683716,0.0,223625502
2024-01-16,3.3448574542999268,3.740000009536743,0.0,3.75,3.700000047683716,3.700000047683716,0.0,344926503
2024-01-17,3.3090834617614746,3.700000047683716,0.0,3.75,3.700000047683716,3.740000009536743,0.0,333368559
2024-01-18,3.300140380859375,3.690000057220459,0.0,3.7200000286102295,3.5799999237060547,3.690000057220459,0.0,745692871
2024-01-19,3.291196823120117,3.680000066757202,0.0,3.690000057220459,3.630000114440918,3.680000066757202,0.0,405931444
2024-01-22,3.291196823120117,3.680000066757202,0.0,3.7200000286102295,3.6600000858306885,3.6700000762939453,0.0,544068685
2024-01-23,3.291196823120117,3.680000066757202,0.0,3.700000047683716,3.630000114440918,3.680000066757202,0.0,401466794
2024-01-24,3.3538010120391846,3.75,0.0,3.75,3.680000066757202,3.690000057220459,0.0,490304742
2024-01-25,3.3985180854797363,3.799999952316284,0.0,3.809999942779541,3.75,3.759999990463257,0.0,449132170
2024-01-26,3.452178955078125,3.859999895095825,0.0,3.880000114440918,3.7799999713897705,3.799999952316284,0.0,476095886
2024-01-29,3.496896505355835,3.9100000858306885,0.0,3.930000066757202,3.859999895095825,3.869999885559082,0.0,450684032
2024-01-30,3.4700663089752197,3.880000114440918,0.0,3.930000066757202,3.859999895095825,3.9100000858306885,0.0,354295063
2024-01-31,3.4790096282958984,3.890000104904175,0.0,3.930000066757202,3.8499999046325684,3.869999885559082,0.0,380667926
2024-02-01,3.4790096282958984,3.890000104904175,0.0,3.9100000858306885,3.880000114440918,3.890000104904175,0.0,328050261
2024-02-02,3.5237269401550293,3.940000057220459,0.0,3.9700000286102295,3.880000114440918,3.890000104904175,0.0,557629443
2024-02-05,3.5952746868133545,4.019999980926514,0.0,4.03000020980835,3.9200000762939453,3.930000066757202,0.0,661851274
2024-02-06,3.657878875732422,4.090000152587891,0.0,4.119999885559082,4.010000228881836,4.019999980926514,0.0,687823749
2024-02-07,3.5952746868133545,4.019999980926514,0.0,4.070000171661377,3.930000066757202,4.070000171661377,0.0,748710334
2024-02-08,3.541613817214966,3.9600000381469727,0.0,3.990000009536743,3.9000000953674316,3.990000009536743,0.0,495683919
2024-02-19,3.648935317993164,4.079999923706055,0.0,4.079999923706055,3.9200000762939453,3.9700000286102295,0.0,572990818
2024-02-20,3.7115397453308105,4.150000095367432,0.0,4.179999828338623,4.059999942779541,4.079999923706055,0.0,397118593
2024-02-21,3.7383697032928467,4.179999828338623,0.0,4.230000019073486,4.130000114440918,4.139999866485596,0.0,432909990
2024-02-22,3.7562570571899414,4.199999809265137,0.0,4.210000038146973,4.159999847412109,4.179999828338623,0.0,290876084
2024-02-23,3.80991792678833,4.260000228881836,0.0,4.300000190734863,4.199999809265137,4.199999809265137,0.0,369425619
2024-02-26,3.702596426010132,4.139999866485596,0.0,4.28000020980835,4.130000114440918,4.260000228881836,0.0,427076834
2024-02-27,3.7204833030700684,4.159999847412109,0.0,4.199999809265137,4.110000133514404,4.130000114440918,0.0,310696508
2024-02-28,3.7204833030700684,4.159999847412109,0.0,4.190000057220459,4.110000133514404,4.159999847412109,0.0,390336077
2024-02-29,3.7473137378692627,4.190000057220459,0.0,4.190000057220459,4.139999866485596,4.150000095367432,0.0,295696680
2024-03-01,3.7920310497283936,4.239999771118164,0.0,4.25,4.170000076293945,4.179999828338623,0.0,367474144
2024-03-04,3.7920310497283936,4.239999771118164,0.0,4.25,4.210000038146973,4.239999771118164,0.0,359837139
2024-03-05,3.8814656734466553,4.340000152587891,0.0,4.360000133514404,4.21999979019165,4.230000019073486,0.0,432530191
2024-03-06,3.80991792678833,4.260000228881836,0.0,4.400000095367432,4.239999771118164,4.340000152587891,0.0,425783690
2024-03-07,3.8278048038482666,4.28000020980835,0.0,4.289999961853027,4.25,4.260000228881836,0.0,327328697
2024-03-08,3.818861484527588,4.269999980926514,0.0,4.300000190734863,4.260000228881836,4.269999980926514,0.0,335741384
2024-03-11,3.7920310497283936,4.239999771118164,0.0,4.28000020980835,4.210000038146973,4.269999980926514,0.0,374205910
2024-03-12,3.702596426010132,4.139999866485596,0.0,4.239999771118164,4.139999866485596,4.230000019073486,0.0,472814058
2024-03-13,3.684709072113037,4.119999885559082,0.0,4.159999847412109,4.110000133514404,4.130000114440918,0.0,283314318
2024-03-14,3.7204833030700684,4.159999847412109,0.0,4.170000076293945,4.119999885559082,4.119999885559082,0.0,241845428
2024-03-15,3.7204833030700684,4.159999847412109,0.0,4.199999809265137,4.159999847412109,4.159999847412109,0.0,303804340
2024-03-18,3.693652629852295,4.130000114440918,0.0,4.170000076293945,4.119999885559082,4.159999847412109,0.0,296072984
2024-03-19,3.657878875732422,4.090000152587891,0.0,4.130000114440918,4.059999942779541,4.130000114440918,0.0,382805956
2024-03-20,3.693652629852295,4.130000114440918,0.0,4.139999866485596,4.070000171661377,4.079999923706055,0.0,304603699
2024-03-21,3.702596426010132,4.139999866485596,0.0,4.170000076293945,4.119999885559082,4.130000114440918,0.0,289826682
2024-03-22,3.7383697032928467,4.179999828338623,0.0,4.179999828338623,4.119999885559082,4.139999866485596,0.0,331088177
2024-03-25,3.765200614929199,4.210000038146973,0.0,4.21999979019165,4.159999847412109,4.170000076293945,0.0,370160929
2024-03-26,3.7830874919891357,4.230000019073486,0.0,4.239999771118164,4.179999828338623,4.230000019073486,0.0,366546270
2024-03-27,3.8278048038482666,4.28000020980835,0.0,4.309999942779541,4.21999979019165,4.230000019073486,0.0,389933579
2024-03-28,3.729426860809326,4.170000076293945,0.0,4.28000020980835,4.150000095367432,4.269999980926514,0.0,506524869
2024-03-29,3.7830874919891357,4.230000019073486,0.0,4.269999980926514,4.159999847412109,4.170000076293945,0.0,254268099
2024-04-01,3.7830874919891357,4.230000019073486,0.0,4.25,4.210000038146973,4.230000019073486,0.0,253839301
2024-04-02,3.818861484527588,4.269999980926514,0.0,4.309999942779541,4.230000019073486,4.230000019073486,0.0,372701218
2024-04-03,3.8367483615875244,4.289999961853027,0.0,4.300000190734863,4.25,4.269999980926514,0.0,242020947
2024-04-08,3.8814656734466553,4.340000152587891,0.0,4.360000133514404,4.269999980926514,4.28000020980835,0.0,349929180
2024-04-09,3.8278048038482666,4.28000020980835,0.0,4.369999885559082,4.260000228881836,4.349999904632568,0.0,390822351
2024-04-10,3.8367483615875244,4.289999961853027,0.0,4.320000171661377,4.28000020980835,4.28000020980835,0.0,285638906
2024-04-11,3.818861484527588,4.269999980926514,0.0,4.300000190734863,4.25,4.289999961853027,0.0,258490466
2024-04-12,3.8278048038482666,4.28000020980835,0.0,4.289999961853027,4.260000228881836,4.269999980926514,0.0,296029874
2024-04-15,3.9082956314086914,4.369999885559082,0.0,4.380000114440918,4.28000020980835,4.28000020980835,0.0,404908248
2024-04-16,3.961956739425659,4.429999828338623,0.0,4.460000038146973,4.340000152587891,4.369999885559082,0.0,500280119
2024-04-17,3.9887871742248535,4.460000038146973,0.0,4.46999979019165,4.349999904632568,4.409999847412109,0.0,429792204
2024-04-18,4.015617370605469,4.489999771118164,0.0,4.579999923706055,4.429999828338623,4.440000057220459,0.0,498903823
2024-04-19,4.060335636138916,4.539999961853027,0.0,4.550000190734863,4.46999979019165,4.480000019073486,0.0,303085396
2024-04-22,4.024560451507568,4.5,0.0,4.619999885559082,4.480000019073486,4.550000190734863,0.0,399069328
2024-04-23,4.024560451507568,4.5,0.0,4.559999942779541,4.440000057220459,4.5,0.0,339834801
2024-04-24,4.015617370605469,4.489999771118164,0.0,4.53000020980835,4.460000038146973,4.5,0.0,279718551
2024-04-25,4.069278240203857,4.550000190734863,0.0,4.550000190734863,4.46999979019165,4.489999771118164,0.0,305928148
2024-04-26,3.9798433780670166,4.449999809265137,0.0,4.579999923706055,4.449999809265137,4.550000190734863,0.0,535165949
2024-04-29,3.9440701007843018,4.409999847412109,0.0,4.460000038146973,4.389999866485596,4.449999809265137,0.0,421875192
2024-04-30,3.935126781463623,4.400000095367432,0.0,4.440000057220459,4.389999866485596,4.400000095367432,0.0,319000625
2024-05-06,3.890409231185913,4.349999904632568,0.0,4.429999828338623,4.340000152587891,4.409999847412109,0.0,452435189
2024-05-07,3.9172396659851074,4.380000114440918,0.0,4.389999866485596,4.309999942779541,4.340000152587891,0.0,418324720
2024-05-08,3.961956739425659,4.429999828338623,0.0,4.440000057220459,4.369999885559082,4.380000114440918,0.0,388237247
2024-05-09,3.9172396659851074,4.380000114440918,0.0,4.429999828338623,4.360000133514404,4.429999828338623,0.0,390411529
2024-05-10,3.9082956314086914,4.369999885559082,0.0,4.400000095367432,4.360000133514404,4.369999885559082,0.0,291749476
2024-05-13,3.9172396659851074,4.380000114440918,0.0,4.389999866485596,4.340000152587891,4.369999885559082,0.0,302894385
2024-05-14,3.8814656734466553,4.340000152587891,0.0,4.380000114440918,4.340000152587891,4.380000114440918,0.0,262960886
2024-05-15,3.8814656734466553,4.340000152587891,0.0,4.349999904632568,4.329999923706055,4.340000152587891,0.0,171006580
2024-05-16,3.890409231185913,4.349999904632568,0.0,4.369999885559082,4.329999923706055,4.340000152587891,0.0,273656413
2024-05-17,3.9172396659851074,4.380000114440918,0.0,4.380000114440918,4.349999904632568,4.360000133514404,0.0,293995274
2024-05-20,3.9082956314086914,4.369999885559082,0.0,4.429999828338623,4.360000133514404,4.389999866485596,0.0,379047719
2024-05-21,3.9440701007843018,4.409999847412109,0.0,4.420000076293945,4.360000133514404,4.369999885559082,0.0,305281277
2024-05-22,3.9530129432678223,4.420000076293945,0.0,4.440000057220459,4.400000095367432,4.409999847412109,0.0,268460900
2024-05-23,3.935126781463623,4.400000095367432,0.0,4.429999828338623,4.389999866485596,4.420000076293945,0.0,269649468
2024-05-24,3.926182985305786,4.389999866485596,0.0,4.429999828338623,4.389999866485596,4.400000095367432,0.0,269536495
2024-05-27,3.9798433780670166,4.449999809265137,0.0,4.460000038146973,4.389999866485596,4.400000095367432,0.0,391169135
2024-05-28,3.9887871742248535,4.460000038146973,0.0,4.480000019073486,4.440000057220459,4.460000038146973,0.0,252308393
2024-05-29,3.961956739425659,4.429999828338623,0.0,4.480000019073486,4.420000076293945,4.449999809265137,0.0,330722000
2024-05-30,3.926182985305786,4.389999866485596,0.0,4.460000038146973,4.380000114440918,4.429999828338623,0.0,326976086
2024-05-31,3.926182985305786,4.389999866485596,0.0,4.409999847412109,4.380000114440918,4.389999866485596,0.0,216688761
2024-06-03,3.9440701007843018,4.409999847412109,0.0,4.409999847412109,4.360000133514404,4.389999866485596,0.0,320118345
2024-06-04,3.9440701007843018,4.409999847412109,0.0,4.429999828338623,4.400000095367432,4.409999847412109,0.0,245781843
2024-06-05,3.970900058746338,4.440000057220459,0.0,4.449999809265137,4.389999866485596,4.409999847412109,0.0,331084396
2024-06-06,3.961956739425659,4.429999828338623,0.0,4.449999809265137,4.420000076293945,4.429999828338623,0.0,399856265
2024-06-07,4.019417762756348,4.260000228881836,0.2309,4.269999980926514,4.21999979019165,4.239999771118164,0.0,498968556
2024-06-11,3.9345004558563232,4.170000076293945,0.0,4.28000020980835,4.159999847412109,4.260000228881836,0.0,532843438
2024-06-12,3.925065279006958,4.159999847412109,0.0,4.179999828338623,4.079999923706055,4.170000076293945,0.0,410313193
2024-06-13,3.9816763401031494,4.21999979019165,0.0,4.230000019073486,4.150000095367432,4.159999847412109,0.0,367846299
2024-06-14,4.009982109069824,4.25,0.0,4.260000228881836,4.210000038146973,4.210000038146973,0.0,363099258
2024-06-17,3.9345004558563232,4.170000076293945,0.0,4.25,4.150000095367432,4.239999771118164,0.0,423514900
2024-06-18,3.9439353942871094,4.179999828338623,0.0,4.190000057220459,4.099999904632568,4.170000076293945,0.0,308588929
2024-06-19,3.9816763401031494,4.21999979019165,0.0,4.21999979019165,4.170000076293945,4.179999828338623,0.0,295415352
2024-06-20,4.000546932220459,4.239999771118164,0.0,4.239999771118164,4.210000038146973,4.21999979019165,0.0,253004000
2024-06-21,3.953371047973633,4.190000057220459,0.0,4.25,4.190000057220459,4.239999771118164,0.0,340734829
2024-06-24,4.009982109069824,4.25,0.0,4.260000228881836,4.179999828338623,4.190000057220459,0.0,368522357
2024-06-25,4.019417762756348,4.260000228881836,0.0,4.269999980926514,4.230000019073486,4.25,0.0,331246679
2024-06-26,4.038288116455078,4.28000020980835,0.0,4.300000190734863,4.25,4.260000228881836,0.0,291574363
2024-06-27,4.076029300689697,4.320000171661377,0.0,4.340000152587891,4.28000020980835,4.28000020980835,0.0,390084508
2024-06-28,4.113770008087158,4.360000133514404,0.0,4.380000114440918,4.300000190734863,4.329999923706055,0.0,372775669
2024-07-01,4.189251899719238,4.440000057220459,0.0,4.449999809265137,4.349999904632568,4.360000133514404,0.0,347487492
2024-07-02,4.264733791351318,4.519999980926514,0.0,4.539999961853027,4.429999828338623,4.440000057220459,0.0,409826334
2024-07-03,4.236428260803223,4.489999771118164,0.0,4.539999961853027,4.449999809265137,4.53000020980835,0.0,346364946
2024-07-04,4.274168968200684,4.53000020980835,0.0,4.559999942779541,4.480000019073486,4.480000019073486,0.0,294532089
2024-07-05,4.274168968200684,4.53000020980835,0.0,4.53000020980835,4.53000020980835,4.53000020980835,0.0,0
2024-07-08,4.245863437652588,4.5,0.0,4.53000020980835,4.440000057220459,4.449999809265137,0.0,319523738
2024-07-09,4.274168968200684,4.53000020980835,0.0,4.53000020980835,4.440000057220459,4.489999771118164,0.0,375290516
2024-07-10,4.293039798736572,4.550000190734863,0.0,4.559999942779541,4.510000228881836,4.519999980926514,0.0,274987027
2024-07-11,4.255299091339111,4.510000228881836,0.0,4.550000190734863,4.480000019073486,4.539999961853027,0.0,300371797
2024-07-12,4.340216159820557,4.599999904632568,0.0,4.610000133514404,4.5,4.510000228881836,0.0,375589323
2024-07-15,4.453438758850098,4.71999979019165,0.0,4.75,4.599999904632568,4.599999904632568,0.0,405399317
2024-07-16,4.444003582000732,4.710000038146973,0.0,4.78000020980835,4.659999847412109,4.730000019073486,0.0,358260037
2024-07-17,4.453438758850098,4.71999979019165,0.0,4.75,4.670000076293945,4.710000038146973,0.0,277364758
2024-07-18,4.453438758850098,4.71999979019165,0.0,4.75,4.670000076293945,4.730000019073486,0.0,294750775
2024-07-19,4.444003582000732,4.710000038146973,0.0,4.71999979019165,4.630000114440918,4.710000038146973,0.0,408771452
2024-07-22,4.377957344055176,4.639999866485596,0.0,4.699999809265137,4.590000152587891,4.690000057220459,0.0,457134710
2024-07-23,4.472309112548828,4.739999771118164,0.0,4.789999961853027,4.619999885559082,4.630000114440918,0.0,488912990
2024-07-24,4.500615119934082,4.769999980926514,0.0,4.809999942779541,4.699999809265137,4.730000019073486,0.0,447234096
2024-07-25,4.453438758850098,4.71999979019165,0.0,4.78000020980835,4.659999847412109,4.769999980926514,0.0,424939788
2024-07-26,4.359086513519287,4.619999885559082,0.0,4.71999979019165,4.559999942779541,4.710000038146973,0.0,487745702
2024-07-29,4.434568405151367,4.699999809265137,0.0,4.710000038146973,4.559999942779541,4.610000133514404,0.0,387861452
2024-07-30,4.434568405151367,4.699999809265137,0.0,4.730000019073486,4.659999847412109,4.699999809265137,0.0,290689611
2024-07-31,4.33078145980835,4.590000152587891,0.0,4.71999979019165,4.579999923706055,4.710000038146973,0.0,515491417
2024-08-01,4.3685221672058105,4.630000114440918,0.0,4.659999847412109,4.510000228881836,4.570000171661377,0.0,432391153
2024-08-02,4.387392520904541,4.650000095367432,0.0,4.670000076293945,4.590000152587891,4.619999885559082,0.0,320365703
2024-08-05,4.3685221672058105,4.630000114440918,0.0,4.679999828338623,4.590000152587891,4.650000095367432,0.0,411757396
2024-08-06,4.311910152435303,4.570000171661377,0.0,4.650000095367432,4.539999961853027,4.630000114440918,0.0,356759089
2024-08-07,4.293039798736572,4.550000190734863,0.0,4.610000133514404,4.539999961853027,4.570000171661377,0.0,257200532
2024-08-08,4.311910152435303,4.570000171661377,0.0,4.579999923706055,4.539999961853027,4.559999942779541,0.0,193205630
2024-08-09,4.349651336669922,4.610000133514404,0.0,4.619999885559082,4.550000190734863,4.570000171661377,0.0,238618616
2024-08-12,4.377957344055176,4.639999866485596,0.0,4.670000076293945,4.590000152587891,4.610000133514404,0.0,261855600
2024-08-13,4.396827220916748,4.659999847412109,0.0,4.699999809265137,4.619999885559082,4.639999866485596,0.0,293070061
2024-08-14,4.396827220916748,4.659999847412109,0.0,4.690000057220459,4.639999866485596,4.650000095367432,0.0,220046871
2024-08-15,4.415698051452637,4.679999828338623,0.0,4.690000057220459,4.639999866485596,4.659999847412109,0.0,279748151
2024-08-16,4.491179943084717,4.760000228881836,0.0,4.760000228881836,4.679999828338623,4.690000057220459,0.0,373228603
2024-08-19,4.613838195800781,4.889999866485596,0.0,4.900000095367432,4.739999771118164,4.760000228881836,0.0,416477384
2024-08-20,4.642144203186035,4.920000076293945,0.0,4.940000057220459,4.860000133514404,4.889999866485596,0.0,415826992
2024-08-21,4.594967842102051,4.869999885559082,0.0,4.909999847412109,4.800000190734863,4.900000095367432,0.0,391082286
2024-08-22,4.63270902633667,4.909999847412109,0.0,4.940000057220459,4.849999904632568,4.860000133514404,0.0,402336003
2024-08-23,4.642144203186035,4.920000076293945,0.0,4.929999828338623,4.829999923706055,4.909999847412109,0.0,345371159
2024-08-26,4.642144203186035,4.920000076293945,0.0,4.929999828338623,4.860000133514404,4.909999847412109,0.0,273402350
2024-08-27,4.698755264282227,4.980000019073486,0.0,5.0,4.909999847412109,4.920000076293945,0.0,381702624
2024-08-28,4.661014556884766,4.940000057220459,0.0,5.010000228881836,4.909999847412109,4.980000019073486,0.0,357092958
2024-08-29,4.444003582000732,4.710000038146973,0.0,4.949999809265137,4.699999809265137,4.929999828338623,0.0,646856979
2024-08-30,4.264733791351318,4.519999980926514,0.0,4.71999979019165,4.5,4.670000076293945,0.0,888808394
2024-09-02,4.425133228302002,4.690000057220459,0.0,4.710000038146973,4.510000228881836,4.53000020980835,0.0,683283521
2024-09-03,4.226993083953857,4.480000019073486,0.0,4.679999828338623,4.440000057220459,4.679999828338623,0.0,700503025
2024-09-04,4.264733791351318,4.519999980926514,0.0,4.579999923706055,4.440000057220459,4.449999809265137,0.0,492974830
2024-09-05,4.245863437652588,4.5,0.0,4.559999942779541,4.46999979019165,4.519999980926514,0.0,345648125
2024-09-06,4.255299091339111,4.510000228881836,0.0,4.570000171661377,4.5,4.510000228881836,0.0,282334697
2024-09-09,4.264733791351318,4.519999980926514,0.0,4.539999961853027,4.440000057220459,4.5,0.0,352387584
2024-09-10,4.340216159820557,4.599999904632568,0.0,4.650000095367432,4.510000228881836,4.519999980926514,0.0,391287451
2024-09-11,4.208122730255127,4.460000038146973,0.0,4.610000133514404,4.440000057220459,4.599999904632568,0.0,458307211
2024-09-12,4.226993083953857,4.480000019073486,0.0,4.5,4.380000114440918,4.449999809265137,0.0,366433223
2024-09-13,4.189251899719238,4.440000057220459,0.0,4.510000228881836,4.400000095367432,4.480000019073486,0.0,332610579
2024-09-18,4.245863437652588,4.5,0.0,4.5,4.440000057220459,4.449999809265137,0.0,283111784
2024-09-19,4.245863437652588,4.5,0.0,4.539999961853027,4.440000057220459,4.5,0.0,385250181
2024-09-20,4.283604621887207,4.539999961853027,0.0,4.550000190734863,4.489999771118164,4.5,0.0,432598866
2024-09-23,4.359086513519287,4.619999885559082,0.0,4.630000114440918,4.519999980926514,4.53000020980835,0.0,314067992
2024-09-24,4.528921604156494,4.800000190734863,0.0,4.800000190734863,4.630000114440918,4.650000095367432,0.0,596147576
2024-09-25,4.566662311553955,4.840000152587891,0.0,4.96999979019165,4.760000228881836,4.869999885559082,0.0,610847482
2024-09-26,4.613838195800781,4.889999866485596,0.0,4.900000095367432,4.800000190734863,4.840000152587891,0.0,547069487
2024-09-27,4.434568405151367,4.699999809265137,0.0,4.929999828338623,4.670000076293945,4.920000076293945,0.0,825882040
2024-09-30,4.528921604156494,4.800000190734863,0.0,4.900000095367432,4.559999942779541,4.690000057220459,0.0,1767690237
2024-10-08,4.491179943084717,4.760000228881836,0.0,5.170000076293945,4.710000038146973,5.019999980926514,0.0,1654129811
2024-10-09,4.4062628746032715,4.670000076293945,0.0,4.800000190734863,4.650000095367432,4.71999979019165,0.0,1039787124
2024-10-10,4.547791957855225,4.820000171661377,0.0,4.900000095367432,4.679999828338623,4.690000057220459,0.0,1079928263
2024-10-11,4.55722713470459,4.829999923706055,0.0,4.940000057220459,4.78000020980835,4.820000171661377,0.0,726585464
2024-10-14,4.745932102203369,5.03000020980835,0.0,5.059999942779541,4.880000114440918,4.900000095367432,0.0,956934793
2024-10-15,4.642144203186035,4.920000076293945,0.0,5.050000190734863,4.920000076293945,5.010000228881836,0.0,597249678
2024-10-16,4.736496925354004,5.019999980926514,0.0,5.039999961853027,4.900000095367432,4.920000076293945,0.0,558952197
2024-10-17,4.698755264282227,4.980000019073486,0.0,5.050000190734863,4.980000019073486,5.019999980926514,0.0,423090837
2024-10-18,4.679885387420654,4.960000038146973,0.0,5.010000228881836,4.860000133514404,4.989999771118164,0.0,699459832
2024-10-21,4.566662311553955,4.840000152587891,0.0,4.929999828338623,4.809999942779541,4.929999828338623,0.0,718684413
2024-10-22,4.5855326652526855,4.860000133514404,0.0,4.889999866485596,4.809999942779541,4.840000152587891,0.0,495719764
2024-10-23,4.576097011566162,4.849999904632568,0.0,4.869999885559082,4.829999923706055,4.849999904632568,0.0,379048777
2024-10-24,4.594967842102051,4.869999885559082,0.0,4.900000095367432,4.829999923706055,4.849999904632568,0.0,328284083
2024-10-25,4.547791957855225,4.820000171661377,0.0,4.880000114440918,4.800000190734863,4.869999885559082,0.0,382415051
2024-10-28,4.491179943084717,4.760000228881836,0.0,4.809999942779541,4.71999979019165,4.800000190734863,0.0,546379124
2024-10-29,4.519485950469971,4.789999961853027,0.0,4.800000190734863,4.739999771118164,4.75,0.0,428848378
2024-10-30,4.444003582000732,4.710000038146973,0.0,4.800000190734863,4.710000038146973,4.78000020980835,0.0,386774559
2024-10-31,4.462874412536621,4.730000019073486,0.0,4.769999980926514,4.699999809265137,4.730000019073486,0.0,379583735
2024-11-01,4.5100507736206055,4.78000020980835,0.0,4.789999961853027,4.710000038146973,4.71999979019165,0.0,455425800
2024-11-04,4.5100507736206055,4.78000020980835,0.0,4.789999961853027,4.710000038146973,4.769999980926514,0.0,378411629
2024-11-05,4.528921604156494,4.800000190734863,0.0,4.800000190734863,4.75,4.760000228881836,0.0,364239869
2024-11-06,4.500615119934082,4.769999980926514,0.0,4.809999942779541,4.75,4.789999961853027,0.0,323639300
2024-11-07,4.528921604156494,4.800000190734863,0.0,4.800000190734863,4.730000019073486,4.760000228881836,0.0,441466465
2024-11-08,4.491179943084717,4.760000228881836,0.0,4.809999942779541,4.739999771118164,4.789999961853027,0.0,464151867
2024-11-11,4.425133228302002,4.690000057220459,0.0,4.739999771118164,4.679999828338623,4.730000019073486,0.0,496011583
2024-11-12,4.387392520904541,4.650000095367432,0.0,4.71999979019165,4.639999866485596,4.679999828338623,0.0,452765323
2024-11-13,4.396827220916748,4.659999847412109,0.0,4.690000057220459,4.630000114440918,4.650000095367432,0.0,336614896
2024-11-14,4.425133228302002,4.690000057220459,0.0,4.71999979019165,4.639999866485596,4.650000095367432,0.0,451701588
2024-11-15,4.434568405151367,4.699999809265137,0.0,4.75,4.650000095367432,4.690000057220459,0.0,513685557
2024-11-18,4.528921604156494,4.800000190734863,0.0,4.829999923706055,4.71999979019165,4.71999979019165,0.0,705066789
2024-11-19,4.481744766235352,4.75,0.0,4.820000171661377,4.699999809265137,4.800000190734863,0.0,568459472
2024-11-20,4.500615119934082,4.769999980926514,0.0,4.789999961853027,4.730000019073486,4.739999771118164,0.0,361954630
2024-11-21,4.500615119934082,4.769999980926514,0.0,4.78000020980835,4.75,4.760000228881836,0.0,218603300
2024-11-22,4.434568405151367,4.699999809265137,0.0,4.789999961853027,4.699999809265137,4.769999980926514,0.0,319265800
2024-11-25,4.462874412536621,4.730000019073486,0.0,4.75,4.699999809265137,4.71999979019165,0.0,331071600
2024-11-26,4.538356304168701,4.809999942779541,0.0,4.829999923706055,4.710000038146973,4.730000019073486,0.0,505542900
2024-11-27,4.55722713470459,4.829999923706055,0.0,4.860000133514404,4.789999961853027,4.800000190734863,0.0,427256585
2024-11-28,4.576097011566162,4.849999904632568,0.0,4.869999885559082,4.789999961853027,4.820000171661377,0.0,401482270
2024-11-29,4.538356304168701,4.809999942779541,0.0,4.880000114440918,4.800000190734863,4.869999885559082,0.0,428412159
2024-12-02,4.547791957855225,4.820000171661377,0.0,4.820000171661377,4.769999980926514,4.820000171661377,0.0,354507693
2024-12-03,4.613838195800781,4.889999866485596,0.0,4.889999866485596,4.809999942779541,4.809999942779541,0.0,467673140
2024-12-04,4.63270902633667,4.909999847412109,0.0,4.929999828338623,4.860000133514404,4.889999866485596,0.0,380647781
2024-12-05,4.642144203186035,4.920000076293945,0.0,4.949999809265137,4.900000095367432,4.900000095367432,0.0,277911802
2024-12-06,4.670449256896973,4.949999809265137,0.0,5.0,4.909999847412109,4.920000076293945,0.0,510451849
2024-12-09,4.727061748504639,5.010000228881836,0.0,5.050000190734863,4.920000076293945,4.949999809265137,0.0,505562236
2024-12-10,4.764802932739258,5.050000190734863,0.0,5.079999923706055,4.96999979019165,5.039999961853027,0.0,622946558
2024-12-11,4.689320087432861,4.96999979019165,0.0,5.070000171661377,4.96999979019165,5.039999961853027,0.0,469504266
2024-12-12,4.745932102203369,5.03000020980835,0.0,5.03000020980835,4.940000057220459,4.980000019073486,0.0,419912500
2024-12-13,4.717625617980957,5.0,0.0,5.039999961853027,4.980000019073486,5.010000228881836,0.0,487565968
2024-12-16,4.821413993835449,5.110000133514404,0.0,5.139999866485596,4.989999771118164,4.989999771118164,0.0,566716083
2024-12-17,4.811978816986084,5.099999904632568,0.0,5.199999809265137,5.090000152587891,5.110000133514404,0.0,428242394
2024-12-18,4.811978816986084,5.099999904632568,0.0,5.190000057220459,5.079999923706055,5.119999885559082,0.0,544508325
2024-12-19,4.755367279052734,5.039999961853027,0.0,5.110000133514404,5.03000020980835,5.099999904632568,0.0,482170021
2024-12-20,4.755367279052734,5.039999961853027,0.0,5.099999904632568,5.03000020980835,5.039999961853027,0.0,504798615
2024-12-23,4.896895885467529,5.190000057220459,0.0,5.199999809265137,5.039999961853027,5.050000190734863,0.0,695987733
2024-12-24,4.953507900238037,5.25,0.0,5.260000228881836,5.150000095367432,5.179999828338623,0.0,432904076
2024-12-25,5.0101189613342285,5.309999942779541,0.0,5.420000076293945,5.25,5.260000228881836,0.0,566560001
2024-12-26,5.000683784484863,5.300000190734863,0.0,5.329999923706055,5.210000038146973,5.309999942779541,0.0,430140127
2024-12-27,5.0101189613342285,5.309999942779541,0.0,5.329999923706055,5.159999847412109,5.28000020980835,0.0,513680713
2024-12-30,5.06673002243042,5.369999885559082,0.0,5.389999866485596,5.28000020980835,5.289999961853027,0.0,420717713
2024-12-31,5.038424968719482,5.340000152587891,0.0,5.440000057220459,5.340000152587891,5.369999885559082,0.0,463019101
2025-01-02,4.9063310623168945,5.199999809265137,0.0,5.400000095367432,5.170000076293945,5.340000152587891,0.0,640437445
2025-01-03,4.859155178070068,5.150000095367432,0.0,5.230000019073486,5.099999904632568,5.190000057220459,0.0,533097569
2025-01-06,4.896895885467529,5.190000057220459,0.0,5.210000038146973,5.050000190734863,5.159999847412109,0.0,494520558
2025-01-07,4.962943077087402,5.260000228881836,0.0,5.260000228881836,5.119999885559082,5.170000076293945,0.0,526716170
2025-01-08,4.998064041137695,5.179999828338623,0.1164,5.239999771118164,5.139999866485596,5.159999847412109,0.0,533196411
2025-01-09,4.959468841552734,5.139999866485596,0.0,5.199999809265137,5.090000152587891,5.179999828338623,0.0,404790000
2025-01-10,4.920874118804932,5.099999904632568,0.0,5.170000076293945,5.059999942779541,5.139999866485596,0.0,354495999
2025-01-13,4.853332996368408,5.03000020980835,0.0,5.099999904632568,4.960000038146973,5.079999923706055,0.0,428715940
2025-01-14,4.872630596160889,5.050000190734863,0.0,5.099999904632568,5.010000228881836,5.019999980926514,0.0,456482340
2025-01-15,4.891928195953369,5.070000171661377,0.0,5.159999847412109,5.039999961853027,5.050000190734863,0.0,474262127
2025-01-16,4.920874118804932,5.099999904632568,0.0,5.119999885559082,5.039999961853027,5.090000152587891,0.0,351748261
2025-01-17,4.872630596160889,5.050000190734863,0.0,5.110000133514404,5.039999961853027,5.079999923706055,0.0,339698192
2025-01-20,4.834035396575928,5.010000228881836,0.0,5.070000171661377,5.0,5.059999942779541,0.0,348904694
2025-01-21,4.834035396575928,5.010000228881836,0.0,5.050000190734863,4.96999979019165,5.019999980926514,0.0,307439396
2025-01-22,4.756844520568848,4.929999828338623,0.0,5.019999980926514,4.900000095367432,5.010000228881836,0.0,474527102
2025-01-23,4.882278919219971,5.059999942779541,0.0,5.079999923706055,4.940000057220459,4.940000057220459,0.0,656489943
2025-01-24,4.862981796264648,5.039999961853027,0.0,5.079999923706055,4.96999979019165,5.050000190734863,0.0,427648938
2025-01-27,4.978766441345215,5.159999847412109,0.0,5.199999809265137,5.039999961853027,5.039999961853027,0.0,564788552
2025-02-05,4.872630596160889,5.050000190734863,0.0,5.190000057220459,5.039999961853027,5.170000076293945,0.0,499457595
2025-02-06,4.862981796264648,5.039999961853027,0.0,5.079999923706055,5.010000228881836,5.050000190734863,0.0,348691239
2025-02-07,4.843684196472168,5.019999980926514,0.0,5.039999961853027,4.980000019073486,5.03000020980835,0.0,476028741
2025-02-10,4.843684196472168,5.019999980926514,0.0,5.050000190734863,4.989999771118164,5.019999980926514,0.0,328317651
2025-02-11,4.930522918701172,5.110000133514404,0.0,5.110000133514404,5.010000228881836,5.019999980926514,0.0,482172342
2025-02-12,4.959468841552734,5.139999866485596,0.0,5.150000095367432,5.070000171661377,5.110000133514404,0.0,380808837
2025-02-13,4.978766441345215,5.159999847412109,0.0,5.190000057220459,5.110000133514404,5.119999885559082,0.0,377767628
2025-02-14,5.027010440826416,5.210000038146973,0.0,5.210000038146973,5.139999866485596,5.170000076293945,0.0,359921296
2025-02-17,5.055956840515137,5.239999771118164,0.0,5.25,5.150000095367432,5.199999809265137,0.0,393042238
2025-02-18,5.104200839996338,5.289999961853027,0.0,5.329999923706055,5.21999979019165,5.230000019073486,0.0,459200967
2025-02-19,5.065606117248535,5.25,0.0,5.309999942779541,5.25,5.28000020980835,0.0,350572483
2025-02-20,5.084903240203857,5.269999980926514,0.0,5.300000190734863,5.239999771118164,5.25,0.0,257506127
2025-02-21,4.998064041137695,5.179999828338623,0.0,5.28000020980835,5.170000076293945,5.269999980926514,0.0,494717033
2025-02-24,4.959468841552734,5.139999866485596,0.0,5.190000057220459,5.110000133514404,5.159999847412109,0.0,438225855
2025-02-25,4.930522918701172,5.110000133514404,0.0,5.170000076293945,5.099999904632568,5.139999866485596,0.0,413169171
2025-02-26,4.940171718597412,5.119999885559082,0.0,5.190000057220459,5.110000133514404,5.110000133514404,0.0,449048190
2025-02-27,4.978766441345215,5.159999847412109,0.0,5.179999828338623,5.079999923706055,5.119999885559082,0.0,429727954
2025-02-28,4.949820518493652,5.130000114440918,0.0,5.199999809265137,5.130000114440918,5.150000095367432,0.0,526431366
2025-03-03,4.930522918701172,5.110000133514404,0.0,5.159999847412109,5.079999923706055,5.139999866485596,0.0,455197311
2025-03-04,4.901576519012451,5.079999923706055,0.0,5.130000114440918,5.070000171661377,5.110000133514404,0.0,414261193
2025-03-05,4.978766441345215,5.159999847412109,0.0,5.199999809265137,5.059999942779541,5.079999923706055,0.0,632038292
2025-03-06,4.930522918701172,5.110000133514404,0.0,5.159999847412109,5.099999904632568,5.150000095367432,0.0,606352532
2025-03-07,4.920874118804932,5.099999904632568,0.0,5.130000114440918,5.090000152587891,5.110000133514404,0.0,363698681
2025-03-10,4.882278919219971,5.059999942779541,0.0,5.110000133514404,5.039999961853027,5.099999904632568,0.0,471574624
2025-03-11,4.91122579574585,5.090000152587891,0.0,5.090000152587891,5.039999961853027,5.050000190734863,0.0,433933060
2025-03-12,4.872630596160889,5.050000190734863,0.0,5.079999923706055,5.03000020980835,5.070000171661377,0.0,413644672
2025-03-13,4.901576519012451,5.079999923706055,0.0,5.099999904632568,5.039999961853027,5.050000190734863,0.0,383534700
2025-03-14,4.91122579574585,5.090000152587891,0.0,5.119999885559082,5.079999923706055,5.090000152587891,0.0,517636031
2025-03-17,4.949820518493652,5.130000114440918,0.0,5.139999866485596,5.090000152587891,5.099999904632568,0.0,380446373
2025-03-18,4.940171718597412,5.119999885559082,0.0,5.139999866485596,5.110000133514404,5.139999866485596,0.0,273808270
2025-03-19,4.988415718078613,5.170000076293945,0.0,5.179999828338623,5.119999885559082,5.130000114440918,0.0,423575341
2025-03-20,4.959468841552734,5.139999866485596,0.0,5.190000057220459,5.130000114440918,5.170000076293945,0.0,289062972
2025-03-21,4.91122579574585,5.090000152587891,0.0,5.150000095367432,5.079999923706055,5.139999866485596,0.0,333636660
2025-03-24,4.959468841552734,5.139999866485596,0.0,5.150000095367432,5.079999923706055,5.090000152587891,0.0,389400752
2025-03-25,4.988415718078613,5.170000076293945,0.0,5.170000076293945,5.139999866485596,5.150000095367432,0.0,256160980
2025-03-26,4.969118118286133,5.150000095367432,0.0,5.170000076293945,5.130000114440918,5.170000076293945,0.0,252538632
2025-03-27,4.969118118286133,5.150000095367432,0.0,5.199999809265137,5.139999866485596,5.150000095367432,0.0,351414202
2025-03-28,4.920874118804932,5.099999904632568,0.0,5.150000095367432,5.099999904632568,5.139999866485596,0.0,315648172
2025-03-31,4.998064041137695,5.179999828338623,0.0,5.190000057220459,5.099999904632568,5.130000114440918,0.0,560112297
2025-04-01,4.949820518493652,5.130000114440918,0.0,5.179999828338623,5.099999904632568,5.170000076293945,0.0,479432838
2025-04-02,4.988415718078613,5.170000076293945,0.0,5.179999828338623,5.119999885559082,5.119999885559082,0.0,386085415
2025-04-03,5.036659240722656,5.21999979019165,0.0,5.21999979019165,5.150000095367432,5.159999847412109,0.0,500442189
2025-04-07,4.853332996368408,5.03000020980835,0.0,5.170000076293945,4.920000076293945,5.159999847412109,0.0,1099362749
2025-04-08,4.930522918701172,5.110000133514404,0.0,5.130000114440918,5.019999980926514,5.019999980926514,0.0,740559077
2025-04-09,4.901576519012451,5.079999923706055,0.0,5.119999885559082,5.03000020980835,5.090000152587891,0.0,579354616
2025-04-10,4.901576519012451,5.079999923706055,0.0,5.090000152587891,5.050000190734863,5.079999923706055,0.0,470964082
2025-04-11,4.949820518493652,5.130000114440918,0.0,5.130000114440918,5.059999942779541,5.090000152587891,0.0,486043471
2025-04-14,4.998064041137695,5.179999828338623,0.0,5.199999809265137,5.110000133514404,5.119999885559082,0.0,457336353
2025-04-15,5.113849639892578,5.300000190734863,0.0,5.300000190734863,5.170000076293945,5.179999828338623,0.0,603848637
2025-04-16,5.181390762329102,5.369999885559082,0.0,5.380000114440918,5.28000020980835,5.300000190734863,0.0,502554790
2025-04-17,5.181390762329102,5.369999885559082,0.0,5.380000114440918,5.300000190734863,5.360000133514404,0.0,346221134
2025-04-18,5.229634761810303,5.420000076293945,0.0,5.440000057220459,5.360000133514404,5.360000133514404,0.0,355933274
2025-04-21,5.181390762329102,5.369999885559082,0.0,5.519999980926514,5.360000133514404,5.409999847412109,0.0,443958377
2025-04-22,5.306825160980225,5.5,0.0,5.53000020980835,5.360000133514404,5.369999885559082,0.0,488773117
2025-04-23,5.287527561187744,5.480000019073486,0.0,5.53000020980835,5.449999809265137,5.510000228881836,0.0,311756974
2025-04-24,5.3936638832092285,5.590000152587891,0.0,5.619999885559082,5.46999979019165,5.480000019073486,0.0,396038873
2025-04-25,5.355069160461426,5.550000190734863,0.0,5.650000095367432,5.510000228881836,5.599999904632568,0.0,402521523
2025-04-28,5.412961483001709,5.610000133514404,0.0,5.630000114440918,5.539999961853027,5.539999961853027,0.0,315202274
2025-04-29,5.3936638832092285,5.590000152587891,0.0,5.630000114440918,5.550000190734863,5.599999904632568,0.0,298269012
2025-04-30,5.229634761810303,5.420000076293945,0.0,5.579999923706055,5.369999885559082,5.570000171661377,0.0,655943330
2025-05-06,5.191039562225342,5.380000114440918,0.0,5.440000057220459,5.340000152587891,5.420000076293945,0.0,483562362
2025-05-07,5.268229961395264,5.460000038146973,0.0,5.460000038146973,5.360000133514404,5.400000095367432,0.0,498874191
2025-05-08,5.248932838439941,5.440000057220459,0.0,5.510000228881836,5.429999828338623,5.460000038146973,0.0,359551185
2025-05-09,5.316473960876465,5.510000228881836,0.0,5.53000020980835,5.440000057220459,5.449999809265137,0.0,397102737
2025-05-12,5.326122760772705,5.519999980926514,0.0,5.550000190734863,5.460000038146973,5.5,0.0,362902508
2025-05-13,5.4322590827941895,5.630000114440918,0.0,5.639999866485596,5.5,5.519999980926514,0.0,404077358
2025-05-14,5.44190788269043,5.639999866485596,0.0,5.690000057220459,5.590000152587891,5.619999885559082,0.0,403280989
2025-05-15,5.46120548248291,5.659999847412109,0.0,5.710000038146973,5.619999885559082,5.639999866485596,0.0,414514905
2025-05-16,5.3936638832092285,5.590000152587891,0.0,5.659999847412109,5.550000190734863,5.650000095367432,0.0,410681078
2025-05-19,5.364717483520508,5.559999942779541,0.0,5.630000114440918,5.550000190734863,5.579999923706055,0.0,304683003
2025-05-20,5.374366760253906,5.570000171661377,0.0,5.610000133514404,5.53000020980835,5.570000171661377,0.0,298151512
2025-05-21,5.384015083312988,5.579999923706055,0.0,5.619999885559082,5.550000190734863,5.570000171661377,0.0,267112694
2025-05-22,5.412961483001709,5.610000133514404,0.0,5.630000114440918,5.550000190734863,5.579999923706055,0.0,312516336
2025-05-23,5.345419883728027,5.539999961853027,0.0,5.630000114440918,5.539999961853027,5.619999885559082,0.0,408539815
2025-05-26,5.306825160980225,5.5,0.0,5.559999942779541,5.480000019073486,5.539999961853027,0.0,328404738
2025-05-27,5.335771560668945,5.53000020980835,0.0,5.559999942779541,5.489999771118164,5.5,0.0,244988260
2025-05-28,5.326122760772705,5.519999980926514,0.0,5.550000190734863,5.489999771118164,5.53000020980835,0.0,246485949
2025-05-29,5.316473960876465,5.510000228881836,0.0,5.539999961853027,5.489999771118164,5.53000020980835,0.0,245439721
2025-05-30,5.335771560668945,5.53000020980835,0.0,5.559999942779541,5.489999771118164,5.510000228881836,0.0,407222638
2025-06-03,5.374366760253906,5.570000171661377,0.0,5.579999923706055,5.5,5.519999980926514,0.0,361998654
2025-06-04,5.374366760253906,5.570000171661377,0.0,5.599999904632568,5.550000190734863,5.579999923706055,0.0,254910639
2025-06-05,5.374366760253906,5.570000171661377,0.0,5.630000114440918,5.550000190734863,5.570000171661377,0.0,356117416
2025-06-06,5.412961483001709,5.610000133514404,0.0,5.619999885559082,5.570000171661377,5.579999923706055,0.0,280110616
2025-06-09,5.3936638832092285,5.590000152587891,0.0,5.639999866485596,5.53000020980835,5.619999885559082,0.0,403543131
2025-06-10,5.422609806060791,5.619999885559082,0.0,5.670000076293945,5.570000171661377,5.579999923706055,0.0,419223261
2025-06-11,5.422609806060791,5.619999885559082,0.0,5.639999866485596,5.590000152587891,5.610000133514404,0.0,237239493
2025-06-12,5.4322590827941895,5.630000114440918,0.0,5.650000095367432,5.599999904632568,5.619999885559082,0.0,236750711
2025-06-13,5.403312683105469,5.599999904632568,0.0,5.650000095367432,5.599999904632568,5.630000114440918,0.0,305518916
2025-06-16,5.4322590827941895,5.630000114440918,0.0,5.639999866485596,5.53000020980835,5.599999904632568,0.0,421998921
2025-06-17,5.44190788269043,5.639999866485596,0.0,5.670000076293945,5.619999885559082,5.630000114440918,0.0,244868740
2025-06-18,5.528747081756592,5.730000019073486,0.0,5.730000019073486,5.639999866485596,5.650000095367432,0.0,380723980
2025-06-19,5.538395404815674,5.739999771118164,0.0,5.760000228881836,5.690000057220459,5.739999771118164,0.0,303338373
2025-06-20,5.5673418045043945,5.769999980926514,0.0,5.789999961853027,5.710000038146973,5.739999771118164,0.0,327799909
2025-06-23,5.683127403259277,5.889999866485596,0.0,5.929999828338623,5.739999771118164,5.760000228881836,0.0,443980699
2025-06-24,5.750668525695801,5.960000038146973,0.0,5.980000019073486,5.869999885559082,5.889999866485596,0.0,450823117
2025-06-25,5.808561325073242,6.019999980926514,0.0,6.070000171661377,5.920000076293945,5.960000038146973,0.0,458850073
2025-06-26,5.866454124450684,6.079999923706055,0.0,6.090000152587891,5.980000019073486,6.010000228881836,0.0,345406418
2025-06-27,5.673478603363037,5.880000114440918,0.0,6.090000152587891,5.849999904632568,6.070000171661377,0.0,732883819
2025-06-30,5.673478603363037,5.880000114440918,0.0,5.900000095367432,5.800000190734863,5.849999904632568,0.0,392937008
2025-07-01,5.750668525695801,5.960000038146973,0.0,5.989999771118164,5.880000114440918,5.889999866485596,0.0,314547507
2025-07-02,5.769966125488281,5.980000019073486,0.0,6.019999980926514,5.960000038146973,5.96999979019165,0.0,275379690
2025-07-03,5.7410197257995605,5.949999809265137,0.0,6.0,5.909999847412109,5.989999771118164,0.0,309911830
2025-07-04,5.818210124969482,6.03000020980835,0.0,6.070000171661377,5.940000057220459,5.949999809265137,0.0,374680422
2025-07-07,5.866454124450684,6.079999923706055,0.0,6.090000152587891,6.019999980926514,6.03000020980835,0.0,267920682
2025-07-08,5.905048847198486,6.119999885559082,0.0,6.119999885559082,6.039999961853027,6.079999923706055,0.0,289730860
2025-07-09,5.98223876953125,6.199999809265137,0.0,6.269999980926514,6.099999904632568,6.110000133514404,0.0,383411839
2025-07-10,6.088375568389893,6.309999942779541,0.0,6.349999904632568,6.199999809265137,6.210000038146973,0.0,560600459
2025-07-11,6.098024845123291,6.320000171661377,0.0,6.510000228881836,6.269999980926514,6.329999923706055,0.0,989961654
2025-07-14,6.155917167663574,6.380000114440918,0.0,6.46999979019165,6.309999942779541,6.320000171661377,0.0,523567635
2025-07-15,6.107673168182373,6.329999923706055,0.0,6.420000076293945,6.28000020980835,6.400000095367432,0.0,415786764
2025-07-16,6.06907844543457,6.289999961853027,0.0,6.329999923706055,6.239999771118164,6.309999942779541,0.0,447861965
2025-07-17,6.035112380981445,6.130000114440918,0.1255,6.210000038146973,6.130000114440918,6.179999828338623,0.0,404638243
2025-07-18,6.123718738555908,6.21999979019165,0.0,6.239999771118164,6.130000114440918,6.150000095367432,0.0,403551549
2025-07-21,6.094183444976807,6.190000057220459,0.0,6.230000019073486,6.139999866485596,6.21999979019165,0.0,374360016
2025-07-22,6.0055766105651855,6.099999904632568,0.0,6.190000057220459,6.079999923706055,6.179999828338623,0.0,560928328
2025-07-23,6.153254508972168,6.25,0.0,6.300000190734863,6.070000171661377,6.090000152587891,0.0,627822114
2025-07-24,6.104028224945068,6.199999809265137,0.0,6.28000020980835,6.190000057220459,6.260000228881836,0.0,438895992
2025-07-25,6.084338188171387,6.179999828338623,0.0,6.239999771118164,6.159999847412109,6.190000057220459,0.0,345934008
2025-07-28,6.094183444976807,6.190000057220459,0.0,6.210000038146973,6.150000095367432,6.170000076293945,0.0,317334503
2025-07-29,6.044957160949707,6.139999866485596,0.0,6.289999961853027,6.130000114440918,6.199999809265137,0.0,417931454
2025-07-30,6.133563995361328,6.230000019073486,0.0,6.269999980926514,6.110000133514404,6.150000095367432,0.0,512578522
2025-07-31,6.202480792999268,6.300000190734863,0.0,6.340000152587891,6.170000076293945,6.25,0.0,528806016
2025-08-01,6.232016086578369,6.329999923706055,0.0,6.389999866485596,6.25,6.309999942779541,0.0,537025200
2025-08-04,6.2910871505737305,6.389999866485596,0.0,6.480000019073486,6.329999923706055,6.340000152587891,0.0,542749286
2025-08-05,6.438765525817871,6.539999961853027,0.0,6.559999942779541,6.380000114440918,6.400000095367432,0.0,491067264
2025-08-06,6.517527103424072,6.619999885559082,0.0,6.619999885559082,6.550000190734863,6.559999942779541,0.0,437604532
2025-08-07,6.606133937835693,6.710000038146973,0.0,6.739999771118164,6.559999942779541,6.619999885559082,0.0,431012867
2025-08-08,6.606133937835693,6.710000038146973,0.0,6.75,6.659999847412109,6.71999979019165,0.0,389260296
2025-08-11,6.635669708251953,6.739999771118164,0.0,6.78000020980835,6.619999885559082,6.690000057220459,0.0,498159991
2025-08-12,6.743967056274414,6.849999904632568,0.0,6.880000114440918,6.730000019073486,6.739999771118164,0.0,472222542
2025-08-13,6.694741249084473,6.800000190734863,0.0,6.949999809265137,6.699999809265137,6.860000133514404,0.0,716059337
2025-08-14,6.812883377075195,6.920000076293945,0.0,6.940000057220459,6.75,6.78000020980835,0.0,575128657
2025-08-15,6.743967056274414,6.849999904632568,0.0,6.949999809265137,6.699999809265137,6.929999828338623,0.0,744214245
2025-08-18,6.822728633880615,6.929999828338623,0.0,6.940000057220459,6.730000019073486,6.789999961853027,0.0,589478113
2025-08-19,6.911335468292236,7.019999980926514,0.0,7.090000152587891,6.909999847412109,6.920000076293945,0.0,544434491
2025-08-20,6.970406532287598,7.079999923706055,0.0,7.139999866485596,6.980000019073486,7.019999980926514,0.0,475157765
2025-08-21,7.118084907531738,7.230000019073486,0.0,7.239999771118164,7.03000020980835,7.070000171661377,0.0,477400854
2025-08-22,7.187001705169678,7.300000190734863,0.0,7.309999942779541,7.179999828338623,7.230000019073486,0.0,518361195
2025-08-25,7.147620677947998,7.260000228881836,0.0,7.289999961853027,7.099999904632568,7.289999961853027,0.0,748795450
2025-08-26,7.167311191558838,7.28000020980835,0.0,7.340000152587891,7.159999847412109,7.210000038146973,0.0,534420033
2025-08-27,6.999942779541016,7.110000133514404,0.0,7.239999771118164,7.099999904632568,7.21999979019165,0.0,621796292
2025-08-28,6.911335468292236,7.019999980926514,0.0,7.079999923706055,6.869999885559082,7.079999923706055,0.0,575732614
2025-08-29,6.911335468292236,7.019999980926514,0.0,7.099999904632568,6.96999979019165,6.989999771118164,0.0,446247266
2025-09-01,6.940871238708496,7.050000190734863,0.0,7.079999923706055,6.929999828338623,7.0,0.0,459122027
2025-09-02,7.078704357147217,7.190000057220459,0.0,7.199999809265137,7.019999980926514,7.03000020980835,0.0,570618934
2025-09-03,7.039323329925537,7.150000095367432,0.0,7.199999809265137,7.110000133514404,7.190000057220459,0.0,454533431
2025-09-04,7.403595924377441,7.519999980926514,0.0,7.550000190734863,7.050000190734863,7.119999885559082,0.0,961631006
2025-09-05,7.187001705169678,7.300000190734863,0.0,7.489999771118164,7.239999771118164,7.449999809265137,0.0,624118223
2025-09-08,7.147620677947998,7.260000228881836,0.0,7.349999904632568,7.170000076293945,7.230000019073486,0.0,469395031
2025-09-09,7.1968464851379395,7.309999942779541,0.0,7.400000095367432,7.25,7.25,0.0,393328542
2025-09-10,7.1771559715271,7.289999961853027,0.0,7.340000152587891,7.25,7.289999961853027,0.0,314814910
2025-09-11,7.167311191558838,7.28000020980835,0.0,7.349999904632568,7.199999809265137,7.28000020980835,0.0,443981510
2025-09-12,7.1279296875,7.239999771118164,0.0,7.289999961853027,7.21999979019165,7.260000228881836,0.0,264975949
2025-09-15,7.049168109893799,7.159999847412109,0.0,7.230000019073486,7.099999904632568,7.21999979019165,0.0,370893761
2025-09-16,6.931025981903076,7.039999961853027,0.0,7.170000076293945,7.03000020980835,7.130000114440918,0.0,411999513
2025-09-17,6.852264404296875,6.960000038146973,0.0,7.039999961853027,6.900000095367432,7.0,0.0,430570131
2025-09-18,6.665205478668213,6.769999980926514,0.0,7.0,6.75,6.949999809265137,0.0,563447268
2025-09-19,6.547062873840332,6.650000095367432,0.0,6.75,6.630000114440918,6.71999979019165,0.0,500934662
2025-09-22,6.3895392417907715,6.489999771118164,0.0,6.639999866485596,6.460000038146973,6.599999904632568,0.0,500673726
2025-09-23,6.547062873840332,6.650000095367432,0.0,6.71999979019165,6.389999866485596,6.440000057220459,0.0,744907881
2025-09-24,6.468301296234131,6.570000171661377,0.0,6.699999809265137,6.53000020980835,6.619999885559082,0.0,474622656
2025-09-25,6.5076823234558105,6.610000133514404,0.0,6.639999866485596,6.440000057220459,6.550000190734863,0.0,466805969
2025-09-26,6.517527103424072,6.619999885559082,0.0,6.679999828338623,6.579999923706055,6.590000152587891,0.0,398271364
2025-09-29,6.517527103424072,6.619999885559082,0.0,6.690000057220459,6.519999980926514,6.590000152587891,0.0,443382828
2025-09-30,6.566753387451172,6.670000076293945,0.0,6.679999828338623,6.599999904632568,6.610000133514404,0.0,308745951
2025-10-09,6.596288681030273,6.699999809265137,0.0,6.739999771118164,6.539999961853027,6.639999866485596,0.0,396175668
2025-10-10,6.724276542663574,6.829999923706055,0.0,6.829999923706055,6.679999828338623,6.699999809265137,0.0,472481157
2025-10-13,6.803038120269775,6.909999847412109,0.0,6.960000038146973,6.730000019073486,6.800000190734863,0.0,572781698
2025-10-14,7.019632816314697,7.130000114440918,0.0,7.130000114440918,6.829999923706055,6.880000114440918,0.0,601388760
2025-10-15,7.157465934753418,7.269999980926514,0.0,7.300000190734863,7.079999923706055,7.110000133514404,0.0,524169034
2025-10-16,7.374060153961182,7.489999771118164,0.0,7.5,7.230000019073486,7.25,0.0,532254311
2025-10-17,7.502048015594482,7.619999885559082,0.0,7.690000057220459,7.46999979019165,7.489999771118164,0.0,603133088
2025-10-20,7.630035877227783,7.75,0.0,7.760000228881836,7.420000076293945,7.539999961853027,0.0,561704810
2025-10-21,7.758023262023926,7.880000114440918,0.0,7.889999866485596,7.679999828338623,7.75,0.0,506067448
2025-10-22,7.964772701263428,8.09000015258789,0.0,8.100000381469727,7.820000171661377,7.869999885559082,0.0,494518482
2025-10-23,7.866320610046387,7.989999771118164,0.0,8.270000457763672,7.900000095367432,8.09000015258789,0.0,713519968
2025-10-24,7.866320610046387,7.989999771118164,0.0,8.069999694824219,7.849999904632568,7.849999904632568,0.0,505912014
2025-10-27,8.053380012512207,8.180000305175781,0.0,8.199999809265137,7.900000095367432,7.920000076293945,0.0,522010198
2025-10-28,8.181367874145508,8.3100004196167,0.0,8.34000015258789,8.170000076293945,8.180000305175781,0.0,446537481
2025-10-29,8.023843765258789,8.149999618530273,0.0,8.300000190734863,8.109999656677246,8.300000190734863,0.0,406451779
2025-10-30,7.935237407684326,8.0600004196167,0.0,8.239999771118164,8.029999732971191,8.100000381469727,0.0,370225530
2025-10-31,7.836784839630127,7.960000038146973,0.0,8.069999694824219,7.860000133514404,8.050000190734863,0.0,382862670
2025-11-03,7.886011123657227,8.010000228881836,0.0,8.0600004196167,7.880000114440918,7.940000057220459,0.0,271839281
2025-11-04,8.023843765258789,8.149999618530273,0.0,8.220000267028809,8.0,8.010000228881836,0.0,374084190
2025-11-05,8.053380012512207,8.180000305175781,0.0,8.229999542236328,8.069999694824219,8.180000305175781,0.0,345436362
2025-11-06,8.033689498901367,8.15999984741211,0.0,8.180000305175781,8.0600004196167,8.130000114440918,0.0,260082040
2025-11-07,7.954927444458008,8.079999923706055,0.0,8.279999732971191,8.079999923706055,8.180000305175781,0.0,294205277
2025-11-10,7.9943084716796875,8.119999885559082,0.0,8.130000114440918,8.0,8.0600004196167,0.0,209000578
2025-11-11,8.17152214050293,8.300000190734863,0.0,8.300000190734863,8.109999656677246,8.119999885559082,0.0,340653165
2025-11-12,8.457033157348633,8.59000015258789,0.0,8.649999618530273,8.319999694824219,8.319999694824219,0.0,512586238
2025-11-13,8.427497863769531,8.5600004196167,0.0,8.609999656677246,8.420000076293945,8.5600004196167,0.0,356221882
2025-11-14,8.368426322937012,8.5,0.0,8.680000305175781,8.470000267028809,8.5600004196167,0.0,355089639
2025-11-17,8.19121265411377,8.319999694824219,0.0,8.5,8.300000190734863,8.449999809265137,0.0,320831553
2025-11-18,8.063224792480469,8.1899995803833,0.0,8.300000190734863,8.140000343322754,8.279999732971191,0.0,280929512
2025-11-19,8.092761039733887,8.220000267028809,0.0,8.289999961853027,8.180000305175781,8.199999809265137,0.0,231527161
2025-11-20,8.033689498901367,8.15999984741211,0.0,8.279999732971191,8.100000381469727,8.1899995803833,0.0,308917066
2025-11-21,7.925392150878906,8.050000190734863,0.0,8.220000267028809,8.029999732971191,8.149999618530273,0.0,333446276
2025-11-24,7.895856857299805,8.020000457763672,0.0,8.09000015258789,7.940000057220459,8.039999961853027,0.0,296834384
2025-11-25,7.945082187652588,8.069999694824219,0.0,8.069999694824219,7.949999809265137,7.989999771118164,0.0,231308435
2025-11-26,7.817094802856445,7.940000057220459,0.0,8.119999885559082,7.909999847412109,8.069999694824219,0.0,310154900
2025-11-27,7.974618434906006,8.100000381469727,0.0,8.119999885559082,7.860000133514404,7.949999809265137,0.0,333658851
2025-11-28,7.915546894073486,8.039999961853027,0.0,8.130000114440918,8.020000457763672,8.079999923706055,0.0,247427098
2025-12-01,7.866320610046387,7.989999771118164,0.0,8.020000457763672,7.949999809265137,8.010000228881836,0.0,244576250
2025-12-02,7.895856857299805,8.020000457763672,0.0,8.029999732971191,7.920000076293945,7.96999979019165,0.0,226671918
2025-12-03,7.856475353240967,7.980000019073486,0.0,8.079999923706055,7.960000038146973,8.0,0.0,203761790
2025-12-04,7.777713775634766,7.900000095367432,0.0,7.989999771118164,7.869999885559082,7.960000038146973,0.0,213368513
2025-12-05,7.6989521980285645,7.820000171661377,0.0,7.929999828338623,7.809999942779541,7.889999866485596,0.0,214508497
2025-12-08,7.718642711639404,7.840000152587891,0.0,7.860000133514404,7.75,7.820000171661377,0.0,188338190
2025-12-09,7.915546894073486,8.039999961853027,0.0,8.0600004196167,7.840000152587891,7.860000133514404,0.0,331045043
2025-12-10,7.6989521980285645,7.820000171661377,0.0,8.09000015258789,7.809999942779541,8.050000190734863,0.0,350427125
2025-12-11,7.807249069213867,7.929999828338623,0.0,7.929999828338623,7.75,7.840000152587891,0.0,278861109
2025-12-12,7.600499629974365,7.71999979019165,0.0,7.869999885559082,7.659999847412109,7.869999885559082,0.0,577880373
2025-12-15,7.489999771118164,7.489999771118164,0.1195,7.590000152587891,7.46999979019165,7.579999923706055,0.0,280339223
2025-12-16,7.369999885559082,7.369999885559082,0.0,7.46999979019165,7.360000133514404,7.449999809265137,0.0,285011753
2025-12-17,7.449999809265137,7.449999809265137,0.0,7.519999980926514,7.320000171661377,7.349999904632568,0.0,285450114
2025-12-18,7.599999904632568,7.599999904632568,0.0,7.610000133514404,7.420000076293945,7.460000038146973,0.0,272848759
2025-12-19,7.550000190734863,7.550000190734863,0.0,7.599999904632568,7.510000228881836,7.590000152587891,0.0,222358699
2025-12-22,7.590000152587891,7.590000152587891,0.0,7.619999885559082,7.46999979019165,7.510000228881836,0.0,191606269
2025-12-23,7.659999847412109,7.659999847412109,0.0,7.670000076293945,7.570000171661377,7.579999923706055,0.0,231702374
2025-12-24,7.639999866485596,7.639999866485596,0.0,7.690000057220459,7.599999904632568,7.670000076293945,0.0,203049941
2025-12-25,7.579999923706055,7.579999923706055,0.0,7.670000076293945,7.559999942779541,7.630000114440918,0.0,177737619
2025-12-26,7.510000228881836,7.510000228881836,0.0,7.599999904632568,7.5,7.550000190734863,0.0,189086683
2025-12-29,7.639999866485596,7.639999866485596,0.0,7.639999866485596,7.46999979019165,7.489999771118164,0.0,286453032
2025-12-30,7.610000133514404,7.610000133514404,0.0,7.650000095367432,7.53000020980835,7.630000114440918,0.0,225916301
2025-12-31,7.679999828338623,7.679999828338623,0.0,7.699999809265137,7.570000171661377,7.599999904632568,0.0,286895070
2026-01-05,7.570000171661377,7.570000171661377,0.0,7.679999828338623,7.539999961853027,7.650000095367432,0.0,318401559
2026-01-06,7.559999942779541,7.559999942779541,0.0,7.579999923706055,7.5,7.570000171661377,0.0,234385442
2026-01-07,7.489999771118164,7.489999771118164,0.0,7.539999961853027,7.460000038146973,7.539999961853027,0.0,234923430
2026-01-08,7.440000057220459,7.440000057220459,0.0,7.480000019073486,7.360000133514404,7.46999979019165,0.0,282723810
2026-01-09,7.409999847412109,7.409999847412109,0.0,7.449999809265137,7.380000114440918,7.420000076293945,0.0,223087394
2026-01-12,7.519999980926514,7.519999980926514,0.0,7.53000020980835,7.329999923706055,7.380000114440918,0.0,343998148
2026-01-13,7.610000133514404,7.610000133514404,0.0,7.699999809265137,7.5,7.5,0.0,488319584
2026-01-14,7.480000019073486,7.480000019073486,0.0,7.590000152587891,7.449999809265137,7.579999923706055,0.0,389549191
2026-01-15,7.329999923706055,7.329999923706055,0.0,7.449999809265137,7.329999923706055,7.440000057220459,0.0,363799500
2026-01-16,7.210000038146973,7.210000038146973,0.0,7.360000133514404,7.199999809265137,7.329999923706055,0.0,372323797
2026-01-19,7.099999904632568,7.099999904632568,0.0,7.230000019073486,7.090000152587891,7.170000076293945,0.0,319990158
2026-01-20,7.170000076293945,7.170000076293945,0.0,7.190000057220459,7.059999942779541,7.090000152587891,0.0,378482159
2026-01-21,6.960000038146973,6.960000038146973,0.0,7.21999979019165,6.929999828338623,7.179999828338623,0.0,553761621
2026-01-22,6.809999942779541,6.809999942779541,0.0,6.929999828338623,6.789999961853027,6.900000095367432,0.0,476506613
2026-01-23,6.75,6.75,0.0,6.860000133514404,6.730000019073486,6.800000190734863,0.0,395974110
2026-01-26,6.840000152587891,6.840000152587891,0.0,6.909999847412109,6.71999979019165,6.75,0.0,633430452
2026-01-27,6.889999866485596,6.889999866485596,0.0,7.090000152587891,6.829999923706055,6.880000114440918,0.0,685079166
2026-01-28,6.800000190734863,6.800000190734863,0.0,6.909999847412109,6.75,6.849999904632568,0.0,524590550
2026-01-29,6.78000020980835,6.78000020980835,0.0,6.820000171661377,6.670000076293945,6.760000228881836,0.0,529744140
2026-01-30,6.71999979019165,6.71999979019165,0.0,6.869999885559082,6.710000038146973,6.78000020980835,0.0,411169061
2026-02-02,6.78000020980835,6.78000020980835,0.0,6.860000133514404,6.730000019073486,6.730000019073486,0.0,491724254
2026-02-03,6.659999847412109,6.659999847412109,0.0,6.760000228881836,6.639999866485596,6.75,0.0,447228401
2026-02-04,6.670000076293945,6.670000076293945,0.0,6.71999979019165,6.619999885559082,6.639999866485596,0.0,306558928
2026-02-05,6.699999809265137,6.699999809265137,0.0,6.71999979019165,6.650000095367432,6.670000076293945,0.0,334127511
2026-02-06,6.670000076293945,6.670000076293945,0.0,6.75,6.619999885559082,6.699999809265137,0.0,336079896
2026-02-09,6.710000038146973,6.710000038146973,0.0,6.710000038146973,6.599999904632568,6.630000114440918,0.0,293167513
2026-02-10,6.730000019073486,6.730000019073486,0.0,6.809999942779541,6.690000057220459,6.710000038146973,0.0,358041118
2026-02-11,6.789999961853027,6.789999961853027,0.0,6.809999942779541,6.670000076293945,6.730000019073486,0.0,307749100
2026-02-12,6.610000133514404,6.610000133514404,0.0,6.789999961853027,6.610000133514404,6.789999961853027,0.0,444916079
2026-02-13,6.510000228881836,6.510000228881836,0.0,6.659999847412109,6.510000228881836,6.630000114440918,0.0,332351405
2026-02-24,6.480000019073486,6.480000019073486,0.0,6.539999961853027,6.449999809265137,6.519999980926514,0.0,228812326
2026-02-25,6.510000228881836,6.510000228881836,0.0,6.53000020980835,6.46999979019165,6.489999771118164,0.0,242251386
2026-02-26,6.420000076293945,6.420000076293945,0.0,6.53000020980835,6.400000095367432,6.5,0.0,288104553
2026-02-27,6.400000095367432,6.400000095367432,0.0,6.440000057220459,6.380000114440918,6.420000076293945,0.0,212974270
2026-03-02,6.480000019073486,6.480000019073486,0.0,6.539999961853027,6.329999923706055,6.389999866485596,0.0,423298349
2026-03-03,6.730000019073486,6.730000019073486,0.0,6.739999771118164,6.420000076293945,6.460000038146973,0.0,848419446
2026-03-04,6.679999828338623,6.679999828338623,0.0,6.730000019073486,6.53000020980835,6.71999979019165,0.0,588819034
2026-03-05,6.739999771118164,6.739999771118164,0.0,6.75,6.550000190734863,6.559999942779541,0.0,439542813
2026-03-06,6.699999809265137,6.699999809265137,0.0,6.829999923706055,6.679999828338623,6.71999979019165,0.0,312048125
2026-03-09,6.659999847412109,6.659999847412109,0.0,6.820000171661377,6.639999866485596,6.679999828338623,0.0,411341870
2026-03-10,6.579999923706055,6.579999923706055,0.0,6.619999885559082,6.53000020980835,6.599999904632568,0.0,326239443
2026-03-11,6.630000114440918,6.630000114440918,0.0,6.639999866485596,6.539999961853027,6.559999942779541,0.0,250213317
2026-03-12,6.639999866485596,6.639999866485596,0.0,6.659999847412109,6.579999923706055,6.630000114440918,0.0,210855333
2026-03-13,6.619999885559082,6.619999885559082,0.0,6.690000057220459,6.579999923706055,6.639999866485596,0.0,284611417
2026-03-16,6.650000095367432,6.650000095367432,0.0,6.670000076293945,6.579999923706055,6.599999904632568,0.0,241626255
2026-03-17,6.760000228881836,6.760000228881836,0.0,6.78000020980835,6.630000114440918,6.639999866485596,0.0,415376330
2026-03-18,6.739999771118164,6.739999771118164,0.0,6.880000114440918,6.699999809265137,6.769999980926514,0.0,536104118
2026-03-19,6.829999923706055,6.829999923706055,0.0,6.840000152587891,6.710000038146973,6.71999979019165,0.0,484644350
2026-03-20,6.760000228881836,6.760000228881836,0.0,6.860000133514404,6.739999771118164,6.800000190734863,0.0,368929128
2026-03-23,6.46999979019165,6.46999979019165,0.0,6.75,6.420000076293945,6.739999771118164,0.0,548757558
2026-03-24,6.5,6.5,0.0,6.550000190734863,6.429999828338623,6.46999979019165,0.0,273559266
2026-03-25,6.550000190734863,6.550000190734863,0.0,6.550000190734863,6.400000095367432,6.5,0.0,338161973
2026-03-26,6.510000228881836,6.510000228881836,0.0,6.590000152587891,6.510000228881836,6.53000020980835,0.0,224826856
2026-03-27,6.480000019073486,6.480000019073486,0.0,6.510000228881836,6.449999809265137,6.489999771118164,0.0,206181879
2026-03-30,6.489999771118164,6.489999771118164,0.0,6.510000228881836,6.420000076293945,6.449999809265137,0.0,197547262
2026-03-31,6.699999809265137,6.699999809265137,0.0,6.75,6.510000228881836,6.510000228881836,0.0,583642537
2026-04-01,6.690000057220459,6.690000057220459,0.0,6.78000020980835,6.659999847412109,6.690000057220459,0.0,331688263
2026-04-02,6.920000076293945,6.920000076293945,0.0,6.929999828338623,6.699999809265137,6.71999979019165,0.0,562631309
2026-04-03,6.840000152587891,6.840000152587891,0.0,6.929999828338623,6.78000020980835,6.929999828338623,0.0,365328653
2026-04-07,6.690000057220459,6.690000057220459,0.0,6.849999904632568,6.659999847412109,6.829999923706055,0.0,304110486
2026-04-08,6.630000114440918,6.630000114440918,0.0,6.650000095367432,6.53000020980835,6.619999885559082,0.0,370881041
2026-04-09,6.599999904632568,6.599999904632568,0.0,6.670000076293945,6.559999942779541,6.630000114440918,0.0,247977896
2026-04-10,6.590000152587891,6.590000152587891,0.0,6.590000152587891,6.53000020980835,6.570000171661377,0.0,220781140
2026-04-13,6.639999866485596,6.639999866485596,0.0,6.670000076293945,6.550000190734863,6.599999904632568,0.0,283075185
2026-04-14,6.760000228881836,6.760000228881836,0.0,6.789999961853027,6.599999904632568,6.599999904632568,0.0,362773440
2026-04-15,6.949999809265137,6.949999809265137,0.0,6.96999979019165,6.730000019073486,6.739999771118164,0.0,529255330
2026-04-16,7.0,7.0,0.0,7.099999904632568,6.909999847412109,6.929999828338623,0.0,443672818
2026-04-17,7.059999942779541,7.059999942779541,0.0,7.119999885559082,6.980000019073486,7.0,0.0,355827935
