Date,Adj Close,Close,Dividends,High,Low,Open,Stock Splits,Volume
2019-01-02,3.6511056423187256,5.670000076293945,0.0,5.800000190734863,5.639999866485596,5.769999980926514,0.0,64983644
2019-01-03,3.7219395637512207,5.78000020980835,0.0,5.78000020980835,5.659999847412109,5.670000076293945,0.0,64537499
2019-01-04,3.773453712463379,5.860000133514404,0.0,5.869999885559082,5.730000019073486,5.75,0.0,75883629
2019-01-07,3.754135847091675,5.829999923706055,0.0,5.869999885559082,5.809999942779541,5.75,0.0,49010705
2019-01-08,3.767014503479004,5.849999904632568,0.0,5.860000133514404,5.809999942779541,5.840000152587891,0.0,39004129
2019-01-09,3.7863316535949707,5.880000114440918,0.0,5.96999979019165,5.869999885559082,5.900000095367432,0.0,71727353
2019-01-10,3.767014503479004,5.849999904632568,0.0,5.909999847412109,5.849999904632568,5.889999866485596,0.0,45158553
2019-01-11,3.812089681625366,5.920000076293945,0.0,5.940000057220459,5.869999885559082,5.889999866485596,0.0,47767496
2019-01-14,3.792771339416504,5.889999866485596,0.0,5.949999809265137,5.880000114440918,5.909999847412109,0.0,38688837
2019-01-15,3.8314077854156494,5.949999809265137,0.0,5.960000038146973,5.909999847412109,5.920000076293945,0.0,53423576
2019-01-16,3.837846517562866,5.960000038146973,0.0,5.96999979019165,5.900000095367432,5.940000057220459,0.0,49121459
2019-01-17,3.805649995803833,5.909999847412109,0.0,5.980000019073486,5.880000114440918,5.980000019073486,0.0,54176788
2019-01-18,3.8507254123687744,5.980000019073486,0.0,5.989999771118164,5.929999828338623,5.96999979019165,0.0,59051770
2019-01-21,3.882922410964966,6.03000020980835,0.0,6.03000020980835,5.960000038146973,5.960000038146973,0.0,75387781
2019-01-22,3.876483201980591,6.019999980926514,0.0,6.050000190734863,6.0,6.019999980926514,0.0,46587965
2019-01-23,3.8636038303375244,6.0,0.0,6.039999961853027,5.989999771118164,6.039999961853027,0.0,37306869
2019-01-24,3.8571646213531494,5.989999771118164,0.0,6.039999961853027,5.960000038146973,6.019999980926514,0.0,38491667
2019-01-25,3.876483201980591,6.019999980926514,0.0,6.070000171661377,5.989999771118164,6.03000020980835,0.0,58882190
2019-01-28,3.870044469833374,6.010000228881836,0.0,6.070000171661377,5.989999771118164,6.050000190734863,0.0,46730235
2019-01-29,3.9537553787231445,6.139999866485596,0.0,6.170000076293945,6.0,6.0,0.0,100612909
2019-01-30,3.9279978275299072,6.099999904632568,0.0,6.139999866485596,6.070000171661377,6.119999885559082,0.0,56219259
2019-01-31,4.024588108062744,6.25,0.0,6.260000228881836,6.099999904632568,6.130000114440918,0.0,85692276
2019-02-01,4.005269527435303,6.21999979019165,0.0,6.28000020980835,6.170000076293945,6.28000020980835,0.0,64164286
2019-02-11,3.9730734825134277,6.170000076293945,0.0,6.199999809265137,6.130000114440918,6.170000076293945,0.0,65840546
2019-02-12,3.9666337966918945,6.159999847412109,0.0,6.199999809265137,6.130000114440918,6.190000057220459,0.0,52302301
2019-02-13,4.037466526031494,6.269999980926514,0.0,6.289999961853027,6.130000114440918,6.170000076293945,0.0,88261686
2019-02-14,3.9988303184509277,6.210000038146973,0.0,6.269999980926514,6.190000057220459,6.260000228881836,0.0,47536908
2019-02-15,3.9151194095611572,6.079999923706055,0.0,6.21999979019165,6.079999923706055,6.199999809265137,0.0,63164850
2019-02-18,3.9730734825134277,6.170000076293945,0.0,6.190000057220459,6.099999904632568,6.139999866485596,0.0,59968544
2019-02-19,3.9473161697387695,6.130000114440918,0.0,6.21999979019165,6.119999885559082,6.159999847412109,0.0,72558628
2019-02-20,3.9537553787231445,6.139999866485596,0.0,6.179999828338623,6.110000133514404,6.159999847412109,0.0,58994527
2019-02-21,3.9408767223358154,6.119999885559082,0.0,6.170000076293945,6.099999904632568,6.150000095367432,0.0,70903826
2019-02-22,3.9923911094665527,6.199999809265137,0.0,6.199999809265137,6.079999923706055,6.130000114440918,0.0,92884431
2019-02-25,4.211328983306885,6.539999961853027,0.0,6.539999961853027,6.210000038146973,6.21999979019165,0.0,251269024
2019-02-26,4.088981628417969,6.349999904632568,0.0,6.539999961853027,6.349999904632568,6.46999979019165,0.0,204089171
2019-02-27,4.140496730804443,6.429999828338623,0.0,6.519999980926514,6.360000133514404,6.369999885559082,0.0,181562527
2019-02-28,4.12117862701416,6.400000095367432,0.0,6.480000019073486,6.380000114440918,6.449999809265137,0.0,115113175
2019-03-01,4.243525505065918,6.590000152587891,0.0,6.599999904632568,6.389999866485596,6.440000057220459,0.0,206883728
2019-03-04,4.314357757568359,6.699999809265137,0.0,6.849999904632568,6.599999904632568,6.659999847412109,0.0,285914946
2019-03-05,4.333675861358643,6.730000019073486,0.0,6.800000190734863,6.659999847412109,6.699999809265137,0.0,136875093
2019-03-06,4.307918548583984,6.690000057220459,0.0,6.800000190734863,6.639999866485596,6.739999771118164,0.0,141799565
2019-03-07,4.23064661026001,6.570000171661377,0.0,6.710000038146973,6.550000190734863,6.699999809265137,0.0,169171188
2019-03-08,4.056784629821777,6.300000190734863,0.0,6.539999961853027,6.289999961853027,6.489999771118164,0.0,184980024
2019-03-11,4.069663047790527,6.320000171661377,0.0,6.369999885559082,6.269999980926514,6.309999942779541,0.0,110820617
2019-03-12,4.082542896270752,6.340000152587891,0.0,6.440000057220459,6.309999942779541,6.380000114440918,0.0,131808156
2019-03-13,4.095421314239502,6.360000133514404,0.0,6.420000076293945,6.269999980926514,6.340000152587891,0.0,120092299
2019-03-14,4.101860046386719,6.369999885559082,0.0,6.429999828338623,6.329999923706055,6.349999904632568,0.0,106744229
2019-03-15,4.108299732208252,6.380000114440918,0.0,6.429999828338623,6.349999904632568,6.369999885559082,0.0,106851886
2019-03-18,4.179131984710693,6.489999771118164,0.0,6.489999771118164,6.360000133514404,6.400000095367432,0.0,138790553
2019-03-19,4.14693546295166,6.440000057220459,0.0,6.519999980926514,6.440000057220459,6.5,0.0,85766733
2019-03-20,4.17269229888916,6.480000019073486,0.0,6.510000228881836,6.429999828338623,6.440000057220459,0.0,107882389
2019-03-21,4.12117862701416,6.400000095367432,0.0,6.46999979019165,6.389999866485596,6.460000038146973,0.0,119219369
2019-03-22,4.114738464355469,6.389999866485596,0.0,6.420000076293945,6.360000133514404,6.409999847412109,0.0,83422748
2019-03-25,3.9923911094665527,6.199999809265137,0.0,6.340000152587891,6.190000057220459,6.300000190734863,0.0,142615959
2019-03-26,3.985952377319336,6.190000057220459,0.0,6.239999771118164,6.150000095367432,6.239999771118164,0.0,73612299
2019-03-27,3.9795126914978027,6.179999828338623,0.0,6.260000228881836,6.159999847412109,6.179999828338623,0.0,79808777
2019-03-28,3.9344370365142822,6.110000133514404,0.0,6.179999828338623,6.079999923706055,6.170000076293945,0.0,98628768
2019-03-29,4.018147945404053,6.239999771118164,0.0,6.28000020980835,6.090000152587891,6.110000133514404,0.0,137876125
2019-04-01,4.069663047790527,6.320000171661377,0.0,6.349999904632568,6.239999771118164,6.25,0.0,209485702
2019-04-02,4.043906211853027,6.28000020980835,0.0,6.389999866485596,6.260000228881836,6.329999923706055,0.0,137773493
2019-04-03,4.056784629821777,6.300000190734863,0.0,6.300000190734863,6.070000171661377,6.110000133514404,0.0,464035029
2019-04-04,4.0761027336120605,6.329999923706055,0.0,6.400000095367432,6.260000228881836,6.269999980926514,0.0,333633580
2019-04-08,4.101860046386719,6.369999885559082,0.0,6.46999979019165,6.320000171661377,6.349999904632568,0.0,321093496
2019-04-09,4.082542896270752,6.340000152587891,0.0,6.360000133514404,6.300000190734863,6.360000133514404,0.0,136973445
2019-04-10,4.056784629821777,6.300000190734863,0.0,6.329999923706055,6.230000019073486,6.320000171661377,0.0,155590335
2019-04-11,4.050345420837402,6.289999961853027,0.0,6.360000133514404,6.239999771118164,6.300000190734863,0.0,144983055
2019-04-12,4.050345420837402,6.289999961853027,0.0,6.309999942779541,6.25,6.300000190734863,0.0,83362503
2019-04-15,4.050345420837402,6.289999961853027,0.0,6.420000076293945,6.289999961853027,6.369999885559082,0.0,190065227
2019-04-16,4.185571193695068,6.5,0.0,6.510000228881836,6.260000228881836,6.28000020980835,0.0,324475190
2019-04-17,4.166253566741943,6.46999979019165,0.0,6.53000020980835,6.440000057220459,6.46999979019165,0.0,146793958
2019-04-18,4.114738464355469,6.389999866485596,0.0,6.46999979019165,6.380000114440918,6.460000038146973,0.0,112249220
2019-04-19,4.13405704498291,6.420000076293945,0.0,6.46999979019165,6.389999866485596,6.400000095367432,0.0,90203813
2019-04-22,4.037466526031494,6.269999980926514,0.0,6.429999828338623,6.260000228881836,6.420000076293945,0.0,153431778
2019-04-23,4.037466526031494,6.269999980926514,0.0,6.300000190734863,6.260000228881836,6.269999980926514,0.0,87212835
2019-04-24,4.024588108062744,6.25,0.0,6.309999942779541,6.199999809265137,6.300000190734863,0.0,103699075
2019-04-25,4.011709213256836,6.230000019073486,0.0,6.260000228881836,6.210000038146973,6.239999771118164,0.0,98796197
2019-04-26,3.9795126914978027,6.179999828338623,0.0,6.25,6.170000076293945,6.21999979019165,0.0,107529707
2019-05-06,3.985952377319336,6.190000057220459,0.0,6.349999904632568,6.019999980926514,6.170000076293945,0.0,249767413
2019-05-07,3.9408767223358154,6.119999885559082,0.0,6.179999828338623,6.099999904632568,6.159999847412109,0.0,109315348
2019-05-08,3.895801305770874,6.050000190734863,0.0,6.130000114440918,6.039999961853027,6.099999904632568,0.0,89446865
2019-05-09,3.8636038303375244,6.0,0.0,6.090000152587891,5.989999771118164,6.050000190734863,0.0,97599365
2019-05-10,3.895801305770874,6.050000190734863,0.0,6.079999923706055,5.96999979019165,6.050000190734863,0.0,104895106
2019-05-13,3.8571646213531494,5.989999771118164,0.0,6.039999961853027,5.980000019073486,6.010000228881836,0.0,65829257
2019-05-14,3.8442862033843994,5.96999979019165,0.0,6.039999961853027,5.960000038146973,5.96999979019165,0.0,80140637
2019-05-15,3.8636038303375244,6.0,0.0,6.03000020980835,5.96999979019165,5.989999771118164,0.0,75971560
2019-05-16,3.8636038303375244,6.0,0.0,6.010000228881836,5.96999979019165,5.989999771118164,0.0,74262172
2019-05-17,3.837846517562866,5.960000038146973,0.0,6.010000228881836,5.940000057220459,6.0,0.0,83733932
2019-05-20,3.8442862033843994,5.96999979019165,0.0,6.019999980926514,5.940000057220459,5.960000038146973,0.0,87255592
2019-05-21,3.8571646213531494,5.989999771118164,0.0,6.03000020980835,5.96999979019165,5.96999979019165,0.0,80385540
2019-05-22,3.8571646213531494,5.989999771118164,0.0,6.010000228881836,5.960000038146973,5.989999771118164,0.0,73756760
2019-05-23,3.837846517562866,5.960000038146973,0.0,5.989999771118164,5.940000057220459,5.989999771118164,0.0,74578963
2019-05-24,3.8571646213531494,5.989999771118164,0.0,6.0,5.96999979019165,5.96999979019165,0.0,66413126
2019-05-27,3.8571646213531494,5.989999771118164,0.0,6.0,5.940000057220459,5.980000019073486,0.0,86382834
2019-05-28,3.8636038303375244,6.0,0.0,6.039999961853027,5.96999979019165,5.989999771118164,0.0,133242477
2019-05-29,3.8442862033843994,5.96999979019165,0.0,6.0,5.960000038146973,5.980000019073486,0.0,62534429
2019-05-30,3.8507254123687744,5.980000019073486,0.0,5.989999771118164,5.940000057220459,5.980000019073486,0.0,98055603
2019-05-31,3.837846517562866,5.960000038146973,0.0,6.0,5.940000057220459,5.96999979019165,0.0,80198762
2019-06-03,3.8571646213531494,5.989999771118164,0.0,6.010000228881836,5.960000038146973,5.96999979019165,0.0,76759831
2019-06-04,3.882922410964966,6.03000020980835,0.0,6.03000020980835,5.989999771118164,6.0,0.0,90991305
2019-06-05,3.908679723739624,6.070000171661377,0.0,6.099999904632568,6.039999961853027,6.039999961853027,0.0,81670144
2019-06-06,3.908679723739624,6.070000171661377,0.0,6.110000133514404,6.059999942779541,6.079999923706055,0.0,73611990
2019-06-10,3.9344370365142822,6.110000133514404,0.0,6.130000114440918,6.079999923706055,6.090000152587891,0.0,82670535
2019-06-11,3.9601943492889404,6.150000095367432,0.0,6.159999847412109,6.099999904632568,6.110000133514404,0.0,111513701
2019-06-12,3.9730734825134277,6.170000076293945,0.0,6.179999828338623,6.119999885559082,6.139999866485596,0.0,74430199
2019-06-13,3.9666337966918945,6.159999847412109,0.0,6.179999828338623,6.119999885559082,6.159999847412109,0.0,59344493
2019-06-14,3.9730734825134277,6.170000076293945,0.0,6.190000057220459,6.150000095367432,6.179999828338623,0.0,66612186
2019-06-17,3.9795126914978027,6.179999828338623,0.0,6.210000038146973,6.159999847412109,6.170000076293945,0.0,54982135
2019-06-18,3.9795126914978027,6.179999828338623,0.0,6.190000057220459,6.150000095367432,6.179999828338623,0.0,56902922
2019-06-19,4.011709213256836,6.230000019073486,0.0,6.25,6.210000038146973,6.239999771118164,0.0,110159590
2019-06-20,4.043906211853027,6.28000020980835,0.0,6.329999923706055,6.21999979019165,6.239999771118164,0.0,147041516
2019-06-21,4.031027793884277,6.260000228881836,0.0,6.309999942779541,6.25,6.28000020980835,0.0,94947178
2019-06-24,4.050345420837402,6.289999961853027,0.0,6.309999942779541,6.260000228881836,6.269999980926514,0.0,59515394
2019-06-25,3.9279978275299072,6.099999904632568,0.0,6.289999961853027,6.070000171661377,6.289999961853027,0.0,231550630
2019-06-26,3.9151194095611572,6.079999923706055,0.0,6.119999885559082,6.070000171661377,6.090000152587891,0.0,96298405
2019-06-27,3.9473161697387695,6.130000114440918,0.0,6.159999847412109,6.090000152587891,6.099999904632568,0.0,115646664
2019-06-28,3.9408767223358154,6.119999885559082,0.0,6.130000114440918,6.079999923706055,6.119999885559082,0.0,69449987
2019-07-01,3.9666337966918945,6.159999847412109,0.0,6.190000057220459,6.139999866485596,6.170000076293945,0.0,95015589
2019-07-02,3.9666337966918945,6.159999847412109,0.0,6.170000076293945,6.139999866485596,6.170000076293945,0.0,104814461
2019-07-03,3.985952377319336,6.190000057220459,0.0,6.199999809265137,6.139999866485596,6.159999847412109,0.0,79494731
2019-07-04,3.9988303184509277,6.210000038146973,0.0,6.239999771118164,6.179999828338623,6.190000057220459,0.0,81868437
2019-07-05,3.9795126914978027,6.179999828338623,0.0,6.21999979019165,6.170000076293945,6.21999979019165,0.0,75054488
2019-07-08,3.9408767223358154,6.119999885559082,0.0,6.179999828338623,6.099999904632568,6.179999828338623,0.0,106923105
2019-07-09,3.907019853591919,5.769999980926514,0.3,5.840000152587891,5.760000228881836,5.840000152587891,0.0,95845636
2019-07-10,3.8867058753967285,5.739999771118164,0.0,5.78000020980835,5.730000019073486,5.769999980926514,0.0,50901948
2019-07-11,3.893477439880371,5.75,0.0,5.789999961853027,5.739999771118164,5.760000228881836,0.0,38022639
2019-07-12,3.927334785461426,5.800000190734863,0.0,5.820000171661377,5.75,5.760000228881836,0.0,44315591
2019-07-15,3.927334785461426,5.800000190734863,0.0,5.820000171661377,5.710000038146973,5.789999961853027,0.0,67593303
2019-07-16,3.927334785461426,5.800000190734863,0.0,5.809999942779541,5.78000020980835,5.800000190734863,0.0,39788011
2019-07-17,3.9002490043640137,5.760000228881836,0.0,5.800000190734863,5.75,5.789999961853027,0.0,42601245
2019-07-18,3.893477439880371,5.75,0.0,5.760000228881836,5.730000019073486,5.760000228881836,0.0,37320628
2019-07-19,3.920562505722046,5.789999961853027,0.0,5.800000190734863,5.75,5.760000228881836,0.0,45328718
2019-07-22,3.907019853591919,5.769999980926514,0.0,5.809999942779541,5.75,5.769999980926514,0.0,56348704
2019-07-23,3.907019853591919,5.769999980926514,0.0,5.789999961853027,5.75,5.769999980926514,0.0,54438135
2019-07-24,3.920562505722046,5.789999961853027,0.0,5.829999923706055,5.769999980926514,5.789999961853027,0.0,66155359
2019-07-25,3.920562505722046,5.789999961853027,0.0,5.800000190734863,5.769999980926514,5.78000020980835,0.0,62942498
2019-07-26,3.9137918949127197,5.78000020980835,0.0,5.789999961853027,5.769999980926514,5.78000020980835,0.0,52313122
2019-07-29,3.9137918949127197,5.78000020980835,0.0,5.789999961853027,5.769999980926514,5.78000020980835,0.0,53637572
2019-07-30,3.9408769607543945,5.820000171661377,0.0,5.840000152587891,5.78000020980835,5.789999961853027,0.0,65436584
2019-07-31,3.9341049194335938,5.809999942779541,0.0,5.820000171661377,5.78000020980835,5.820000171661377,0.0,56867377
2019-08-01,3.9137918949127197,5.78000020980835,0.0,5.800000190734863,5.75,5.789999961853027,0.0,57844152
2019-08-02,3.846079111099243,5.679999828338623,0.0,5.730000019073486,5.670000076293945,5.71999979019165,0.0,98104698
2019-08-05,3.7715952396392822,5.570000171661377,0.0,5.679999828338623,5.570000171661377,5.670000076293945,0.0,90781787
2019-08-06,3.7309672832489014,5.510000228881836,0.0,5.53000020980835,5.46999979019165,5.5,0.0,95109334
2019-08-07,3.717424154281616,5.489999771118164,0.0,5.550000190734863,5.489999771118164,5.53000020980835,0.0,53389762
2019-08-08,3.7309672832489014,5.510000228881836,0.0,5.53000020980835,5.5,5.519999980926514,0.0,58475186
2019-08-09,3.737738847732544,5.519999980926514,0.0,5.53000020980835,5.489999771118164,5.519999980926514,0.0,67467982
2019-08-12,3.7445101737976074,5.53000020980835,0.0,5.539999961853027,5.5,5.510000228881836,0.0,54002286
2019-08-13,3.724195957183838,5.5,0.0,5.519999980926514,5.480000019073486,5.510000228881836,0.0,48820958
2019-08-14,3.724195957183838,5.5,0.0,5.53000020980835,5.489999771118164,5.53000020980835,0.0,46920828
2019-08-15,3.71065354347229,5.480000019073486,0.0,5.489999771118164,5.449999809265137,5.46999979019165,0.0,49446424
2019-08-16,3.6903398036956787,5.449999809265137,0.0,5.489999771118164,5.449999809265137,5.46999979019165,0.0,72554993
2019-08-19,3.724195957183838,5.5,0.0,5.5,5.400000095367432,5.460000038146973,0.0,99253582
2019-08-20,3.7038822174072266,5.46999979019165,0.0,5.510000228881836,5.46999979019165,5.489999771118164,0.0,56710643
2019-08-21,3.71065354347229,5.480000019073486,0.0,5.489999771118164,5.460000038146973,5.46999979019165,0.0,43734630
2019-08-22,3.697111129760742,5.460000038146973,0.0,5.489999771118164,5.460000038146973,5.480000019073486,0.0,39044903
2019-08-23,3.7038822174072266,5.46999979019165,0.0,5.480000019073486,5.449999809265137,5.46999979019165,0.0,59613590
2019-08-26,3.676797389984131,5.429999828338623,0.0,5.449999809265137,5.409999847412109,5.420000076293945,0.0,64284545
2019-08-27,3.697111129760742,5.460000038146973,0.0,5.5,5.429999828338623,5.440000057220459,0.0,95028003
2019-08-28,3.6835684776306152,5.440000057220459,0.0,5.489999771118164,5.440000057220459,5.480000019073486,0.0,61718611
2019-08-29,3.6700260639190674,5.420000076293945,0.0,5.449999809265137,5.409999847412109,5.440000057220459,0.0,68887838
2019-08-30,3.663254976272583,5.409999847412109,0.0,5.46999979019165,5.409999847412109,5.440000057220459,0.0,62178861
2019-09-02,3.6835684776306152,5.440000057220459,0.0,5.460000038146973,5.420000076293945,5.420000076293945,0.0,61076205
2019-09-03,3.6835684776306152,5.440000057220459,0.0,5.46999979019165,5.420000076293945,5.449999809265137,0.0,69309147
2019-09-04,3.7309672832489014,5.510000228881836,0.0,5.510000228881836,5.429999828338623,5.449999809265137,0.0,127373806
2019-09-05,3.751281261444092,5.539999961853027,0.0,5.599999904632568,5.5,5.510000228881836,0.0,149914758
2019-09-06,3.7715952396392822,5.570000171661377,0.0,5.579999923706055,5.53000020980835,5.559999942779541,0.0,84318083
2019-09-09,3.7648236751556396,5.559999942779541,0.0,5.599999904632568,5.550000190734863,5.599999904632568,0.0,94271678
2019-09-10,3.7648236751556396,5.559999942779541,0.0,5.570000171661377,5.53000020980835,5.570000171661377,0.0,52650744
2019-09-11,3.81899356842041,5.639999866485596,0.0,5.650000095367432,5.570000171661377,5.570000171661377,0.0,101962796
2019-09-12,3.812222719192505,5.630000114440918,0.0,5.650000095367432,5.610000133514404,5.650000095367432,0.0,54140931
2019-09-16,3.798680305480957,5.610000133514404,0.0,5.639999866485596,5.590000152587891,5.639999866485596,0.0,55161700
2019-09-17,3.737738847732544,5.519999980926514,0.0,5.610000133514404,5.519999980926514,5.599999904632568,0.0,61795228
2019-09-18,3.737738847732544,5.519999980926514,0.0,5.550000190734863,5.510000228881836,5.539999961853027,0.0,53434070
2019-09-19,3.737738847732544,5.519999980926514,0.0,5.53000020980835,5.5,5.53000020980835,0.0,51942768
2019-09-20,3.7648236751556396,5.559999942779541,0.0,5.559999942779541,5.519999980926514,5.53000020980835,0.0,78873037
2019-09-23,3.724195957183838,5.5,0.0,5.550000190734863,5.480000019073486,5.539999961853027,0.0,59223703
2019-09-24,3.724195957183838,5.5,0.0,5.519999980926514,5.489999771118164,5.510000228881836,0.0,38135312
2019-09-25,3.724195957183838,5.5,0.0,5.53000020980835,5.46999979019165,5.510000228881836,0.0,53695802
2019-09-26,3.737738847732544,5.519999980926514,0.0,5.570000171661377,5.489999771118164,5.510000228881836,0.0,83183323
2019-09-27,3.717424154281616,5.489999771118164,0.0,5.53000020980835,5.46999979019165,5.519999980926514,0.0,77372895
2019-09-30,3.6903398036956787,5.449999809265137,0.0,5.519999980926514,5.449999809265137,5.489999771118164,0.0,66308090
2019-10-08,3.717424154281616,5.489999771118164,0.0,5.510000228881836,5.440000057220459,5.449999809265137,0.0,86234684
2019-10-09,3.751281261444092,5.539999961853027,0.0,5.579999923706055,5.460000038146973,5.46999979019165,0.0,89282363
2019-10-10,3.7445101737976074,5.53000020980835,0.0,5.559999942779541,5.519999980926514,5.539999961853027,0.0,66513753
2019-10-11,3.785137176513672,5.590000152587891,0.0,5.599999904632568,5.519999980926514,5.550000190734863,0.0,94276893
2019-10-14,3.859621524810791,5.699999809265137,0.0,5.760000228881836,5.610000133514404,5.619999885559082,0.0,178398550
2019-10-15,3.873164415359497,5.71999979019165,0.0,5.739999771118164,5.670000076293945,5.690000057220459,0.0,108596627
2019-10-16,3.8663930892944336,5.710000038146973,0.0,5.78000020980835,5.670000076293945,5.730000019073486,0.0,89721941
2019-10-17,3.8528506755828857,5.690000057220459,0.0,5.730000019073486,5.670000076293945,5.710000038146973,0.0,55943974
2019-10-18,3.798680305480957,5.610000133514404,0.0,5.75,5.610000133514404,5.690000057220459,0.0,90281736
2019-10-21,3.8528506755828857,5.690000057220459,0.0,5.690000057220459,5.610000133514404,5.619999885559082,0.0,67368244
2019-10-22,3.846079111099243,5.679999828338623,0.0,5.699999809265137,5.650000095367432,5.699999809265137,0.0,61452552
2019-10-23,3.8528506755828857,5.690000057220459,0.0,5.71999979019165,5.659999847412109,5.670000076293945,0.0,59817477
2019-10-24,3.893477439880371,5.75,0.0,5.78000020980835,5.690000057220459,5.699999809265137,0.0,91344367
2019-10-25,3.8663930892944336,5.710000038146973,0.0,5.760000228881836,5.659999847412109,5.760000228881836,0.0,91720738
2019-10-28,3.832535743713379,5.659999847412109,0.0,5.739999771118164,5.639999866485596,5.71999979019165,0.0,96433430
2019-10-29,3.81899356842041,5.639999866485596,0.0,5.679999828338623,5.619999885559082,5.670000076293945,0.0,56758889
2019-10-30,3.812222719192505,5.630000114440918,0.0,5.670000076293945,5.619999885559082,5.639999866485596,0.0,44939152
2019-10-31,3.798680305480957,5.610000133514404,0.0,5.639999866485596,5.590000152587891,5.630000114440918,0.0,64302010
2019-11-01,3.832535743713379,5.659999847412109,0.0,5.659999847412109,5.590000152587891,5.599999904632568,0.0,68738715
2019-11-04,3.832535743713379,5.659999847412109,0.0,5.690000057220459,5.639999866485596,5.659999847412109,0.0,64319281
2019-11-05,3.8799350261688232,5.730000019073486,0.0,5.760000228881836,5.650000095367432,5.659999847412109,0.0,141131282
2019-11-06,3.8867058753967285,5.739999771118164,0.0,5.769999980926514,5.71999979019165,5.71999979019165,0.0,56992946
2019-11-07,3.8799350261688232,5.730000019073486,0.0,5.760000228881836,5.710000038146973,5.739999771118164,0.0,57239331
2019-11-08,3.832535743713379,5.659999847412109,0.0,5.75,5.650000095367432,5.75,0.0,80272612
2019-11-11,3.7919082641601562,5.599999904632568,0.0,5.659999847412109,5.579999923706055,5.650000095367432,0.0,79358232
2019-11-12,3.7715952396392822,5.570000171661377,0.0,5.610000133514404,5.559999942779541,5.610000133514404,0.0,63030341
2019-11-13,3.7580525875091553,5.550000190734863,0.0,5.579999923706055,5.53000020980835,5.570000171661377,0.0,70842172
2019-11-14,3.7445101737976074,5.53000020980835,0.0,5.559999942779541,5.519999980926514,5.550000190734863,0.0,58621991
2019-11-15,3.7309672832489014,5.510000228881836,0.0,5.570000171661377,5.510000228881836,5.539999961853027,0.0,53567809
2019-11-18,3.751281261444092,5.539999961853027,0.0,5.550000190734863,5.510000228881836,5.519999980926514,0.0,51554931
2019-11-19,3.7580525875091553,5.550000190734863,0.0,5.559999942779541,5.519999980926514,5.53000020980835,0.0,48833105
2019-11-20,3.724195957183838,5.5,0.0,5.539999961853027,5.5,5.53000020980835,0.0,59369117
2019-11-21,3.71065354347229,5.480000019073486,0.0,5.510000228881836,5.46999979019165,5.489999771118164,0.0,76391222
2019-11-22,3.724195957183838,5.5,0.0,5.53000020980835,5.480000019073486,5.5,0.0,61145194
2019-11-25,3.7715952396392822,5.570000171661377,0.0,5.579999923706055,5.510000228881836,5.519999980926514,0.0,71687247
2019-11-26,3.7648236751556396,5.559999942779541,0.0,5.590000152587891,5.550000190734863,5.590000152587891,0.0,94581187
2019-11-27,3.7580525875091553,5.550000190734863,0.0,5.570000171661377,5.539999961853027,5.559999942779541,0.0,34850762
2019-11-28,3.751281261444092,5.539999961853027,0.0,5.570000171661377,5.519999980926514,5.550000190734863,0.0,43323522
2019-11-29,3.7309672832489014,5.510000228881836,0.0,5.570000171661377,5.5,5.53000020980835,0.0,63525341
2019-12-02,3.717424154281616,5.489999771118164,0.0,5.53000020980835,5.480000019073486,5.519999980926514,0.0,51487958
2019-12-03,3.717424154281616,5.489999771118164,0.0,5.5,5.46999979019165,5.489999771118164,0.0,58746700
2019-12-04,3.697111129760742,5.460000038146973,0.0,5.489999771118164,5.440000057220459,5.480000019073486,0.0,77344574
2019-12-05,3.7038822174072266,5.46999979019165,0.0,5.489999771118164,5.460000038146973,5.46999979019165,0.0,56540063
2019-12-06,3.7038822174072266,5.46999979019165,0.0,5.480000019073486,5.449999809265137,5.46999979019165,0.0,55468434
2019-12-09,3.724195957183838,5.5,0.0,5.5,5.460000038146973,5.480000019073486,0.0,62103569
2019-12-10,3.71065354347229,5.480000019073486,0.0,5.5,5.46999979019165,5.489999771118164,0.0,48679347
2019-12-11,3.724195957183838,5.5,0.0,5.510000228881836,5.46999979019165,5.480000019073486,0.0,64988086
2019-12-12,3.717424154281616,5.489999771118164,0.0,5.510000228881836,5.480000019073486,5.510000228881836,0.0,52964667
2019-12-13,3.7580525875091553,5.550000190734863,0.0,5.559999942779541,5.5,5.510000228881836,0.0,116842210
2019-12-16,3.751281261444092,5.539999961853027,0.0,5.550000190734863,5.519999980926514,5.539999961853027,0.0,77952783
2019-12-17,3.7919082641601562,5.599999904632568,0.0,5.650000095367432,5.53000020980835,5.539999961853027,0.0,130004617
2019-12-18,3.798680305480957,5.610000133514404,0.0,5.659999847412109,5.599999904632568,5.599999904632568,0.0,125732312
2019-12-19,3.805450677871704,5.619999885559082,0.0,5.639999866485596,5.610000133514404,5.619999885559082,0.0,65404473
2019-12-20,3.812222719192505,5.630000114440918,0.0,5.650000095367432,5.610000133514404,5.630000114440918,0.0,75220454
2019-12-23,3.7715952396392822,5.570000171661377,0.0,5.639999866485596,5.559999942779541,5.630000114440918,0.0,78701042
2019-12-24,3.7783658504486084,5.579999923706055,0.0,5.599999904632568,5.559999942779541,5.570000171661377,0.0,34728611
2019-12-25,3.7715952396392822,5.570000171661377,0.0,5.590000152587891,5.559999942779541,5.579999923706055,0.0,37914315
2019-12-26,3.7919082641601562,5.599999904632568,0.0,5.610000133514404,5.559999942779541,5.570000171661377,0.0,49461570
2019-12-27,3.805450677871704,5.619999885559082,0.0,5.650000095367432,5.590000152587891,5.599999904632568,0.0,90879118
2019-12-30,3.81899356842041,5.639999866485596,0.0,5.650000095367432,5.579999923706055,5.599999904632568,0.0,92552335
2019-12-31,3.812222719192505,5.630000114440918,0.0,5.639999866485596,5.610000133514404,5.630000114440918,0.0,66777188
2020-01-02,3.846079111099243,5.679999828338623,0.0,5.710000038146973,5.659999847412109,5.659999847412109,0.0,120457527
2020-01-03,3.8528506755828857,5.690000057220459,0.0,5.699999809265137,5.679999828338623,5.699999809265137,0.0,79226429
2020-01-06,3.832535743713379,5.659999847412109,0.0,5.699999809265137,5.650000095367432,5.679999828338623,0.0,110279939
2020-01-07,3.8528506755828857,5.690000057220459,0.0,5.71999979019165,5.659999847412109,5.670000076293945,0.0,100975573
2020-01-08,3.81899356842041,5.639999866485596,0.0,5.639999866485596,5.639999866485596,5.639999866485596,0.0,88454492
2020-01-09,3.825765609741211,5.650000095367432,0.0,5.679999828338623,5.639999866485596,5.659999847412109,0.0,70574836
2020-01-10,3.81899356842041,5.639999866485596,0.0,5.670000076293945,5.630000114440918,5.659999847412109,0.0,47980735
2020-01-13,3.825765609741211,5.650000095367432,0.0,5.650000095367432,5.650000095367432,5.650000095367432,0.0,48864220
2020-01-14,3.8393075466156006,5.670000076293945,0.0,5.670000076293945,5.670000076293945,5.670000076293945,0.0,60179379
2020-01-15,3.805450677871704,5.619999885559082,0.0,5.670000076293945,5.619999885559082,5.659999847412109,0.0,48839362
2020-01-16,3.798680305480957,5.610000133514404,0.0,5.639999866485596,5.610000133514404,5.630000114440918,0.0,44167672
2020-01-17,3.798680305480957,5.610000133514404,0.0,5.650000095367432,5.599999904632568,5.630000114440918,0.0,42898918
2020-01-20,3.805450677871704,5.619999885559082,0.0,5.630000114440918,5.599999904632568,5.610000133514404,0.0,50593695
2020-01-21,3.7715952396392822,5.570000171661377,0.0,5.619999885559082,5.559999942779541,5.610000133514404,0.0,68006773
2020-01-22,3.751281261444092,5.539999961853027,0.0,5.570000171661377,5.510000228881836,5.570000171661377,0.0,75774635
2020-01-23,3.7038822174072266,5.46999979019165,0.0,5.53000020980835,5.460000038146973,5.53000020980835,0.0,107220725
2020-02-03,3.4601171016693115,5.110000133514404,0.0,5.25,5.050000190734863,5.050000190734863,0.0,189713145
2020-02-04,3.5210578441619873,5.199999809265137,0.0,5.25,5.130000114440918,5.130000114440918,0.0,129302220
2020-02-05,3.5210578441619873,5.199999809265137,0.0,5.239999771118164,5.159999847412109,5.210000038146973,0.0,92667586
2020-02-06,3.548143148422241,5.239999771118164,0.0,5.260000228881836,5.179999828338623,5.21999979019165,0.0,95928446
2020-02-07,3.5549144744873047,5.25,0.0,5.269999980926514,5.199999809265137,5.21999979019165,0.0,66853432
2020-02-10,3.5413715839385986,5.230000019073486,0.0,5.260000228881836,5.21999979019165,5.230000019073486,0.0,60622311
2020-02-11,3.5616862773895264,5.260000228881836,0.0,5.289999961853027,5.230000019073486,5.239999771118164,0.0,67071570
2020-02-12,3.575228691101074,5.28000020980835,0.0,5.28000020980835,5.25,5.260000228881836,0.0,42780171
2020-02-13,3.548143148422241,5.239999771118164,0.0,5.289999961853027,5.239999771118164,5.269999980926514,0.0,51885965
2020-02-14,3.575228691101074,5.28000020980835,0.0,5.289999961853027,5.230000019073486,5.239999771118164,0.0,44830627
2020-02-17,3.615856409072876,5.340000152587891,0.0,5.349999904632568,5.269999980926514,5.269999980926514,0.0,58085651
2020-02-18,3.5955421924591064,5.309999942779541,0.0,5.360000133514404,5.300000190734863,5.329999923706055,0.0,56352602
2020-02-19,3.6023130416870117,5.320000171661377,0.0,5.340000152587891,5.300000190734863,5.309999942779541,0.0,52979145
2020-02-20,3.622626781463623,5.349999904632568,0.0,5.369999885559082,5.289999961853027,5.309999942779541,0.0,79874650
2020-02-21,3.636169672012329,5.369999885559082,0.0,5.389999866485596,5.329999923706055,5.329999923706055,0.0,79392915
2020-02-24,3.5955421924591064,5.309999942779541,0.0,5.380000114440918,5.309999942779541,5.360000133514404,0.0,71777866
2020-02-25,3.575228691101074,5.28000020980835,0.0,5.309999942779541,5.260000228881836,5.28000020980835,0.0,78857890
2020-02-26,3.5955421924591064,5.309999942779541,0.0,5.329999923706055,5.25,5.260000228881836,0.0,95636723
2020-02-27,3.5955421924591064,5.309999942779541,0.0,5.349999904632568,5.289999961853027,5.300000190734863,0.0,61406539
2020-02-28,3.5210578441619873,5.199999809265137,0.0,5.320000171661377,5.199999809265137,5.269999980926514,0.0,104045303
2020-03-02,3.5819997787475586,5.289999961853027,0.0,5.300000190734863,5.210000038146973,5.210000038146973,0.0,83304077
2020-03-03,3.6023130416870117,5.320000171661377,0.0,5.349999904632568,5.300000190734863,5.309999942779541,0.0,83390120
2020-03-04,3.615856409072876,5.340000152587891,0.0,5.360000133514404,5.309999942779541,5.320000171661377,0.0,52203096
2020-03-05,3.649712324142456,5.389999866485596,0.0,5.440000057220459,5.340000152587891,5.360000133514404,0.0,125890759
2020-03-06,3.615856409072876,5.340000152587891,0.0,5.389999866485596,5.329999923706055,5.369999885559082,0.0,60561011
2020-03-09,3.575228691101074,5.28000020980835,0.0,5.309999942779541,5.210000038146973,5.300000190734863,0.0,237469991
2020-03-10,3.622626781463623,5.349999904632568,0.0,5.420000076293945,5.239999771118164,5.239999771118164,0.0,136903064
2020-03-11,3.575228691101074,5.28000020980835,0.0,5.360000133514404,5.28000020980835,5.360000133514404,0.0,75986610
2020-03-12,3.575228691101074,5.28000020980835,0.0,5.289999961853027,5.239999771118164,5.269999980926514,0.0,72585952
2020-03-13,3.5549144744873047,5.25,0.0,5.289999961853027,5.150000095367432,5.179999828338623,0.0,122698595
2020-03-16,3.514286756515503,5.190000057220459,0.0,5.28000020980835,5.179999828338623,5.260000228881836,0.0,103280135
2020-03-17,3.5210578441619873,5.199999809265137,0.0,5.260000228881836,5.170000076293945,5.190000057220459,0.0,112394642
2020-03-18,3.466888189315796,5.119999885559082,0.0,5.230000019073486,5.110000133514404,5.230000019073486,0.0,93220559
2020-03-19,3.3991754055023193,5.019999980926514,0.0,5.150000095367432,5.0,5.110000133514404,0.0,116207486
2020-03-20,3.4465744495391846,5.090000152587891,0.0,5.130000114440918,5.039999961853027,5.070000171661377,0.0,91150223
2020-03-23,3.3991754055023193,5.019999980926514,0.0,5.050000190734863,5.0,5.039999961853027,0.0,77865695
2020-03-24,3.4465744495391846,5.090000152587891,0.0,5.110000133514404,5.050000190734863,5.070000171661377,0.0,65502335
2020-03-25,3.466888189315796,5.119999885559082,0.0,5.150000095367432,5.110000133514404,5.150000095367432,0.0,59051468
2020-03-26,3.466888189315796,5.119999885559082,0.0,5.159999847412109,5.079999923706055,5.110000133514404,0.0,64291124
2020-03-27,3.4939725399017334,5.159999847412109,0.0,5.190000057220459,5.119999885559082,5.150000095367432,0.0,54080750
2020-03-30,3.5346007347106934,5.21999979019165,0.0,5.239999771118164,5.139999866485596,5.150000095367432,0.0,89307064
2020-03-31,3.4939725399017334,5.159999847412109,0.0,5.25,5.159999847412109,5.239999771118164,0.0,58549006
2020-04-01,3.4939725399017334,5.159999847412109,0.0,5.210000038146973,5.150000095367432,5.159999847412109,0.0,51641931
2020-04-02,3.527829885482788,5.210000038146973,0.0,5.210000038146973,5.139999866485596,5.150000095367432,0.0,42260109
2020-04-03,3.500744342803955,5.170000076293945,0.0,5.199999809265137,5.159999847412109,5.190000057220459,0.0,31167300
2020-04-07,3.527829885482788,5.210000038146973,0.0,5.230000019073486,5.199999809265137,5.21999979019165,0.0,64210344
2020-04-08,3.514286756515503,5.190000057220459,0.0,5.21999979019165,5.179999828338623,5.199999809265137,0.0,45234176
2020-04-09,3.500744342803955,5.170000076293945,0.0,5.21999979019165,5.170000076293945,5.210000038146973,0.0,45331206
2020-04-10,3.5075151920318604,5.179999828338623,0.0,5.190000057220459,5.159999847412109,5.179999828338623,0.0,33770581
2020-04-13,3.500744342803955,5.170000076293945,0.0,5.190000057220459,5.170000076293945,5.170000076293945,0.0,27708095
2020-04-14,3.514286756515503,5.190000057220459,0.0,5.190000057220459,5.159999847412109,5.179999828338623,0.0,50539876
2020-04-15,3.5075151920318604,5.179999828338623,0.0,5.190000057220459,5.159999847412109,5.179999828338623,0.0,46750027
2020-04-16,3.5210578441619873,5.199999809265137,0.0,5.199999809265137,5.159999847412109,5.159999847412109,0.0,45156690
2020-04-17,3.514286756515503,5.190000057220459,0.0,5.21999979019165,5.179999828338623,5.199999809265137,0.0,53893013
2020-04-20,3.500744342803955,5.170000076293945,0.0,5.199999809265137,5.159999847412109,5.190000057220459,0.0,53661364
2020-04-21,3.4736595153808594,5.130000114440918,0.0,5.170000076293945,5.130000114440918,5.159999847412109,0.0,46648902
2020-04-22,3.480430841445923,5.139999866485596,0.0,5.150000095367432,5.110000133514404,5.139999866485596,0.0,39435681
2020-04-23,3.480430841445923,5.139999866485596,0.0,5.159999847412109,5.130000114440918,5.150000095367432,0.0,40414905
2020-04-24,3.480430841445923,5.139999866485596,0.0,5.150000095367432,5.119999885559082,5.139999866485596,0.0,31373939
2020-04-27,3.48720121383667,5.150000095367432,0.0,5.179999828338623,5.130000114440918,5.139999866485596,0.0,53418939
2020-04-28,3.48720121383667,5.150000095367432,0.0,5.170000076293945,5.110000133514404,5.159999847412109,0.0,47447422
2020-04-29,3.5075151920318604,5.179999828338623,0.0,5.179999828338623,5.110000133514404,5.119999885559082,0.0,66208008
2020-04-30,3.5075151920318604,5.179999828338623,0.0,5.210000038146973,5.170000076293945,5.170000076293945,0.0,58516854
2020-05-06,3.4736595153808594,5.130000114440918,0.0,5.150000095367432,5.119999885559082,5.139999866485596,0.0,84236068
2020-05-07,3.466888189315796,5.119999885559082,0.0,5.139999866485596,5.119999885559082,5.130000114440918,0.0,45395464
2020-05-08,3.480430841445923,5.139999866485596,0.0,5.150000095367432,5.119999885559082,5.139999866485596,0.0,44015409
2020-05-11,3.48720121383667,5.150000095367432,0.0,5.159999847412109,5.130000114440918,5.139999866485596,0.0,50288513
2020-05-12,3.4736595153808594,5.130000114440918,0.0,5.159999847412109,5.130000114440918,5.150000095367432,0.0,45694831
2020-05-13,3.4736595153808594,5.130000114440918,0.0,5.139999866485596,5.119999885559082,5.130000114440918,0.0,41525430
2020-05-14,3.466888189315796,5.119999885559082,0.0,5.139999866485596,5.110000133514404,5.130000114440918,0.0,37789306
2020-05-15,3.4736595153808594,5.130000114440918,0.0,5.150000095367432,5.119999885559082,5.130000114440918,0.0,46941779
2020-05-18,3.480430841445923,5.139999866485596,0.0,5.159999847412109,5.130000114440918,5.139999866485596,0.0,39499932
2020-05-19,3.480430841445923,5.139999866485596,0.0,5.159999847412109,5.139999866485596,5.159999847412109,0.0,36402779
2020-05-20,3.48720121383667,5.150000095367432,0.0,5.159999847412109,5.139999866485596,5.139999866485596,0.0,29304940
2020-05-21,3.4736595153808594,5.130000114440918,0.0,5.159999847412109,5.130000114440918,5.159999847412109,0.0,32590904
2020-05-22,3.4330317974090576,5.070000171661377,0.0,5.150000095367432,5.070000171661377,5.130000114440918,0.0,59886215
2020-05-25,3.4465744495391846,5.090000152587891,0.0,5.099999904632568,5.059999942779541,5.090000152587891,0.0,45624291
2020-05-26,3.439802885055542,5.079999923706055,0.0,5.110000133514404,5.079999923706055,5.090000152587891,0.0,39345884
2020-05-27,3.4601171016693115,5.110000133514404,0.0,5.119999885559082,5.079999923706055,5.079999923706055,0.0,46811914
2020-05-28,3.4939725399017334,5.159999847412109,0.0,5.170000076293945,5.099999904632568,5.110000133514404,0.0,68287935
2020-05-29,3.4601171016693115,5.110000133514404,0.0,5.150000095367432,5.110000133514404,5.139999866485596,0.0,54387740
2020-06-01,3.48720121383667,5.150000095367432,0.0,5.159999847412109,5.110000133514404,5.119999885559082,0.0,53530236
2020-06-02,3.5075151920318604,5.179999828338623,0.0,5.190000057220459,5.139999866485596,5.139999866485596,0.0,66710250
2020-06-03,3.514286756515503,5.190000057220459,0.0,5.230000019073486,5.190000057220459,5.190000057220459,0.0,55993222
2020-06-04,3.4939725399017334,5.159999847412109,0.0,5.21999979019165,5.159999847412109,5.210000038146973,0.0,34596949
2020-06-05,3.4939725399017334,5.159999847412109,0.0,5.179999828338623,5.150000095367432,5.179999828338623,0.0,32085398
2020-06-08,3.480430841445923,5.139999866485596,0.0,5.170000076293945,5.130000114440918,5.159999847412109,0.0,50441280
2020-06-09,3.48720121383667,5.150000095367432,0.0,5.159999847412109,5.139999866485596,5.139999866485596,0.0,37146422
2020-06-10,3.4736595153808594,5.130000114440918,0.0,5.159999847412109,5.130000114440918,5.159999847412109,0.0,44948100
2020-06-11,3.453345537185669,5.099999904632568,0.0,5.139999866485596,5.099999904632568,5.130000114440918,0.0,58702027
2020-06-12,3.453345537185669,5.099999904632568,0.0,5.119999885559082,5.079999923706055,5.090000152587891,0.0,63288235
2020-06-15,3.4330317974090576,5.070000171661377,0.0,5.110000133514404,5.070000171661377,5.090000152587891,0.0,61707757
2020-06-16,3.453345537185669,5.099999904632568,0.0,5.110000133514404,5.090000152587891,5.090000152587891,0.0,36284784
2020-06-17,3.453345537185669,5.099999904632568,0.0,5.110000133514404,5.079999923706055,5.099999904632568,0.0,41200080
2020-06-18,3.4601171016693115,5.110000133514404,0.0,5.130000114440918,5.079999923706055,5.090000152587891,0.0,58461901
2020-06-19,3.480430841445923,5.139999866485596,0.0,5.139999866485596,5.099999904632568,5.110000133514404,0.0,86722200
2020-06-22,3.466888189315796,5.119999885559082,0.0,5.150000095367432,5.110000133514404,5.119999885559082,0.0,61743860
2020-06-23,3.4465744495391846,5.090000152587891,0.0,5.119999885559082,5.090000152587891,5.110000133514404,0.0,44141795
2020-06-24,3.466888189315796,5.119999885559082,0.0,5.130000114440918,5.090000152587891,5.099999904632568,0.0,68996693
2020-06-29,3.466888189315796,5.119999885559082,0.0,5.150000095367432,5.099999904632568,5.139999866485596,0.0,76714595
2020-06-30,3.4736595153808594,5.130000114440918,0.0,5.139999866485596,5.110000133514404,5.119999885559082,0.0,59877310
2020-07-01,3.4939725399017334,5.159999847412109,0.0,5.170000076293945,5.110000133514404,5.130000114440918,0.0,77573188
2020-07-02,3.5684568881988525,5.269999980926514,0.0,5.28000020980835,5.159999847412109,5.179999828338623,0.0,155172968
2020-07-03,3.622626781463623,5.349999904632568,0.0,5.380000114440918,5.28000020980835,5.28000020980835,0.0,146708016
2020-07-06,3.8393075466156006,5.670000076293945,0.0,5.71999979019165,5.369999885559082,5.380000114440918,0.0,396344865
2020-07-07,3.825765609741211,5.650000095367432,0.0,5.78000020980835,5.650000095367432,5.730000019073486,0.0,360083790
2020-07-08,3.832535743713379,5.659999847412109,0.0,5.730000019073486,5.619999885559082,5.639999866485596,0.0,261358007
2020-07-09,3.7783658504486084,5.579999923706055,0.0,5.679999828338623,5.559999942779541,5.650000095367432,0.0,239070288
2020-07-10,3.6700260639190674,5.420000076293945,0.0,5.599999904632568,5.400000095367432,5.570000171661377,0.0,238513624
2020-07-13,3.6835684776306152,5.440000057220459,0.0,5.489999771118164,5.380000114440918,5.400000095367432,0.0,293929864
2020-07-14,3.6152877807617188,5.03000020980835,0.315,5.150000095367432,5.019999980926514,5.139999866485596,0.0,276485917
2020-07-15,3.5649757385253906,4.960000038146973,0.0,5.070000171661377,4.960000038146973,5.050000190734863,0.0,214909071
2020-07-16,3.5290379524230957,4.909999847412109,0.0,5.010000228881836,4.909999847412109,4.96999979019165,0.0,218339449
2020-07-17,3.514662981033325,4.889999866485596,0.0,4.940000057220459,4.860000133514404,4.920000076293945,0.0,172749175
2020-07-20,3.5649757385253906,4.960000038146973,0.0,4.989999771118164,4.869999885559082,4.889999866485596,0.0,195178929
2020-07-21,3.5434131622314453,4.929999828338623,0.0,4.980000019073486,4.909999847412109,4.96999979019165,0.0,123115653
2020-07-22,3.5290379524230957,4.909999847412109,0.0,4.980000019073486,4.909999847412109,4.929999828338623,0.0,178068841
2020-07-23,3.4931013584136963,4.860000133514404,0.0,4.940000057220459,4.840000152587891,4.900000095367432,0.0,183975067
2020-07-24,3.4284136295318604,4.769999980926514,0.0,4.860000133514404,4.760000228881836,4.860000133514404,0.0,223351773
2020-07-27,3.421226739883423,4.760000228881836,0.0,4.800000190734863,4.739999771118164,4.800000190734863,0.0,117590806
2020-07-28,3.421226739883423,4.760000228881836,0.0,4.789999961853027,4.739999771118164,4.78000020980835,0.0,107332293
2020-07-29,3.449976921081543,4.800000190734863,0.0,4.809999942779541,4.739999771118164,4.760000228881836,0.0,144513350
2020-07-30,3.4284136295318604,4.769999980926514,0.0,4.829999923706055,4.769999980926514,4.789999961853027,0.0,129069834
2020-07-31,3.421226739883423,4.760000228881836,0.0,4.809999942779541,4.739999771118164,4.769999980926514,0.0,189338539
2020-08-03,3.4284136295318604,4.769999980926514,0.0,4.789999961853027,4.75,4.769999980926514,0.0,197288575
2020-08-04,3.4643518924713135,4.820000171661377,0.0,4.840000152587891,4.760000228881836,4.78000020980835,0.0,254207935
2020-08-05,3.4356017112731934,4.78000020980835,0.0,4.820000171661377,4.769999980926514,4.809999942779541,0.0,140276427
2020-08-06,3.4356017112731934,4.78000020980835,0.0,4.809999942779541,4.760000228881836,4.789999961853027,0.0,139909222
2020-08-07,3.421226739883423,4.760000228881836,0.0,4.78000020980835,4.75,4.78000020980835,0.0,120254975
2020-08-10,3.4356017112731934,4.78000020980835,0.0,4.800000190734863,4.75,4.760000228881836,0.0,142110146
2020-08-11,3.4284136295318604,4.769999980926514,0.0,4.809999942779541,4.760000228881836,4.78000020980835,0.0,212197486
2020-08-12,3.4284136295318604,4.769999980926514,0.0,4.78000020980835,4.75,4.769999980926514,0.0,163725640
2020-08-13,3.421226739883423,4.760000228881836,0.0,4.78000020980835,4.760000228881836,4.78000020980835,0.0,81295864
2020-08-14,3.442789077758789,4.789999961853027,0.0,4.789999961853027,4.760000228881836,4.760000228881836,0.0,103371779
2020-08-17,3.4931013584136963,4.860000133514404,0.0,4.889999866485596,4.78000020980835,4.789999961853027,0.0,322783354
2020-08-18,3.4643518924713135,4.820000171661377,0.0,4.849999904632568,4.809999942779541,4.849999904632568,0.0,150016152
2020-08-19,3.442789077758789,4.789999961853027,0.0,4.829999923706055,4.789999961853027,4.820000171661377,0.0,103785890
2020-08-20,3.4284136295318604,4.769999980926514,0.0,4.789999961853027,4.760000228881836,4.789999961853027,0.0,104757597
2020-08-21,3.4284136295318604,4.769999980926514,0.0,4.789999961853027,4.760000228881836,4.78000020980835,0.0,89912428
2020-08-24,3.421226739883423,4.760000228881836,0.0,4.78000020980835,4.760000228881836,4.769999980926514,0.0,94398618
2020-08-25,3.4284136295318604,4.769999980926514,0.0,4.78000020980835,4.760000228881836,4.769999980926514,0.0,55027394
2020-08-26,3.414039373397827,4.75,0.0,4.769999980926514,4.75,4.769999980926514,0.0,89305522
2020-08-27,3.414039373397827,4.75,0.0,4.760000228881836,4.739999771118164,4.760000228881836,0.0,78449843
2020-08-28,3.4284136295318604,4.769999980926514,0.0,4.78000020980835,4.730000019073486,4.75,0.0,110836144
2020-08-31,3.3996644020080566,4.730000019073486,0.0,4.78000020980835,4.730000019073486,4.760000228881836,0.0,158051142
2020-09-01,3.3924763202667236,4.71999979019165,0.0,4.739999771118164,4.710000038146973,4.730000019073486,0.0,117105067
2020-09-02,3.3709142208099365,4.690000057220459,0.0,4.730000019073486,4.670000076293945,4.71999979019165,0.0,145891963
2020-09-03,3.356539487838745,4.670000076293945,0.0,4.699999809265137,4.659999847412109,4.679999828338623,0.0,109104004
2020-09-04,3.3421647548675537,4.650000095367432,0.0,4.659999847412109,4.639999866485596,4.650000095367432,0.0,92407044
2020-09-07,3.327789783477783,4.630000114440918,0.0,4.659999847412109,4.619999885559082,4.639999866485596,0.0,94870902
2020-09-08,3.3421647548675537,4.650000095367432,0.0,4.659999847412109,4.619999885559082,4.630000114440918,0.0,99553789
2020-09-09,3.327789783477783,4.630000114440918,0.0,4.650000095367432,4.630000114440918,4.639999866485596,0.0,85335402
2020-09-10,3.3206021785736084,4.619999885559082,0.0,4.650000095367432,4.599999904632568,4.639999866485596,0.0,109700335
2020-09-11,3.3134145736694336,4.610000133514404,0.0,4.619999885559082,4.590000152587891,4.610000133514404,0.0,72069472
2020-09-14,3.3206021785736084,4.619999885559082,0.0,4.630000114440918,4.610000133514404,4.619999885559082,0.0,72105148
2020-09-15,3.3206021785736084,4.619999885559082,0.0,4.639999866485596,4.610000133514404,4.619999885559082,0.0,62412784
2020-09-16,3.3421647548675537,4.650000095367432,0.0,4.650000095367432,4.610000133514404,4.630000114440918,0.0,85061332
2020-09-17,3.334977149963379,4.639999866485596,0.0,4.659999847412109,4.630000114440918,4.650000095367432,0.0,64260283
2020-09-18,3.363727331161499,4.679999828338623,0.0,4.679999828338623,4.639999866485596,4.659999847412109,0.0,129454991
2020-09-21,3.3421647548675537,4.650000095367432,0.0,4.690000057220459,4.639999866485596,4.679999828338623,0.0,81878953
2020-09-22,3.3134145736694336,4.610000133514404,0.0,4.670000076293945,4.610000133514404,4.639999866485596,0.0,88795832
2020-09-23,3.3134145736694336,4.610000133514404,0.0,4.630000114440918,4.610000133514404,4.619999885559082,0.0,54309326
2020-09-24,3.2846648693084717,4.570000171661377,0.0,4.610000133514404,4.559999942779541,4.610000133514404,0.0,90289424
2020-09-25,3.2846648693084717,4.570000171661377,0.0,4.579999923706055,4.559999942779541,4.559999942779541,0.0,48649600
2020-09-28,3.2918524742126465,4.579999923706055,0.0,4.590000152587891,4.559999942779541,4.570000171661377,0.0,58805222
2020-09-29,3.277477741241455,4.559999942779541,0.0,4.599999904632568,4.559999942779541,4.590000152587891,0.0,63437139
2020-09-30,3.2631025314331055,4.539999961853027,0.0,4.590000152587891,4.53000020980835,4.570000171661377,0.0,73130309
2020-10-09,3.2702901363372803,4.550000190734863,0.0,4.570000171661377,4.539999961853027,4.550000190734863,0.0,77841348
2020-10-12,3.306227207183838,4.599999904632568,0.0,4.610000133514404,4.550000190734863,4.550000190734863,0.0,134687096
2020-10-13,3.2918524742126465,4.579999923706055,0.0,4.599999904632568,4.570000171661377,4.590000152587891,0.0,64200853
2020-10-14,3.277477741241455,4.559999942779541,0.0,4.590000152587891,4.550000190734863,4.579999923706055,0.0,66448882
2020-10-15,3.2918524742126465,4.579999923706055,0.0,4.599999904632568,4.550000190734863,4.559999942779541,0.0,92267439
2020-10-16,3.3134145736694336,4.610000133514404,0.0,4.630000114440918,4.570000171661377,4.579999923706055,0.0,136639490
2020-10-19,3.306227207183838,4.599999904632568,0.0,4.679999828338623,4.590000152587891,4.610000133514404,0.0,169462699
2020-10-20,3.2846648693084717,4.570000171661377,0.0,4.599999904632568,4.559999942779541,4.599999904632568,0.0,89529951
2020-10-21,3.306227207183838,4.599999904632568,0.0,4.599999904632568,4.550000190734863,4.579999923706055,0.0,111346195
2020-10-22,3.299039840698242,4.590000152587891,0.0,4.619999885559082,4.570000171661377,4.590000152587891,0.0,100424935
2020-10-23,3.3421647548675537,4.650000095367432,0.0,4.670000076293945,4.590000152587891,4.590000152587891,0.0,190847393
2020-10-26,3.327789783477783,4.630000114440918,0.0,4.690000057220459,4.610000133514404,4.650000095367432,0.0,184553790
2020-10-27,3.299039840698242,4.590000152587891,0.0,4.619999885559082,4.579999923706055,4.619999885559082,0.0,86229123
2020-10-28,3.2918524742126465,4.579999923706055,0.0,4.590000152587891,4.550000190734863,4.579999923706055,0.0,92644014
2020-10-29,3.277477741241455,4.559999942779541,0.0,4.579999923706055,4.550000190734863,4.559999942779541,0.0,83056762
2020-10-30,3.255915403366089,4.53000020980835,0.0,4.579999923706055,4.519999980926514,4.570000171661377,0.0,80706584
2020-11-02,3.2415406703948975,4.510000228881836,0.0,4.550000190734863,4.510000228881836,4.53000020980835,0.0,87623456
2020-11-03,3.2631025314331055,4.539999961853027,0.0,4.570000171661377,4.519999980926514,4.53000020980835,0.0,92351487
2020-11-04,3.2702901363372803,4.550000190734863,0.0,4.570000171661377,4.53000020980835,4.559999942779541,0.0,80418445
2020-11-05,3.2846648693084717,4.570000171661377,0.0,4.590000152587891,4.550000190734863,4.570000171661377,0.0,72208099
2020-11-06,3.2918524742126465,4.579999923706055,0.0,4.599999904632568,4.550000190734863,4.570000171661377,0.0,87423070
2020-11-09,3.306227207183838,4.599999904632568,0.0,4.619999885559082,4.590000152587891,4.590000152587891,0.0,126825664
2020-11-10,3.3134145736694336,4.610000133514404,0.0,4.639999866485596,4.599999904632568,4.619999885559082,0.0,117540314
2020-11-11,3.334977149963379,4.639999866485596,0.0,4.650000095367432,4.599999904632568,4.610000133514404,0.0,100186157
2020-11-12,3.299039840698242,4.590000152587891,0.0,4.639999866485596,4.590000152587891,4.630000114440918,0.0,63543438
2020-11-13,3.2702901363372803,4.550000190734863,0.0,4.590000152587891,4.539999961853027,4.579999923706055,0.0,107363964
2020-11-16,3.277477741241455,4.559999942779541,0.0,4.579999923706055,4.550000190734863,4.559999942779541,0.0,84595073
2020-11-17,3.299039840698242,4.590000152587891,0.0,4.599999904632568,4.550000190734863,4.559999942779541,0.0,113930400
2020-11-18,3.3206021785736084,4.619999885559082,0.0,4.639999866485596,4.570000171661377,4.579999923706055,0.0,149566853
2020-11-19,3.3134145736694336,4.610000133514404,0.0,4.639999866485596,4.590000152587891,4.619999885559082,0.0,79107273
2020-11-20,3.306227207183838,4.599999904632568,0.0,4.619999885559082,4.579999923706055,4.619999885559082,0.0,59113465
2020-11-23,3.334977149963379,4.639999866485596,0.0,4.650000095367432,4.590000152587891,4.599999904632568,0.0,127466200
2020-11-24,3.3206021785736084,4.619999885559082,0.0,4.659999847412109,4.619999885559082,4.639999866485596,0.0,105994168
2020-11-25,3.3134145736694336,4.610000133514404,0.0,4.659999847412109,4.610000133514404,4.639999866485596,0.0,100566839
2020-11-26,3.327789783477783,4.630000114440918,0.0,4.639999866485596,4.599999904632568,4.610000133514404,0.0,82098739
2020-11-27,3.414039373397827,4.75,0.0,4.75,4.619999885559082,4.639999866485596,0.0,270401973
2020-11-30,3.385289192199707,4.710000038146973,0.0,4.860000133514404,4.679999828338623,4.78000020980835,0.0,433266841
2020-12-01,3.4356017112731934,4.78000020980835,0.0,4.789999961853027,4.670000076293945,4.690000057220459,0.0,233159388
2020-12-02,3.406851053237915,4.739999771118164,0.0,4.800000190734863,4.71999979019165,4.78000020980835,0.0,151189394
2020-12-03,3.3996644020080566,4.730000019073486,0.0,4.760000228881836,4.710000038146973,4.75,0.0,121052634
2020-12-04,3.3781018257141113,4.699999809265137,0.0,4.730000019073486,4.670000076293945,4.730000019073486,0.0,113514722
2020-12-07,3.3421647548675537,4.650000095367432,0.0,4.699999809265137,4.630000114440918,4.690000057220459,0.0,131011327
2020-12-08,3.334977149963379,4.639999866485596,0.0,4.679999828338623,4.630000114440918,4.659999847412109,0.0,98382030
2020-12-09,3.3206021785736084,4.619999885559082,0.0,4.679999828338623,4.619999885559082,4.650000095367432,0.0,102005109
2020-12-10,3.2918524742126465,4.579999923706055,0.0,4.639999866485596,4.570000171661377,4.619999885559082,0.0,139102222
2020-12-11,3.2702901363372803,4.550000190734863,0.0,4.579999923706055,4.519999980926514,4.579999923706055,0.0,254887909
2020-12-14,3.255915403366089,4.53000020980835,0.0,4.559999942779541,4.519999980926514,4.550000190734863,0.0,155454772
2020-12-15,3.2415406703948975,4.510000228881836,0.0,4.539999961853027,4.5,4.53000020980835,0.0,176730196
2020-12-16,3.2415406703948975,4.510000228881836,0.0,4.519999980926514,4.5,4.519999980926514,0.0,114854614
2020-12-17,3.248727560043335,4.519999980926514,0.0,4.53000020980835,4.489999771118164,4.510000228881836,0.0,116540309
2020-12-18,3.2415406703948975,4.510000228881836,0.0,4.53000020980835,4.5,4.510000228881836,0.0,93811584
2020-12-21,3.248727560043335,4.519999980926514,0.0,4.519999980926514,4.489999771118164,4.510000228881836,0.0,89412205
2020-12-22,3.2056031227111816,4.460000038146973,0.0,4.510000228881836,4.440000057220459,4.5,0.0,152060248
2020-12-23,3.1984152793884277,4.449999809265137,0.0,4.460000038146973,4.440000057220459,4.449999809265137,0.0,74452249
2020-12-24,3.191228151321411,4.440000057220459,0.0,4.480000019073486,4.440000057220459,4.460000038146973,0.0,56868669
2020-12-25,3.1984152793884277,4.449999809265137,0.0,4.460000038146973,4.429999828338623,4.449999809265137,0.0,56975979
2020-12-28,3.1984152793884277,4.449999809265137,0.0,4.46999979019165,4.440000057220459,4.449999809265137,0.0,63117544
2020-12-29,3.2056031227111816,4.460000038146973,0.0,4.46999979019165,4.449999809265137,4.460000038146973,0.0,61931965
2020-12-30,3.2056031227111816,4.460000038146973,0.0,4.460000038146973,4.440000057220459,4.460000038146973,0.0,80389851
2020-12-31,3.219978094100952,4.480000019073486,0.0,4.5,4.449999809265137,4.449999809265137,0.0,111247863
2021-01-04,3.2127904891967773,4.46999979019165,0.0,4.489999771118164,4.440000057220459,4.480000019073486,0.0,128046831
2021-01-05,3.219978094100952,4.480000019073486,0.0,4.489999771118164,4.440000057220459,4.460000038146973,0.0,124713674
2021-01-06,3.2343525886535645,4.5,0.0,4.5,4.460000038146973,4.46999979019165,0.0,97904240
2021-01-07,3.2343525886535645,4.5,0.0,4.510000228881836,4.460000038146973,4.5,0.0,104005758
2021-01-08,3.2343525886535645,4.5,0.0,4.510000228881836,4.46999979019165,4.489999771118164,0.0,105458593
2021-01-11,3.219978094100952,4.480000019073486,0.0,4.519999980926514,4.46999979019165,4.5,0.0,129530712
2021-01-12,3.227165699005127,4.489999771118164,0.0,4.5,4.449999809265137,4.480000019073486,0.0,113189034
2021-01-13,3.2343525886535645,4.5,0.0,4.510000228881836,4.460000038146973,4.489999771118164,0.0,120521718
2021-01-14,3.2415406703948975,4.510000228881836,0.0,4.539999961853027,4.489999771118164,4.489999771118164,0.0,120514096
2021-01-15,3.2631025314331055,4.539999961853027,0.0,4.590000152587891,4.519999980926514,4.519999980926514,0.0,248715364
2021-01-18,3.255915403366089,4.53000020980835,0.0,4.550000190734863,4.510000228881836,4.539999961853027,0.0,131026160
2021-01-19,3.306227207183838,4.599999904632568,0.0,4.610000133514404,4.510000228881836,4.53000020980835,0.0,247139811
2021-01-20,3.2702901363372803,4.550000190734863,0.0,4.619999885559082,4.539999961853027,4.579999923706055,0.0,124083654
2021-01-21,3.2631025314331055,4.539999961853027,0.0,4.570000171661377,4.53000020980835,4.539999961853027,0.0,102364894
2021-01-22,3.2343525886535645,4.5,0.0,4.539999961853027,4.489999771118164,4.53000020980835,0.0,91658003
2021-01-25,3.219978094100952,4.480000019073486,0.0,4.5,4.460000038146973,4.5,0.0,93451666
2021-01-26,3.2127904891967773,4.46999979019165,0.0,4.510000228881836,4.460000038146973,4.46999979019165,0.0,73834361
2021-01-27,3.219978094100952,4.480000019073486,0.0,4.519999980926514,4.460000038146973,4.480000019073486,0.0,88259060
2021-01-28,3.2127904891967773,4.46999979019165,0.0,4.480000019073486,4.449999809265137,4.46999979019165,0.0,103055951
2021-01-29,3.2056031227111816,4.460000038146973,0.0,4.5,4.449999809265137,4.460000038146973,0.0,89072687
2021-02-01,3.227165699005127,4.489999771118164,0.0,4.5,4.440000057220459,4.460000038146973,0.0,104075751
2021-02-02,3.219978094100952,4.480000019073486,0.0,4.519999980926514,4.46999979019165,4.489999771118164,0.0,116162280
2021-02-03,3.219978094100952,4.480000019073486,0.0,4.5,4.460000038146973,4.480000019073486,0.0,81469044
2021-02-04,3.2127904891967773,4.46999979019165,0.0,4.5,4.460000038146973,4.480000019073486,0.0,94025083
2021-02-05,3.2631025314331055,4.539999961853027,0.0,4.550000190734863,4.460000038146973,4.46999979019165,0.0,171316895
2021-02-08,3.2415406703948975,4.510000228881836,0.0,4.539999961853027,4.5,4.53000020980835,0.0,110536684
2021-02-09,3.2343525886535645,4.5,0.0,4.519999980926514,4.480000019073486,4.510000228881836,0.0,122013498
2021-02-10,3.255915403366089,4.53000020980835,0.0,4.559999942779541,4.5,4.5,0.0,122892037
2021-02-18,3.277477741241455,4.559999942779541,0.0,4.590000152587891,4.550000190734863,4.579999923706055,0.0,178892591
2021-02-19,3.306227207183838,4.599999904632568,0.0,4.610000133514404,4.550000190734863,4.570000171661377,0.0,154041929
2021-02-22,3.3206021785736084,4.619999885559082,0.0,4.650000095367432,4.579999923706055,4.599999904632568,0.0,182870350
2021-02-23,3.306227207183838,4.599999904632568,0.0,4.650000095367432,4.599999904632568,4.619999885559082,0.0,135325915
2021-02-24,3.2846648693084717,4.570000171661377,0.0,4.630000114440918,4.550000190734863,4.610000133514404,0.0,136892977
2021-02-25,3.3206021785736084,4.619999885559082,0.0,4.639999866485596,4.570000171661377,4.579999923706055,0.0,175682707
2021-02-26,3.2846648693084717,4.570000171661377,0.0,4.630000114440918,4.559999942779541,4.610000133514404,0.0,155076898
2021-03-01,3.2846648693084717,4.570000171661377,0.0,4.590000152587891,4.559999942779541,4.570000171661377,0.0,84998042
2021-03-02,3.2702901363372803,4.550000190734863,0.0,4.579999923706055,4.53000020980835,4.579999923706055,0.0,113166939
2021-03-03,3.3206021785736084,4.619999885559082,0.0,4.630000114440918,4.539999961853027,4.539999961853027,0.0,168491525
2021-03-04,3.3134145736694336,4.610000133514404,0.0,4.639999866485596,4.590000152587891,4.599999904632568,0.0,212184960
2021-03-05,3.334977149963379,4.639999866485596,0.0,4.650000095367432,4.570000171661377,4.610000133514404,0.0,213421900
2021-03-08,3.327789783477783,4.630000114440918,0.0,4.679999828338623,4.630000114440918,4.650000095367432,0.0,181406390
2021-03-09,3.334977149963379,4.639999866485596,0.0,4.679999828338623,4.619999885559082,4.650000095367432,0.0,187232200
2021-03-10,3.3421647548675537,4.650000095367432,0.0,4.670000076293945,4.610000133514404,4.639999866485596,0.0,157048263
2021-03-11,3.3493523597717285,4.659999847412109,0.0,4.699999809265137,4.639999866485596,4.659999847412109,0.0,145796953
2021-03-12,3.363727331161499,4.679999828338623,0.0,4.690000057220459,4.639999866485596,4.650000095367432,0.0,137452970
2021-03-15,3.3996644020080566,4.730000019073486,0.0,4.75,4.679999828338623,4.679999828338623,0.0,147227090
2021-03-16,3.3996644020080566,4.730000019073486,0.0,4.760000228881836,4.710000038146973,4.730000019073486,0.0,99763439
2021-03-17,3.3709142208099365,4.690000057220459,0.0,4.739999771118164,4.670000076293945,4.730000019073486,0.0,98359303
2021-03-18,3.363727331161499,4.679999828338623,0.0,4.710000038146973,4.670000076293945,4.690000057220459,0.0,77491777
2021-03-19,3.327789783477783,4.630000114440918,0.0,4.679999828338623,4.610000133514404,4.679999828338623,0.0,136119137
2021-03-22,3.3493523597717285,4.659999847412109,0.0,4.679999828338623,4.610000133514404,4.619999885559082,0.0,107104662
2021-03-23,3.363727331161499,4.679999828338623,0.0,4.699999809265137,4.650000095367432,4.670000076293945,0.0,82879410
2021-03-24,3.3493523597717285,4.659999847412109,0.0,4.679999828338623,4.639999866485596,4.670000076293945,0.0,86172310
2021-03-25,3.327789783477783,4.630000114440918,0.0,4.679999828338623,4.619999885559082,4.670000076293945,0.0,79222944
2021-03-26,3.3493523597717285,4.659999847412109,0.0,4.659999847412109,4.619999885559082,4.630000114440918,0.0,137663867
2021-03-29,3.478726387023926,4.840000152587891,0.0,4.869999885559082,4.699999809265137,4.699999809265137,0.0,452409658
2021-03-30,3.5218515396118164,4.900000095367432,0.0,4.900000095367432,4.829999923706055,4.849999904632568,0.0,242370361
2021-03-31,3.557788133621216,4.949999809265137,0.0,4.96999979019165,4.860000133514404,4.900000095367432,0.0,240419219
2021-04-01,3.5362257957458496,4.920000076293945,0.0,4.980000019073486,4.889999866485596,4.96999979019165,0.0,136537428
2021-04-02,3.4859132766723633,4.849999904632568,0.0,4.920000076293945,4.829999923706055,4.920000076293945,0.0,142693583
2021-04-06,3.500288724899292,4.869999885559082,0.0,4.889999866485596,4.849999904632568,4.869999885559082,0.0,90936263
2021-04-07,3.5434131622314453,4.929999828338623,0.0,4.940000057220459,4.849999904632568,4.869999885559082,0.0,132773118
2021-04-08,3.5434131622314453,4.929999828338623,0.0,4.940000057220459,4.909999847412109,4.929999828338623,0.0,80905292
2021-04-09,3.5290379524230957,4.909999847412109,0.0,4.929999828338623,4.880000114440918,4.929999828338623,0.0,80437778
2021-04-12,3.55060076713562,4.940000057220459,0.0,4.949999809265137,4.900000095367432,4.909999847412109,0.0,108420227
2021-04-13,3.5218515396118164,4.900000095367432,0.0,4.960000038146973,4.880000114440918,4.940000057220459,0.0,109871053
2021-04-14,3.4931013584136963,4.860000133514404,0.0,4.909999847412109,4.849999904632568,4.909999847412109,0.0,104537160
2021-04-15,3.4931013584136963,4.860000133514404,0.0,4.860000133514404,4.820000171661377,4.860000133514404,0.0,84674320
2021-04-16,3.514662981033325,4.889999866485596,0.0,4.900000095367432,4.849999904632568,4.860000133514404,0.0,67894215
2021-04-19,3.5218515396118164,4.900000095367432,0.0,4.929999828338623,4.889999866485596,4.900000095367432,0.0,96319809
2021-04-20,3.5362257957458496,4.920000076293945,0.0,4.920000076293945,4.889999866485596,4.900000095367432,0.0,78780882
2021-04-21,3.5362257957458496,4.920000076293945,0.0,4.940000057220459,4.900000095367432,4.909999847412109,0.0,89624638
2021-04-22,3.514662981033325,4.889999866485596,0.0,4.929999828338623,4.880000114440918,4.929999828338623,0.0,79573510
2021-04-23,3.5434131622314453,4.929999828338623,0.0,4.929999828338623,4.889999866485596,4.900000095367432,0.0,99606307
2021-04-26,3.500288724899292,4.869999885559082,0.0,4.940000057220459,4.869999885559082,4.929999828338623,0.0,100313001
2021-04-27,3.4931013584136963,4.860000133514404,0.0,4.889999866485596,4.849999904632568,4.869999885559082,0.0,61843149
2021-04-28,3.478726387023926,4.840000152587891,0.0,4.880000114440918,4.820000171661377,4.880000114440918,0.0,81774178
2021-04-29,3.5218515396118164,4.900000095367432,0.0,4.909999847412109,4.829999923706055,4.840000152587891,0.0,98400446
2021-04-30,3.4571635723114014,4.809999942779541,0.0,4.909999847412109,4.78000020980835,4.900000095367432,0.0,170451284
2021-05-06,3.478726387023926,4.840000152587891,0.0,4.869999885559082,4.809999942779541,4.809999942779541,0.0,115853928
2021-05-07,3.5434131622314453,4.929999828338623,0.0,4.949999809265137,4.829999923706055,4.840000152587891,0.0,191326257
2021-05-10,3.55060076713562,4.940000057220459,0.0,4.949999809265137,4.900000095367432,4.940000057220459,0.0,100020349
2021-05-11,3.557788133621216,4.949999809265137,0.0,4.949999809265137,4.909999847412109,4.920000076293945,0.0,86523280
2021-05-12,3.55060076713562,4.940000057220459,0.0,4.96999979019165,4.920000076293945,4.929999828338623,0.0,101418459
2021-05-13,3.5434131622314453,4.929999828338623,0.0,4.940000057220459,4.909999847412109,4.929999828338623,0.0,77165364
2021-05-14,3.557788133621216,4.949999809265137,0.0,4.960000038146973,4.909999847412109,4.929999828338623,0.0,96871763
2021-05-17,3.55060076713562,4.940000057220459,0.0,4.980000019073486,4.920000076293945,4.949999809265137,0.0,98376628
2021-05-18,3.557788133621216,4.949999809265137,0.0,4.960000038146973,4.940000057220459,4.949999809265137,0.0,57652122
2021-05-19,3.5290379524230957,4.909999847412109,0.0,4.949999809265137,4.909999847412109,4.949999809265137,0.0,82472630
2021-05-20,3.5290379524230957,4.909999847412109,0.0,4.929999828338623,4.889999866485596,4.920000076293945,0.0,77375974
2021-05-21,3.500288724899292,4.869999885559082,0.0,4.920000076293945,4.869999885559082,4.909999847412109,0.0,78343138
2021-05-24,3.500288724899292,4.869999885559082,0.0,4.900000095367432,4.860000133514404,4.869999885559082,0.0,83065392
2021-05-25,3.5362257957458496,4.920000076293945,0.0,4.940000057220459,4.869999885559082,4.880000114440918,0.0,137451306
2021-05-26,3.55060076713562,4.940000057220459,0.0,4.940000057220459,4.909999847412109,4.929999828338623,0.0,95617372
2021-05-27,3.5290379524230957,4.909999847412109,0.0,4.949999809265137,4.909999847412109,4.929999828338623,0.0,87376016
2021-05-28,3.5434131622314453,4.929999828338623,0.0,4.929999828338623,4.900000095367432,4.929999828338623,0.0,99587003
2021-05-31,3.5218515396118164,4.900000095367432,0.0,4.929999828338623,4.880000114440918,4.929999828338623,0.0,101664260
2021-06-01,3.500288724899292,4.869999885559082,0.0,4.900000095367432,4.849999904632568,4.889999866485596,0.0,108706902
2021-06-02,3.5074760913848877,4.880000114440918,0.0,4.880000114440918,4.849999904632568,4.860000133514404,0.0,109891543
2021-06-03,3.514662981033325,4.889999866485596,0.0,4.909999847412109,4.869999885559082,4.880000114440918,0.0,74848196
2021-06-04,3.5290379524230957,4.909999847412109,0.0,4.920000076293945,4.880000114440918,4.889999866485596,0.0,93958831
2021-06-07,3.5218515396118164,4.900000095367432,0.0,4.920000076293945,4.889999866485596,4.909999847412109,0.0,59733254
2021-06-08,3.5290379524230957,4.909999847412109,0.0,4.909999847412109,4.880000114440918,4.900000095367432,0.0,69352240
2021-06-09,3.514662981033325,4.889999866485596,0.0,4.909999847412109,4.889999866485596,4.900000095367432,0.0,50020859
2021-06-10,3.5074760913848877,4.880000114440918,0.0,4.909999847412109,4.880000114440918,4.889999866485596,0.0,77226836
2021-06-11,3.5074760913848877,4.880000114440918,0.0,4.889999866485596,4.869999885559082,4.889999866485596,0.0,98637597
2021-06-15,3.471538782119751,4.829999923706055,0.0,4.880000114440918,4.829999923706055,4.880000114440918,0.0,103053991
2021-06-16,3.478726387023926,4.840000152587891,0.0,4.869999885559082,4.820000171661377,4.829999923706055,0.0,60731313
2021-06-17,3.471538782119751,4.829999923706055,0.0,4.860000133514404,4.829999923706055,4.840000152587891,0.0,59473350
2021-06-18,3.478726387023926,4.840000152587891,0.0,4.840000152587891,4.820000171661377,4.829999923706055,0.0,58446795
2021-06-21,3.471538782119751,4.829999923706055,0.0,4.840000152587891,4.809999942779541,4.829999923706055,0.0,59761819
2021-06-22,3.4859132766723633,4.849999904632568,0.0,4.860000133514404,4.829999923706055,4.829999923706055,0.0,72189312
2021-06-23,3.4931013584136963,4.860000133514404,0.0,4.860000133514404,4.840000152587891,4.849999904632568,0.0,43847547
2021-06-24,3.5074760913848877,4.880000114440918,0.0,4.880000114440918,4.849999904632568,4.860000133514404,0.0,74034623
2021-06-25,3.5290379524230957,4.909999847412109,0.0,4.909999847412109,4.880000114440918,4.880000114440918,0.0,75733862
2021-06-28,3.514662981033325,4.889999866485596,0.0,4.909999847412109,4.880000114440918,4.909999847412109,0.0,55376208
2021-06-29,3.5074760913848877,4.880000114440918,0.0,4.900000095367432,4.869999885559082,4.889999866485596,0.0,59766944
2021-06-30,3.5218515396118164,4.900000095367432,0.0,4.909999847412109,4.869999885559082,4.869999885559082,0.0,66173238
2021-07-01,3.5218515396118164,4.900000095367432,0.0,4.920000076293945,4.889999866485596,4.909999847412109,0.0,68679129
2021-07-02,3.5218515396118164,4.900000095367432,0.0,4.909999847412109,4.880000114440918,4.889999866485596,0.0,102692102
2021-07-05,3.5074760913848877,4.880000114440918,0.0,4.900000095367432,4.860000133514404,4.889999866485596,0.0,80598488
2021-07-06,3.5290379524230957,4.909999847412109,0.0,4.920000076293945,4.869999885559082,4.880000114440918,0.0,112363014
2021-07-07,3.514662981033325,4.889999866485596,0.0,4.929999828338623,4.880000114440918,4.909999847412109,0.0,104822049
2021-07-08,3.4859132766723633,4.849999904632568,0.0,4.909999847412109,4.849999904632568,4.900000095367432,0.0,135336827
2021-07-09,3.4859132766723633,4.849999904632568,0.0,4.889999866485596,4.849999904632568,4.849999904632568,0.0,112443889
2021-07-12,3.4643518924713135,4.820000171661377,0.0,4.889999866485596,4.820000171661377,4.880000114440918,0.0,190392700
2021-07-13,3.438962697982788,4.46999979019165,0.317,4.539999961853027,4.46999979019165,4.53000020980835,0.0,171104196
2021-07-14,3.3928022384643555,4.409999847412109,0.0,4.480000019073486,4.409999847412109,4.480000019073486,0.0,135403050
2021-07-15,3.431269884109497,4.460000038146973,0.0,4.46999979019165,4.409999847412109,4.420000076293945,0.0,87658058
2021-07-16,3.4235758781433105,4.449999809265137,0.0,4.460000038146973,4.429999828338623,4.449999809265137,0.0,68785965
2021-07-19,3.4235758781433105,4.449999809265137,0.0,4.460000038146973,4.420000076293945,4.449999809265137,0.0,72716379
2021-07-20,3.3928022384643555,4.409999847412109,0.0,4.449999809265137,4.400000095367432,4.449999809265137,0.0,85579080
2021-07-21,3.3928022384643555,4.409999847412109,0.0,4.429999828338623,4.400000095367432,4.420000076293945,0.0,60353798
2021-07-22,3.3928022384643555,4.409999847412109,0.0,4.429999828338623,4.400000095367432,4.409999847412109,0.0,63019034
2021-07-23,3.3928022384643555,4.409999847412109,0.0,4.429999828338623,4.400000095367432,4.420000076293945,0.0,53649546
2021-07-26,3.3466415405273438,4.349999904632568,0.0,4.420000076293945,4.349999904632568,4.409999847412109,0.0,111607177
2021-07-27,3.331254720687866,4.329999923706055,0.0,4.380000114440918,4.309999942779541,4.360000133514404,0.0,94660859
2021-07-28,3.331254720687866,4.329999923706055,0.0,4.360000133514404,4.320000171661377,4.329999923706055,0.0,90641316
2021-07-29,3.3081746101379395,4.300000190734863,0.0,4.340000152587891,4.289999961853027,4.340000152587891,0.0,72912097
2021-07-30,3.292788028717041,4.28000020980835,0.0,4.300000190734863,4.269999980926514,4.300000190734863,0.0,62991459
2021-08-02,3.323561906814575,4.320000171661377,0.0,4.340000152587891,4.25,4.28000020980835,0.0,91755740
2021-08-03,3.3081746101379395,4.300000190734863,0.0,4.329999923706055,4.28000020980835,4.320000171661377,0.0,63645486
2021-08-04,3.3081746101379395,4.300000190734863,0.0,4.309999942779541,4.28000020980835,4.300000190734863,0.0,51501320
2021-08-05,3.315868377685547,4.309999942779541,0.0,4.320000171661377,4.28000020980835,4.300000190734863,0.0,52595942
2021-08-06,3.3081746101379395,4.300000190734863,0.0,4.309999942779541,4.28000020980835,4.300000190734863,0.0,49060082
2021-08-09,3.323561906814575,4.320000171661377,0.0,4.349999904632568,4.289999961853027,4.300000190734863,0.0,69944052
2021-08-10,3.3466415405273438,4.349999904632568,0.0,4.360000133514404,4.300000190734863,4.329999923706055,0.0,64462888
2021-08-11,3.3697221279144287,4.380000114440918,0.0,4.400000095367432,4.340000152587891,4.340000152587891,0.0,78134970
2021-08-12,3.354335308074951,4.360000133514404,0.0,4.389999866485596,4.360000133514404,4.380000114440918,0.0,39650746
2021-08-13,3.354335308074951,4.360000133514404,0.0,4.380000114440918,4.349999904632568,4.360000133514404,0.0,40371288
2021-08-16,3.377415657043457,4.389999866485596,0.0,4.400000095367432,4.360000133514404,4.369999885559082,0.0,58678554
2021-08-17,3.354335308074951,4.360000133514404,0.0,4.400000095367432,4.349999904632568,4.389999866485596,0.0,99658110
2021-08-18,3.3928022384643555,4.409999847412109,0.0,4.420000076293945,4.349999904632568,4.360000133514404,0.0,82093570
2021-08-19,3.3697221279144287,4.380000114440918,0.0,4.409999847412109,4.360000133514404,4.400000095367432,0.0,82842595
2021-08-20,3.3697221279144287,4.380000114440918,0.0,4.400000095367432,4.360000133514404,4.389999866485596,0.0,55798661
2021-08-23,3.354335308074951,4.360000133514404,0.0,4.389999866485596,4.349999904632568,4.380000114440918,0.0,76127921
2021-08-24,3.354335308074951,4.360000133514404,0.0,4.389999866485596,4.360000133514404,4.360000133514404,0.0,64748310
2021-08-25,3.362028121948242,4.369999885559082,0.0,4.380000114440918,4.349999904632568,4.369999885559082,0.0,60125838
2021-08-26,3.354335308074951,4.360000133514404,0.0,4.380000114440918,4.360000133514404,4.360000133514404,0.0,53929091
2021-08-27,3.354335308074951,4.360000133514404,0.0,4.380000114440918,4.360000133514404,4.360000133514404,0.0,58573791
2021-08-30,3.3697221279144287,4.380000114440918,0.0,4.389999866485596,4.360000133514404,4.369999885559082,0.0,81928825
2021-08-31,3.400496244430542,4.420000076293945,0.0,4.420000076293945,4.369999885559082,4.380000114440918,0.0,116613391
2021-09-01,3.438962697982788,4.46999979019165,0.0,4.480000019073486,4.400000095367432,4.420000076293945,0.0,139374364
2021-09-02,3.438962697982788,4.46999979019165,0.0,4.480000019073486,4.449999809265137,4.460000038146973,0.0,80027657
2021-09-03,3.4466564655303955,4.480000019073486,0.0,4.489999771118164,4.449999809265137,4.46999979019165,0.0,138724470
2021-09-06,3.4697368144989014,4.510000228881836,0.0,4.539999961853027,4.46999979019165,4.480000019073486,0.0,129463729
2021-09-07,3.485123872756958,4.53000020980835,0.0,4.550000190734863,4.5,4.519999980926514,0.0,112654702
2021-09-08,3.5082039833068848,4.559999942779541,0.0,4.570000171661377,4.519999980926514,4.53000020980835,0.0,106043965
2021-09-09,3.5082039833068848,4.559999942779541,0.0,4.579999923706055,4.510000228881836,4.559999942779541,0.0,104779344
2021-09-10,3.5235908031463623,4.579999923706055,0.0,4.639999866485596,4.550000190734863,4.559999942779541,0.0,165002825
2021-09-13,3.546671152114868,4.610000133514404,0.0,4.619999885559082,4.559999942779541,4.579999923706055,0.0,115998871
2021-09-14,3.492816925048828,4.539999961853027,0.0,4.630000114440918,4.519999980926514,4.630000114440918,0.0,136512191
2021-09-15,3.492816925048828,4.539999961853027,0.0,4.550000190734863,4.519999980926514,4.53000020980835,0.0,75192520
2021-09-16,3.4697368144989014,4.510000228881836,0.0,4.559999942779541,4.510000228881836,4.539999961853027,0.0,87664714
2021-09-17,3.462042808532715,4.5,0.0,4.53000020980835,4.5,4.510000228881836,0.0,70343526
2021-09-22,3.4235758781433105,4.449999809265137,0.0,4.46999979019165,4.429999828338623,4.449999809265137,0.0,93806732
2021-09-23,3.462042808532715,4.5,0.0,4.53000020980835,4.460000038146973,4.460000038146973,0.0,86934001
2021-09-24,3.4466564655303955,4.480000019073486,0.0,4.53000020980835,4.460000038146973,4.5,0.0,80430935
2021-09-27,3.431269884109497,4.460000038146973,0.0,4.489999771118164,4.449999809265137,4.46999979019165,0.0,81788045
2021-09-28,3.4543497562408447,4.489999771118164,0.0,4.510000228881836,4.449999809265137,4.460000038146973,0.0,85878423
2021-09-29,3.4543497562408447,4.489999771118164,0.0,4.519999980926514,4.460000038146973,4.46999979019165,0.0,91151490
2021-09-30,3.462042808532715,4.5,0.0,4.5,4.46999979019165,4.5,0.0,70999431
2021-10-08,3.5005104541778564,4.550000190734863,0.0,4.559999942779541,4.519999980926514,4.53000020980835,0.0,107956780
2021-10-11,3.515897274017334,4.570000171661377,0.0,4.599999904632568,4.559999942779541,4.559999942779541,0.0,94070272
2021-10-12,3.515897274017334,4.570000171661377,0.0,4.590000152587891,4.539999961853027,4.559999942779541,0.0,93960770
2021-10-13,3.5082039833068848,4.559999942779541,0.0,4.579999923706055,4.539999961853027,4.570000171661377,0.0,58854188
2021-10-14,3.492816925048828,4.539999961853027,0.0,4.570000171661377,4.53000020980835,4.570000171661377,0.0,48962865
2021-10-15,3.5005104541778564,4.550000190734863,0.0,4.550000190734863,4.53000020980835,4.550000190734863,0.0,65136361
2021-10-18,3.4774301052093506,4.519999980926514,0.0,4.550000190734863,4.510000228881836,4.550000190734863,0.0,75493164
2021-10-19,3.485123872756958,4.53000020980835,0.0,4.539999961853027,4.510000228881836,4.519999980926514,0.0,66780266
2021-10-20,3.4774301052093506,4.519999980926514,0.0,4.550000190734863,4.510000228881836,4.539999961853027,0.0,53441257
2021-10-21,3.5082039833068848,4.559999942779541,0.0,4.559999942779541,4.519999980926514,4.53000020980835,0.0,86051669
2021-10-22,3.5005104541778564,4.550000190734863,0.0,4.579999923706055,4.539999961853027,4.550000190734863,0.0,64578224
2021-10-25,3.5082039833068848,4.559999942779541,0.0,4.570000171661377,4.53000020980835,4.539999961853027,0.0,71852458
2021-10-26,3.492816925048828,4.539999961853027,0.0,4.579999923706055,4.53000020980835,4.570000171661377,0.0,57799084
2021-10-27,3.4774301052093506,4.519999980926514,0.0,4.559999942779541,4.5,4.550000190734863,0.0,78231871
2021-10-28,3.4697368144989014,4.510000228881836,0.0,4.53000020980835,4.5,4.510000228881836,0.0,63126143
2021-10-29,3.4774301052093506,4.519999980926514,0.0,4.519999980926514,4.489999771118164,4.519999980926514,0.0,63569066
2021-11-01,3.6082186698913574,4.690000057220459,0.0,4.710000038146973,4.550000190734863,4.559999942779541,0.0,330865247
2021-11-02,3.5082039833068848,4.559999942779541,0.0,4.710000038146973,4.550000190734863,4.699999809265137,0.0,230982137
2021-11-03,3.515897274017334,4.570000171661377,0.0,4.590000152587891,4.550000190734863,4.570000171661377,0.0,117730561
2021-11-04,3.5389773845672607,4.599999904632568,0.0,4.619999885559082,4.570000171661377,4.579999923706055,0.0,97493346
2021-11-05,3.5543642044067383,4.619999885559082,0.0,4.619999885559082,4.590000152587891,4.599999904632568,0.0,75514141
2021-11-08,3.562058210372925,4.630000114440918,0.0,4.659999847412109,4.590000152587891,4.619999885559082,0.0,86042551
2021-11-09,3.562058210372925,4.630000114440918,0.0,4.650000095367432,4.619999885559082,4.639999866485596,0.0,53892112
2021-11-10,3.5312840938568115,4.590000152587891,0.0,4.639999866485596,4.579999923706055,4.630000114440918,0.0,82453206
2021-11-11,3.5851385593414307,4.659999847412109,0.0,4.670000076293945,4.590000152587891,4.599999904632568,0.0,91681819
2021-11-12,3.562058210372925,4.630000114440918,0.0,4.670000076293945,4.619999885559082,4.650000095367432,0.0,58946468
2021-11-15,3.5851385593414307,4.659999847412109,0.0,4.659999847412109,4.619999885559082,4.630000114440918,0.0,54791695
2021-11-16,3.5774447917938232,4.650000095367432,0.0,4.670000076293945,4.630000114440918,4.650000095367432,0.0,48616757
2021-11-17,3.562058210372925,4.630000114440918,0.0,4.659999847412109,4.619999885559082,4.639999866485596,0.0,53983466
2021-11-18,3.546671152114868,4.610000133514404,0.0,4.630000114440918,4.599999904632568,4.619999885559082,0.0,50006262
2021-11-19,3.5774447917938232,4.650000095367432,0.0,4.659999847412109,4.599999904632568,4.599999904632568,0.0,71814438
2021-11-22,3.562058210372925,4.630000114440918,0.0,4.659999847412109,4.619999885559082,4.650000095367432,0.0,53068976
2021-11-23,3.569751262664795,4.639999866485596,0.0,4.650000095367432,4.619999885559082,4.630000114440918,0.0,44532270
2021-11-24,3.562058210372925,4.630000114440918,0.0,4.639999866485596,4.610000133514404,4.630000114440918,0.0,39740406
2021-11-25,3.5543642044067383,4.619999885559082,0.0,4.630000114440918,4.599999904632568,4.630000114440918,0.0,38399634
2021-11-26,3.5312840938568115,4.590000152587891,0.0,4.619999885559082,4.590000152587891,4.610000133514404,0.0,48457698
2021-11-29,3.5235908031463623,4.579999923706055,0.0,4.590000152587891,4.570000171661377,4.570000171661377,0.0,56660820
2021-11-30,3.515897274017334,4.570000171661377,0.0,4.599999904632568,4.570000171661377,4.579999923706055,0.0,77750897
2021-12-01,3.5389773845672607,4.599999904632568,0.0,4.610000133514404,4.559999942779541,4.570000171661377,0.0,67477702
2021-12-02,3.546671152114868,4.610000133514404,0.0,4.630000114440918,4.579999923706055,4.579999923706055,0.0,81551758
2021-12-03,3.5543642044067383,4.619999885559082,0.0,4.619999885559082,4.590000152587891,4.610000133514404,0.0,63789618
2021-12-06,3.5543642044067383,4.619999885559082,0.0,4.639999866485596,4.599999904632568,4.619999885559082,0.0,104384650
2021-12-07,3.569751262664795,4.639999866485596,0.0,4.659999847412109,4.619999885559082,4.639999866485596,0.0,99009540
2021-12-08,3.546671152114868,4.610000133514404,0.0,4.650000095367432,4.599999904632568,4.650000095367432,0.0,119956087
2021-12-09,3.562058210372925,4.630000114440918,0.0,4.650000095367432,4.599999904632568,4.610000133514404,0.0,117056946
2021-12-10,3.546671152114868,4.610000133514404,0.0,4.639999866485596,4.590000152587891,4.619999885559082,0.0,150927486
2021-12-13,3.515897274017334,4.570000171661377,0.0,4.619999885559082,4.570000171661377,4.599999904632568,0.0,137719516
2021-12-14,3.492816925048828,4.539999961853027,0.0,4.579999923706055,4.53000020980835,4.570000171661377,0.0,141721500
2021-12-15,3.4774301052093506,4.519999980926514,0.0,4.550000190734863,4.519999980926514,4.539999961853027,0.0,89164422
2021-12-16,3.492816925048828,4.539999961853027,0.0,4.550000190734863,4.519999980926514,4.53000020980835,0.0,69456908
2021-12-17,3.485123872756958,4.53000020980835,0.0,4.550000190734863,4.53000020980835,4.539999961853027,0.0,65960604
2021-12-20,3.485123872756958,4.53000020980835,0.0,4.550000190734863,4.53000020980835,4.539999961853027,0.0,65966990
2021-12-21,3.5005104541778564,4.550000190734863,0.0,4.570000171661377,4.53000020980835,4.53000020980835,0.0,62139032
2021-12-22,3.492816925048828,4.539999961853027,0.0,4.570000171661377,4.53000020980835,4.559999942779541,0.0,70889907
2021-12-23,3.5005104541778564,4.550000190734863,0.0,4.559999942779541,4.539999961853027,4.550000190734863,0.0,48453201
2021-12-24,3.5005104541778564,4.550000190734863,0.0,4.570000171661377,4.53000020980835,4.550000190734863,0.0,76315730
2021-12-27,3.515897274017334,4.570000171661377,0.0,4.570000171661377,4.550000190734863,4.550000190734863,0.0,60825938
2021-12-28,3.5235908031463623,4.579999923706055,0.0,4.670000076293945,4.559999942779541,4.559999942779541,0.0,105300374
2021-12-29,3.5312840938568115,4.590000152587891,0.0,4.610000133514404,4.579999923706055,4.590000152587891,0.0,62524153
2021-12-30,3.5389773845672607,4.599999904632568,0.0,4.619999885559082,4.590000152587891,4.599999904632568,0.0,75539623
2021-12-31,3.546671152114868,4.610000133514404,0.0,4.630000114440918,4.599999904632568,4.599999904632568,0.0,60191401
2022-01-04,3.5543642044067383,4.619999885559082,0.0,4.630000114440918,4.590000152587891,4.610000133514404,0.0,107617582
2022-01-05,3.5851385593414307,4.659999847412109,0.0,4.670000076293945,4.610000133514404,4.619999885559082,0.0,172849570
2022-01-06,3.5774447917938232,4.650000095367432,0.0,4.670000076293945,4.630000114440918,4.659999847412109,0.0,128012293
2022-01-07,3.6389925479888916,4.730000019073486,0.0,4.75,4.650000095367432,4.650000095367432,0.0,184742690
2022-01-10,3.654379367828369,4.75,0.0,4.769999980926514,4.710000038146973,4.730000019073486,0.0,107768717
2022-01-11,3.677459478378296,4.78000020980835,0.0,4.789999961853027,4.71999979019165,4.75,0.0,108963553
2022-01-12,3.6620724201202393,4.760000228881836,0.0,4.789999961853027,4.71999979019165,4.78000020980835,0.0,124460026
2022-01-13,3.7005391120910645,4.809999942779541,0.0,4.849999904632568,4.739999771118164,4.75,0.0,162208126
2022-01-14,3.6389925479888916,4.730000019073486,0.0,4.820000171661377,4.710000038146973,4.800000190734863,0.0,150381570
2022-01-17,3.6159117221832275,4.699999809265137,0.0,4.75,4.679999828338623,4.71999979019165,0.0,97420220
2022-01-18,3.6928467750549316,4.800000190734863,0.0,4.800000190734863,4.699999809265137,4.710000038146973,0.0,135195449
2022-01-19,3.6928467750549316,4.800000190734863,0.0,4.809999942779541,4.769999980926514,4.800000190734863,0.0,86867322
2022-01-20,3.7159264087677,4.829999923706055,0.0,4.840000152587891,4.789999961853027,4.800000190734863,0.0,132044535
2022-01-21,3.7005391120910645,4.809999942779541,0.0,4.840000152587891,4.760000228881836,4.829999923706055,0.0,91374395
2022-01-24,3.677459478378296,4.78000020980835,0.0,4.820000171661377,4.75,4.809999942779541,0.0,116102282
2022-01-25,3.6466851234436035,4.739999771118164,0.0,4.809999942779541,4.739999771118164,4.760000228881836,0.0,96310089
2022-01-26,3.708233118057251,4.820000171661377,0.0,4.829999923706055,4.739999771118164,4.739999771118164,0.0,129128026
2022-01-27,3.685152769088745,4.789999961853027,0.0,4.829999923706055,4.769999980926514,4.809999942779541,0.0,99887005
2022-01-28,3.6466851234436035,4.739999771118164,0.0,4.820000171661377,4.71999979019165,4.789999961853027,0.0,101698859
2022-02-07,3.7467005252838135,4.869999885559082,0.0,4.889999866485596,4.78000020980835,4.789999961853027,0.0,181215422
2022-02-08,3.8005542755126953,4.940000057220459,0.0,4.949999809265137,4.860000133514404,4.869999885559082,0.0,175305386
2022-02-09,3.7851669788360596,4.920000076293945,0.0,4.989999771118164,4.909999847412109,4.940000057220459,0.0,151887615
2022-02-10,3.8313276767730713,4.980000019073486,0.0,4.989999771118164,4.909999847412109,4.920000076293945,0.0,146446163
2022-02-11,3.8544082641601562,5.010000228881836,0.0,5.010000228881836,4.96999979019165,4.989999771118164,0.0,140787418
2022-02-14,3.7851669788360596,4.920000076293945,0.0,5.019999980926514,4.909999847412109,5.010000228881836,0.0,145047069
2022-02-15,3.7543938159942627,4.880000114440918,0.0,4.940000057220459,4.869999885559082,4.920000076293945,0.0,109591349
2022-02-16,3.8005542755126953,4.940000057220459,0.0,4.949999809265137,4.889999866485596,4.909999847412109,0.0,73245744
2022-02-17,3.792860984802246,4.929999828338623,0.0,4.96999979019165,4.909999847412109,4.940000057220459,0.0,69387826
2022-02-18,3.8390214443206787,4.989999771118164,0.0,4.989999771118164,4.900000095367432,4.920000076293945,0.0,101747906
2022-02-21,3.823634624481201,4.96999979019165,0.0,4.980000019073486,4.929999828338623,4.980000019073486,0.0,77932432
2022-02-22,3.8082473278045654,4.949999809265137,0.0,4.960000038146973,4.920000076293945,4.949999809265137,0.0,78041008
2022-02-23,3.7774736881256104,4.909999847412109,0.0,4.960000038146973,4.909999847412109,4.949999809265137,0.0,74704722
2022-02-24,3.7159264087677,4.829999923706055,0.0,4.920000076293945,4.820000171661377,4.909999847412109,0.0,150950272
2022-02-25,3.6928467750549316,4.800000190734863,0.0,4.869999885559082,4.78000020980835,4.840000152587891,0.0,134762822
2022-02-28,3.677459478378296,4.78000020980835,0.0,4.820000171661377,4.760000228881836,4.800000190734863,0.0,82072518
2022-03-01,3.739006996154785,4.860000133514404,0.0,4.869999885559082,4.789999961853027,4.800000190734863,0.0,87287158
2022-03-02,3.7543938159942627,4.880000114440918,0.0,4.900000095367432,4.829999923706055,4.840000152587891,0.0,87510407
2022-03-03,3.7774736881256104,4.909999847412109,0.0,4.940000057220459,4.880000114440918,4.880000114440918,0.0,87330680
2022-03-04,3.7697806358337402,4.900000095367432,0.0,4.909999847412109,4.849999904632568,4.900000095367432,0.0,87824025
2022-03-07,3.708233118057251,4.820000171661377,0.0,4.889999866485596,4.789999961853027,4.880000114440918,0.0,127303189
2022-03-08,3.654379367828369,4.75,0.0,4.829999923706055,4.75,4.809999942779541,0.0,121858406
2022-03-09,3.6159117221832275,4.699999809265137,0.0,4.800000190734863,4.599999904632568,4.75,0.0,168271146
2022-03-10,3.631298303604126,4.71999979019165,0.0,4.769999980926514,4.71999979019165,4.760000228881836,0.0,83143238
2022-03-11,3.7005391120910645,4.809999942779541,0.0,4.829999923706055,4.670000076293945,4.710000038146973,0.0,107998584
2022-03-14,3.685152769088745,4.789999961853027,0.0,4.860000133514404,4.78000020980835,4.789999961853027,0.0,124787423
2022-03-15,3.5389773845672607,4.599999904632568,0.0,4.800000190734863,4.599999904632568,4.78000020980835,0.0,190498470
2022-03-16,3.677459478378296,4.78000020980835,0.0,4.809999942779541,4.610000133514404,4.650000095367432,0.0,211717320
2022-03-17,3.6389925479888916,4.730000019073486,0.0,4.820000171661377,4.71999979019165,4.809999942779541,0.0,175268709
2022-03-18,3.762086868286133,4.889999866485596,0.0,4.900000095367432,4.699999809265137,4.730000019073486,0.0,240293163
2022-03-21,3.739006996154785,4.860000133514404,0.0,4.920000076293945,4.829999923706055,4.880000114440918,0.0,117075336
2022-03-22,3.7697806358337402,4.900000095367432,0.0,4.920000076293945,4.840000152587891,4.849999904632568,0.0,125376299
2022-03-23,3.762086868286133,4.889999866485596,0.0,4.909999847412109,4.849999904632568,4.900000095367432,0.0,92230783
2022-03-24,3.739006996154785,4.860000133514404,0.0,4.889999866485596,4.849999904632568,4.869999885559082,0.0,71907360
2022-03-25,3.7774736881256104,4.909999847412109,0.0,4.940000057220459,4.829999923706055,4.849999904632568,0.0,133996304
2022-03-28,3.823634624481201,4.96999979019165,0.0,5.0,4.869999885559082,4.920000076293945,0.0,224211140
2022-03-29,3.8544082641601562,5.010000228881836,0.0,5.019999980926514,4.960000038146973,4.960000038146973,0.0,156818498
2022-03-30,3.877488374710083,5.039999961853027,0.0,5.050000190734863,5.0,5.03000020980835,0.0,124951186
2022-03-31,3.931342363357544,5.110000133514404,0.0,5.130000114440918,5.019999980926514,5.03000020980835,0.0,150350167
2022-04-01,3.9390358924865723,5.119999885559082,0.0,5.130000114440918,5.070000171661377,5.090000152587891,0.0,138103324
2022-04-06,3.9775032997131348,5.170000076293945,0.0,5.179999828338623,5.090000152587891,5.099999904632568,0.0,152986861
2022-04-07,3.9467296600341797,5.130000114440918,0.0,5.190000057220459,5.099999904632568,5.150000095367432,0.0,141537708
2022-04-08,3.9775032997131348,5.170000076293945,0.0,5.179999828338623,5.130000114440918,5.130000114440918,0.0,100858638
2022-04-11,3.9621164798736572,5.150000095367432,0.0,5.179999828338623,5.130000114440918,5.159999847412109,0.0,143306139
2022-04-12,3.9775032997131348,5.170000076293945,0.0,5.199999809265137,5.119999885559082,5.150000095367432,0.0,135479277
2022-04-13,3.985196352005005,5.179999828338623,0.0,5.21999979019165,5.150000095367432,5.170000076293945,0.0,123811263
2022-04-14,3.9621164798736572,5.150000095367432,0.0,5.210000038146973,5.150000095367432,5.179999828338623,0.0,90215775
2022-04-15,3.9621164798736572,5.150000095367432,0.0,5.179999828338623,5.130000114440918,5.150000095367432,0.0,82809193
2022-04-18,3.900569200515747,5.070000171661377,0.0,5.159999847412109,5.059999942779541,5.150000095367432,0.0,127293526
2022-04-19,3.9621164798736572,5.150000095367432,0.0,5.150000095367432,5.059999942779541,5.070000171661377,0.0,89397445
2022-04-20,3.923649311065674,5.099999904632568,0.0,5.170000076293945,5.070000171661377,5.159999847412109,0.0,82642390
2022-04-21,3.9159555435180664,5.090000152587891,0.0,5.170000076293945,5.070000171661377,5.079999923706055,0.0,126456085
2022-04-22,3.985196352005005,5.179999828338623,0.0,5.190000057220459,5.070000171661377,5.079999923706055,0.0,139900057
2022-04-25,3.8851819038391113,5.050000190734863,0.0,5.170000076293945,5.050000190734863,5.139999866485596,0.0,179085835
2022-04-26,3.877488374710083,5.039999961853027,0.0,5.119999885559082,5.03000020980835,5.059999942779541,0.0,159390996
2022-04-27,3.8851819038391113,5.050000190734863,0.0,5.070000171661377,4.96999979019165,5.03000020980835,0.0,200106809
2022-04-28,3.908262252807617,5.079999923706055,0.0,5.090000152587891,5.03000020980835,5.039999961853027,0.0,136015507
2022-04-29,3.908262252807617,5.079999923706055,0.0,5.119999885559082,5.03000020980835,5.079999923706055,0.0,144727709
2022-05-05,3.8390214443206787,4.989999771118164,0.0,5.110000133514404,4.980000019073486,5.079999923706055,0.0,207939541
2022-05-06,3.7543938159942627,4.880000114440918,0.0,4.989999771118164,4.869999885559082,4.980000019073486,0.0,165817295
2022-05-09,3.7467005252838135,4.869999885559082,0.0,4.900000095367432,4.829999923706055,4.880000114440918,0.0,75781638
2022-05-10,3.7774736881256104,4.909999847412109,0.0,4.940000057220459,4.829999923706055,4.860000133514404,0.0,123662347
2022-05-11,3.7774736881256104,4.909999847412109,0.0,4.920000076293945,4.889999866485596,4.909999847412109,0.0,85006048
2022-05-12,3.7467005252838135,4.869999885559082,0.0,4.909999847412109,4.869999885559082,4.900000095367432,0.0,82470774
2022-05-13,3.8005542755126953,4.940000057220459,0.0,4.949999809265137,4.889999866485596,4.900000095367432,0.0,73393957
2022-05-16,3.823634624481201,4.96999979019165,0.0,4.989999771118164,4.900000095367432,4.949999809265137,0.0,99375303
2022-05-17,3.8005542755126953,4.940000057220459,0.0,4.989999771118164,4.909999847412109,4.96999979019165,0.0,95045841
2022-05-18,3.762086868286133,4.889999866485596,0.0,4.949999809265137,4.889999866485596,4.940000057220459,0.0,96634305
2022-05-19,3.7697806358337402,4.900000095367432,0.0,4.909999847412109,4.869999885559082,4.880000114440918,0.0,75434967
2022-05-20,3.792860984802246,4.929999828338623,0.0,4.949999809265137,4.889999866485596,4.909999847412109,0.0,87498980
2022-05-23,3.8005542755126953,4.940000057220459,0.0,4.960000038146973,4.920000076293945,4.940000057220459,0.0,75432555
2022-05-24,3.7851669788360596,4.920000076293945,0.0,4.960000038146973,4.920000076293945,4.940000057220459,0.0,78929652
2022-05-25,3.7851669788360596,4.920000076293945,0.0,4.949999809265137,4.920000076293945,4.929999828338623,0.0,79896798
2022-05-26,3.8005542755126953,4.940000057220459,0.0,4.949999809265137,4.920000076293945,4.929999828338623,0.0,77674398
2022-05-27,3.823634624481201,4.96999979019165,0.0,4.980000019073486,4.940000057220459,4.949999809265137,0.0,71104071
2022-05-30,3.7774736881256104,4.909999847412109,0.0,4.980000019073486,4.900000095367432,4.980000019073486,0.0,127595237
2022-05-31,3.7774736881256104,4.909999847412109,0.0,4.929999828338623,4.889999866485596,4.900000095367432,0.0,100906309
2022-06-01,3.7851669788360596,4.920000076293945,0.0,4.929999828338623,4.900000095367432,4.920000076293945,0.0,60025199
2022-06-02,3.7851669788360596,4.920000076293945,0.0,4.929999828338623,4.909999847412109,4.920000076293945,0.0,54435434
2022-06-06,3.762086868286133,4.889999866485596,0.0,4.929999828338623,4.880000114440918,4.920000076293945,0.0,107439397
2022-06-07,3.7697806358337402,4.900000095367432,0.0,4.909999847412109,4.880000114440918,4.889999866485596,0.0,77084249
2022-06-08,3.7774736881256104,4.909999847412109,0.0,4.920000076293945,4.889999866485596,4.909999847412109,0.0,85996964
2022-06-09,3.8005542755126953,4.940000057220459,0.0,4.940000057220459,4.900000095367432,4.909999847412109,0.0,118233450
2022-06-10,3.8544082641601562,5.010000228881836,0.0,5.010000228881836,4.920000076293945,4.929999828338623,0.0,170194639
2022-06-13,3.7774736881256104,4.909999847412109,0.0,5.0,4.900000095367432,4.989999771118164,0.0,152112247
2022-06-14,3.8313276767730713,4.980000019073486,0.0,4.980000019073486,4.900000095367432,4.909999847412109,0.0,141033493
2022-06-15,3.846714735031128,5.0,0.0,5.059999942779541,4.960000038146973,4.980000019073486,0.0,152822430
2022-06-16,3.815941095352173,4.960000038146973,0.0,5.019999980926514,4.949999809265137,5.010000228881836,0.0,114848041
2022-06-17,3.823634624481201,4.96999979019165,0.0,4.989999771118164,4.949999809265137,4.960000038146973,0.0,105040130
2022-06-20,3.8082473278045654,4.949999809265137,0.0,4.980000019073486,4.949999809265137,4.96999979019165,0.0,75031972
2022-06-21,3.846714735031128,5.0,0.0,5.010000228881836,4.949999809265137,4.960000038146973,0.0,99429283
2022-06-22,3.823634624481201,4.96999979019165,0.0,5.010000228881836,4.960000038146973,4.989999771118164,0.0,84986777
2022-06-23,3.823634624481201,4.96999979019165,0.0,4.989999771118164,4.960000038146973,4.980000019073486,0.0,84142459
2022-06-24,3.8082473278045654,4.949999809265137,0.0,4.980000019073486,4.940000057220459,4.96999979019165,0.0,111104359
2022-06-27,3.815941095352173,4.960000038146973,0.0,4.980000019073486,4.949999809265137,4.949999809265137,0.0,76917205
2022-06-28,3.823634624481201,4.96999979019165,0.0,4.980000019073486,4.949999809265137,4.960000038146973,0.0,83961546
2022-06-29,3.8390214443206787,4.989999771118164,0.0,4.989999771118164,4.960000038146973,4.96999979019165,0.0,97647814
2022-06-30,3.8313276767730713,4.980000019073486,0.0,5.0,4.96999979019165,4.980000019073486,0.0,86825842
2022-07-01,3.8390214443206787,4.989999771118164,0.0,5.0,4.96999979019165,4.980000019073486,0.0,55939587
2022-07-04,3.823634624481201,4.96999979019165,0.0,5.0,4.96999979019165,4.989999771118164,0.0,90074733
2022-07-05,3.8313276767730713,4.980000019073486,0.0,5.0,4.96999979019165,4.980000019073486,0.0,90084410
2022-07-06,3.823634624481201,4.96999979019165,0.0,5.0,4.960000038146973,4.989999771118164,0.0,117263379
2022-07-07,3.815941095352173,4.960000038146973,0.0,4.980000019073486,4.960000038146973,4.980000019073486,0.0,90320172
2022-07-08,3.8313276767730713,4.980000019073486,0.0,4.989999771118164,4.960000038146973,4.96999979019165,0.0,115632821
2022-07-11,3.8390214443206787,4.989999771118164,0.0,5.0,4.980000019073486,4.989999771118164,0.0,182581737
2022-07-12,3.843162775039673,4.639999866485596,0.355,4.679999828338623,4.639999866485596,4.650000095367432,0.0,219488866
2022-07-13,3.793466806411743,4.579999923706055,0.0,4.639999866485596,4.579999923706055,4.639999866485596,0.0,141568341
2022-07-14,3.735488176345825,4.510000228881836,0.0,4.579999923706055,4.5,4.570000171661377,0.0,135463924
2022-07-15,3.735488176345825,4.510000228881836,0.0,4.539999961853027,4.510000228881836,4.510000228881836,0.0,118471611
2022-07-18,3.760335922241211,4.539999961853027,0.0,4.550000190734863,4.519999980926514,4.519999980926514,0.0,64026101
2022-07-19,3.785183906555176,4.570000171661377,0.0,4.579999923706055,4.53000020980835,4.539999961853027,0.0,62061624
2022-07-20,3.8100318908691406,4.599999904632568,0.0,4.610000133514404,4.570000171661377,4.579999923706055,0.0,61410538
2022-07-21,3.8017494678497314,4.590000152587891,0.0,4.619999885559082,4.579999923706055,4.610000133514404,0.0,60808470
2022-07-22,3.8348805904388428,4.630000114440918,0.0,4.650000095367432,4.590000152587891,4.590000152587891,0.0,81080599
2022-07-25,3.8514456748962402,4.650000095367432,0.0,4.659999847412109,4.619999885559082,4.639999866485596,0.0,57325210
2022-07-26,3.8680105209350586,4.670000076293945,0.0,4.679999828338623,4.639999866485596,4.650000095367432,0.0,61316073
2022-07-27,3.8514456748962402,4.650000095367432,0.0,4.679999828338623,4.639999866485596,4.670000076293945,0.0,54955534
2022-07-28,3.843162775039673,4.639999866485596,0.0,4.670000076293945,4.619999885559082,4.659999847412109,0.0,86859892
2022-07-29,3.826597213745117,4.619999885559082,0.0,4.659999847412109,4.619999885559082,4.650000095367432,0.0,49807372
2022-08-01,3.8017494678497314,4.590000152587891,0.0,4.630000114440918,4.590000152587891,4.619999885559082,0.0,64391626
2022-08-02,3.785183906555176,4.570000171661377,0.0,4.590000152587891,4.550000190734863,4.579999923706055,0.0,78185632
2022-08-03,3.7686188220977783,4.550000190734863,0.0,4.590000152587891,4.550000190734863,4.570000171661377,0.0,60815069
2022-08-04,3.785183906555176,4.570000171661377,0.0,4.590000152587891,4.550000190734863,4.559999942779541,0.0,51375729
2022-08-05,3.8100318908691406,4.599999904632568,0.0,4.610000133514404,4.559999942779541,4.579999923706055,0.0,56130540
2022-08-08,3.793466806411743,4.579999923706055,0.0,4.619999885559082,4.579999923706055,4.599999904632568,0.0,39021120
2022-08-09,3.785183906555176,4.570000171661377,0.0,4.590000152587891,4.570000171661377,4.579999923706055,0.0,39498435
2022-08-10,3.785183906555176,4.570000171661377,0.0,4.590000152587891,4.559999942779541,4.579999923706055,0.0,36323383
2022-08-11,3.8100318908691406,4.599999904632568,0.0,4.610000133514404,4.570000171661377,4.579999923706055,0.0,43781523
2022-08-12,3.8100318908691406,4.599999904632568,0.0,4.610000133514404,4.590000152587891,4.599999904632568,0.0,36804325
2022-08-15,3.793466806411743,4.579999923706055,0.0,4.610000133514404,4.579999923706055,4.599999904632568,0.0,55126475
2022-08-16,3.793466806411743,4.579999923706055,0.0,4.599999904632568,4.579999923706055,4.579999923706055,0.0,32929502
2022-08-17,3.8100318908691406,4.599999904632568,0.0,4.610000133514404,4.570000171661377,4.590000152587891,0.0,42688709
2022-08-18,3.785183906555176,4.570000171661377,0.0,4.599999904632568,4.570000171661377,4.599999904632568,0.0,38325174
2022-08-19,3.785183906555176,4.570000171661377,0.0,4.590000152587891,4.570000171661377,4.570000171661377,0.0,33893937
2022-08-22,3.793466806411743,4.579999923706055,0.0,4.590000152587891,4.570000171661377,4.570000171661377,0.0,36250786
2022-08-23,3.7769014835357666,4.559999942779541,0.0,4.579999923706055,4.559999942779541,4.579999923706055,0.0,51174427
2022-08-24,3.7769014835357666,4.559999942779541,0.0,4.579999923706055,4.559999942779541,4.559999942779541,0.0,41484832
2022-08-25,3.793466806411743,4.579999923706055,0.0,4.579999923706055,4.559999942779541,4.570000171661377,0.0,40140701
2022-08-26,3.793466806411743,4.579999923706055,0.0,4.590000152587891,4.570000171661377,4.579999923706055,0.0,36708579
2022-08-29,3.7769014835357666,4.559999942779541,0.0,4.579999923706055,4.559999942779541,4.579999923706055,0.0,46319483
2022-08-30,3.7769014835357666,4.559999942779541,0.0,4.579999923706055,4.550000190734863,4.559999942779541,0.0,59370994
2022-08-31,3.793466806411743,4.579999923706055,0.0,4.590000152587891,4.550000190734863,4.559999942779541,0.0,69839558
2022-09-01,3.785183906555176,4.570000171661377,0.0,4.599999904632568,4.570000171661377,4.570000171661377,0.0,58132634
2022-09-02,3.793466806411743,4.579999923706055,0.0,4.590000152587891,4.570000171661377,4.579999923706055,0.0,49849088
2022-09-05,3.8100318908691406,4.599999904632568,0.0,4.599999904632568,4.570000171661377,4.579999923706055,0.0,54361958
2022-09-06,3.8100318908691406,4.599999904632568,0.0,4.619999885559082,4.590000152587891,4.599999904632568,0.0,61351502
2022-09-07,3.8017494678497314,4.590000152587891,0.0,4.610000133514404,4.590000152587891,4.610000133514404,0.0,37890261
2022-09-08,3.818314790725708,4.610000133514404,0.0,4.619999885559082,4.590000152587891,4.599999904632568,0.0,53891487
2022-09-09,3.8514456748962402,4.650000095367432,0.0,4.659999847412109,4.610000133514404,4.619999885559082,0.0,88795589
2022-09-13,3.843162775039673,4.639999866485596,0.0,4.670000076293945,4.630000114440918,4.659999847412109,0.0,69124992
2022-09-14,3.8348805904388428,4.630000114440918,0.0,4.650000095367432,4.619999885559082,4.630000114440918,0.0,46190412
2022-09-15,3.8514456748962402,4.650000095367432,0.0,4.679999828338623,4.630000114440918,4.639999866485596,0.0,82208532
2022-09-16,3.8100318908691406,4.599999904632568,0.0,4.650000095367432,4.599999904632568,4.650000095367432,0.0,87071201
2022-09-19,3.8514456748962402,4.650000095367432,0.0,4.650000095367432,4.599999904632568,4.610000133514404,0.0,68854650
2022-09-20,3.8514456748962402,4.650000095367432,0.0,4.650000095367432,4.630000114440918,4.650000095367432,0.0,59081421
2022-09-21,3.8348805904388428,4.630000114440918,0.0,4.650000095367432,4.630000114440918,4.639999866485596,0.0,39080308
2022-09-22,3.8514456748962402,4.650000095367432,0.0,4.650000095367432,4.610000133514404,4.630000114440918,0.0,55074980
2022-09-23,3.8514456748962402,4.650000095367432,0.0,4.659999847412109,4.630000114440918,4.639999866485596,0.0,63997250
2022-09-26,3.8100318908691406,4.599999904632568,0.0,4.659999847412109,4.599999904632568,4.639999866485596,0.0,80594449
2022-09-27,3.8017494678497314,4.590000152587891,0.0,4.619999885559082,4.570000171661377,4.599999904632568,0.0,62229218
2022-09-28,3.826597213745117,4.619999885559082,0.0,4.619999885559082,4.570000171661377,4.590000152587891,0.0,72321177
2022-09-29,3.793466806411743,4.579999923706055,0.0,4.630000114440918,4.579999923706055,4.619999885559082,0.0,59308382
2022-09-30,3.826597213745117,4.619999885559082,0.0,4.630000114440918,4.590000152587891,4.599999904632568,0.0,69900942
2022-10-10,3.818314790725708,4.610000133514404,0.0,4.639999866485596,4.610000133514404,4.619999885559082,0.0,71222839
2022-10-11,3.818314790725708,4.610000133514404,0.0,4.639999866485596,4.610000133514404,4.630000114440918,0.0,55821662
2022-10-12,3.818314790725708,4.610000133514404,0.0,4.630000114440918,4.599999904632568,4.610000133514404,0.0,45760322
2022-10-13,3.818314790725708,4.610000133514404,0.0,4.630000114440918,4.599999904632568,4.610000133514404,0.0,50553340
2022-10-14,3.818314790725708,4.610000133514404,0.0,4.630000114440918,4.610000133514404,4.619999885559082,0.0,46840757
2022-10-17,3.8100318908691406,4.599999904632568,0.0,4.619999885559082,4.599999904632568,4.610000133514404,0.0,48582993
2022-10-18,3.8100318908691406,4.599999904632568,0.0,4.619999885559082,4.599999904632568,4.610000133514404,0.0,38686748
2022-10-19,3.8017494678497314,4.590000152587891,0.0,4.610000133514404,4.590000152587891,4.599999904632568,0.0,36451455
2022-10-20,3.8017494678497314,4.590000152587891,0.0,4.610000133514404,4.579999923706055,4.590000152587891,0.0,48376412
2022-10-21,3.8017494678497314,4.590000152587891,0.0,4.610000133514404,4.579999923706055,4.590000152587891,0.0,47617205
2022-10-24,3.7769014835357666,4.559999942779541,0.0,4.599999904632568,4.559999942779541,4.590000152587891,0.0,83390654
2022-10-25,3.7769014835357666,4.559999942779541,0.0,4.579999923706055,4.519999980926514,4.570000171661377,0.0,100291474
2022-10-26,3.735488176345825,4.510000228881836,0.0,4.559999942779541,4.510000228881836,4.550000190734863,0.0,97851276
2022-10-27,3.702357053756714,4.46999979019165,0.0,4.519999980926514,4.46999979019165,4.510000228881836,0.0,120407779
2022-10-28,3.7106399536132812,4.480000019073486,0.0,4.510000228881836,4.460000038146973,4.46999979019165,0.0,82457396
2022-10-31,3.6857917308807373,4.449999809265137,0.0,4.480000019073486,4.440000057220459,4.46999979019165,0.0,92630172
2022-11-01,3.7106399536132812,4.480000019073486,0.0,4.5,4.449999809265137,4.460000038146973,0.0,89162044
2022-11-02,3.7189226150512695,4.489999771118164,0.0,4.5,4.440000057220459,4.480000019073486,0.0,61231576
2022-11-03,3.702357053756714,4.46999979019165,0.0,4.489999771118164,4.460000038146973,4.489999771118164,0.0,44047804
2022-11-04,3.752053737640381,4.53000020980835,0.0,4.53000020980835,4.460000038146973,4.46999979019165,0.0,64137977
2022-11-07,3.735488176345825,4.510000228881836,0.0,4.53000020980835,4.5,4.519999980926514,0.0,61648729
2022-11-08,3.752053737640381,4.53000020980835,0.0,4.53000020980835,4.510000228881836,4.519999980926514,0.0,31175034
2022-11-09,3.760335922241211,4.539999961853027,0.0,4.550000190734863,4.519999980926514,4.53000020980835,0.0,30471353
2022-11-10,3.752053737640381,4.53000020980835,0.0,4.539999961853027,4.510000228881836,4.53000020980835,0.0,31409018
2022-11-11,3.793466806411743,4.579999923706055,0.0,4.599999904632568,4.539999961853027,4.539999961853027,0.0,90649956
2022-11-14,3.8100318908691406,4.599999904632568,0.0,4.619999885559082,4.579999923706055,4.590000152587891,0.0,89772760
2022-11-15,3.818314790725708,4.610000133514404,0.0,4.619999885559082,4.579999923706055,4.590000152587891,0.0,64517282
2022-11-16,3.8017494678497314,4.590000152587891,0.0,4.610000133514404,4.579999923706055,4.599999904632568,0.0,38846096
2022-11-17,3.8100318908691406,4.599999904632568,0.0,4.599999904632568,4.579999923706055,4.579999923706055,0.0,35708444
2022-11-18,3.785183906555176,4.570000171661377,0.0,4.610000133514404,4.570000171661377,4.599999904632568,0.0,53772402
2022-11-21,3.785183906555176,4.570000171661377,0.0,4.590000152587891,4.550000190734863,4.570000171661377,0.0,46851993
2022-11-22,3.8348805904388428,4.630000114440918,0.0,4.639999866485596,4.570000171661377,4.570000171661377,0.0,102155898
2022-11-23,3.8597285747528076,4.659999847412109,0.0,4.690000057220459,4.639999866485596,4.639999866485596,0.0,118078112
2022-11-24,3.8514456748962402,4.650000095367432,0.0,4.679999828338623,4.639999866485596,4.670000076293945,0.0,57889049
2022-11-25,3.909423828125,4.71999979019165,0.0,4.739999771118164,4.650000095367432,4.659999847412109,0.0,145610571
2022-11-28,3.909423828125,4.71999979019165,0.0,4.71999979019165,4.639999866485596,4.690000057220459,0.0,108941442
2022-11-29,3.9425549507141113,4.760000228881836,0.0,4.769999980926514,4.699999809265137,4.710000038146973,0.0,132589159
2022-11-30,3.909423828125,4.71999979019165,0.0,4.769999980926514,4.71999979019165,4.760000228881836,0.0,114501029
2022-12-01,3.901141405105591,4.710000038146973,0.0,4.78000020980835,4.710000038146973,4.769999980926514,0.0,108169598
2022-12-02,3.8845763206481934,4.690000057220459,0.0,4.730000019073486,4.679999828338623,4.710000038146973,0.0,82708385
2022-12-05,3.934272527694702,4.75,0.0,4.760000228881836,4.699999809265137,4.710000038146973,0.0,107515660
2022-12-06,3.9425549507141113,4.760000228881836,0.0,4.78000020980835,4.730000019073486,4.75,0.0,71798721
2022-12-07,3.934272527694702,4.75,0.0,4.789999961853027,4.739999771118164,4.760000228881836,0.0,97272918
2022-12-08,3.959120512008667,4.78000020980835,0.0,4.78000020980835,4.739999771118164,4.75,0.0,74453157
2022-12-09,3.9425549507141113,4.760000228881836,0.0,4.789999961853027,4.75,4.769999980926514,0.0,79725263
2022-12-12,3.909423828125,4.71999979019165,0.0,4.769999980926514,4.71999979019165,4.760000228881836,0.0,69646690
2022-12-13,3.9259891510009766,4.739999771118164,0.0,4.760000228881836,4.71999979019165,4.71999979019165,0.0,55788437
2022-12-14,3.934272527694702,4.75,0.0,4.769999980926514,4.71999979019165,4.75,0.0,61958090
2022-12-15,3.901141405105591,4.710000038146973,0.0,4.75,4.710000038146973,4.75,0.0,51981849
2022-12-16,3.9508376121520996,4.769999980926514,0.0,4.769999980926514,4.710000038146973,4.710000038146973,0.0,85784480
2022-12-19,3.8928587436676025,4.699999809265137,0.0,4.789999961853027,4.699999809265137,4.760000228881836,0.0,87694898
2022-12-20,3.8597285747528076,4.659999847412109,0.0,4.730000019073486,4.659999847412109,4.699999809265137,0.0,79381876
2022-12-21,3.8597285747528076,4.659999847412109,0.0,4.699999809265137,4.659999847412109,4.679999828338623,0.0,50045360
2022-12-22,3.8845763206481934,4.690000057220459,0.0,4.71999979019165,4.659999847412109,4.690000057220459,0.0,54147106
2022-12-23,3.876293420791626,4.679999828338623,0.0,4.710000038146973,4.670000076293945,4.679999828338623,0.0,45875350
2022-12-26,3.8514456748962402,4.650000095367432,0.0,4.690000057220459,4.639999866485596,4.679999828338623,0.0,62213727
2022-12-27,3.901141405105591,4.710000038146973,0.0,4.730000019073486,4.659999847412109,4.659999847412109,0.0,57010955
2022-12-28,3.934272527694702,4.75,0.0,4.75,4.699999809265137,4.710000038146973,0.0,56385400
2022-12-29,3.901141405105591,4.710000038146973,0.0,4.760000228881836,4.699999809265137,4.739999771118164,0.0,76381988
2022-12-30,3.9259891510009766,4.739999771118164,0.0,4.760000228881836,4.71999979019165,4.730000019073486,0.0,79220024
2023-01-03,3.9259891510009766,4.739999771118164,0.0,4.760000228881836,4.710000038146973,4.739999771118164,0.0,87968007
2023-01-04,3.9756863117218018,4.800000190734863,0.0,4.809999942779541,4.730000019073486,4.75,0.0,116391937
2023-01-05,3.9839677810668945,4.809999942779541,0.0,4.829999923706055,4.800000190734863,4.820000171661377,0.0,79536096
2023-01-06,3.9839677810668945,4.809999942779541,0.0,4.829999923706055,4.789999961853027,4.809999942779541,0.0,57674895
2023-01-09,3.9839677810668945,4.809999942779541,0.0,4.829999923706055,4.809999942779541,4.820000171661377,0.0,47331036
2023-01-10,3.967402935028076,4.789999961853027,0.0,4.820000171661377,4.78000020980835,4.809999942779541,0.0,50574297
2023-01-11,4.000533580780029,4.829999923706055,0.0,4.840000152587891,4.78000020980835,4.789999961853027,0.0,70426733
2023-01-12,4.000533580780029,4.829999923706055,0.0,4.840000152587891,4.800000190734863,4.840000152587891,0.0,58754933
2023-01-13,4.033664703369141,4.869999885559082,0.0,4.869999885559082,4.820000171661377,4.829999923706055,0.0,67012171
2023-01-16,4.008816242218018,4.840000152587891,0.0,4.880000114440918,4.829999923706055,4.869999885559082,0.0,103773586
2023-01-17,4.025382041931152,4.860000133514404,0.0,4.869999885559082,4.829999923706055,4.840000152587891,0.0,69812882
2023-01-18,4.033664703369141,4.869999885559082,0.0,4.880000114440918,4.849999904632568,4.860000133514404,0.0,55544361
2023-01-19,4.041947364807129,4.880000114440918,0.0,4.880000114440918,4.849999904632568,4.869999885559082,0.0,41857235
2023-01-20,4.033664703369141,4.869999885559082,0.0,4.889999866485596,4.860000133514404,4.880000114440918,0.0,46845773
2023-01-30,4.041947364807129,4.880000114440918,0.0,4.920000076293945,4.869999885559082,4.900000095367432,0.0,90078641
2023-01-31,4.017098903656006,4.849999904632568,0.0,4.909999847412109,4.849999904632568,4.889999866485596,0.0,79753233
2023-02-01,4.025382041931152,4.860000133514404,0.0,4.869999885559082,4.849999904632568,4.860000133514404,0.0,59558606
2023-02-02,4.017098903656006,4.849999904632568,0.0,4.880000114440918,4.840000152587891,4.869999885559082,0.0,86389923
2023-02-03,4.008816242218018,4.840000152587891,0.0,4.849999904632568,4.820000171661377,4.840000152587891,0.0,73558532
2023-02-06,4.008816242218018,4.840000152587891,0.0,4.840000152587891,4.809999942779541,4.829999923706055,0.0,72768864
2023-02-07,4.017098903656006,4.849999904632568,0.0,4.849999904632568,4.829999923706055,4.840000152587891,0.0,56592532
2023-02-08,4.033664703369141,4.869999885559082,0.0,4.869999885559082,4.840000152587891,4.849999904632568,0.0,55433937
2023-02-09,4.041947364807129,4.880000114440918,0.0,4.889999866485596,4.860000133514404,4.869999885559082,0.0,56919265
2023-02-10,4.0585126876831055,4.900000095367432,0.0,4.900000095367432,4.860000133514404,4.880000114440918,0.0,55087262
2023-02-13,4.041947364807129,4.880000114440918,0.0,4.900000095367432,4.849999904632568,4.889999866485596,0.0,81385238
2023-02-14,4.033664703369141,4.869999885559082,0.0,4.889999866485596,4.860000133514404,4.880000114440918,0.0,37485156
2023-02-15,4.025382041931152,4.860000133514404,0.0,4.880000114440918,4.860000133514404,4.869999885559082,0.0,30744214
2023-02-16,4.017098903656006,4.849999904632568,0.0,4.889999866485596,4.849999904632568,4.860000133514404,0.0,61600405
2023-02-17,4.017098903656006,4.849999904632568,0.0,4.880000114440918,4.849999904632568,4.860000133514404,0.0,64303277
2023-02-20,4.075077533721924,4.920000076293945,0.0,4.920000076293945,4.849999904632568,4.869999885559082,0.0,108209122
2023-02-21,4.0585126876831055,4.900000095367432,0.0,4.920000076293945,4.880000114440918,4.909999847412109,0.0,58170680
2023-02-22,4.041947364807129,4.880000114440918,0.0,4.909999847412109,4.880000114440918,4.900000095367432,0.0,56473273
2023-02-23,4.041947364807129,4.880000114440918,0.0,4.900000095367432,4.869999885559082,4.880000114440918,0.0,47836155
2023-02-24,4.041947364807129,4.880000114440918,0.0,4.889999866485596,4.869999885559082,4.889999866485596,0.0,45065429
2023-02-27,4.025382041931152,4.860000133514404,0.0,4.889999866485596,4.860000133514404,4.880000114440918,0.0,55652213
2023-02-28,4.0585126876831055,4.900000095367432,0.0,4.900000095367432,4.860000133514404,4.869999885559082,0.0,61767784
2023-03-01,4.075077533721924,4.920000076293945,0.0,4.920000076293945,4.889999866485596,4.900000095367432,0.0,82585942
2023-03-02,4.099925518035889,4.949999809265137,0.0,4.96999979019165,4.909999847412109,4.920000076293945,0.0,77782469
2023-03-03,4.141339302062988,5.0,0.0,5.010000228881836,4.940000057220459,4.960000038146973,0.0,102830786
2023-03-06,4.149621963500977,5.010000228881836,0.0,5.03000020980835,4.989999771118164,5.010000228881836,0.0,113426497
2023-03-07,4.191035270690918,5.059999942779541,0.0,5.150000095367432,5.0,5.010000228881836,0.0,192829873
2023-03-08,4.215883255004883,5.090000152587891,0.0,5.099999904632568,5.019999980926514,5.039999961853027,0.0,97715074
2023-03-09,4.191035270690918,5.059999942779541,0.0,5.119999885559082,5.059999942779541,5.079999923706055,0.0,87838316
2023-03-10,4.133056640625,4.989999771118164,0.0,5.079999923706055,4.989999771118164,5.050000190734863,0.0,114741861
2023-03-13,4.18275260925293,5.050000190734863,0.0,5.050000190734863,4.96999979019165,4.96999979019165,0.0,84636271
2023-03-14,4.191035270690918,5.059999942779541,0.0,5.070000171661377,5.019999980926514,5.03000020980835,0.0,73809800
2023-03-15,4.224166393280029,5.099999904632568,0.0,5.110000133514404,5.070000171661377,5.079999923706055,0.0,67059545
2023-03-16,4.224166393280029,5.099999904632568,0.0,5.150000095367432,5.079999923706055,5.079999923706055,0.0,104952233
2023-03-17,4.249014377593994,5.130000114440918,0.0,5.170000076293945,5.099999904632568,5.119999885559082,0.0,115249829
2023-03-20,4.290427207946777,5.179999828338623,0.0,5.230000019073486,5.139999866485596,5.139999866485596,0.0,169568620
2023-03-21,4.224166393280029,5.099999904632568,0.0,5.210000038146973,5.090000152587891,5.179999828338623,0.0,105672053
2023-03-22,4.265579700469971,5.150000095367432,0.0,5.159999847412109,5.110000133514404,5.119999885559082,0.0,80909533
2023-03-23,4.282145023345947,5.170000076293945,0.0,5.179999828338623,5.119999885559082,5.139999866485596,0.0,58486775
2023-03-24,4.232448577880859,5.110000133514404,0.0,5.170000076293945,5.099999904632568,5.159999847412109,0.0,81958309
2023-03-27,4.215883255004883,5.090000152587891,0.0,5.130000114440918,5.070000171661377,5.110000133514404,0.0,87153479
2023-03-28,4.232448577880859,5.110000133514404,0.0,5.119999885559082,5.070000171661377,5.079999923706055,0.0,56791782
2023-03-29,4.232448577880859,5.110000133514404,0.0,5.139999866485596,5.099999904632568,5.130000114440918,0.0,61300089
2023-03-30,4.249014377593994,5.130000114440918,0.0,5.190000057220459,5.099999904632568,5.110000133514404,0.0,86904491
2023-03-31,4.232448577880859,5.110000133514404,0.0,5.159999847412109,5.099999904632568,5.159999847412109,0.0,93602543
2023-04-03,4.224166393280029,5.099999904632568,0.0,5.130000114440918,5.090000152587891,5.110000133514404,0.0,70144787
2023-04-04,4.282145023345947,5.170000076293945,0.0,5.170000076293945,5.099999904632568,5.110000133514404,0.0,97696629
2023-04-06,4.306992530822754,5.199999809265137,0.0,5.199999809265137,5.159999847412109,5.170000076293945,0.0,64615380
2023-04-07,4.290427207946777,5.179999828338623,0.0,5.199999809265137,5.159999847412109,5.190000057220459,0.0,46860083
2023-04-10,4.290427207946777,5.179999828338623,0.0,5.199999809265137,5.159999847412109,5.179999828338623,0.0,53070506
2023-04-11,4.306992530822754,5.199999809265137,0.0,5.210000038146973,5.179999828338623,5.199999809265137,0.0,68398488
2023-04-12,4.356688976287842,5.260000228881836,0.0,5.28000020980835,5.199999809265137,5.210000038146973,0.0,103585497
2023-04-13,4.389819622039795,5.300000190734863,0.0,5.320000171661377,5.239999771118164,5.260000228881836,0.0,112942244
2023-04-14,4.389819622039795,5.300000190734863,0.0,5.320000171661377,5.260000228881836,5.309999942779541,0.0,73649211
2023-04-17,4.530624866485596,5.46999979019165,0.0,5.46999979019165,5.28000020980835,5.289999961853027,0.0,183988406
2023-04-18,4.563756465911865,5.510000228881836,0.0,5.550000190734863,5.449999809265137,5.460000038146973,0.0,135703952
2023-04-19,4.580321311950684,5.53000020980835,0.0,5.559999942779541,5.46999979019165,5.5,0.0,109474876
2023-04-20,4.572038650512695,5.519999980926514,0.0,5.559999942779541,5.480000019073486,5.53000020980835,0.0,91921502
2023-04-21,4.547189712524414,5.489999771118164,0.0,5.590000152587891,5.489999771118164,5.519999980926514,0.0,125449810
2023-04-24,4.563756465911865,5.510000228881836,0.0,5.559999942779541,5.480000019073486,5.489999771118164,0.0,108901775
2023-04-25,4.663147926330566,5.630000114440918,0.0,5.630000114440918,5.510000228881836,5.519999980926514,0.0,193573599
2023-04-26,4.59688663482666,5.550000190734863,0.0,5.619999885559082,5.449999809265137,5.610000133514404,0.0,201596977
2023-04-27,4.613451957702637,5.570000171661377,0.0,5.599999904632568,5.46999979019165,5.510000228881836,0.0,136986924
2023-04-28,4.613451957702637,5.570000171661377,0.0,5.639999866485596,5.559999942779541,5.570000171661377,0.0,129720666
2023-05-04,4.903346061706543,5.920000076293945,0.0,5.960000038146973,5.579999923706055,5.590000152587891,0.0,373530645
2023-05-05,4.994455814361572,6.03000020980835,0.0,6.070000171661377,5.889999866485596,5.889999866485596,0.0,317845073
2023-05-08,5.234652519226074,6.320000171661377,0.0,6.489999771118164,6.010000228881836,6.03000020980835,0.0,449673891
2023-05-09,5.143543243408203,6.210000038146973,0.0,6.449999809265137,6.179999828338623,6.369999885559082,0.0,364207265
2023-05-10,4.911628723144531,5.929999828338623,0.0,6.260000228881836,5.900000095367432,6.179999828338623,0.0,264464164
2023-05-11,4.8950629234313965,5.909999847412109,0.0,6.050000190734863,5.860000133514404,5.960000038146973,0.0,145264427
2023-05-12,4.828801155090332,5.829999923706055,0.0,5.920000076293945,5.800000190734863,5.889999866485596,0.0,126930709
2023-05-15,4.886780261993408,5.900000095367432,0.0,5.909999847412109,5.699999809265137,5.829999923706055,0.0,196889787
2023-05-16,4.87849760055542,5.889999866485596,0.0,6.03000020980835,5.880000114440918,5.900000095367432,0.0,135572929
2023-05-17,4.8370842933654785,5.840000152587891,0.0,5.940000057220459,5.809999942779541,5.880000114440918,0.0,94717587
2023-05-18,4.911628723144531,5.929999828338623,0.0,6.019999980926514,5.849999904632568,5.860000133514404,0.0,172481568
2023-05-19,4.82051944732666,5.820000171661377,0.0,5.940000057220459,5.809999942779541,5.929999828338623,0.0,126735043
2023-05-22,4.82051944732666,5.820000171661377,0.0,5.869999885559082,5.789999961853027,5.800000190734863,0.0,87929903
2023-05-23,4.7542572021484375,5.739999771118164,0.0,5.860000133514404,5.730000019073486,5.820000171661377,0.0,141453691
2023-05-24,4.638299942016602,5.599999904632568,0.0,5.739999771118164,5.599999904632568,5.739999771118164,0.0,191246876
2023-05-25,4.679714202880859,5.650000095367432,0.0,5.659999847412109,5.519999980926514,5.570000171661377,0.0,134997508
2023-05-26,4.812236309051514,5.809999942779541,0.0,5.829999923706055,5.619999885559082,5.630000114440918,0.0,107969195
2023-05-29,4.936476707458496,5.960000038146973,0.0,5.96999979019165,5.800000190734863,5.809999942779541,0.0,142386095
2023-05-30,4.870214939117432,5.880000114440918,0.0,5.960000038146973,5.840000152587891,5.949999809265137,0.0,103069534
2023-05-31,4.845366954803467,5.849999904632568,0.0,5.889999866485596,5.829999923706055,5.860000133514404,0.0,82306647
2023-06-01,4.82051944732666,5.820000171661377,0.0,5.869999885559082,5.78000020980835,5.829999923706055,0.0,94983239
2023-06-02,4.812236309051514,5.809999942779541,0.0,5.849999904632568,5.75,5.809999942779541,0.0,104299680
2023-06-05,4.861932277679443,5.869999885559082,0.0,5.900000095367432,5.769999980926514,5.800000190734863,0.0,72356715
2023-06-06,4.8950629234313965,5.909999847412109,0.0,5.980000019073486,5.849999904632568,5.869999885559082,0.0,117184522
2023-06-07,4.92819356918335,5.949999809265137,0.0,5.989999771118164,5.880000114440918,5.900000095367432,0.0,82034240
2023-06-08,5.027585983276367,6.070000171661377,0.0,6.079999923706055,5.920000076293945,5.949999809265137,0.0,125720885
2023-06-09,5.011020660400391,6.050000190734863,0.0,6.110000133514404,6.050000190734863,6.070000171661377,0.0,87555352
2023-06-12,4.87849760055542,5.889999866485596,0.0,6.059999942779541,5.860000133514404,6.039999961853027,0.0,142779793
2023-06-13,4.911628723144531,5.929999828338623,0.0,5.940000057220459,5.880000114440918,5.900000095367432,0.0,64989702
2023-06-14,4.812236309051514,5.809999942779541,0.0,5.960000038146973,5.800000190734863,5.929999828338623,0.0,133965261
2023-06-15,4.853649616241455,5.860000133514404,0.0,5.889999866485596,5.789999961853027,5.820000171661377,0.0,101860175
2023-06-16,4.82051944732666,5.820000171661377,0.0,5.869999885559082,5.809999942779541,5.860000133514404,0.0,82841168
2023-06-19,4.737691879272461,5.71999979019165,0.0,5.820000171661377,5.710000038146973,5.809999942779541,0.0,107999191
2023-06-20,4.729409694671631,5.710000038146973,0.0,5.75,5.699999809265137,5.739999771118164,0.0,53672373
2023-06-21,4.7542572021484375,5.739999771118164,0.0,5.869999885559082,5.650000095367432,5.699999809265137,0.0,124216223
2023-06-26,4.679714202880859,5.650000095367432,0.0,5.75,5.630000114440918,5.739999771118164,0.0,102256780
2023-06-27,4.770823001861572,5.760000228881836,0.0,5.760000228881836,5.619999885559082,5.659999847412109,0.0,87390023
2023-06-28,4.762539863586426,5.75,0.0,5.809999942779541,5.71999979019165,5.760000228881836,0.0,81834464
2023-06-29,4.745974540710449,5.730000019073486,0.0,5.78000020980835,5.71999979019165,5.769999980926514,0.0,54487824
2023-06-30,4.803953647613525,5.800000190734863,0.0,5.829999923706055,5.71999979019165,5.739999771118164,0.0,77857333
2023-07-03,4.87849760055542,5.889999866485596,0.0,5.900000095367432,5.809999942779541,5.840000152587891,0.0,86702289
2023-07-04,4.812236309051514,5.809999942779541,0.0,5.880000114440918,5.78000020980835,5.869999885559082,0.0,69803499
2023-07-05,4.795670986175537,5.789999961853027,0.0,5.840000152587891,5.769999980926514,5.809999942779541,0.0,59110773
2023-07-06,4.762539863586426,5.75,0.0,5.829999923706055,5.739999771118164,5.78000020980835,0.0,102257831
2023-07-07,4.762539863586426,5.75,0.0,5.78000020980835,5.71999979019165,5.739999771118164,0.0,64751135
2023-07-10,4.787388324737549,5.78000020980835,0.0,5.800000190734863,5.739999771118164,5.769999980926514,0.0,79950921
2023-07-11,4.803953647613525,5.800000190734863,0.0,5.829999923706055,5.760000228881836,5.800000190734863,0.0,113566266
2023-07-12,4.806609153747559,5.429999828338623,0.373,5.489999771118164,5.420000076293945,5.449999809265137,0.0,144456777
2023-07-13,4.877424716949463,5.510000228881836,0.0,5.519999980926514,5.440000057220459,5.440000057220459,0.0,123005640
2023-07-14,4.939388751983643,5.579999923706055,0.0,5.619999885559082,5.480000019073486,5.510000228881836,0.0,122893827
2023-07-17,4.886276721954346,5.519999980926514,0.0,5.570000171661377,5.46999979019165,5.570000171661377,0.0,88439374
2023-07-18,4.868572235107422,5.5,0.0,5.539999961853027,5.5,5.53000020980835,0.0,60879202
2023-07-19,4.886276721954346,5.519999980926514,0.0,5.539999961853027,5.46999979019165,5.489999771118164,0.0,53228761
2023-07-20,4.921684265136719,5.559999942779541,0.0,5.590000152587891,5.519999980926514,5.53000020980835,0.0,68533503
2023-07-21,4.912832260131836,5.550000190734863,0.0,5.579999923706055,5.53000020980835,5.539999961853027,0.0,41856855
2023-07-24,4.886276721954346,5.519999980926514,0.0,5.559999942779541,5.489999771118164,5.53000020980835,0.0,50433682
2023-07-25,4.957091808319092,5.599999904632568,0.0,5.630000114440918,5.539999961853027,5.559999942779541,0.0,102139478
2023-07-26,4.974795818328857,5.619999885559082,0.0,5.639999866485596,5.590000152587891,5.599999904632568,0.0,46609459
2023-07-27,5.027907848358154,5.679999828338623,0.0,5.71999979019165,5.619999885559082,5.639999866485596,0.0,94915866
2023-07-28,5.116427421569824,5.78000020980835,0.0,5.800000190734863,5.630000114440918,5.679999828338623,0.0,119480441
2023-07-31,5.151835918426514,5.820000171661377,0.0,5.880000114440918,5.769999980926514,5.809999942779541,0.0,132391462
2023-08-01,5.13413143157959,5.800000190734863,0.0,5.860000133514404,5.78000020980835,5.800000190734863,0.0,77585191
2023-08-02,5.0102033615112305,5.659999847412109,0.0,5.78000020980835,5.630000114440918,5.78000020980835,0.0,122918810
2023-08-03,5.054463863372803,5.710000038146973,0.0,5.71999979019165,5.630000114440918,5.679999828338623,0.0,82754721
2023-08-04,5.045611381530762,5.699999809265137,0.0,5.78000020980835,5.690000057220459,5.730000019073486,0.0,90734198
2023-08-07,5.001352310180664,5.650000095367432,0.0,5.690000057220459,5.610000133514404,5.679999828338623,0.0,94601464
2023-08-08,4.965944290161133,5.610000133514404,0.0,5.659999847412109,5.599999904632568,5.639999866485596,0.0,73263809
2023-08-09,4.974795818328857,5.619999885559082,0.0,5.639999866485596,5.599999904632568,5.610000133514404,0.0,56626198
2023-08-10,4.974795818328857,5.619999885559082,0.0,5.639999866485596,5.590000152587891,5.619999885559082,0.0,59108851
2023-08-11,4.903980255126953,5.539999961853027,0.0,5.639999866485596,5.539999961853027,5.630000114440918,0.0,90800316
2023-08-14,4.842016696929932,5.46999979019165,0.0,5.510000228881836,5.449999809265137,5.5,0.0,92525086
2023-08-15,4.965944290161133,5.610000133514404,0.0,5.619999885559082,5.46999979019165,5.46999979019165,0.0,115787305
2023-08-16,4.957091808319092,5.599999904632568,0.0,5.630000114440918,5.519999980926514,5.579999923706055,0.0,74538718
2023-08-17,4.8951287269592285,5.53000020980835,0.0,5.610000133514404,5.5,5.579999923706055,0.0,92069554
2023-08-18,4.930536270141602,5.570000171661377,0.0,5.619999885559082,5.519999980926514,5.519999980926514,0.0,73040298
2023-08-21,4.833164691925049,5.460000038146973,0.0,5.579999923706055,5.460000038146973,5.570000171661377,0.0,101544765
2023-08-22,4.921684265136719,5.559999942779541,0.0,5.559999942779541,5.460000038146973,5.46999979019165,0.0,87950583
2023-08-23,4.930536270141602,5.570000171661377,0.0,5.630000114440918,5.53000020980835,5.550000190734863,0.0,85829554
2023-08-24,4.912832260131836,5.550000190734863,0.0,5.619999885559082,5.519999980926514,5.610000133514404,0.0,61382170
2023-08-25,4.939388751983643,5.579999923706055,0.0,5.610000133514404,5.539999961853027,5.550000190734863,0.0,64154912
2023-08-28,4.983648300170898,5.630000114440918,0.0,5.840000152587891,5.610000133514404,5.78000020980835,0.0,139851033
2023-08-29,4.912832260131836,5.550000190734863,0.0,5.650000095367432,5.539999961853027,5.630000114440918,0.0,117651170
2023-08-30,4.8951287269592285,5.53000020980835,0.0,5.559999942779541,5.5,5.550000190734863,0.0,79761705
2023-08-31,4.912832260131836,5.550000190734863,0.0,5.590000152587891,5.53000020980835,5.539999961853027,0.0,86089781
2023-09-01,4.8951287269592285,5.53000020980835,0.0,5.590000152587891,5.519999980926514,5.559999942779541,0.0,61881733
2023-09-04,4.957091808319092,5.599999904632568,0.0,5.610000133514404,5.53000020980835,5.559999942779541,0.0,82179908
2023-09-05,4.912832260131836,5.550000190734863,0.0,5.599999904632568,5.539999961853027,5.599999904632568,0.0,59658537
2023-09-06,4.921684265136719,5.559999942779541,0.0,5.570000171661377,5.53000020980835,5.539999961853027,0.0,51840487
2023-09-07,4.930536270141602,5.570000171661377,0.0,5.599999904632568,5.550000190734863,5.559999942779541,0.0,55765314
2023-09-08,4.903980255126953,5.539999961853027,0.0,5.570000171661377,5.53000020980835,5.570000171661377,0.0,41419098
2023-09-11,4.903980255126953,5.539999961853027,0.0,5.570000171661377,5.519999980926514,5.550000190734863,0.0,79658030
2023-09-12,4.8951287269592285,5.53000020980835,0.0,5.550000190734863,5.519999980926514,5.539999961853027,0.0,44662704
2023-09-13,4.921684265136719,5.559999942779541,0.0,5.579999923706055,5.519999980926514,5.539999961853027,0.0,83718998
2023-09-14,5.001352310180664,5.650000095367432,0.0,5.650000095367432,5.550000190734863,5.559999942779541,0.0,164544189
2023-09-15,5.001352310180664,5.650000095367432,0.0,5.71999979019165,5.619999885559082,5.650000095367432,0.0,124185874
2023-09-18,5.001352310180664,5.650000095367432,0.0,5.670000076293945,5.610000133514404,5.650000095367432,0.0,69407204
2023-09-19,5.054463863372803,5.710000038146973,0.0,5.710000038146973,5.650000095367432,5.659999847412109,0.0,96550683
2023-09-20,5.089871406555176,5.75,0.0,5.760000228881836,5.679999828338623,5.710000038146973,0.0,76877793
2023-09-21,5.081018924713135,5.739999771118164,0.0,5.78000020980835,5.710000038146973,5.75,0.0,77534167
2023-09-22,5.116427421569824,5.78000020980835,0.0,5.78000020980835,5.670000076293945,5.75,0.0,116438124
2023-09-25,5.151835918426514,5.820000171661377,0.0,5.840000152587891,5.739999771118164,5.78000020980835,0.0,101474211
2023-09-26,5.13413143157959,5.800000190734863,0.0,5.840000152587891,5.789999961853027,5.820000171661377,0.0,61424148
2023-09-27,5.089871406555176,5.75,0.0,5.829999923706055,5.75,5.820000171661377,0.0,68771837
2023-09-28,5.098723411560059,5.760000228881836,0.0,5.800000190734863,5.75,5.769999980926514,0.0,51157114
2023-10-09,5.107574939727783,5.769999980926514,0.0,5.800000190734863,5.710000038146973,5.730000019073486,0.0,67297116
2023-10-10,5.107574939727783,5.769999980926514,0.0,5.820000171661377,5.760000228881836,5.800000190734863,0.0,63080632
2023-10-11,5.089871406555176,5.75,0.0,5.800000190734863,5.739999771118164,5.789999961853027,0.0,60299999
2023-10-12,5.231502532958984,5.909999847412109,0.0,5.920000076293945,5.789999961853027,5.809999942779541,0.0,161446054
2023-10-13,5.266910076141357,5.949999809265137,0.0,6.0,5.860000133514404,5.860000133514404,0.0,130809512
2023-10-16,5.284614086151123,5.96999979019165,0.0,5.980000019073486,5.909999847412109,5.949999809265137,0.0,71671134
2023-10-17,5.284614086151123,5.96999979019165,0.0,5.980000019073486,5.949999809265137,5.96999979019165,0.0,57703115
2023-10-18,5.266910076141357,5.949999809265137,0.0,6.0,5.929999828338623,5.960000038146973,0.0,80178305
2023-10-19,5.169538497924805,5.840000152587891,0.0,5.949999809265137,5.820000171661377,5.940000057220459,0.0,112082103
2023-10-20,5.13413143157959,5.800000190734863,0.0,5.840000152587891,5.760000228881836,5.820000171661377,0.0,83004147
2023-10-23,5.13413143157959,5.800000190734863,0.0,5.849999904632568,5.769999980926514,5.809999942779541,0.0,79240024
2023-10-24,5.054463863372803,5.710000038146973,0.0,5.820000171661377,5.699999809265137,5.809999942779541,0.0,100195642
2023-10-25,5.116427421569824,5.78000020980835,0.0,5.800000190734863,5.699999809265137,5.760000228881836,0.0,75744692
2023-10-26,5.169538497924805,5.840000152587891,0.0,5.920000076293945,5.769999980926514,5.78000020980835,0.0,83793493
2023-10-27,5.151835918426514,5.820000171661377,0.0,5.880000114440918,5.800000190734863,5.849999904632568,0.0,84711680
2023-10-30,4.948239803314209,5.590000152587891,0.0,5.800000190734863,5.559999942779541,5.800000190734863,0.0,241206095
2023-10-31,4.983648300170898,5.630000114440918,0.0,5.650000095367432,5.550000190734863,5.579999923706055,0.0,111024948
2023-11-01,5.054463863372803,5.710000038146973,0.0,5.730000019073486,5.610000133514404,5.639999866485596,0.0,94442311
2023-11-02,5.098723411560059,5.760000228881836,0.0,5.800000190734863,5.710000038146973,5.739999771118164,0.0,81497120
2023-11-03,5.054463863372803,5.710000038146973,0.0,5.769999980926514,5.710000038146973,5.760000228881836,0.0,62645144
2023-11-06,5.0102033615112305,5.659999847412109,0.0,5.739999771118164,5.650000095367432,5.699999809265137,0.0,108374363
2023-11-07,5.098723411560059,5.760000228881836,0.0,5.78000020980835,5.659999847412109,5.659999847412109,0.0,100795232
2023-11-08,5.098723411560059,5.760000228881836,0.0,5.809999942779541,5.739999771118164,5.75,0.0,113206683
2023-11-09,5.1429829597473145,5.809999942779541,0.0,5.849999904632568,5.75,5.769999980926514,0.0,98688556
2023-11-10,5.151835918426514,5.820000171661377,0.0,5.889999866485596,5.789999961853027,5.800000190734863,0.0,108458939
2023-11-13,5.116427421569824,5.78000020980835,0.0,5.820000171661377,5.71999979019165,5.820000171661377,0.0,71398819
2023-11-14,5.125278949737549,5.789999961853027,0.0,5.869999885559082,5.78000020980835,5.809999942779541,0.0,69896393
2023-11-15,5.1429829597473145,5.809999942779541,0.0,5.829999923706055,5.769999980926514,5.829999923706055,0.0,54498593
2023-11-16,5.151835918426514,5.820000171661377,0.0,5.840000152587891,5.800000190734863,5.809999942779541,0.0,67925033
2023-11-17,5.125278949737549,5.789999961853027,0.0,5.829999923706055,5.769999980926514,5.809999942779541,0.0,73780563
2023-11-20,5.178390979766846,5.849999904632568,0.0,5.849999904632568,5.769999980926514,5.809999942779541,0.0,78783865
2023-11-21,5.169538497924805,5.840000152587891,0.0,5.880000114440918,5.829999923706055,5.860000133514404,0.0,78260473
2023-11-22,5.196094989776611,5.869999885559082,0.0,5.880000114440918,5.820000171661377,5.840000152587891,0.0,99557123
2023-11-23,5.169538497924805,5.840000152587891,0.0,5.880000114440918,5.829999923706055,5.860000133514404,0.0,73075501
2023-11-24,5.169538497924805,5.840000152587891,0.0,5.869999885559082,5.820000171661377,5.840000152587891,0.0,71581273
2023-11-27,5.160686492919922,5.829999923706055,0.0,5.849999904632568,5.769999980926514,5.840000152587891,0.0,104407673
2023-11-28,5.107574939727783,5.769999980926514,0.0,5.840000152587891,5.769999980926514,5.829999923706055,0.0,96231070
2023-11-29,5.063315391540527,5.71999979019165,0.0,5.789999961853027,5.699999809265137,5.78000020980835,0.0,119792473
2023-11-30,5.169538497924805,5.840000152587891,0.0,5.840000152587891,5.71999979019165,5.730000019073486,0.0,175257660
2023-12-01,5.116427421569824,5.78000020980835,0.0,5.869999885559082,5.769999980926514,5.840000152587891,0.0,103242689
2023-12-04,5.13413143157959,5.800000190734863,0.0,5.829999923706055,5.78000020980835,5.800000190734863,0.0,81520813
2023-12-05,5.107574939727783,5.769999980926514,0.0,5.829999923706055,5.769999980926514,5.800000190734863,0.0,91516860
2023-12-06,5.054463863372803,5.710000038146973,0.0,5.789999961853027,5.619999885559082,5.78000020980835,0.0,122741632
2023-12-07,5.063315391540527,5.71999979019165,0.0,5.75,5.670000076293945,5.710000038146973,0.0,90437025
2023-12-08,5.054463863372803,5.710000038146973,0.0,5.75,5.679999828338623,5.71999979019165,0.0,111534787
2023-12-11,5.07216739654541,5.730000019073486,0.0,5.730000019073486,5.599999904632568,5.710000038146973,0.0,137872086
2023-12-12,5.160686492919922,5.829999923706055,0.0,5.840000152587891,5.690000057220459,5.710000038146973,0.0,152899370
2023-12-13,5.160686492919922,5.829999923706055,0.0,5.860000133514404,5.809999942779541,5.820000171661377,0.0,121603736
2023-12-14,5.151835918426514,5.820000171661377,0.0,5.840000152587891,5.75,5.829999923706055,0.0,100564196
2023-12-15,5.07216739654541,5.730000019073486,0.0,5.829999923706055,5.730000019073486,5.829999923706055,0.0,89283386
2023-12-18,5.13413143157959,5.800000190734863,0.0,5.829999923706055,5.699999809265137,5.730000019073486,0.0,113344566
2023-12-19,5.125278949737549,5.789999961853027,0.0,5.829999923706055,5.769999980926514,5.789999961853027,0.0,76158352
2023-12-20,5.116427421569824,5.78000020980835,0.0,5.829999923706055,5.769999980926514,5.800000190734863,0.0,74959089
2023-12-21,5.107574939727783,5.769999980926514,0.0,5.789999961853027,5.739999771118164,5.769999980926514,0.0,94030696
2023-12-22,5.116427421569824,5.78000020980835,0.0,5.809999942779541,5.769999980926514,5.78000020980835,0.0,75924161
2023-12-25,5.116427421569824,5.78000020980835,0.0,5.800000190734863,5.760000228881836,5.78000020980835,0.0,49444835
2023-12-26,5.116427421569824,5.78000020980835,0.0,5.809999942779541,5.769999980926514,5.789999961853027,0.0,65004606
2023-12-27,5.1429829597473145,5.809999942779541,0.0,5.820000171661377,5.739999771118164,5.769999980926514,0.0,108358811
2023-12-28,5.081018924713135,5.739999771118164,0.0,5.849999904632568,5.730000019073486,5.809999942779541,0.0,175536374
2023-12-29,5.081018924713135,5.739999771118164,0.0,5.760000228881836,5.71999979019165,5.739999771118164,0.0,87996565
2024-01-02,5.116427421569824,5.78000020980835,0.0,5.820000171661377,5.739999771118164,5.760000228881836,0.0,125277792
2024-01-03,5.178390979766846,5.849999904632568,0.0,5.860000133514404,5.769999980926514,5.78000020980835,0.0,156427305
2024-01-04,5.222650527954102,5.900000095367432,0.0,5.900000095367432,5.840000152587891,5.840000152587891,0.0,126368459
2024-01-05,5.231502532958984,5.909999847412109,0.0,5.980000019073486,5.880000114440918,5.889999866485596,0.0,136211574
2024-01-08,5.213798522949219,5.889999866485596,0.0,5.949999809265137,5.849999904632568,5.900000095367432,0.0,107844154
2024-01-09,5.204946517944336,5.880000114440918,0.0,5.900000095367432,5.809999942779541,5.869999885559082,0.0,98483058
2024-01-10,5.169538497924805,5.840000152587891,0.0,5.929999828338623,5.840000152587891,5.869999885559082,0.0,79009451
2024-01-11,5.089871406555176,5.75,0.0,5.840000152587891,5.75,5.840000152587891,0.0,142972319
2024-01-12,5.1429829597473145,5.809999942779541,0.0,5.829999923706055,5.75,5.75,0.0,105175081
2024-01-15,5.160686492919922,5.829999923706055,0.0,5.840000152587891,5.78000020980835,5.820000171661377,0.0,91163069
2024-01-16,5.178390979766846,5.849999904632568,0.0,5.869999885559082,5.800000190734863,5.809999942779541,0.0,120229236
2024-01-17,5.13413143157959,5.800000190734863,0.0,5.889999866485596,5.800000190734863,5.849999904632568,0.0,150074308
2024-01-18,5.125278949737549,5.789999961853027,0.0,5.820000171661377,5.619999885559082,5.789999961853027,0.0,272469361
2024-01-19,5.107574939727783,5.769999980926514,0.0,5.789999961853027,5.679999828338623,5.760000228881836,0.0,147681383
2024-01-22,5.107574939727783,5.769999980926514,0.0,5.820000171661377,5.730000019073486,5.769999980926514,0.0,219973362
2024-01-23,5.089871406555176,5.75,0.0,5.78000020980835,5.71999979019165,5.760000228881836,0.0,117464032
2024-01-24,5.169538497924805,5.840000152587891,0.0,5.860000133514404,5.75,5.760000228881836,0.0,183257551
2024-01-25,5.222650527954102,5.900000095367432,0.0,5.920000076293945,5.840000152587891,5.869999885559082,0.0,179212006
2024-01-26,5.284614086151123,5.96999979019165,0.0,5.980000019073486,5.869999885559082,5.889999866485596,0.0,209386150
2024-01-29,5.346578121185303,6.039999961853027,0.0,6.090000152587891,5.980000019073486,5.989999771118164,0.0,188849038
2024-01-30,5.302318096160889,5.989999771118164,0.0,6.070000171661377,5.949999809265137,6.03000020980835,0.0,133579069
2024-01-31,5.3111701011657715,6.0,0.0,6.03000020980835,5.940000057220459,5.980000019073486,0.0,144651806
2024-02-01,5.293466091156006,5.980000019073486,0.0,6.019999980926514,5.960000038146973,6.0,0.0,138547123
2024-02-02,5.33772611618042,6.03000020980835,0.0,6.079999923706055,5.949999809265137,5.989999771118164,0.0,211899221
2024-02-05,5.4439496994018555,6.150000095367432,0.0,6.170000076293945,6.03000020980835,6.039999961853027,0.0,302324353
2024-02-06,5.4793572425842285,6.190000057220459,0.0,6.25,6.139999866485596,6.150000095367432,0.0,240545806
2024-02-07,5.381985187530518,6.079999923706055,0.0,6.199999809265137,5.929999828338623,6.190000057220459,0.0,316461064
2024-02-08,5.320022106170654,6.010000228881836,0.0,6.059999942779541,5.909999847412109,6.050000190734863,0.0,232234201
2024-02-19,5.532468795776367,6.25,0.0,6.25,6.0,6.010000228881836,0.0,260113495
2024-02-20,5.620988368988037,6.349999904632568,0.0,6.380000114440918,6.21999979019165,6.28000020980835,0.0,135302874
2024-02-21,5.674099922180176,6.409999847412109,0.0,6.460000038146973,6.309999942779541,6.320000171661377,0.0,156462510
2024-02-22,5.665248394012451,6.400000095367432,0.0,6.429999828338623,6.360000133514404,6.429999828338623,0.0,98117681
2024-02-23,5.74491548538208,6.489999771118164,0.0,6.53000020980835,6.400000095367432,6.409999847412109,0.0,123867823
2024-02-26,5.567876815795898,6.289999961853027,0.0,6.489999771118164,6.28000020980835,6.480000019073486,0.0,127817751
2024-02-27,5.567876815795898,6.289999961853027,0.0,6.369999885559082,6.260000228881836,6.269999980926514,0.0,94001924
2024-02-28,5.541321277618408,6.260000228881836,0.0,6.320000171661377,6.190000057220459,6.25,0.0,133167128
2024-02-29,5.550172805786133,6.269999980926514,0.0,6.300000190734863,6.230000019073486,6.260000228881836,0.0,119263267
2024-03-01,5.594432353973389,6.320000171661377,0.0,6.329999923706055,6.239999771118164,6.260000228881836,0.0,108811400
2024-03-04,5.541321277618408,6.260000228881836,0.0,6.320000171661377,6.230000019073486,6.309999942779541,0.0,118811702
2024-03-05,5.665248394012451,6.400000095367432,0.0,6.429999828338623,6.25,6.269999980926514,0.0,151239018
2024-03-06,5.594432353973389,6.320000171661377,0.0,6.460000038146973,6.320000171661377,6.409999847412109,0.0,103096900
2024-03-07,5.638692378997803,6.369999885559082,0.0,6.380000114440918,6.309999942779541,6.320000171661377,0.0,88851663
2024-03-08,5.620988368988037,6.349999904632568,0.0,6.409999847412109,6.329999923706055,6.360000133514404,0.0,65397525
2024-03-11,5.6121368408203125,6.340000152587891,0.0,6.389999866485596,6.309999942779541,6.360000133514404,0.0,85582133
2024-03-12,5.505912780761719,6.21999979019165,0.0,6.340000152587891,6.199999809265137,6.340000152587891,0.0,134566789
2024-03-13,5.488209247589111,6.199999809265137,0.0,6.21999979019165,6.170000076293945,6.210000038146973,0.0,84805082
2024-03-14,5.4793572425842285,6.190000057220459,0.0,6.260000228881836,6.179999828338623,6.190000057220459,0.0,75666858
2024-03-15,5.4793572425842285,6.190000057220459,0.0,6.210000038146973,6.170000076293945,6.199999809265137,0.0,69179632
2024-03-18,5.4705047607421875,6.179999828338623,0.0,6.21999979019165,6.159999847412109,6.179999828338623,0.0,85269569
2024-03-19,5.42624568939209,6.130000114440918,0.0,6.190000057220459,6.119999885559082,6.179999828338623,0.0,76353489
2024-03-20,5.497061252593994,6.210000038146973,0.0,6.210000038146973,6.099999904632568,6.119999885559082,0.0,95567787
2024-03-21,5.505912780761719,6.21999979019165,0.0,6.25,6.179999828338623,6.21999979019165,0.0,72355609
2024-03-22,5.523616790771484,6.239999771118164,0.0,6.25,6.179999828338623,6.230000019073486,0.0,84688364
2024-03-25,5.559024810791016,6.28000020980835,0.0,6.320000171661377,6.21999979019165,6.21999979019165,0.0,113099915
2024-03-26,5.620988368988037,6.349999904632568,0.0,6.349999904632568,6.269999980926514,6.309999942779541,0.0,108412471
2024-03-27,5.691803932189941,6.429999828338623,0.0,6.480000019073486,6.340000152587891,6.349999904632568,0.0,145661624
2024-03-28,5.532468795776367,6.25,0.0,6.409999847412109,6.230000019073486,6.409999847412109,0.0,218772848
2024-03-29,5.6121368408203125,6.340000152587891,0.0,6.369999885559082,6.239999771118164,6.239999771118164,0.0,78682542
2024-04-01,5.7360639572143555,6.480000019073486,0.0,6.489999771118164,6.329999923706055,6.349999904632568,0.0,132990991
2024-04-02,5.753767490386963,6.5,0.0,6.53000020980835,6.449999809265137,6.46999979019165,0.0,105757264
2024-04-03,5.762619972229004,6.510000228881836,0.0,6.550000190734863,6.460000038146973,6.489999771118164,0.0,95953801
2024-04-08,5.798027038574219,6.550000190734863,0.0,6.570000171661377,6.460000038146973,6.5,0.0,100181851
2024-04-09,5.762619972229004,6.510000228881836,0.0,6.579999923706055,6.489999771118164,6.559999942779541,0.0,95842700
2024-04-10,5.815731525421143,6.570000171661377,0.0,6.599999904632568,6.5,6.5,0.0,93157456
2024-04-11,5.815731525421143,6.570000171661377,0.0,6.599999904632568,6.489999771118164,6.53000020980835,0.0,81690164
2024-04-12,5.798027038574219,6.550000190734863,0.0,6.590000152587891,6.510000228881836,6.559999942779541,0.0,99531376
2024-04-15,5.913103103637695,6.679999828338623,0.0,6.690000057220459,6.539999961853027,6.539999961853027,0.0,129419472
2024-04-16,5.930806636810303,6.699999809265137,0.0,6.760000228881836,6.630000114440918,6.659999847412109,0.0,155782782
2024-04-17,5.983918190002441,6.760000228881836,0.0,6.78000020980835,6.610000133514404,6.679999828338623,0.0,131352480
2024-04-18,6.063586235046387,6.849999904632568,0.0,6.949999809265137,6.75,6.760000228881836,0.0,156427437
2024-04-19,6.107845783233643,6.900000095367432,0.0,6.940000057220459,6.809999942779541,6.809999942779541,0.0,114685913
2024-04-22,6.054733753204346,6.840000152587891,0.0,7.039999961853027,6.800000190734863,6.940000057220459,0.0,149144278
2024-04-23,6.125550270080566,6.920000076293945,0.0,7.0,6.809999942779541,6.849999904632568,0.0,147682342
2024-04-24,6.116697311401367,6.909999847412109,0.0,6.960000038146973,6.880000114440918,6.949999809265137,0.0,78370123
2024-04-25,6.143253326416016,6.940000057220459,0.0,6.960000038146973,6.840000152587891,6.920000076293945,0.0,79083596
2024-04-26,6.063586235046387,6.849999904632568,0.0,7.0,6.829999923706055,6.920000076293945,0.0,122676667
2024-04-29,6.019326210021973,6.800000190734863,0.0,6.880000114440918,6.78000020980835,6.849999904632568,0.0,162088448
2024-04-30,6.090142250061035,6.880000114440918,0.0,6.940000057220459,6.809999942779541,6.809999942779541,0.0,133889242
2024-05-06,6.010473728179932,6.789999961853027,0.0,6.960000038146973,6.769999980926514,6.920000076293945,0.0,169940517
2024-05-07,6.045882225036621,6.829999923706055,0.0,6.840000152587891,6.75,6.789999961853027,0.0,109127751
2024-05-08,6.134401321411133,6.929999828338623,0.0,6.949999809265137,6.800000190734863,6.809999942779541,0.0,126573290
2024-05-09,6.098992824554443,6.889999866485596,0.0,6.940000057220459,6.860000133514404,6.909999847412109,0.0,83303737
2024-05-10,6.143253326416016,6.940000057220459,0.0,6.960000038146973,6.869999885559082,6.889999866485596,0.0,97772929
2024-05-13,6.1875128746032715,6.989999771118164,0.0,7.0,6.889999866485596,6.949999809265137,0.0,97756393
2024-05-14,6.134401321411133,6.929999828338623,0.0,7.0,6.900000095367432,6.989999771118164,0.0,104869553
2024-05-15,6.116697311401367,6.909999847412109,0.0,6.949999809265137,6.880000114440918,6.920000076293945,0.0,48097121
2024-05-16,6.169809341430664,6.96999979019165,0.0,6.980000019073486,6.889999866485596,6.920000076293945,0.0,91614337
2024-05-17,6.222920894622803,7.03000020980835,0.0,7.03000020980835,6.929999828338623,6.96999979019165,0.0,99582684
2024-05-20,6.1875128746032715,6.989999771118164,0.0,7.139999866485596,6.980000019073486,7.03000020980835,0.0,147038987
2024-05-21,6.2317728996276855,7.039999961853027,0.0,7.050000190734863,6.960000038146973,6.980000019073486,0.0,84059177
2024-05-22,6.2760329246521,7.090000152587891,0.0,7.119999885559082,7.019999980926514,7.039999961853027,0.0,88786146
2024-05-23,6.258329391479492,7.070000171661377,0.0,7.119999885559082,7.039999961853027,7.090000152587891,0.0,72861590
2024-05-24,6.222920894622803,7.03000020980835,0.0,7.119999885559082,7.019999980926514,7.079999923706055,0.0,84699481
2024-05-27,6.284884452819824,7.099999904632568,0.0,7.119999885559082,7.03000020980835,7.03000020980835,0.0,88202846
2024-05-28,6.2760329246521,7.090000152587891,0.0,7.159999847412109,7.059999942779541,7.110000133514404,0.0,79485478
2024-05-29,6.267180442810059,7.079999923706055,0.0,7.130000114440918,7.050000190734863,7.079999923706055,0.0,88148262
2024-05-30,6.178661346435547,6.980000019073486,0.0,7.090000152587891,6.96999979019165,7.070000171661377,0.0,94936857
2024-05-31,6.240625381469727,7.050000190734863,0.0,7.090000152587891,6.980000019073486,7.010000228881836,0.0,103428595
2024-06-03,6.2760329246521,7.090000152587891,0.0,7.150000095367432,7.039999961853027,7.079999923706055,0.0,138120345
2024-06-04,6.382256031036377,7.210000038146973,0.0,7.230000019073486,7.079999923706055,7.099999904632568,0.0,151230127
2024-06-05,6.382256031036377,7.210000038146973,0.0,7.239999771118164,7.170000076293945,7.199999809265137,0.0,106808251
2024-06-06,6.3557000160217285,7.179999828338623,0.0,7.239999771118164,7.170000076293945,7.199999809265137,0.0,110827036
2024-06-07,6.515036106109619,7.360000133514404,0.0,7.369999885559082,7.170000076293945,7.179999828338623,0.0,175700222
2024-06-11,6.329144477844238,7.150000095367432,0.0,7.380000114440918,7.099999904632568,7.360000133514404,0.0,194636106
2024-06-12,6.3114399909973145,7.130000114440918,0.0,7.150000095367432,6.989999771118164,7.139999866485596,0.0,156846329
2024-06-13,6.2317728996276855,7.039999961853027,0.0,7.150000095367432,7.03000020980835,7.130000114440918,0.0,147093505
2024-06-14,6.019326210021973,6.800000190734863,0.0,7.059999942779541,6.730000019073486,7.039999961853027,0.0,559351493
2024-06-17,6.081289768218994,6.869999885559082,0.0,6.909999847412109,6.75,6.78000020980835,0.0,239407635
2024-06-18,6.143253326416016,6.940000057220459,0.0,6.960000038146973,6.75,6.840000152587891,0.0,180673625
2024-06-19,6.329144477844238,7.150000095367432,0.0,7.150000095367432,6.929999828338623,6.940000057220459,0.0,189104301
2024-06-20,6.3557000160217285,7.179999828338623,0.0,7.210000038146973,7.110000133514404,7.150000095367432,0.0,130225733
2024-06-21,6.382256031036377,7.210000038146973,0.0,7.239999771118164,7.150000095367432,7.190000057220459,0.0,146230206
2024-06-24,6.435367584228516,7.269999980926514,0.0,7.309999942779541,7.179999828338623,7.210000038146973,0.0,163612601
2024-06-25,6.444219589233398,7.28000020980835,0.0,7.340000152587891,7.25,7.269999980926514,0.0,153160965
2024-06-26,6.488479137420654,7.329999923706055,0.0,7.360000133514404,7.28000020980835,7.300000190734863,0.0,135173762
2024-06-27,6.585850715637207,7.440000057220459,0.0,7.480000019073486,7.269999980926514,7.349999904632568,0.0,173692745
2024-06-28,6.612406253814697,7.46999979019165,0.0,7.510000228881836,7.420000076293945,7.429999828338623,0.0,126964032
2024-07-01,6.674370288848877,7.539999961853027,0.0,7.599999904632568,7.46999979019165,7.480000019073486,0.0,105385569
2024-07-02,6.762890338897705,7.639999866485596,0.0,7.670000076293945,7.519999980926514,7.53000020980835,0.0,115771192
2024-07-03,6.745185852050781,7.619999885559082,0.0,7.71999979019165,7.53000020980835,7.639999866485596,0.0,123842056
2024-07-04,6.877965450286865,7.769999980926514,0.0,7.800000190734863,7.610000133514404,7.619999885559082,0.0,147293603
2024-07-05,6.877965450286865,7.769999980926514,0.0,7.769999980926514,7.769999980926514,7.769999980926514,0.0,0
2024-07-08,6.807149887084961,7.690000057220459,0.0,7.730000019073486,7.539999961853027,7.570000171661377,0.0,121064625
2024-07-09,6.851409435272217,7.739999771118164,0.0,7.769999980926514,7.619999885559082,7.699999809265137,0.0,112440854
2024-07-10,6.865363597869873,7.380000114440918,0.375,7.480000019073486,7.340000152587891,7.400000095367432,0.0,149768135
2024-07-11,6.8374552726745605,7.349999904632568,0.0,7.400000095367432,7.289999961853027,7.369999885559082,0.0,108108022
2024-07-12,6.911877155303955,7.429999828338623,0.0,7.489999771118164,7.360000133514404,7.369999885559082,0.0,120245653
2024-07-15,6.986298561096191,7.510000228881836,0.0,7.539999961853027,7.409999847412109,7.440000057220459,0.0,107124132
2024-07-16,6.967692852020264,7.489999771118164,0.0,7.599999904632568,7.420000076293945,7.519999980926514,0.0,112716529
2024-07-17,6.967692852020264,7.489999771118164,0.0,7.519999980926514,7.420000076293945,7.46999979019165,0.0,115651813
2024-07-18,6.949087142944336,7.46999979019165,0.0,7.510000228881836,7.369999885559082,7.5,0.0,124610572
2024-07-19,6.939785003662109,7.460000038146973,0.0,7.570000171661377,7.380000114440918,7.460000038146973,0.0,151232451
2024-07-22,6.939785003662109,7.460000038146973,0.0,7.5,7.389999866485596,7.46999979019165,0.0,115203438
2024-07-23,7.070022106170654,7.599999904632568,0.0,7.679999828338623,7.449999809265137,7.46999979019165,0.0,136468317
2024-07-24,7.144443035125732,7.679999828338623,0.0,7.71999979019165,7.559999942779541,7.579999923706055,0.0,134411272
2024-07-25,7.051416873931885,7.579999923706055,0.0,7.710000038146973,7.46999979019165,7.690000057220459,0.0,142061275
2024-07-26,6.939785003662109,7.460000038146973,0.0,7.579999923706055,7.309999942779541,7.559999942779541,0.0,152628413
2024-07-29,6.976995468139648,7.5,0.0,7.519999980926514,7.369999885559082,7.46999979019165,0.0,90512501
2024-07-30,6.976995468139648,7.5,0.0,7.550000190734863,7.440000057220459,7.510000228881836,0.0,92612342
2024-07-31,6.846758842468262,7.360000133514404,0.0,7.53000020980835,7.340000152587891,7.510000228881836,0.0,125297544
2024-08-01,6.883969306945801,7.400000095367432,0.0,7.5,7.210000038146973,7.329999923706055,0.0,120260758
2024-08-02,6.90257453918457,7.420000076293945,0.0,7.5,7.340000152587891,7.400000095367432,0.0,97924349
2024-08-05,6.85606050491333,7.369999885559082,0.0,7.460000038146973,7.349999904632568,7.449999809265137,0.0,117452792
2024-08-06,6.790942192077637,7.300000190734863,0.0,7.440000057220459,7.260000228881836,7.400000095367432,0.0,114486374
2024-08-07,6.80024528503418,7.309999942779541,0.0,7.409999847412109,7.28000020980835,7.300000190734863,0.0,100928583
2024-08-08,6.78164005279541,7.289999961853027,0.0,7.340000152587891,7.28000020980835,7.329999923706055,0.0,57051631
2024-08-09,6.8095479011535645,7.320000171661377,0.0,7.340000152587891,7.230000019073486,7.28000020980835,0.0,62428827
2024-08-12,6.85606050491333,7.369999885559082,0.0,7.380000114440918,7.289999961853027,7.309999942779541,0.0,56792108
2024-08-13,6.930481910705566,7.449999809265137,0.0,7.519999980926514,7.360000133514404,7.369999885559082,0.0,95410433
2024-08-14,7.004904270172119,7.53000020980835,0.0,7.539999961853027,7.440000057220459,7.46999979019165,0.0,87050537
2024-08-15,7.070022106170654,7.599999904632568,0.0,7.639999866485596,7.519999980926514,7.53000020980835,0.0,113852404
2024-08-16,7.190957069396973,7.730000019073486,0.0,7.739999771118164,7.599999904632568,7.610000133514404,0.0,107701896
2024-08-19,7.367707252502441,7.920000076293945,0.0,7.940000057220459,7.679999828338623,7.710000038146973,0.0,121365542
2024-08-20,7.4049177169799805,7.960000038146973,0.0,7.980000019073486,7.849999904632568,7.929999828338623,0.0,110832700
2024-08-21,7.4049177169799805,7.960000038146973,0.0,7.989999771118164,7.840000152587891,7.940000057220459,0.0,89925231
2024-08-22,7.432825565338135,7.989999771118164,0.0,8.039999961853027,7.949999809265137,7.96999979019165,0.0,117718674
2024-08-23,7.423523426055908,7.980000019073486,0.0,8.020000457763672,7.880000114440918,8.0,0.0,94328545
2024-08-26,7.395615100860596,7.949999809265137,0.0,8.0,7.880000114440918,7.960000038146973,0.0,71534368
2024-08-27,7.470036029815674,8.029999732971191,0.0,8.050000190734863,7.949999809265137,7.96999979019165,0.0,110185658
2024-08-28,7.386312484741211,7.940000057220459,0.0,8.0600004196167,7.900000095367432,8.029999732971191,0.0,105109039
2024-08-29,7.032811641693115,7.559999942779541,0.0,7.900000095367432,7.550000190734863,7.900000095367432,0.0,180993426
2024-08-30,6.61419153213501,7.110000133514404,0.0,7.570000171661377,7.099999904632568,7.519999980926514,0.0,359300128
2024-09-02,6.567677974700928,7.059999942779541,0.0,7.139999866485596,6.960000038146973,7.050000190734863,0.0,223552101
2024-09-03,6.400230884552002,6.880000114440918,0.0,7.070000171661377,6.78000020980835,7.059999942779541,0.0,215352880
2024-09-04,6.33511209487915,6.809999942779541,0.0,6.920000076293945,6.760000228881836,6.840000152587891,0.0,143356690
2024-09-05,6.325809478759766,6.800000190734863,0.0,6.849999904632568,6.699999809265137,6.829999923706055,0.0,147626261
2024-09-06,6.325809478759766,6.800000190734863,0.0,6.920000076293945,6.789999961853027,6.800000190734863,0.0,125643456
2024-09-09,6.260690689086914,6.730000019073486,0.0,6.820000171661377,6.699999809265137,6.789999961853027,0.0,132289798
2024-09-10,6.269993305206299,6.739999771118164,0.0,6.769999980926514,6.659999847412109,6.71999979019165,0.0,128812565
2024-09-11,6.083940029144287,6.539999961853027,0.0,6.730000019073486,6.510000228881836,6.710000038146973,0.0,163610236
2024-09-12,6.093242645263672,6.550000190734863,0.0,6.610000133514404,6.420000076293945,6.519999980926514,0.0,142845235
2024-09-13,6.0281243324279785,6.480000019073486,0.0,6.610000133514404,6.460000038146973,6.550000190734863,0.0,124378224
2024-09-18,6.093242645263672,6.550000190734863,0.0,6.570000171661377,6.480000019073486,6.489999771118164,0.0,96887946
2024-09-19,6.093242645263672,6.550000190734863,0.0,6.599999904632568,6.480000019073486,6.570000171661377,0.0,112367068
2024-09-20,6.130453586578369,6.590000152587891,0.0,6.630000114440918,6.53000020980835,6.539999961853027,0.0,140099197
2024-09-23,6.21417760848999,6.679999828338623,0.0,6.71999979019165,6.539999961853027,6.579999923706055,0.0,115546665
2024-09-24,6.632796764373779,7.130000114440918,0.0,7.139999866485596,6.699999809265137,6.730000019073486,0.0,256294775
2024-09-25,6.707218170166016,7.210000038146973,0.0,7.380000114440918,7.099999904632568,7.210000038146973,0.0,232397916
2024-09-26,6.986298561096191,7.510000228881836,0.0,7.510000228881836,7.139999866485596,7.239999771118164,0.0,207398502
2024-09-27,6.73512601852417,7.239999771118164,0.0,7.679999828338623,7.179999828338623,7.619999885559082,0.0,212840388
2024-09-30,6.883969306945801,7.400000095367432,0.0,7.550000190734863,7.059999942779541,7.239999771118164,0.0,492619373
2024-10-08,6.8374552726745605,7.349999904632568,0.0,8.050000190734863,7.25,7.809999942779541,0.0,563854440
2024-10-09,6.558376312255859,7.050000190734863,0.0,7.389999866485596,7.050000190734863,7.320000171661377,0.0,332238130
2024-10-10,6.883969306945801,7.400000095367432,0.0,7.480000019073486,7.110000133514404,7.150000095367432,0.0,320901005
2024-10-11,6.85606050491333,7.369999885559082,0.0,7.539999961853027,7.300000190734863,7.400000095367432,0.0,216499724
2024-10-14,7.004904270172119,7.53000020980835,0.0,7.679999828338623,7.420000076293945,7.420000076293945,0.0,251492675
2024-10-15,6.85606050491333,7.369999885559082,0.0,7.590000152587891,7.369999885559082,7.519999980926514,0.0,181905630
2024-10-16,7.079324722290039,7.610000133514404,0.0,7.639999866485596,7.360000133514404,7.369999885559082,0.0,198126933
2024-10-17,6.976995468139648,7.5,0.0,7.670000076293945,7.5,7.599999904632568,0.0,129256636
2024-10-18,6.958390235900879,7.480000019073486,0.0,7.570000171661377,7.320000171661377,7.519999980926514,0.0,185281266
2024-10-21,6.818850040435791,7.329999923706055,0.0,7.46999979019165,7.269999980926514,7.46999979019165,0.0,176035658
2024-10-22,6.85606050491333,7.369999885559082,0.0,7.420000076293945,7.320000171661377,7.349999904632568,0.0,100609762
2024-10-23,6.818850040435791,7.329999923706055,0.0,7.400000095367432,7.320000171661377,7.369999885559082,0.0,112637500
2024-10-24,6.828153133392334,7.340000152587891,0.0,7.400000095367432,7.309999942779541,7.329999923706055,0.0,74986018
2024-10-25,6.8095479011535645,7.320000171661377,0.0,7.380000114440918,7.28000020980835,7.369999885559082,0.0,87550287
2024-10-28,6.753732204437256,7.260000228881836,0.0,7.309999942779541,7.21999979019165,7.300000190734863,0.0,78545237
2024-10-29,6.725823879241943,7.230000019073486,0.0,7.340000152587891,7.21999979019165,7.269999980926514,0.0,116704369
2024-10-30,6.707218170166016,7.210000038146973,0.0,7.300000190734863,7.159999847412109,7.25,0.0,115209422
2024-10-31,6.61419153213501,7.110000133514404,0.0,7.239999771118164,7.070000171661377,7.190000057220459,0.0,130588603
2024-11-01,6.7165207862854,7.21999979019165,0.0,7.289999961853027,7.099999904632568,7.130000114440918,0.0,129202627
2024-11-04,6.7165207862854,7.21999979019165,0.0,7.239999771118164,7.079999923706055,7.230000019073486,0.0,114412767
2024-11-05,6.763034343719482,7.269999980926514,0.0,7.269999980926514,7.159999847412109,7.190000057220459,0.0,101523585
2024-11-06,6.697915554046631,7.199999809265137,0.0,7.28000020980835,7.159999847412109,7.230000019073486,0.0,120762219
2024-11-07,6.78164005279541,7.289999961853027,0.0,7.289999961853027,7.159999847412109,7.190000057220459,0.0,125220176
2024-11-08,6.7165207862854,7.21999979019165,0.0,7.349999904632568,7.179999828338623,7.300000190734863,0.0,139641752
2024-11-11,6.61419153213501,7.110000133514404,0.0,7.210000038146973,7.099999904632568,7.159999847412109,0.0,125846543
2024-11-12,6.5862836837768555,7.079999923706055,0.0,7.21999979019165,7.079999923706055,7.099999904632568,0.0,138062683
2024-11-13,6.595586776733398,7.090000152587891,0.0,7.139999866485596,7.059999942779541,7.079999923706055,0.0,85079604
2024-11-14,6.632796764373779,7.130000114440918,0.0,7.199999809265137,7.059999942779541,7.079999923706055,0.0,129091792
2024-11-15,6.623494625091553,7.119999885559082,0.0,7.190000057220459,7.050000190734863,7.119999885559082,0.0,130092376
2024-11-18,6.78164005279541,7.289999961853027,0.0,7.389999866485596,7.159999847412109,7.159999847412109,0.0,208899432
2024-11-19,6.73512601852417,7.239999771118164,0.0,7.380000114440918,7.190000057220459,7.289999961853027,0.0,128826208
2024-11-20,6.688613414764404,7.190000057220459,0.0,7.269999980926514,7.190000057220459,7.21999979019165,0.0,94512725
2024-11-21,6.707218170166016,7.210000038146973,0.0,7.21999979019165,7.170000076293945,7.179999828338623,0.0,64367610
2024-11-22,6.5862836837768555,7.079999923706055,0.0,7.230000019073486,7.070000171661377,7.210000038146973,0.0,109867615
2024-11-25,6.632796764373779,7.130000114440918,0.0,7.190000057220459,7.079999923706055,7.119999885559082,0.0,121729699
2024-11-26,6.818850040435791,7.329999923706055,0.0,7.340000152587891,7.119999885559082,7.130000114440918,0.0,202704089
2024-11-27,6.949087142944336,7.46999979019165,0.0,7.480000019073486,7.309999942779541,7.320000171661377,0.0,160279456
2024-11-28,6.911877155303955,7.429999828338623,0.0,7.510000228881836,7.369999885559082,7.449999809265137,0.0,99190028
2024-11-29,6.818850040435791,7.329999923706055,0.0,7.5,7.320000171661377,7.449999809265137,0.0,120959375
2024-12-02,6.73512601852417,7.239999771118164,0.0,7.329999923706055,7.199999809265137,7.309999942779541,0.0,175128589
2024-12-03,6.8374552726745605,7.349999904632568,0.0,7.369999885559082,7.210000038146973,7.21999979019165,0.0,180315583
2024-12-04,6.846758842468262,7.360000133514404,0.0,7.400000095367432,7.269999980926514,7.329999923706055,0.0,145786934
2024-12-05,6.80024528503418,7.309999942779541,0.0,7.409999847412109,7.309999942779541,7.340000152587891,0.0,105181498
2024-12-06,6.85606050491333,7.369999885559082,0.0,7.420000076293945,7.300000190734863,7.309999942779541,0.0,149035430
2024-12-09,6.883969306945801,7.400000095367432,0.0,7.429999828338623,7.320000171661377,7.380000114440918,0.0,139729232
2024-12-10,6.976995468139648,7.5,0.0,7.570000171661377,7.409999847412109,7.480000019073486,0.0,221644431
2024-12-11,6.818850040435791,7.329999923706055,0.0,7.559999942779541,7.320000171661377,7.489999771118164,0.0,215194756
2024-12-12,6.930481910705566,7.449999809265137,0.0,7.460000038146973,7.309999942779541,7.340000152587891,0.0,198880949
2024-12-13,6.80024528503418,7.309999942779541,0.0,7.440000057220459,7.28000020980835,7.420000076293945,0.0,375041144
2024-12-16,6.90257453918457,7.420000076293945,0.0,7.5,7.300000190734863,7.300000190734863,0.0,266468552
2024-12-17,6.874666213989258,7.389999866485596,0.0,7.5,7.389999866485596,7.409999847412109,0.0,152155151
2024-12-18,6.995600700378418,7.519999980926514,0.0,7.559999942779541,7.420000076293945,7.429999828338623,0.0,167082738
2024-12-19,6.967692852020264,7.489999771118164,0.0,7.590000152587891,7.440000057220459,7.5,0.0,138031375
2024-12-20,6.976995468139648,7.5,0.0,7.599999904632568,7.480000019073486,7.489999771118164,0.0,142405205
2024-12-23,7.144443035125732,7.679999828338623,0.0,7.71999979019165,7.5,7.519999980926514,0.0,189028488
2024-12-24,7.190957069396973,7.730000019073486,0.0,7.739999771118164,7.610000133514404,7.659999847412109,0.0,137013364
2024-12-25,7.200259208679199,7.739999771118164,0.0,7.860000133514404,7.690000057220459,7.739999771118164,0.0,166199235
2024-12-26,7.16304874420166,7.699999809265137,0.0,7.739999771118164,7.599999904632568,7.730000019073486,0.0,130529288
2024-12-27,7.172351360321045,7.710000038146973,0.0,7.75,7.539999961853027,7.690000057220459,0.0,139945497
2024-12-30,7.2746806144714355,7.820000171661377,0.0,7.840000152587891,7.679999828338623,7.679999828338623,0.0,161335228
2024-12-31,7.228167533874512,7.769999980926514,0.0,7.889999866485596,7.75,7.800000190734863,0.0,143873495
2025-01-02,7.004904270172119,7.53000020980835,0.0,7.840000152587891,7.5,7.78000020980835,0.0,205151194
2025-01-03,6.911877155303955,7.429999828338623,0.0,7.599999904632568,7.409999847412109,7.559999942779541,0.0,154818650
2025-01-06,6.893271446228027,7.409999847412109,0.0,7.489999771118164,7.28000020980835,7.489999771118164,0.0,183389142
2025-01-07,6.939785003662109,7.460000038146973,0.0,7.480000019073486,7.340000152587891,7.409999847412109,0.0,143346007
2025-01-08,6.995600700378418,7.519999980926514,0.0,7.579999923706055,7.440000057220459,7.449999809265137,0.0,153392292
2025-01-09,6.883969306945801,7.400000095367432,0.0,7.53000020980835,7.389999866485596,7.519999980926514,0.0,129174650
2025-01-10,6.883969306945801,7.400000095367432,0.0,7.460000038146973,7.320000171661377,7.420000076293945,0.0,116161695
2025-01-13,6.763034343719482,7.269999980926514,0.0,7.400000095367432,7.21999979019165,7.369999885559082,0.0,135245894
2025-01-14,6.846758842468262,7.360000133514404,0.0,7.400000095367432,7.260000228881836,7.300000190734863,0.0,118269670
2025-01-15,6.893271446228027,7.409999847412109,0.0,7.579999923706055,7.360000133514404,7.360000133514404,0.0,147023711
2025-01-16,6.911877155303955,7.429999828338623,0.0,7.460000038146973,7.369999885559082,7.449999809265137,0.0,101416548
2025-01-17,6.772336959838867,7.28000020980835,0.0,7.429999828338623,7.269999980926514,7.420000076293945,0.0,192904714
2025-01-20,6.772336959838867,7.28000020980835,0.0,7.349999904632568,7.25,7.309999942779541,0.0,114797845
2025-01-21,6.78164005279541,7.289999961853027,0.0,7.349999904632568,7.260000228881836,7.300000190734863,0.0,93119271
2025-01-22,6.670007705688477,7.170000076293945,0.0,7.300000190734863,7.139999866485596,7.289999961853027,0.0,163085022
2025-01-23,6.883969306945801,7.400000095367432,0.0,7.420000076293945,7.210000038146973,7.21999979019165,0.0,241749859
2025-01-24,6.83819055557251,7.170000076293945,0.182,7.260000228881836,7.099999904632568,7.260000228881836,0.0,166023206
2025-01-27,6.914488315582275,7.25,0.0,7.289999961853027,7.179999828338623,7.190000057220459,0.0,152541394
2025-02-05,6.83819055557251,7.170000076293945,0.0,7.309999942779541,7.150000095367432,7.300000190734863,0.0,142728382
2025-02-06,6.828653335571289,7.159999847412109,0.0,7.230000019073486,7.139999866485596,7.159999847412109,0.0,104201687
2025-02-07,6.790503978729248,7.119999885559082,0.0,7.179999828338623,7.099999904632568,7.170000076293945,0.0,169056057
2025-02-10,6.790503978729248,7.119999885559082,0.0,7.190000057220459,7.099999904632568,7.119999885559082,0.0,123274351
2025-02-11,6.857264995574951,7.190000057220459,0.0,7.199999809265137,7.130000114440918,7.139999866485596,0.0,129636994
2025-02-12,6.924025535583496,7.260000228881836,0.0,7.269999980926514,7.150000095367432,7.190000057220459,0.0,132441448
2025-02-13,6.98124885559082,7.320000171661377,0.0,7.340000152587891,7.239999771118164,7.239999771118164,0.0,124553576
2025-02-14,7.000323295593262,7.340000152587891,0.0,7.340000152587891,7.260000228881836,7.320000171661377,0.0,91845386
2025-02-17,7.019397735595703,7.360000133514404,0.0,7.369999885559082,7.25,7.340000152587891,0.0,126139848
2025-02-18,7.095695495605469,7.440000057220459,0.0,7.480000019073486,7.340000152587891,7.340000152587891,0.0,154060075
2025-02-19,7.08615779876709,7.429999828338623,0.0,7.480000019073486,7.389999866485596,7.429999828338623,0.0,101946704
2025-02-20,7.076621055603027,7.420000076293945,0.0,7.449999809265137,7.380000114440918,7.420000076293945,0.0,79574560
2025-02-21,7.028934478759766,7.369999885559082,0.0,7.449999809265137,7.300000190734863,7.440000057220459,0.0,124357310
2025-02-24,6.9430999755859375,7.28000020980835,0.0,7.400000095367432,7.260000228881836,7.349999904632568,0.0,137871547
2025-02-25,6.8477277755737305,7.179999828338623,0.0,7.300000190734863,7.150000095367432,7.269999980926514,0.0,147501265
2025-02-26,6.866802215576172,7.199999809265137,0.0,7.289999961853027,7.190000057220459,7.199999809265137,0.0,96431569
2025-02-27,6.924025535583496,7.260000228881836,0.0,7.28000020980835,7.159999847412109,7.21999979019165,0.0,106339804
2025-02-28,6.876339435577393,7.210000038146973,0.0,7.320000171661377,7.210000038146973,7.269999980926514,0.0,136950323
2025-03-03,6.866802215576172,7.199999809265137,0.0,7.239999771118164,7.119999885559082,7.230000019073486,0.0,129509656
2025-03-04,6.8095784187316895,7.139999866485596,0.0,7.210000038146973,7.139999866485596,7.179999828338623,0.0,90078273
2025-03-05,6.933562755584717,7.269999980926514,0.0,7.289999961853027,7.130000114440918,7.139999866485596,0.0,149928582
2025-03-06,6.876339435577393,7.210000038146973,0.0,7.269999980926514,7.179999828338623,7.260000228881836,0.0,125395189
2025-03-07,6.83819055557251,7.170000076293945,0.0,7.239999771118164,7.170000076293945,7.21999979019165,0.0,90173238
2025-03-10,6.771429538726807,7.099999904632568,0.0,7.190000057220459,7.079999923706055,7.179999828338623,0.0,163041482
2025-03-11,6.8477277755737305,7.179999828338623,0.0,7.190000057220459,7.059999942779541,7.079999923706055,0.0,142145297
2025-03-12,6.780966758728027,7.110000133514404,0.0,7.179999828338623,7.110000133514404,7.159999847412109,0.0,93508081
2025-03-13,6.790503978729248,7.119999885559082,0.0,7.150000095367432,7.099999904632568,7.110000133514404,0.0,99339780
2025-03-14,6.83819055557251,7.170000076293945,0.0,7.230000019073486,7.119999885559082,7.139999866485596,0.0,177681593
2025-03-17,6.895413875579834,7.230000019073486,0.0,7.269999980926514,7.179999828338623,7.190000057220459,0.0,137582187
2025-03-18,6.885876178741455,7.21999979019165,0.0,7.269999980926514,7.210000038146973,7.25,0.0,96403354
2025-03-19,6.9717116355896,7.309999942779541,0.0,7.309999942779541,7.230000019073486,7.230000019073486,0.0,138846743
2025-03-20,6.895413875579834,7.230000019073486,0.0,7.329999923706055,7.210000038146973,7.329999923706055,0.0,152787379
2025-03-21,6.876339435577393,7.210000038146973,0.0,7.260000228881836,7.210000038146973,7.239999771118164,0.0,132578879
2025-03-24,7.095695495605469,7.440000057220459,0.0,7.449999809265137,7.25,7.25,0.0,314996485
2025-03-25,7.095695495605469,7.440000057220459,0.0,7.519999980926514,7.420000076293945,7.429999828338623,0.0,138869131
2025-03-26,7.095695495605469,7.440000057220459,0.0,7.480000019073486,7.400000095367432,7.440000057220459,0.0,89576624
2025-03-27,7.095695495605469,7.440000057220459,0.0,7.510000228881836,7.440000057220459,7.440000057220459,0.0,85130900
2025-03-28,7.019397735595703,7.360000133514404,0.0,7.460000038146973,7.349999904632568,7.460000038146973,0.0,112225590
2025-03-31,7.1052327156066895,7.449999809265137,0.0,7.53000020980835,7.309999942779541,7.429999828338623,0.0,227238444
2025-04-01,7.067083358764648,7.409999847412109,0.0,7.489999771118164,7.349999904632568,7.409999847412109,0.0,139480372
2025-04-02,7.229216575622559,7.579999923706055,0.0,7.579999923706055,7.389999866485596,7.389999866485596,0.0,167344227
2025-04-03,7.315051555633545,7.670000076293945,0.0,7.679999828338623,7.5,7.5,0.0,131902287
2025-04-07,6.952637195587158,7.289999961853027,0.0,7.630000114440918,7.130000114440918,7.409999847412109,0.0,424856449
2025-04-08,7.000323295593262,7.340000152587891,0.0,7.389999866485596,7.21999979019165,7.289999961853027,0.0,302416802
2025-04-09,6.98124885559082,7.320000171661377,0.0,7.380000114440918,7.21999979019165,7.300000190734863,0.0,226584836
2025-04-10,6.962174415588379,7.300000190734863,0.0,7.360000133514404,7.269999980926514,7.340000152587891,0.0,147535412
2025-04-11,7.028934478759766,7.369999885559082,0.0,7.389999866485596,7.289999961853027,7.340000152587891,0.0,141757754
2025-04-14,7.210142135620117,7.559999942779541,0.0,7.590000152587891,7.380000114440918,7.389999866485596,0.0,186285737
2025-04-15,7.343662738800049,7.699999809265137,0.0,7.710000038146973,7.550000190734863,7.559999942779541,0.0,171928084
2025-04-16,7.41042423248291,7.769999980926514,0.0,7.789999961853027,7.659999847412109,7.699999809265137,0.0,196182870
2025-04-17,7.343662738800049,7.699999809265137,0.0,7.769999980926514,7.630000114440918,7.739999771118164,0.0,134614354
2025-04-18,7.409240245819092,7.570000171661377,0.197,7.630000114440918,7.519999980926514,7.53000020980835,0.0,116007790
2025-04-21,7.340726852416992,7.5,0.0,7.699999809265137,7.5,7.559999942779541,0.0,119833951
2025-04-22,7.3994526863098145,7.559999942779541,0.0,7.599999904632568,7.489999771118164,7.5,0.0,90903245
2025-04-23,7.350514888763428,7.510000228881836,0.0,7.590000152587891,7.5,7.570000171661377,0.0,98050976
2025-04-24,7.458178520202637,7.619999885559082,0.0,7.639999866485596,7.519999980926514,7.53000020980835,0.0,110095285
2025-04-25,7.419027805328369,7.579999923706055,0.0,7.659999847412109,7.510000228881836,7.630000114440918,0.0,98528474
2025-04-28,7.448390960693359,7.610000133514404,0.0,7.639999866485596,7.550000190734863,7.570000171661377,0.0,80328876
2025-04-29,7.409240245819092,7.570000171661377,0.0,7.650000095367432,7.559999942779541,7.599999904632568,0.0,76744919
2025-04-30,7.311363697052002,7.46999979019165,0.0,7.599999904632568,7.400000095367432,7.579999923706055,0.0,142960589
2025-05-06,7.25263786315918,7.409999847412109,0.0,7.489999771118164,7.360000133514404,7.489999771118164,0.0,123838172
2025-05-07,7.3211517333984375,7.480000019073486,0.0,7.489999771118164,7.380000114440918,7.440000057220459,0.0,122665214
2025-05-08,7.301576137542725,7.460000038146973,0.0,7.550000190734863,7.449999809265137,7.46999979019165,0.0,101815589
2025-05-09,7.350514888763428,7.510000228881836,0.0,7.539999961853027,7.460000038146973,7.460000038146973,0.0,108048403
2025-05-12,7.438602924346924,7.599999904632568,0.0,7.639999866485596,7.489999771118164,7.519999980926514,0.0,152887057
2025-05-13,7.507116794586182,7.670000076293945,0.0,7.679999828338623,7.559999942779541,7.590000152587891,0.0,123684783
2025-05-14,7.556054592132568,7.71999979019165,0.0,7.760000228881836,7.619999885559082,7.650000095367432,0.0,149826043
2025-05-15,7.516904354095459,7.679999828338623,0.0,7.78000020980835,7.670000076293945,7.71999979019165,0.0,106163622
2025-05-16,7.419027805328369,7.579999923706055,0.0,7.710000038146973,7.53000020980835,7.690000057220459,0.0,140596456
2025-05-19,7.409240245819092,7.570000171661377,0.0,7.650000095367432,7.570000171661377,7.579999923706055,0.0,110772729
2025-05-20,7.448390960693359,7.610000133514404,0.0,7.690000057220459,7.590000152587891,7.610000133514404,0.0,103384298
2025-05-21,7.526691913604736,7.690000057220459,0.0,7.75,7.610000133514404,7.619999885559082,0.0,125514227
2025-05-22,7.604992866516113,7.769999980926514,0.0,7.769999980926514,7.679999828338623,7.710000038146973,0.0,90127087
2025-05-23,7.507116794586182,7.670000076293945,0.0,7.789999961853027,7.659999847412109,7.789999961853027,0.0,96519407
2025-05-26,7.467966079711914,7.630000114440918,0.0,7.730000019073486,7.599999904632568,7.659999847412109,0.0,101277522
2025-05-27,7.467966079711914,7.630000114440918,0.0,7.71999979019165,7.619999885559082,7.639999866485596,0.0,92358407
2025-05-28,7.419027805328369,7.579999923706055,0.0,7.659999847412109,7.53000020980835,7.630000114440918,0.0,92053647
2025-05-29,7.37987756729126,7.539999961853027,0.0,7.599999904632568,7.519999980926514,7.590000152587891,0.0,100341718
2025-05-30,7.438602924346924,7.599999904632568,0.0,7.639999866485596,7.519999980926514,7.550000190734863,0.0,117511296
2025-06-03,7.536479473114014,7.699999809265137,0.0,7.75,7.570000171661377,7.579999923706055,0.0,122033534
2025-06-04,7.526691913604736,7.690000057220459,0.0,7.75,7.679999828338623,7.71999979019165,0.0,89611712
2025-06-05,7.516904354095459,7.679999828338623,0.0,7.71999979019165,7.619999885559082,7.690000057220459,0.0,100382763
2025-06-06,7.526691913604736,7.690000057220459,0.0,7.739999771118164,7.659999847412109,7.690000057220459,0.0,76999267
2025-06-09,7.507116794586182,7.670000076293945,0.0,7.71999979019165,7.619999885559082,7.710000038146973,0.0,121989333
2025-06-10,7.536479473114014,7.699999809265137,0.0,7.800000190734863,7.650000095367432,7.659999847412109,0.0,155067136
2025-06-11,7.546267032623291,7.710000038146973,0.0,7.760000228881836,7.679999828338623,7.710000038146973,0.0,81711966
2025-06-12,7.556054592132568,7.71999979019165,0.0,7.739999771118164,7.670000076293945,7.710000038146973,0.0,79176876
2025-06-13,7.526691913604736,7.690000057220459,0.0,7.75,7.670000076293945,7.71999979019165,0.0,108207364
2025-06-16,7.595205783843994,7.760000228881836,0.0,7.760000228881836,7.639999866485596,7.679999828338623,0.0,117213555
2025-06-17,7.585417747497559,7.75,0.0,7.78000020980835,7.71999979019165,7.760000228881836,0.0,103050614
2025-06-18,7.614780902862549,7.78000020980835,0.0,7.78000020980835,7.71999979019165,7.75,0.0,116747043
2025-06-19,7.614780902862549,7.78000020980835,0.0,7.820000171661377,7.730000019073486,7.769999980926514,0.0,124717715
2025-06-20,7.771382808685303,7.940000057220459,0.0,7.949999809265137,7.760000228881836,7.78000020980835,0.0,204614379
2025-06-23,7.8888349533081055,8.0600004196167,0.0,8.140000343322754,7.829999923706055,7.940000057220459,0.0,281982587
2025-06-24,8.016073226928711,8.1899995803833,0.0,8.239999771118164,8.069999694824219,8.079999923706055,0.0,271299912
2025-06-25,8.143312454223633,8.319999694824219,0.0,8.329999923706055,8.140000343322754,8.1899995803833,0.0,222517377
2025-06-26,8.133525848388672,8.3100004196167,0.0,8.34000015258789,8.239999771118164,8.300000190734863,0.0,198320542
2025-06-27,7.869259357452393,8.039999961853027,0.0,8.300000190734863,8.020000457763672,8.279999732971191,0.0,261314857
2025-06-30,7.830108642578125,8.0,0.0,8.079999923706055,7.96999979019165,8.020000457763672,0.0,138635419
2025-07-01,7.927985191345215,8.100000381469727,0.0,8.140000343322754,8.029999732971191,8.039999961853027,0.0,114222198
2025-07-02,7.937772274017334,8.109999656677246,0.0,8.170000076293945,8.109999656677246,8.130000114440918,0.0,93253880
2025-07-03,7.898621559143066,8.069999694824219,0.0,8.149999618530273,8.050000190734863,8.109999656677246,0.0,84767547
2025-07-04,8.04543685913086,8.220000267028809,0.0,8.270000457763672,8.0600004196167,8.069999694824219,0.0,140757446
2025-07-07,7.9964985847473145,8.170000076293945,0.0,8.229999542236328,8.130000114440918,8.210000038146973,0.0,103813237
2025-07-08,7.986710548400879,8.15999984741211,0.0,8.220000267028809,8.149999618530273,8.180000305175781,0.0,100874028
2025-07-09,8.04543685913086,8.220000267028809,0.0,8.270000457763672,8.149999618530273,8.15999984741211,0.0,124562482
2025-07-10,8.035649299621582,8.210000038146973,0.0,8.319999694824219,8.210000038146973,8.220000267028809,0.0,173903246
2025-07-11,7.87904691696167,8.050000190734863,0.0,8.300000190734863,8.050000190734863,8.220000267028809,0.0,267668912
2025-07-14,7.967135906219482,8.140000343322754,0.0,8.239999771118164,8.050000190734863,8.050000190734863,0.0,185230754
2025-07-15,7.908409595489502,8.079999923706055,0.0,8.210000038146973,8.069999694824219,8.15999984741211,0.0,131701849
2025-07-16,7.849684238433838,8.020000457763672,0.0,8.109999656677246,7.980000019073486,8.09000015258789,0.0,126763969
2025-07-17,7.8203206062316895,7.989999771118164,0.0,8.039999961853027,7.96999979019165,8.010000228881836,0.0,84975218
2025-07-18,7.87904691696167,8.050000190734863,0.0,8.109999656677246,7.980000019073486,8.010000228881836,0.0,113925735
2025-07-21,7.830108642578125,8.0,0.0,8.079999923706055,8.0,8.050000190734863,0.0,120518621
2025-07-22,7.751807689666748,7.920000076293945,0.0,7.989999771118164,7.869999885559082,7.989999771118164,0.0,172675572
2025-07-23,7.790957927703857,7.960000038146973,0.0,8.039999961853027,7.889999866485596,7.920000076293945,0.0,149800955
2025-07-24,7.653931140899658,7.820000171661377,0.0,7.96999979019165,7.809999942779541,7.960000038146973,0.0,190549639
2025-07-25,7.575629711151123,7.739999771118164,0.0,7.849999904632568,7.730000019073486,7.809999942779541,0.0,174265786
2025-07-28,7.546267032623291,7.710000038146973,0.0,7.800000190734863,7.710000038146973,7.760000228881836,0.0,132799326
2025-07-29,7.458178520202637,7.619999885559082,0.0,7.75,7.619999885559082,7.71999979019165,0.0,163246282
2025-07-30,7.516904354095459,7.679999828338623,0.0,7.739999771118164,7.599999904632568,7.630000114440918,0.0,181682657
2025-07-31,7.487541675567627,7.650000095367432,0.0,7.710000038146973,7.550000190734863,7.670000076293945,0.0,175033867
2025-08-01,7.448390960693359,7.610000133514404,0.0,7.690000057220459,7.579999923706055,7.639999866485596,0.0,137932513
2025-08-04,7.497328758239746,7.659999847412109,0.0,7.760000228881836,7.599999904632568,7.599999904632568,0.0,210094869
2025-08-05,7.604992866516113,7.769999980926514,0.0,7.78000020980835,7.650000095367432,7.659999847412109,0.0,182623713
2025-08-06,7.556054592132568,7.71999979019165,0.0,7.809999942779541,7.699999809265137,7.769999980926514,0.0,164474653
2025-08-07,7.595205783843994,7.760000228881836,0.0,7.78000020980835,7.679999828338623,7.71999979019165,0.0,140052620
2025-08-08,7.585417747497559,7.75,0.0,7.820000171661377,7.730000019073486,7.760000228881836,0.0,125386062
2025-08-11,7.507116794586182,7.670000076293945,0.0,7.769999980926514,7.670000076293945,7.75,0.0,144596780
2025-08-12,7.516904354095459,7.679999828338623,0.0,7.769999980926514,7.659999847412109,7.659999847412109,0.0,157456751
2025-08-13,7.419027805328369,7.579999923706055,0.0,7.71999979019165,7.579999923706055,7.690000057220459,0.0,193973768
2025-08-14,7.438602924346924,7.599999904632568,0.0,7.650000095367432,7.590000152587891,7.590000152587891,0.0,129797279
2025-08-15,7.272213459014893,7.429999828338623,0.0,7.619999885559082,7.420000076293945,7.610000133514404,0.0,291116858
2025-08-18,7.28200101852417,7.440000057220459,0.0,7.489999771118164,7.420000076293945,7.449999809265137,0.0,188114848
2025-08-19,7.350514888763428,7.510000228881836,0.0,7.53000020980835,7.449999809265137,7.449999809265137,0.0,150344209
2025-08-20,7.37987756729126,7.539999961853027,0.0,7.590000152587891,7.5,7.519999980926514,0.0,131149329
2025-08-21,7.428815841674805,7.590000152587891,0.0,7.590000152587891,7.489999771118164,7.539999961853027,0.0,134556127
2025-08-22,7.409240245819092,7.570000171661377,0.0,7.599999904632568,7.519999980926514,7.590000152587891,0.0,143296002
2025-08-25,7.516904354095459,7.679999828338623,0.0,7.690000057220459,7.539999961853027,7.570000171661377,0.0,203284864
2025-08-26,7.448390960693359,7.610000133514404,0.0,7.710000038146973,7.599999904632568,7.670000076293945,0.0,127629337
2025-08-27,7.28200101852417,7.440000057220459,0.0,7.610000133514404,7.440000057220459,7.599999904632568,0.0,206102440
2025-08-28,7.25263786315918,7.409999847412109,0.0,7.46999979019165,7.360000133514404,7.440000057220459,0.0,181011106
2025-08-29,7.1156110763549805,7.269999980926514,0.0,7.489999771118164,7.269999980926514,7.400000095367432,0.0,365952894
2025-09-01,7.0373101234436035,7.190000057220459,0.0,7.420000076293945,7.190000057220459,7.309999942779541,0.0,481021563
2025-09-02,7.174336910247803,7.329999923706055,0.0,7.340000152587891,7.199999809265137,7.210000038146973,0.0,275417917
2025-09-03,7.1156110763549805,7.269999980926514,0.0,7.340000152587891,7.230000019073486,7.320000171661377,0.0,188630653
2025-09-04,7.174336910247803,7.329999923706055,0.0,7.349999904632568,7.130000114440918,7.25,0.0,275380885
2025-09-05,7.105823993682861,7.260000228881836,0.0,7.329999923706055,7.21999979019165,7.28000020980835,0.0,173811148
2025-09-08,7.017735004425049,7.170000076293945,0.0,7.269999980926514,7.139999866485596,7.25,0.0,244382977
2025-09-09,7.027522563934326,7.179999828338623,0.0,7.210000038146973,7.150000095367432,7.159999847412109,0.0,122134939
2025-09-10,7.047097682952881,7.199999809265137,0.0,7.260000228881836,7.150000095367432,7.190000057220459,0.0,175575898
2025-09-11,7.1156110763549805,7.269999980926514,0.0,7.289999961853027,7.179999828338623,7.199999809265137,0.0,172427560
2025-09-12,6.978584289550781,7.130000114440918,0.0,7.300000190734863,7.119999885559082,7.269999980926514,0.0,330101210
2025-09-15,6.949221134185791,7.099999904632568,0.0,7.170000076293945,7.059999942779541,7.130000114440918,0.0,200733663
2025-09-16,6.861133098602295,7.010000228881836,0.0,7.119999885559082,6.980000019073486,7.079999923706055,0.0,298737334
2025-09-17,6.88070821762085,7.03000020980835,0.0,7.059999942779541,6.980000019073486,7.010000228881836,0.0,168413250
2025-09-18,6.753468990325928,6.900000095367432,0.0,7.059999942779541,6.900000095367432,7.050000190734863,0.0,212706671
2025-09-19,6.8024067878723145,6.949999809265137,0.0,6.949999809265137,6.800000190734863,6.889999866485596,0.0,264052368
2025-09-22,6.665380001068115,6.809999942779541,0.0,6.940000057220459,6.809999942779541,6.900000095367432,0.0,145167165
2025-09-23,6.792619228363037,6.940000057220459,0.0,6.96999979019165,6.75,6.789999961853027,0.0,292070225
2025-09-24,6.733893394470215,6.880000114440918,0.0,7.019999980926514,6.880000114440918,6.929999828338623,0.0,189444207
2025-09-25,6.704530239105225,6.849999904632568,0.0,6.889999866485596,6.800000190734863,6.880000114440918,0.0,130657846
2025-09-26,6.675167560577393,6.820000171661377,0.0,6.869999885559082,6.78000020980835,6.840000152587891,0.0,121193797
2025-09-29,6.655592441558838,6.800000190734863,0.0,6.889999866485596,6.739999771118164,6.820000171661377,0.0,207041922
2025-09-30,6.577291011810303,6.71999979019165,0.0,6.820000171661377,6.710000038146973,6.809999942779541,0.0,184867790
2025-10-09,6.577291011810303,6.71999979019165,0.0,6.730000019073486,6.659999847412109,6.699999809265137,0.0,173106070
2025-10-10,6.606654167175293,6.75,0.0,6.829999923706055,6.699999809265137,6.710000038146973,0.0,219116086
2025-10-13,6.577291011810303,6.71999979019165,0.0,6.769999980926514,6.650000095367432,6.739999771118164,0.0,233020185
2025-10-14,6.71431827545166,6.860000133514404,0.0,6.860000133514404,6.670000076293945,6.699999809265137,0.0,319875238
2025-10-15,6.733893394470215,6.880000114440918,0.0,6.920000076293945,6.829999923706055,6.860000133514404,0.0,236727708
2025-10-16,6.851345062255859,7.0,0.0,7.03000020980835,6.869999885559082,6.880000114440918,0.0,276401850
2025-10-17,6.831769943237305,6.980000019073486,0.0,7.110000133514404,6.949999809265137,7.0,0.0,260188831
2025-10-20,6.821981906890869,6.96999979019165,0.0,7.0,6.829999923706055,6.96999979019165,0.0,238240573
2025-10-21,6.88070821762085,7.03000020980835,0.0,7.070000171661377,6.949999809265137,6.949999809265137,0.0,201830821
2025-10-22,6.988371849060059,7.139999866485596,0.0,7.159999847412109,7.03000020980835,7.03000020980835,0.0,215087190
2025-10-23,7.047097682952881,7.199999809265137,0.0,7.239999771118164,7.099999904632568,7.159999847412109,0.0,251500910
2025-10-24,7.076460838317871,7.230000019073486,0.0,7.320000171661377,7.159999847412109,7.190000057220459,0.0,273198271
2025-10-27,7.125399112701416,7.28000020980835,0.0,7.329999923706055,7.130000114440918,7.210000038146973,0.0,345891229
2025-10-28,7.1156110763549805,7.269999980926514,0.0,7.320000171661377,7.179999828338623,7.289999961853027,0.0,230158847
2025-10-29,6.978584289550781,7.130000114440918,0.0,7.260000228881836,7.119999885559082,7.25,0.0,249107870
2025-10-30,6.939434051513672,7.090000152587891,0.0,7.179999828338623,7.059999942779541,7.130000114440918,0.0,236524388
2025-10-31,7.027522563934326,7.179999828338623,0.0,7.190000057220459,7.050000190734863,7.139999866485596,0.0,220535263
2025-11-03,7.1156110763549805,7.269999980926514,0.0,7.300000190734863,7.150000095367432,7.179999828338623,0.0,212592472
2025-11-04,7.233062744140625,7.389999866485596,0.0,7.389999866485596,7.260000228881836,7.28000020980835,0.0,228439366
2025-11-05,7.184124946594238,7.340000152587891,0.0,7.420000076293945,7.340000152587891,7.400000095367432,0.0,172030597
2025-11-06,7.184124946594238,7.340000152587891,0.0,7.360000133514404,7.289999961853027,7.340000152587891,0.0,175147651
2025-11-07,7.154761791229248,7.309999942779541,0.0,7.389999866485596,7.28000020980835,7.349999904632568,0.0,155543685
2025-11-10,7.21348762512207,7.369999885559082,0.0,7.380000114440918,7.269999980926514,7.300000190734863,0.0,138173973
2025-11-11,7.233062744140625,7.389999866485596,0.0,7.409999847412109,7.329999923706055,7.360000133514404,0.0,114078285
2025-11-12,7.291788578033447,7.449999809265137,0.0,7.489999771118164,7.400000095367432,7.409999847412109,0.0,183395732
2025-11-13,7.291788578033447,7.449999809265137,0.0,7.480000019073486,7.369999885559082,7.449999809265137,0.0,169974162
2025-11-14,7.360301971435547,7.519999980926514,0.0,7.579999923706055,7.460000038146973,7.460000038146973,0.0,207195001
2025-11-17,7.233062744140625,7.389999866485596,0.0,7.510000228881836,7.380000114440918,7.5,0.0,156655031
2025-11-18,7.272213459014893,7.429999828338623,0.0,7.489999771118164,7.349999904632568,7.389999866485596,0.0,144451448
2025-11-19,7.370090007781982,7.53000020980835,0.0,7.570000171661377,7.420000076293945,7.440000057220459,0.0,176766192
2025-11-20,7.487541675567627,7.650000095367432,0.0,7.71999979019165,7.480000019073486,7.510000228881836,0.0,268788057
2025-11-21,7.458178520202637,7.619999885559082,0.0,7.71999979019165,7.590000152587891,7.659999847412109,0.0,244088847
2025-11-24,7.3994526863098145,7.559999942779541,0.0,7.650000095367432,7.539999961853027,7.619999885559082,0.0,189538385
2025-11-25,7.556054592132568,7.71999979019165,0.0,7.71999979019165,7.510000228881836,7.550000190734863,0.0,212059075
2025-11-26,7.497328758239746,7.659999847412109,0.0,7.769999980926514,7.630000114440918,7.71999979019165,0.0,150076805
2025-11-27,7.546267032623291,7.710000038146973,0.0,7.730000019073486,7.570000171661377,7.670000076293945,0.0,159518454
2025-11-28,7.428815841674805,7.590000152587891,0.0,7.710000038146973,7.559999942779541,7.690000057220459,0.0,166761995
2025-12-01,7.526691913604736,7.690000057220459,0.0,7.699999809265137,7.539999961853027,7.570000171661377,0.0,202416837
2025-12-02,7.487541675567627,7.650000095367432,0.0,7.739999771118164,7.619999885559082,7.690000057220459,0.0,97551634
2025-12-03,7.370090007781982,7.53000020980835,0.0,7.670000076293945,7.489999771118164,7.630000114440918,0.0,153330589
2025-12-04,7.28200101852417,7.440000057220459,0.0,7.519999980926514,7.409999847412109,7.510000228881836,0.0,134652271
2025-12-05,7.262425899505615,7.420000076293945,0.0,7.519999980926514,7.389999866485596,7.429999828338623,0.0,141616647
2025-12-08,7.301576137542725,7.460000038146973,0.0,7.510000228881836,7.409999847412109,7.429999828338623,0.0,120827644
2025-12-09,7.291788578033447,7.449999809265137,0.0,7.489999771118164,7.400000095367432,7.489999771118164,0.0,95117411
2025-12-10,7.154761791229248,7.309999942779541,0.0,7.46999979019165,7.300000190734863,7.429999828338623,0.0,148972862
2025-12-11,7.203700065612793,7.360000133514404,0.0,7.360000133514404,7.289999961853027,7.320000171661377,0.0,117595120
2025-12-12,7.193912029266357,7.349999904632568,0.0,7.380000114440918,7.289999961853027,7.349999904632568,0.0,180593318
2025-12-15,7.174336910247803,7.329999923706055,0.0,7.389999866485596,7.329999923706055,7.349999904632568,0.0,99047360
2025-12-16,7.1156110763549805,7.269999980926514,0.0,7.329999923706055,7.230000019073486,7.320000171661377,0.0,121432385
2025-12-17,7.154761791229248,7.309999942779541,0.0,7.369999885559082,7.230000019073486,7.260000228881836,0.0,126320955
2025-12-18,7.301576137542725,7.460000038146973,0.0,7.480000019073486,7.309999942779541,7.309999942779541,0.0,115295052
2025-12-19,7.272213459014893,7.429999828338623,0.0,7.46999979019165,7.389999866485596,7.460000038146973,0.0,130563507
2025-12-22,7.2428507804870605,7.400000095367432,0.0,7.460000038146973,7.369999885559082,7.420000076293945,0.0,115102143
2025-12-23,7.28200101852417,7.440000057220459,0.0,7.46999979019165,7.380000114440918,7.400000095367432,0.0,115984610
2025-12-24,7.203700065612793,7.360000133514404,0.0,7.46999979019165,7.360000133514404,7.429999828338623,0.0,147096984
2025-12-25,7.199999809265137,7.199999809265137,0.1563,7.269999980926514,7.190000057220459,7.239999771118164,0.0,109956030
2025-12-26,7.21999979019165,7.21999979019165,0.0,7.230000019073486,7.159999847412109,7.190000057220459,0.0,90193104
2025-12-29,7.369999885559082,7.369999885559082,0.0,7.380000114440918,7.179999828338623,7.210000038146973,0.0,169510855
2025-12-30,7.239999771118164,7.239999771118164,0.0,7.360000133514404,7.239999771118164,7.349999904632568,0.0,108818545
2025-12-31,7.25,7.25,0.0,7.300000190734863,7.230000019073486,7.25,0.0,85632834
2026-01-05,7.230000019073486,7.230000019073486,0.0,7.28000020980835,7.179999828338623,7.260000228881836,0.0,138016014
2026-01-06,7.179999828338623,7.179999828338623,0.0,7.239999771118164,7.150000095367432,7.239999771118164,0.0,147045867
2026-01-07,7.130000114440918,7.130000114440918,0.0,7.190000057220459,7.119999885559082,7.179999828338623,0.0,117423792
2026-01-08,7.090000152587891,7.090000152587891,0.0,7.139999866485596,7.079999923706055,7.130000114440918,0.0,115416768
2026-01-09,7.070000171661377,7.070000171661377,0.0,7.130000114440918,7.059999942779541,7.119999885559082,0.0,96956414
2026-01-12,7.099999904632568,7.099999904632568,0.0,7.119999885559082,7.019999980926514,7.070000171661377,0.0,145403931
2026-01-13,7.090000152587891,7.090000152587891,0.0,7.159999847412109,7.059999942779541,7.110000133514404,0.0,134331903
2026-01-14,7.039999961853027,7.039999961853027,0.0,7.090000152587891,7.019999980926514,7.079999923706055,0.0,166432793
2026-01-15,6.929999828338623,6.929999828338623,0.0,7.050000190734863,6.909999847412109,7.03000020980835,0.0,167708671
2026-01-16,6.869999885559082,6.869999885559082,0.0,6.960000038146973,6.849999904632568,6.940000057220459,0.0,196645237
2026-01-19,6.820000171661377,6.820000171661377,0.0,6.920000076293945,6.809999942779541,6.869999885559082,0.0,157152985
2026-01-20,6.860000133514404,6.860000133514404,0.0,6.909999847412109,6.809999942779541,6.829999923706055,0.0,161452828
2026-01-21,6.71999979019165,6.71999979019165,0.0,6.909999847412109,6.710000038146973,6.880000114440918,0.0,253721469
2026-01-22,6.710000038146973,6.710000038146973,0.0,6.800000190734863,6.690000057220459,6.739999771118164,0.0,178056167
2026-01-23,6.639999866485596,6.639999866485596,0.0,6.769999980926514,6.619999885559082,6.71999979019165,0.0,222566886
2026-01-26,6.639999866485596,6.639999866485596,0.0,6.730000019073486,6.599999904632568,6.630000114440918,0.0,258231034
2026-01-27,6.610000133514404,6.610000133514404,0.0,6.730000019073486,6.599999904632568,6.650000095367432,0.0,231273719
2026-01-28,6.550000190734863,6.550000190734863,0.0,6.650000095367432,6.539999961853027,6.610000133514404,0.0,328086516
2026-01-29,6.599999904632568,6.599999904632568,0.0,6.639999866485596,6.480000019073486,6.559999942779541,0.0,314511436
2026-01-30,6.619999885559082,6.619999885559082,0.0,6.710000038146973,6.619999885559082,6.630000114440918,0.0,243931149
2026-02-02,6.650000095367432,6.650000095367432,0.0,6.769999980926514,6.639999866485596,6.670000076293945,0.0,278185806
2026-02-03,6.590000152587891,6.590000152587891,0.0,6.659999847412109,6.550000190734863,6.650000095367432,0.0,227099802
2026-02-04,6.670000076293945,6.670000076293945,0.0,6.679999828338623,6.570000171661377,6.579999923706055,0.0,138793132
2026-02-05,6.760000228881836,6.760000228881836,0.0,6.769999980926514,6.670000076293945,6.679999828338623,0.0,173216618
2026-02-06,6.710000038146973,6.710000038146973,0.0,6.809999942779541,6.690000057220459,6.789999961853027,0.0,172955097
2026-02-09,6.739999771118164,6.739999771118164,0.0,6.769999980926514,6.670000076293945,6.699999809265137,0.0,141282864
2026-02-10,6.820000171661377,6.820000171661377,0.0,6.829999923706055,6.730000019073486,6.739999771118164,0.0,159466690
2026-02-11,6.820000171661377,6.820000171661377,0.0,6.849999904632568,6.760000228881836,6.829999923706055,0.0,110280801
2026-02-12,6.730000019073486,6.730000019073486,0.0,6.820000171661377,6.699999809265137,6.820000171661377,0.0,144138473
2026-02-13,6.650000095367432,6.650000095367432,0.0,6.739999771118164,6.639999866485596,6.730000019073486,0.0,146145624
2026-02-24,6.670000076293945,6.670000076293945,0.0,6.690000057220459,6.639999866485596,6.679999828338623,0.0,114004540
2026-02-25,6.619999885559082,6.619999885559082,0.0,6.699999809265137,6.619999885559082,6.679999828338623,0.0,140237800
2026-02-26,6.579999923706055,6.579999923706055,0.0,6.670000076293945,6.559999942779541,6.619999885559082,0.0,127737711
2026-02-27,6.550000190734863,6.550000190734863,0.0,6.610000133514404,6.550000190734863,6.579999923706055,0.0,118803306
2026-03-02,6.579999923706055,6.579999923706055,0.0,6.599999904632568,6.510000228881836,6.53000020980835,0.0,169183618
2026-03-03,6.739999771118164,6.739999771118164,0.0,6.809999942779541,6.570000171661377,6.590000152587891,0.0,367981095
2026-03-04,6.659999847412109,6.659999847412109,0.0,6.739999771118164,6.599999904632568,6.739999771118164,0.0,254138271
2026-03-05,6.71999979019165,6.71999979019165,0.0,6.75,6.610000133514404,6.630000114440918,0.0,168188429
2026-03-06,6.769999980926514,6.769999980926514,0.0,6.78000020980835,6.690000057220459,6.710000038146973,0.0,139952051
2026-03-09,6.760000228881836,6.760000228881836,0.0,6.809999942779541,6.71999979019165,6.730000019073486,0.0,202476973
2026-03-10,6.730000019073486,6.730000019073486,0.0,6.760000228881836,6.690000057220459,6.75,0.0,121985751
2026-03-11,6.789999961853027,6.789999961853027,0.0,6.800000190734863,6.690000057220459,6.71999979019165,0.0,124362303
2026-03-12,6.800000190734863,6.800000190734863,0.0,6.840000152587891,6.769999980926514,6.769999980926514,0.0,109949257
2026-03-13,6.849999904632568,6.849999904632568,0.0,6.900000095367432,6.769999980926514,6.800000190734863,0.0,179574616
2026-03-16,6.869999885559082,6.869999885559082,0.0,6.929999828338623,6.840000152587891,6.849999904632568,0.0,149337025
2026-03-17,6.940000057220459,6.940000057220459,0.0,6.960000038146973,6.849999904632568,6.860000133514404,0.0,143163523
2026-03-18,6.900000095367432,6.900000095367432,0.0,6.960000038146973,6.849999904632568,6.949999809265137,0.0,145538705
2026-03-19,6.889999866485596,6.889999866485596,0.0,6.949999809265137,6.860000133514404,6.869999885559082,0.0,146366289
2026-03-20,6.909999847412109,6.909999847412109,0.0,6.949999809265137,6.860000133514404,6.889999866485596,0.0,153284064
2026-03-23,6.670000076293945,6.670000076293945,0.0,6.900000095367432,6.659999847412109,6.889999866485596,0.0,226077741
2026-03-24,6.820000171661377,6.820000171661377,0.0,6.829999923706055,6.690000057220459,6.690000057220459,0.0,169705239
2026-03-25,6.829999923706055,6.829999923706055,0.0,6.829999923706055,6.71999979019165,6.809999942779541,0.0,145593690
2026-03-26,6.860000133514404,6.860000133514404,0.0,6.889999866485596,6.800000190734863,6.800000190734863,0.0,122240160
2026-03-27,6.880000114440918,6.880000114440918,0.0,6.909999847412109,6.829999923706055,6.849999904632568,0.0,133207454
2026-03-30,6.96999979019165,6.96999979019165,0.0,7.0,6.860000133514404,6.880000114440918,0.0,186036778
2026-03-31,7.0,7.0,0.0,7.130000114440918,6.980000019073486,6.989999771118164,0.0,203256317
2026-04-01,7.010000228881836,7.010000228881836,0.0,7.070000171661377,6.96999979019165,7.010000228881836,0.0,144757087
2026-04-02,7.090000152587891,7.090000152587891,0.0,7.099999904632568,7.0,7.010000228881836,0.0,146850902
2026-04-03,6.989999771118164,6.989999771118164,0.0,7.099999904632568,6.980000019073486,7.090000152587891,0.0,102557739
2026-04-07,6.909999847412109,6.909999847412109,0.0,7.010000228881836,6.889999866485596,6.989999771118164,0.0,108764922
2026-04-08,6.909999847412109,6.909999847412109,0.0,6.929999828338623,6.840000152587891,6.909999847412109,0.0,143152768
2026-04-09,6.840000152587891,6.840000152587891,0.0,6.920000076293945,6.809999942779541,6.900000095367432,0.0,109260727
2026-04-10,6.800000190734863,6.800000190734863,0.0,6.840000152587891,6.800000190734863,6.829999923706055,0.0,109168442
2026-04-13,6.849999904632568,6.849999904632568,0.0,6.849999904632568,6.760000228881836,6.809999942779541,0.0,96622275
2026-04-14,6.900000095367432,6.900000095367432,0.0,6.900000095367432,6.820000171661377,6.849999904632568,0.0,108123017
2026-04-15,6.929999828338623,6.929999828338623,0.0,6.960000038146973,6.869999885559082,6.880000114440918,0.0,147537354
2026-04-16,6.920000076293945,6.920000076293945,0.0,6.989999771118164,6.909999847412109,6.940000057220459,0.0,113604038
2026-04-17,6.960000038146973,6.960000038146973,0.0,6.96999979019165,6.889999866485596,6.909999847412109,0.0,104639102
