Date,Adj Close,Close,Dividends,High,Low,Open,Stock Splits,Volume
2019-01-02,3.5369491577148438,5.199999809265137,0.0,5.309999942779541,5.170000076293945,5.300000190734863,0.0,113184900
2019-01-03,3.5369491577148438,5.199999809265137,0.0,5.230000019073486,5.170000076293945,5.179999828338623,0.0,94328427
2019-01-04,3.584561824798584,5.269999980926514,0.0,5.28000020980835,5.150000095367432,5.179999828338623,0.0,122442027
2019-01-07,3.564157009124756,5.239999771118164,0.0,5.28000020980835,5.230000019073486,5.179999828338623,0.0,99975787
2019-01-08,3.5369491577148438,5.199999809265137,0.0,5.25,5.179999828338623,5.25,0.0,112918431
2019-01-09,3.5777597427368164,5.260000228881836,0.0,5.289999961853027,5.199999809265137,5.210000038146973,0.0,176193793
2019-01-10,3.5505526065826416,5.21999979019165,0.0,5.260000228881836,5.199999809265137,5.25,0.0,83922243
2019-01-11,3.564157009124756,5.239999771118164,0.0,5.25,5.210000038146973,5.230000019073486,0.0,83892180
2019-01-14,3.5369491577148438,5.199999809265137,0.0,5.260000228881836,5.179999828338623,5.260000228881836,0.0,95145697
2019-01-15,3.5573549270629883,5.230000019073486,0.0,5.25,5.190000057220459,5.210000038146973,0.0,118901204
2019-01-16,3.564157009124756,5.239999771118164,0.0,5.239999771118164,5.210000038146973,5.230000019073486,0.0,87363957
2019-01-17,3.5709588527679443,5.25,0.0,5.309999942779541,5.21999979019165,5.25,0.0,167314524
2019-01-18,3.6661837100982666,5.389999866485596,0.0,5.400000095367432,5.25,5.269999980926514,0.0,251775898
2019-01-21,3.7069945335388184,5.449999809265137,0.0,5.480000019073486,5.400000095367432,5.409999847412109,0.0,212618157
2019-01-22,3.6661837100982666,5.389999866485596,0.0,5.460000038146973,5.369999885559082,5.460000038146973,0.0,139548630
2019-01-23,3.700192928314209,5.440000057220459,0.0,5.449999809265137,5.389999866485596,5.400000095367432,0.0,125388481
2019-01-24,3.713796854019165,5.460000038146973,0.0,5.46999979019165,5.420000076293945,5.460000038146973,0.0,88821989
2019-01-25,3.754607915878296,5.519999980926514,0.0,5.579999923706055,5.480000019073486,5.480000019073486,0.0,166626976
2019-01-28,3.7410037517547607,5.5,0.0,5.639999866485596,5.480000019073486,5.599999904632568,0.0,163948511
2019-01-29,3.7682113647460938,5.539999961853027,0.0,5.559999942779541,5.480000019073486,5.510000228881836,0.0,130070555
2019-01-30,3.7750134468078613,5.550000190734863,0.0,5.570000171661377,5.510000228881836,5.539999961853027,0.0,137369658
2019-01-31,3.8498330116271973,5.659999847412109,0.0,5.699999809265137,5.550000190734863,5.579999923706055,0.0,225105048
2019-02-01,3.843031883239746,5.650000095367432,0.0,5.699999809265137,5.610000133514404,5.679999828338623,0.0,143672442
2019-02-11,3.836229085922241,5.639999866485596,0.0,5.650000095367432,5.559999942779541,5.619999885559082,0.0,119563234
2019-02-12,3.843031883239746,5.650000095367432,0.0,5.659999847412109,5.590000152587891,5.639999866485596,0.0,84587200
2019-02-13,3.8838419914245605,5.710000038146973,0.0,5.739999771118164,5.610000133514404,5.650000095367432,0.0,175753881
2019-02-14,3.843031883239746,5.650000095367432,0.0,5.699999809265137,5.630000114440918,5.690000057220459,0.0,155418476
2019-02-15,3.7478058338165283,5.510000228881836,0.0,5.630000114440918,5.480000019073486,5.630000114440918,0.0,213058323
2019-02-18,3.8090219497680664,5.599999904632568,0.0,5.599999904632568,5.53000020980835,5.539999961853027,0.0,187401557
2019-02-19,3.788616895675659,5.570000171661377,0.0,5.639999866485596,5.550000190734863,5.590000152587891,0.0,212673098
2019-02-20,3.788616895675659,5.570000171661377,0.0,5.599999904632568,5.550000190734863,5.570000171661377,0.0,106861146
2019-02-21,3.7818148136138916,5.559999942779541,0.0,5.610000133514404,5.539999961853027,5.570000171661377,0.0,158310223
2019-02-22,3.7750134468078613,5.550000190734863,0.0,5.550000190734863,5.46999979019165,5.550000190734863,0.0,298324578
2019-02-25,4.013077259063721,5.900000095367432,0.0,5.900000095367432,5.570000171661377,5.570000171661377,0.0,676922545
2019-02-26,3.9246532917022705,5.769999980926514,0.0,5.900000095367432,5.739999771118164,5.889999866485596,0.0,458521951
2019-02-27,3.951860189437866,5.809999942779541,0.0,5.929999828338623,5.730000019073486,5.78000020980835,0.0,481514188
2019-02-28,3.9110493659973145,5.75,0.0,5.829999923706055,5.710000038146973,5.789999961853027,0.0,278721181
2019-03-01,3.9790680408477783,5.849999904632568,0.0,5.860000133514404,5.710000038146973,5.78000020980835,0.0,337200650
2019-03-04,3.985869884490967,5.860000133514404,0.0,5.989999771118164,5.829999923706055,5.900000095367432,0.0,601826396
2019-03-05,3.958662986755371,5.820000171661377,0.0,5.840000152587891,5.769999980926514,5.829999923706055,0.0,332788498
2019-03-06,3.9790680408477783,5.849999904632568,0.0,5.849999904632568,5.789999961853027,5.809999942779541,0.0,326156960
2019-03-07,3.917851448059082,5.760000228881836,0.0,5.840000152587891,5.739999771118164,5.840000152587891,0.0,400488819
2019-03-08,3.8022208213806152,5.590000152587891,0.0,5.699999809265137,5.579999923706055,5.699999809265137,0.0,357824997
2019-03-11,3.815824031829834,5.610000133514404,0.0,5.630000114440918,5.550000190734863,5.579999923706055,0.0,232063438
2019-03-12,3.8226256370544434,5.619999885559082,0.0,5.679999828338623,5.599999904632568,5.630000114440918,0.0,274303942
2019-03-13,3.7954187393188477,5.579999923706055,0.0,5.610000133514404,5.539999961853027,5.610000133514404,0.0,306509453
2019-03-14,3.788616895675659,5.570000171661377,0.0,5.610000133514404,5.539999961853027,5.570000171661377,0.0,224520659
2019-03-15,3.7954187393188477,5.579999923706055,0.0,5.619999885559082,5.559999942779541,5.559999942779541,0.0,250067344
2019-03-18,3.843031883239746,5.650000095367432,0.0,5.650000095367432,5.559999942779541,5.570000171661377,0.0,363399829
2019-03-19,3.843031883239746,5.650000095367432,0.0,5.670000076293945,5.619999885559082,5.670000076293945,0.0,245747081
2019-03-20,3.815824031829834,5.610000133514404,0.0,5.650000095367432,5.590000152587891,5.630000114440918,0.0,236245006
2019-03-21,3.8022208213806152,5.590000152587891,0.0,5.619999885559082,5.579999923706055,5.610000133514404,0.0,231573432
2019-03-22,3.7954187393188477,5.579999923706055,0.0,5.599999904632568,5.550000190734863,5.590000152587891,0.0,191240061
2019-03-25,3.7205989360809326,5.46999979019165,0.0,5.550000190734863,5.460000038146973,5.53000020980835,0.0,321876422
2019-03-26,3.7069945335388184,5.449999809265137,0.0,5.489999771118164,5.429999828338623,5.489999771118164,0.0,207940075
2019-03-27,3.7478058338165283,5.510000228881836,0.0,5.539999961853027,5.449999809265137,5.460000038146973,0.0,263386947
2019-03-28,3.7069945335388184,5.449999809265137,0.0,5.5,5.440000057220459,5.489999771118164,0.0,192243762
2019-03-29,3.788616895675659,5.570000171661377,0.0,5.579999923706055,5.460000038146973,5.480000019073486,0.0,391603643
2019-04-01,3.836229085922241,5.639999866485596,0.0,5.659999847412109,5.590000152587891,5.590000152587891,0.0,487928296
2019-04-02,3.8498330116271973,5.659999847412109,0.0,5.699999809265137,5.639999866485596,5.659999847412109,0.0,392476036
2019-04-03,3.877040147781372,5.699999809265137,0.0,5.710000038146973,5.599999904632568,5.599999904632568,0.0,326286722
2019-04-04,3.951860189437866,5.809999942779541,0.0,5.829999923706055,5.690000057220459,5.699999809265137,0.0,452453954
2019-04-08,3.958662986755371,5.820000171661377,0.0,5.980000019073486,5.78000020980835,5.849999904632568,0.0,429367364
2019-04-09,3.931455373764038,5.78000020980835,0.0,5.820000171661377,5.760000228881836,5.809999942779541,0.0,240801573
2019-04-10,3.9110493659973145,5.75,0.0,5.789999961853027,5.699999809265137,5.75,0.0,241236289
2019-04-11,3.8974456787109375,5.730000019073486,0.0,5.789999961853027,5.710000038146973,5.75,0.0,217126360
2019-04-12,3.8974456787109375,5.730000019073486,0.0,5.739999771118164,5.699999809265137,5.71999979019165,0.0,153613761
2019-04-15,3.951860189437866,5.809999942779541,0.0,5.929999828338623,5.800000190734863,5.809999942779541,0.0,473497467
2019-04-16,4.0810956954956055,6.0,0.0,6.03000020980835,5.75,5.78000020980835,0.0,551207242
2019-04-17,4.087897300720215,6.010000228881836,0.0,6.079999923706055,5.960000038146973,5.989999771118164,0.0,364293894
2019-04-18,4.040284633636475,5.940000057220459,0.0,6.03000020980835,5.929999828338623,6.010000228881836,0.0,216478399
2019-04-19,4.0674920082092285,5.980000019073486,0.0,6.010000228881836,5.940000057220459,5.940000057220459,0.0,184514226
2019-04-22,3.965463638305664,5.829999923706055,0.0,6.0,5.809999942779541,5.989999771118164,0.0,273124250
2019-04-23,3.951860189437866,5.809999942779541,0.0,5.849999904632568,5.789999961853027,5.840000152587891,0.0,183104112
2019-04-24,3.951860189437866,5.809999942779541,0.0,5.840000152587891,5.739999771118164,5.820000171661377,0.0,209166808
2019-04-25,3.8974456787109375,5.730000019073486,0.0,5.800000190734863,5.710000038146973,5.789999961853027,0.0,225972035
2019-04-26,3.8838419914245605,5.710000038146973,0.0,5.760000228881836,5.699999809265137,5.710000038146973,0.0,184000608
2019-05-06,3.89064359664917,5.71999979019165,0.0,5.800000190734863,5.559999942779541,5.690000057220459,0.0,394210910
2019-05-07,3.8498330116271973,5.659999847412109,0.0,5.710000038146973,5.630000114440918,5.699999809265137,0.0,168032614
2019-05-08,3.8022208213806152,5.590000152587891,0.0,5.639999866485596,5.570000171661377,5.599999904632568,0.0,135587456
2019-05-09,3.754607915878296,5.519999980926514,0.0,5.579999923706055,5.5,5.570000171661377,0.0,167648952
2019-05-10,3.815824031829834,5.610000133514404,0.0,5.659999847412109,5.5,5.539999961853027,0.0,216535905
2019-05-13,3.7682113647460938,5.539999961853027,0.0,5.570000171661377,5.53000020980835,5.550000190734863,0.0,116430674
2019-05-14,3.754607915878296,5.519999980926514,0.0,5.559999942779541,5.5,5.510000228881836,0.0,124874548
2019-05-15,3.788616895675659,5.570000171661377,0.0,5.590000152587891,5.510000228881836,5.539999961853027,0.0,161565826
2019-05-16,3.8022208213806152,5.590000152587891,0.0,5.610000133514404,5.53000020980835,5.539999961853027,0.0,154620832
2019-05-17,3.788616895675659,5.570000171661377,0.0,5.610000133514404,5.539999961853027,5.599999904632568,0.0,159408338
2019-05-20,3.815824031829834,5.610000133514404,0.0,5.650000095367432,5.550000190734863,5.559999942779541,0.0,241457552
2019-05-21,3.836229085922241,5.639999866485596,0.0,5.659999847412109,5.599999904632568,5.610000133514404,0.0,155797678
2019-05-22,3.843031883239746,5.650000095367432,0.0,5.659999847412109,5.590000152587891,5.639999866485596,0.0,120887709
2019-05-23,3.843031883239746,5.650000095367432,0.0,5.659999847412109,5.619999885559082,5.630000114440918,0.0,186548600
2019-05-24,3.877040147781372,5.699999809265137,0.0,5.71999979019165,5.639999866485596,5.650000095367432,0.0,140020056
2019-05-27,3.843031883239746,5.650000095367432,0.0,5.690000057220459,5.619999885559082,5.690000057220459,0.0,178105539
2019-05-28,3.856635570526123,5.670000076293945,0.0,5.679999828338623,5.619999885559082,5.659999847412109,0.0,189308219
2019-05-29,3.843031883239746,5.650000095367432,0.0,5.670000076293945,5.619999885559082,5.639999866485596,0.0,116548599
2019-05-30,3.856635570526123,5.670000076293945,0.0,5.670000076293945,5.619999885559082,5.650000095367432,0.0,120565281
2019-05-31,3.815824031829834,5.610000133514404,0.0,5.659999847412109,5.599999904632568,5.650000095367432,0.0,148823056
2019-06-03,3.877040147781372,5.699999809265137,0.0,5.699999809265137,5.619999885559082,5.630000114440918,0.0,186990203
2019-06-04,3.8974456787109375,5.730000019073486,0.0,5.739999771118164,5.679999828338623,5.699999809265137,0.0,164391569
2019-06-05,3.917851448059082,5.760000228881836,0.0,5.820000171661377,5.739999771118164,5.739999771118164,0.0,170752119
2019-06-06,3.8974456787109375,5.730000019073486,0.0,5.789999961853027,5.730000019073486,5.78000020980835,0.0,154309402
2019-06-10,3.931455373764038,5.78000020980835,0.0,5.820000171661377,5.739999771118164,5.739999771118164,0.0,185267656
2019-06-11,3.9382567405700684,5.789999961853027,0.0,5.800000190734863,5.760000228881836,5.78000020980835,0.0,259893816
2019-06-12,3.917851448059082,5.760000228881836,0.0,5.789999961853027,5.739999771118164,5.78000020980835,0.0,190221221
2019-06-13,3.8974456787109375,5.730000019073486,0.0,5.760000228881836,5.710000038146973,5.75,0.0,164052894
2019-06-14,3.904247760772705,5.739999771118164,0.0,5.78000020980835,5.71999979019165,5.739999771118164,0.0,148227828
2019-06-17,3.904247760772705,5.739999771118164,0.0,5.769999980926514,5.71999979019165,5.730000019073486,0.0,158208221
2019-06-18,3.904247760772705,5.739999771118164,0.0,5.760000228881836,5.71999979019165,5.739999771118164,0.0,261102048
2019-06-19,3.931455373764038,5.78000020980835,0.0,5.840000152587891,5.760000228881836,5.809999942779541,0.0,402585845
2019-06-20,3.972266435623169,5.840000152587891,0.0,5.900000095367432,5.769999980926514,5.78000020980835,0.0,587514152
2019-06-21,3.9790680408477783,5.849999904632568,0.0,5.889999866485596,5.820000171661377,5.840000152587891,0.0,318381525
2019-06-24,3.9994733333587646,5.880000114440918,0.0,5.880000114440918,5.829999923706055,5.849999904632568,0.0,178527788
2019-06-25,3.965463638305664,5.829999923706055,0.0,5.880000114440918,5.769999980926514,5.869999885559082,0.0,268493283
2019-06-26,3.9790680408477783,5.849999904632568,0.0,5.860000133514404,5.800000190734863,5.809999942779541,0.0,137584593
2019-06-27,4.01987886428833,5.909999847412109,0.0,5.920000076293945,5.849999904632568,5.860000133514404,0.0,224456916
2019-06-28,4.006275177001953,5.889999866485596,0.0,5.909999847412109,5.840000152587891,5.889999866485596,0.0,156197446
2019-07-01,4.026679992675781,5.920000076293945,0.0,5.96999979019165,5.900000095367432,5.940000057220459,0.0,292782968
2019-07-02,4.033482074737549,5.929999828338623,0.0,5.949999809265137,5.900000095367432,5.909999847412109,0.0,271356968
2019-07-03,4.026806831359863,5.670000076293945,0.2506,5.690000057220459,5.639999866485596,5.679999828338623,0.0,209673368
2019-07-04,4.033908367156982,5.679999828338623,0.0,5.679999828338623,5.650000095367432,5.670000076293945,0.0,151690647
2019-07-05,4.026806831359863,5.670000076293945,0.0,5.679999828338623,5.650000095367432,5.659999847412109,0.0,128939220
2019-07-08,3.969991445541382,5.590000152587891,0.0,5.659999847412109,5.539999961853027,5.650000095367432,0.0,196259034
2019-07-09,3.9628891944885254,5.579999923706055,0.0,5.590000152587891,5.559999942779541,5.570000171661377,0.0,119393489
2019-07-10,3.9415838718414307,5.550000190734863,0.0,5.590000152587891,5.539999961853027,5.579999923706055,0.0,105681805
2019-07-11,3.955786943435669,5.570000171661377,0.0,5.579999923706055,5.550000190734863,5.559999942779541,0.0,106293361
2019-07-12,3.9912970066070557,5.619999885559082,0.0,5.639999866485596,5.559999942779541,5.579999923706055,0.0,141110788
2019-07-15,3.9770925045013428,5.599999904632568,0.0,5.610000133514404,5.539999961853027,5.599999904632568,0.0,126161157
2019-07-16,3.984194755554199,5.610000133514404,0.0,5.619999885559082,5.570000171661377,5.599999904632568,0.0,80880541
2019-07-17,3.9486846923828125,5.559999942779541,0.0,5.599999904632568,5.550000190734863,5.590000152587891,0.0,144943369
2019-07-18,3.955786943435669,5.570000171661377,0.0,5.579999923706055,5.539999961853027,5.539999961853027,0.0,120815069
2019-07-19,3.9770925045013428,5.599999904632568,0.0,5.610000133514404,5.559999942779541,5.579999923706055,0.0,118948818
2019-07-22,4.005500316619873,5.639999866485596,0.0,5.650000095367432,5.590000152587891,5.590000152587891,0.0,160454821
2019-07-23,4.019704341888428,5.659999847412109,0.0,5.659999847412109,5.610000133514404,5.630000114440918,0.0,121051176
2019-07-24,4.041011333465576,5.690000057220459,0.0,5.699999809265137,5.650000095367432,5.659999847412109,0.0,170176204
2019-07-25,4.041011333465576,5.690000057220459,0.0,5.690000057220459,5.659999847412109,5.690000057220459,0.0,116424704
2019-07-26,4.041011333465576,5.690000057220459,0.0,5.699999809265137,5.659999847412109,5.670000076293945,0.0,113075070
2019-07-29,4.012603282928467,5.650000095367432,0.0,5.690000057220459,5.639999866485596,5.690000057220459,0.0,153249776
2019-07-30,4.019704341888428,5.659999847412109,0.0,5.679999828338623,5.639999866485596,5.670000076293945,0.0,134097379
2019-07-31,4.005500316619873,5.639999866485596,0.0,5.659999847412109,5.619999885559082,5.650000095367432,0.0,109315049
2019-08-01,3.984194755554199,5.610000133514404,0.0,5.639999866485596,5.599999904632568,5.619999885559082,0.0,104169149
2019-08-02,3.9486846923828125,5.559999942779541,0.0,5.590000152587891,5.5,5.559999942779541,0.0,163615534
2019-08-05,3.89186954498291,5.480000019073486,0.0,5.550000190734863,5.480000019073486,5.539999961853027,0.0,147319156
2019-08-06,3.842155694961548,5.409999847412109,0.0,5.440000057220459,5.400000095367432,5.429999828338623,0.0,174138385
2019-08-07,3.8279519081115723,5.389999866485596,0.0,5.440000057220459,5.380000114440918,5.429999828338623,0.0,112197485
2019-08-08,3.8563599586486816,5.429999828338623,0.0,5.449999809265137,5.389999866485596,5.409999847412109,0.0,130839572
2019-08-09,3.8776657581329346,5.460000038146973,0.0,5.489999771118164,5.429999828338623,5.440000057220459,0.0,150976836
2019-08-12,3.9131758213043213,5.510000228881836,0.0,5.53000020980835,5.449999809265137,5.460000038146973,0.0,113892666
2019-08-13,3.9131758213043213,5.510000228881836,0.0,5.53000020980835,5.480000019073486,5.489999771118164,0.0,100888918
2019-08-14,3.9273788928985596,5.53000020980835,0.0,5.559999942779541,5.53000020980835,5.539999961853027,0.0,107570283
2019-08-15,3.9486846923828125,5.559999942779541,0.0,5.559999942779541,5.460000038146973,5.480000019073486,0.0,102408453
2019-08-16,3.9060733318328857,5.5,0.0,5.559999942779541,5.5,5.559999942779541,0.0,115292763
2019-08-19,3.884767770767212,5.46999979019165,0.0,5.5,5.380000114440918,5.46999979019165,0.0,330967957
2019-08-20,3.849257707595825,5.420000076293945,0.0,5.460000038146973,5.409999847412109,5.460000038146973,0.0,234932225
2019-08-21,3.8563599586486816,5.429999828338623,0.0,5.440000057220459,5.400000095367432,5.409999847412109,0.0,105821783
2019-08-22,3.8350539207458496,5.400000095367432,0.0,5.440000057220459,5.380000114440918,5.440000057220459,0.0,162179304
2019-08-23,3.849257707595825,5.420000076293945,0.0,5.429999828338623,5.380000114440918,5.400000095367432,0.0,126358267
2019-08-26,3.8208508491516113,5.380000114440918,0.0,5.400000095367432,5.360000133514404,5.360000133514404,0.0,139079415
2019-08-27,3.849257707595825,5.420000076293945,0.0,5.440000057220459,5.380000114440918,5.400000095367432,0.0,218947697
2019-08-28,3.8350539207458496,5.400000095367432,0.0,5.420000076293945,5.380000114440918,5.409999847412109,0.0,112578616
2019-08-29,3.849257707595825,5.420000076293945,0.0,5.420000076293945,5.380000114440918,5.389999866485596,0.0,128536586
2019-08-30,3.8279519081115723,5.389999866485596,0.0,5.440000057220459,5.380000114440918,5.440000057220459,0.0,152896391
2019-09-02,3.8279519081115723,5.389999866485596,0.0,5.420000076293945,5.380000114440918,5.400000095367432,0.0,189270769
2019-09-03,3.8350539207458496,5.400000095367432,0.0,5.400000095367432,5.369999885559082,5.380000114440918,0.0,123239749
2019-09-04,3.884767770767212,5.46999979019165,0.0,5.46999979019165,5.380000114440918,5.400000095367432,0.0,219854765
2019-09-05,3.9060733318328857,5.5,0.0,5.539999961853027,5.46999979019165,5.480000019073486,0.0,295946164
2019-09-06,3.9202775955200195,5.519999980926514,0.0,5.53000020980835,5.489999771118164,5.510000228881836,0.0,139879541
2019-09-09,3.9131758213043213,5.510000228881836,0.0,5.559999942779541,5.489999771118164,5.539999961853027,0.0,197991688
2019-09-10,3.9060733318328857,5.5,0.0,5.519999980926514,5.480000019073486,5.510000228881836,0.0,162130015
2019-09-11,3.9415838718414307,5.550000190734863,0.0,5.559999942779541,5.5,5.519999980926514,0.0,202682089
2019-09-12,3.955786943435669,5.570000171661377,0.0,5.570000171661377,5.53000020980835,5.550000190734863,0.0,132761719
2019-09-16,3.955786943435669,5.570000171661377,0.0,5.579999923706055,5.550000190734863,5.570000171661377,0.0,141443207
2019-09-17,3.9131758213043213,5.510000228881836,0.0,5.570000171661377,5.489999771118164,5.559999942779541,0.0,137255414
2019-09-18,3.9060733318328857,5.5,0.0,5.53000020980835,5.489999771118164,5.519999980926514,0.0,93277480
2019-09-19,3.9060733318328857,5.5,0.0,5.510000228881836,5.46999979019165,5.5,0.0,86523907
2019-09-20,3.9273788928985596,5.53000020980835,0.0,5.53000020980835,5.480000019073486,5.510000228881836,0.0,142258252
2019-09-23,3.89186954498291,5.480000019073486,0.0,5.519999980926514,5.449999809265137,5.510000228881836,0.0,152015934
2019-09-24,3.9060733318328857,5.5,0.0,5.519999980926514,5.46999979019165,5.480000019073486,0.0,101388591
2019-09-25,3.8989710807800293,5.489999771118164,0.0,5.519999980926514,5.46999979019165,5.489999771118164,0.0,99909055
2019-09-26,3.9415838718414307,5.550000190734863,0.0,5.559999942779541,5.5,5.510000228881836,0.0,211900305
2019-09-27,3.934481143951416,5.539999961853027,0.0,5.579999923706055,5.480000019073486,5.550000190734863,0.0,191022795
2019-09-30,3.9273788928985596,5.53000020980835,0.0,5.599999904632568,5.519999980926514,5.53000020980835,0.0,149903294
2019-10-08,3.9486846923828125,5.559999942779541,0.0,5.579999923706055,5.480000019073486,5.510000228881836,0.0,125317591
2019-10-09,3.9628891944885254,5.579999923706055,0.0,5.599999904632568,5.53000020980835,5.53000020980835,0.0,123120336
2019-10-10,3.955786943435669,5.570000171661377,0.0,5.579999923706055,5.550000190734863,5.579999923706055,0.0,76076742
2019-10-11,4.005500316619873,5.639999866485596,0.0,5.650000095367432,5.559999942779541,5.559999942779541,0.0,164320120
2019-10-14,4.062316417694092,5.71999979019165,0.0,5.769999980926514,5.650000095367432,5.650000095367432,0.0,219518046
2019-10-15,4.062316417694092,5.71999979019165,0.0,5.739999771118164,5.690000057220459,5.710000038146973,0.0,114343834
2019-10-16,4.062316417694092,5.71999979019165,0.0,5.789999961853027,5.670000076293945,5.75,0.0,141408181
2019-10-17,4.055213928222656,5.710000038146973,0.0,5.71999979019165,5.690000057220459,5.710000038146973,0.0,70660979
2019-10-18,4.026806831359863,5.670000076293945,0.0,5.760000228881836,5.659999847412109,5.71999979019165,0.0,126491558
2019-10-21,4.112030029296875,5.789999961853027,0.0,5.789999961853027,5.670000076293945,5.679999828338623,0.0,194104535
2019-10-22,4.1262335777282715,5.809999942779541,0.0,5.809999942779541,5.75,5.800000190734863,0.0,110765465
2019-10-23,4.168845176696777,5.869999885559082,0.0,5.889999866485596,5.78000020980835,5.789999961853027,0.0,163848710
2019-10-24,4.204355239868164,5.920000076293945,0.0,6.010000228881836,5.860000133514404,5.869999885559082,0.0,223028700
2019-10-25,4.246967315673828,5.980000019073486,0.0,5.989999771118164,5.840000152587891,5.909999847412109,0.0,176653086
2019-10-28,4.211456775665283,5.929999828338623,0.0,6.019999980926514,5.909999847412109,6.0,0.0,170705243
2019-10-29,4.197253227233887,5.909999847412109,0.0,5.96999979019165,5.880000114440918,5.929999828338623,0.0,119801494
2019-10-30,4.225660800933838,5.949999809265137,0.0,5.980000019073486,5.900000095367432,5.920000076293945,0.0,123356913
2019-10-31,4.197253227233887,5.909999847412109,0.0,5.96999979019165,5.869999885559082,5.96999979019165,0.0,96932643
2019-11-01,4.218559265136719,5.940000057220459,0.0,5.96999979019165,5.820000171661377,5.900000095367432,0.0,133179414
2019-11-04,4.190151691436768,5.900000095367432,0.0,5.96999979019165,5.900000095367432,5.940000057220459,0.0,112164213
2019-11-05,4.204355239868164,5.920000076293945,0.0,6.0,5.889999866485596,5.909999847412109,0.0,202185218
2019-11-06,4.246967315673828,5.980000019073486,0.0,6.0,5.900000095367432,5.909999847412109,0.0,156620423
2019-11-07,4.225660800933838,5.949999809265137,0.0,5.989999771118164,5.929999828338623,5.980000019073486,0.0,110257031
2019-11-08,4.168845176696777,5.869999885559082,0.0,5.989999771118164,5.860000133514404,5.980000019073486,0.0,170420398
2019-11-11,4.09782600402832,5.769999980926514,0.0,5.849999904632568,5.75,5.840000152587891,0.0,135637022
2019-11-12,4.119132041931152,5.800000190734863,0.0,5.820000171661377,5.75,5.769999980926514,0.0,87512554
2019-11-13,4.09782600402832,5.769999980926514,0.0,5.820000171661377,5.739999771118164,5.789999961853027,0.0,105824566
2019-11-14,4.083621978759766,5.75,0.0,5.800000190734863,5.739999771118164,5.769999980926514,0.0,78018538
2019-11-15,4.112030029296875,5.789999961853027,0.0,5.809999942779541,5.75,5.760000228881836,0.0,93017906
2019-11-18,4.133336544036865,5.820000171661377,0.0,5.820000171661377,5.760000228881836,5.78000020980835,0.0,83883782
2019-11-19,4.154642105102539,5.849999904632568,0.0,5.849999904632568,5.800000190734863,5.809999942779541,0.0,101075835
2019-11-20,4.119132041931152,5.800000190734863,0.0,5.849999904632568,5.789999961853027,5.829999923706055,0.0,70773995
2019-11-21,4.069417953491211,5.730000019073486,0.0,5.78000020980835,5.710000038146973,5.769999980926514,0.0,142098283
2019-11-22,4.055213928222656,5.710000038146973,0.0,5.75,5.710000038146973,5.730000019073486,0.0,111508737
2019-11-25,4.140437126159668,5.829999923706055,0.0,5.849999904632568,5.71999979019165,5.71999979019165,0.0,191630520
2019-11-26,4.154642105102539,5.849999904632568,0.0,5.889999866485596,5.829999923706055,5.849999904632568,0.0,153679230
2019-11-27,4.175947666168213,5.880000114440918,0.0,5.889999866485596,5.829999923706055,5.860000133514404,0.0,86381862
2019-11-28,4.147540092468262,5.840000152587891,0.0,5.880000114440918,5.820000171661377,5.869999885559082,0.0,75497665
2019-11-29,4.112030029296875,5.789999961853027,0.0,5.880000114440918,5.789999961853027,5.820000171661377,0.0,103218913
2019-12-02,4.1262335777282715,5.809999942779541,0.0,5.829999923706055,5.800000190734863,5.800000190734863,0.0,85003834
2019-12-03,4.112030029296875,5.789999961853027,0.0,5.820000171661377,5.760000228881836,5.800000190734863,0.0,74795477
2019-12-04,4.090724468231201,5.760000228881836,0.0,5.789999961853027,5.739999771118164,5.789999961853027,0.0,92944879
2019-12-05,4.09782600402832,5.769999980926514,0.0,5.800000190734863,5.75,5.78000020980835,0.0,77932095
2019-12-06,4.0765204429626465,5.739999771118164,0.0,5.789999961853027,5.71999979019165,5.769999980926514,0.0,107181545
2019-12-09,4.0765204429626465,5.739999771118164,0.0,5.760000228881836,5.699999809265137,5.739999771118164,0.0,110498201
2019-12-10,4.055213928222656,5.710000038146973,0.0,5.730000019073486,5.690000057220459,5.730000019073486,0.0,97330965
2019-12-11,4.083621978759766,5.75,0.0,5.75,5.690000057220459,5.710000038146973,0.0,111386854
2019-12-12,4.0765204429626465,5.739999771118164,0.0,5.760000228881836,5.71999979019165,5.75,0.0,90960565
2019-12-13,4.133336544036865,5.820000171661377,0.0,5.820000171661377,5.75,5.78000020980835,0.0,149433687
2019-12-16,4.104928970336914,5.78000020980835,0.0,5.809999942779541,5.760000228881836,5.809999942779541,0.0,141157862
2019-12-17,4.147540092468262,5.840000152587891,0.0,5.880000114440918,5.75,5.789999961853027,0.0,238492711
2019-12-18,4.168845176696777,5.869999885559082,0.0,5.920000076293945,5.820000171661377,5.829999923706055,0.0,184446706
2019-12-19,4.211456775665283,5.929999828338623,0.0,5.949999809265137,5.869999885559082,5.869999885559082,0.0,163534119
2019-12-20,4.218559265136719,5.940000057220459,0.0,5.949999809265137,5.889999866485596,5.920000076293945,0.0,120161786
2019-12-23,4.175947666168213,5.880000114440918,0.0,5.929999828338623,5.860000133514404,5.929999828338623,0.0,119138984
2019-12-24,4.161744117736816,5.860000133514404,0.0,5.880000114440918,5.840000152587891,5.860000133514404,0.0,68218761
2019-12-25,4.140437126159668,5.829999923706055,0.0,5.869999885559082,5.829999923706055,5.860000133514404,0.0,78147848
2019-12-26,4.161744117736816,5.860000133514404,0.0,5.869999885559082,5.820000171661377,5.849999904632568,0.0,89514469
2019-12-27,4.190151691436768,5.900000095367432,0.0,5.940000057220459,5.849999904632568,5.849999904632568,0.0,130319442
2019-12-30,4.18304967880249,5.889999866485596,0.0,5.889999866485596,5.809999942779541,5.880000114440918,0.0,210666499
2019-12-31,4.175947666168213,5.880000114440918,0.0,5.909999847412109,5.840000152587891,5.869999885559082,0.0,140055936
2020-01-02,4.239865303039551,5.96999979019165,0.0,6.03000020980835,5.909999847412109,5.929999828338623,0.0,234949397
2020-01-03,4.2540693283081055,5.989999771118164,0.0,6.019999980926514,5.960000038146973,5.96999979019165,0.0,152213047
2020-01-06,4.239865303039551,5.96999979019165,0.0,6.050000190734863,5.949999809265137,5.960000038146973,0.0,226509705
2020-01-07,4.26827335357666,6.010000228881836,0.0,6.039999961853027,5.980000019073486,5.980000019073486,0.0,116804353
2020-01-08,4.197253227233887,5.909999847412109,0.0,5.909999847412109,5.909999847412109,5.909999847412109,0.0,158559090
2020-01-09,4.197253227233887,5.909999847412109,0.0,5.960000038146973,5.880000114440918,5.949999809265137,0.0,137713429
2020-01-10,4.197253227233887,5.909999847412109,0.0,5.929999828338623,5.860000133514404,5.909999847412109,0.0,97837773
2020-01-13,4.211456775665283,5.929999828338623,0.0,5.929999828338623,5.929999828338623,5.929999828338623,0.0,108991003
2020-01-14,4.218559265136719,5.940000057220459,0.0,5.940000057220459,5.940000057220459,5.940000057220459,0.0,136770059
2020-01-15,4.175947666168213,5.880000114440918,0.0,5.940000057220459,5.869999885559082,5.929999828338623,0.0,128890756
2020-01-16,4.119132041931152,5.800000190734863,0.0,5.889999866485596,5.789999961853027,5.869999885559082,0.0,269031351
2020-01-17,4.133336544036865,5.820000171661377,0.0,5.840000152587891,5.800000190734863,5.820000171661377,0.0,103949027
2020-01-20,4.147540092468262,5.840000152587891,0.0,5.860000133514404,5.800000190734863,5.809999942779541,0.0,103339962
2020-01-21,4.09782600402832,5.769999980926514,0.0,5.829999923706055,5.760000228881836,5.820000171661377,0.0,143223669
2020-01-22,4.112030029296875,5.789999961853027,0.0,5.789999961853027,5.710000038146973,5.760000228881836,0.0,128370788
2020-01-23,4.062316417694092,5.71999979019165,0.0,5.78000020980835,5.699999809265137,5.760000228881836,0.0,200037655
2020-02-03,3.849257707595825,5.420000076293945,0.0,5.579999923706055,5.300000190734863,5.300000190734863,0.0,468039902
2020-02-04,3.9060733318328857,5.5,0.0,5.53000020980835,5.369999885559082,5.389999866485596,0.0,401385261
2020-02-05,3.8989710807800293,5.489999771118164,0.0,5.519999980926514,5.420000076293945,5.489999771118164,0.0,250853805
2020-02-06,3.9060733318328857,5.5,0.0,5.53000020980835,5.440000057220459,5.5,0.0,280995429
2020-02-07,3.863461494445801,5.440000057220459,0.0,5.46999979019165,5.400000095367432,5.46999979019165,0.0,237318996
2020-02-10,3.849257707595825,5.420000076293945,0.0,5.429999828338623,5.380000114440918,5.409999847412109,0.0,190238633
2020-02-11,3.8776657581329346,5.460000038146973,0.0,5.46999979019165,5.409999847412109,5.429999828338623,0.0,198498450
2020-02-12,3.8776657581329346,5.460000038146973,0.0,5.46999979019165,5.420000076293945,5.460000038146973,0.0,203914433
2020-02-13,3.842155694961548,5.409999847412109,0.0,5.449999809265137,5.400000095367432,5.449999809265137,0.0,199565762
2020-02-14,3.8563599586486816,5.429999828338623,0.0,5.440000057220459,5.389999866485596,5.409999847412109,0.0,141576448
2020-02-17,3.8989710807800293,5.489999771118164,0.0,5.489999771118164,5.409999847412109,5.420000076293945,0.0,214194906
2020-02-18,3.8776657581329346,5.460000038146973,0.0,5.480000019073486,5.440000057220459,5.46999979019165,0.0,184542440
2020-02-19,3.89186954498291,5.480000019073486,0.0,5.5,5.449999809265137,5.449999809265137,0.0,204052382
2020-02-20,3.9131758213043213,5.510000228881836,0.0,5.519999980926514,5.440000057220459,5.480000019073486,0.0,283668091
2020-02-21,3.8989710807800293,5.489999771118164,0.0,5.519999980926514,5.46999979019165,5.489999771118164,0.0,222201293
2020-02-24,3.863461494445801,5.440000057220459,0.0,5.489999771118164,5.429999828338623,5.480000019073486,0.0,193329190
2020-02-25,3.842155694961548,5.409999847412109,0.0,5.420000076293945,5.389999866485596,5.400000095367432,0.0,230133275
2020-02-26,3.842155694961548,5.409999847412109,0.0,5.440000057220459,5.360000133514404,5.380000114440918,0.0,257968813
2020-02-27,3.8350539207458496,5.400000095367432,0.0,5.420000076293945,5.389999866485596,5.400000095367432,0.0,222555623
2020-02-28,3.7640340328216553,5.300000190734863,0.0,5.380000114440918,5.28000020980835,5.369999885559082,0.0,422937146
2020-03-02,3.8066465854644775,5.360000133514404,0.0,5.360000133514404,5.289999961853027,5.300000190734863,0.0,239902317
2020-03-03,3.8208508491516113,5.380000114440918,0.0,5.400000095367432,5.349999904632568,5.369999885559082,0.0,255403193
2020-03-04,3.8279519081115723,5.389999866485596,0.0,5.389999866485596,5.360000133514404,5.369999885559082,0.0,134281589
2020-03-05,3.8776657581329346,5.460000038146973,0.0,5.460000038146973,5.380000114440918,5.400000095367432,0.0,326766055
2020-03-06,3.842155694961548,5.409999847412109,0.0,5.429999828338623,5.389999866485596,5.420000076293945,0.0,195949873
2020-03-09,3.7711362838745117,5.309999942779541,0.0,5.349999904632568,5.300000190734863,5.340000152587891,0.0,288062025
2020-03-10,3.8066465854644775,5.360000133514404,0.0,5.369999885559082,5.289999961853027,5.289999961853027,0.0,250820767
2020-03-11,3.778238296508789,5.320000171661377,0.0,5.369999885559082,5.320000171661377,5.349999904632568,0.0,169406955
2020-03-12,3.756932020187378,5.289999961853027,0.0,5.320000171661377,5.269999980926514,5.300000190734863,0.0,246296488
2020-03-13,3.7072184085845947,5.21999979019165,0.0,5.269999980926514,5.130000114440918,5.159999847412109,0.0,299724107
2020-03-16,3.6717092990875244,5.170000076293945,0.0,5.289999961853027,5.139999866485596,5.21999979019165,0.0,304466305
2020-03-17,3.6717092990875244,5.170000076293945,0.0,5.230000019073486,5.119999885559082,5.159999847412109,0.0,257712932
2020-03-18,3.6290974617004395,5.110000133514404,0.0,5.199999809265137,5.110000133514404,5.179999828338623,0.0,202506811
2020-03-19,3.5438730716705322,4.989999771118164,0.0,5.119999885559082,4.929999828338623,5.110000133514404,0.0,289884968
2020-03-20,3.6077916622161865,5.079999923706055,0.0,5.110000133514404,5.0,5.019999980926514,0.0,212513611
2020-03-23,3.5438730716705322,4.989999771118164,0.0,5.03000020980835,4.980000019073486,5.0,0.0,139989311
2020-03-24,3.636199474334717,5.119999885559082,0.0,5.119999885559082,5.019999980926514,5.019999980926514,0.0,226563906
2020-03-25,3.6788108348846436,5.179999828338623,0.0,5.179999828338623,5.099999904632568,5.170000076293945,0.0,232178619
2020-03-26,3.6788108348846436,5.179999828338623,0.0,5.21999979019165,5.110000133514404,5.130000114440918,0.0,155612848
2020-03-27,3.7001168727874756,5.210000038146973,0.0,5.25,5.179999828338623,5.210000038146973,0.0,172736492
2020-03-30,3.7072184085845947,5.21999979019165,0.0,5.239999771118164,5.150000095367432,5.179999828338623,0.0,195388477
2020-03-31,3.657505512237549,5.150000095367432,0.0,5.239999771118164,5.119999885559082,5.230000019073486,0.0,176103197
2020-04-01,3.664607524871826,5.159999847412109,0.0,5.190000057220459,5.130000114440918,5.150000095367432,0.0,101858447
2020-04-02,3.685912609100342,5.190000057220459,0.0,5.190000057220459,5.110000133514404,5.139999866485596,0.0,122885637
2020-04-03,3.650402784347534,5.139999866485596,0.0,5.179999828338623,5.119999885559082,5.159999847412109,0.0,109604624
2020-04-07,3.664607524871826,5.159999847412109,0.0,5.190000057220459,5.130000114440918,5.179999828338623,0.0,170301628
2020-04-08,3.650402784347534,5.139999866485596,0.0,5.150000095367432,5.119999885559082,5.139999866485596,0.0,103474315
2020-04-09,3.643301486968994,5.130000114440918,0.0,5.150000095367432,5.119999885559082,5.139999866485596,0.0,73582092
2020-04-10,3.6290974617004395,5.110000133514404,0.0,5.139999866485596,5.099999904632568,5.130000114440918,0.0,97806890
2020-04-13,3.621995210647583,5.099999904632568,0.0,5.130000114440918,5.090000152587891,5.099999904632568,0.0,85508709
2020-04-14,3.636199474334717,5.119999885559082,0.0,5.130000114440918,5.099999904632568,5.110000133514404,0.0,88321771
2020-04-15,3.643301486968994,5.130000114440918,0.0,5.130000114440918,5.099999904632568,5.110000133514404,0.0,94603541
2020-04-16,3.636199474334717,5.119999885559082,0.0,5.130000114440918,5.099999904632568,5.110000133514404,0.0,70063172
2020-04-17,3.657505512237549,5.150000095367432,0.0,5.170000076293945,5.110000133514404,5.130000114440918,0.0,138244872
2020-04-20,3.636199474334717,5.119999885559082,0.0,5.150000095367432,5.119999885559082,5.139999866485596,0.0,103808722
2020-04-21,3.6077916622161865,5.079999923706055,0.0,5.119999885559082,5.070000171661377,5.110000133514404,0.0,117604888
2020-04-22,3.614893674850464,5.090000152587891,0.0,5.099999904632568,5.050000190734863,5.070000171661377,0.0,87658356
2020-04-23,3.60068941116333,5.070000171661377,0.0,5.090000152587891,5.050000190734863,5.079999923706055,0.0,103342243
2020-04-24,3.5864858627319336,5.050000190734863,0.0,5.070000171661377,5.039999961853027,5.059999942779541,0.0,68795221
2020-04-27,3.614893674850464,5.090000152587891,0.0,5.110000133514404,5.050000190734863,5.059999942779541,0.0,117299682
2020-04-28,3.6290974617004395,5.110000133514404,0.0,5.119999885559082,5.039999961853027,5.090000152587891,0.0,150513612
2020-04-29,3.657505512237549,5.150000095367432,0.0,5.150000095367432,5.079999923706055,5.099999904632568,0.0,121079635
2020-04-30,3.6717092990875244,5.170000076293945,0.0,5.179999828338623,5.139999866485596,5.150000095367432,0.0,104063910
2020-05-06,3.6290974617004395,5.110000133514404,0.0,5.119999885559082,5.079999923706055,5.119999885559082,0.0,162061217
2020-05-07,3.621995210647583,5.099999904632568,0.0,5.110000133514404,5.090000152587891,5.099999904632568,0.0,78898187
2020-05-08,3.621995210647583,5.099999904632568,0.0,5.119999885559082,5.090000152587891,5.099999904632568,0.0,114827797
2020-05-11,3.650402784347534,5.139999866485596,0.0,5.139999866485596,5.099999904632568,5.110000133514404,0.0,113051885
2020-05-12,3.643301486968994,5.130000114440918,0.0,5.150000095367432,5.110000133514404,5.130000114440918,0.0,101632081
2020-05-13,3.643301486968994,5.130000114440918,0.0,5.130000114440918,5.110000133514404,5.119999885559082,0.0,55628021
2020-05-14,3.621995210647583,5.099999904632568,0.0,5.130000114440918,5.090000152587891,5.119999885559082,0.0,81152500
2020-05-15,3.614893674850464,5.090000152587891,0.0,5.119999885559082,5.079999923706055,5.099999904632568,0.0,95906130
2020-05-18,3.621995210647583,5.099999904632568,0.0,5.099999904632568,5.070000171661377,5.090000152587891,0.0,93617881
2020-05-19,3.636199474334717,5.119999885559082,0.0,5.130000114440918,5.099999904632568,5.119999885559082,0.0,136180096
2020-05-20,3.636199474334717,5.119999885559082,0.0,5.119999885559082,5.099999904632568,5.110000133514404,0.0,86764868
2020-05-21,3.621995210647583,5.099999904632568,0.0,5.130000114440918,5.099999904632568,5.119999885559082,0.0,81003105
2020-05-22,3.5864858627319336,5.050000190734863,0.0,5.110000133514404,5.050000190734863,5.099999904632568,0.0,143377084
2020-05-25,3.614893674850464,5.090000152587891,0.0,5.099999904632568,5.039999961853027,5.059999942779541,0.0,105506493
2020-05-26,3.6077916622161865,5.079999923706055,0.0,5.110000133514404,5.079999923706055,5.099999904632568,0.0,92522125
2020-05-27,3.636199474334717,5.119999885559082,0.0,5.130000114440918,5.079999923706055,5.079999923706055,0.0,119594005
2020-05-28,3.6717092990875244,5.170000076293945,0.0,5.179999828338623,5.119999885559082,5.119999885559082,0.0,145728739
2020-05-29,3.636199474334717,5.119999885559082,0.0,5.150000095367432,5.099999904632568,5.139999866485596,0.0,119660911
2020-06-01,3.664607524871826,5.159999847412109,0.0,5.159999847412109,5.119999885559082,5.130000114440918,0.0,105007887
2020-06-02,3.685912609100342,5.190000057220459,0.0,5.190000057220459,5.130000114440918,5.150000095367432,0.0,152829199
2020-06-03,3.685912609100342,5.190000057220459,0.0,5.239999771118164,5.179999828338623,5.199999809265137,0.0,134546779
2020-06-04,3.6788108348846436,5.179999828338623,0.0,5.210000038146973,5.170000076293945,5.199999809265137,0.0,76394115
2020-06-05,3.7001168727874756,5.210000038146973,0.0,5.21999979019165,5.159999847412109,5.190000057220459,0.0,109865757
2020-06-08,3.7214231491088867,5.239999771118164,0.0,5.260000228881836,5.199999809265137,5.21999979019165,0.0,170929414
2020-06-09,3.735626220703125,5.260000228881836,0.0,5.28000020980835,5.230000019073486,5.239999771118164,0.0,117261021
2020-06-10,3.7427282333374023,5.269999980926514,0.0,5.28000020980835,5.25,5.269999980926514,0.0,130116167
2020-06-11,3.7427282333374023,5.269999980926514,0.0,5.300000190734863,5.239999771118164,5.269999980926514,0.0,201954547
2020-06-12,3.7072184085845947,5.21999979019165,0.0,5.320000171661377,5.199999809265137,5.230000019073486,0.0,379726025
2020-06-15,3.7214231491088867,5.239999771118164,0.0,5.309999942779541,5.230000019073486,5.239999771118164,0.0,216077601
2020-06-16,3.7640340328216553,5.300000190734863,0.0,5.309999942779541,5.260000228881836,5.269999980926514,0.0,123037983
2020-06-17,3.735626220703125,5.260000228881836,0.0,5.300000190734863,5.25,5.28000020980835,0.0,87984468
2020-06-18,3.685912609100342,5.190000057220459,0.0,5.21999979019165,5.159999847412109,5.210000038146973,0.0,210965506
2020-06-19,3.6930148601531982,5.199999809265137,0.0,5.210000038146973,5.150000095367432,5.179999828338623,0.0,173636988
2020-06-22,3.664607524871826,5.159999847412109,0.0,5.21999979019165,5.159999847412109,5.199999809265137,0.0,156983957
2020-06-23,3.650402784347534,5.139999866485596,0.0,5.159999847412109,5.119999885559082,5.159999847412109,0.0,179893542
2020-06-24,3.7072184085845947,5.21999979019165,0.0,5.239999771118164,5.139999866485596,5.150000095367432,0.0,194172776
2020-06-29,3.728524923324585,5.25,0.0,5.309999942779541,5.199999809265137,5.28000020980835,0.0,300096304
2020-06-30,3.7231414318084717,4.980000019073486,0.2628,5.03000020980835,4.960000038146973,5.0,0.0,213559908
2020-07-01,3.7306172847747803,4.989999771118164,0.0,4.989999771118164,4.920000076293945,4.980000019073486,0.0,195342430
2020-07-02,3.782951593399048,5.059999942779541,0.0,5.070000171661377,4.960000038146973,4.980000019073486,0.0,333639508
2020-07-03,3.8577136993408203,5.159999847412109,0.0,5.179999828338623,5.059999942779541,5.059999942779541,0.0,349460778
2020-07-06,4.186665058135986,5.599999904632568,0.0,5.610000133514404,5.190000057220459,5.199999809265137,0.0,746359638
2020-07-07,4.1567606925964355,5.559999942779541,0.0,5.849999904632568,5.559999942779541,5.670000076293945,0.0,622456480
2020-07-08,4.089475631713867,5.46999979019165,0.0,5.590000152587891,5.380000114440918,5.519999980926514,0.0,613051056
2020-07-09,4.022190093994141,5.380000114440918,0.0,5.449999809265137,5.349999904632568,5.429999828338623,0.0,569342048
2020-07-10,3.9025700092315674,5.21999979019165,0.0,5.369999885559082,5.199999809265137,5.360000133514404,0.0,626079327
2020-07-13,3.895094156265259,5.210000038146973,0.0,5.25,5.159999847412109,5.199999809265137,0.0,608928410
2020-07-14,3.8427605628967285,5.139999866485596,0.0,5.199999809265137,5.130000114440918,5.190000057220459,0.0,463922050
2020-07-15,3.7979040145874023,5.079999923706055,0.0,5.179999828338623,5.070000171661377,5.159999847412109,0.0,461149414
2020-07-16,3.782951593399048,5.059999942779541,0.0,5.130000114440918,5.050000190734863,5.079999923706055,0.0,492285809
2020-07-17,3.782951593399048,5.059999942779541,0.0,5.079999923706055,5.03000020980835,5.059999942779541,0.0,297529798
2020-07-20,3.83528470993042,5.130000114440918,0.0,5.139999866485596,5.050000190734863,5.070000171661377,0.0,386592363
2020-07-21,3.8128559589385986,5.099999904632568,0.0,5.130000114440918,5.090000152587891,5.130000114440918,0.0,226253759
2020-07-22,3.80538010597229,5.090000152587891,0.0,5.139999866485596,5.070000171661377,5.099999904632568,0.0,292661107
2020-07-23,3.7605228424072266,5.03000020980835,0.0,5.079999923706055,5.019999980926514,5.070000171661377,0.0,371484863
2020-07-24,3.7231414318084717,4.980000019073486,0.0,5.03000020980835,4.960000038146973,5.03000020980835,0.0,363761006
2020-07-27,3.715665817260742,4.96999979019165,0.0,5.0,4.949999809265137,4.980000019073486,0.0,217634490
2020-07-28,3.7231414318084717,4.980000019073486,0.0,5.0,4.960000038146973,4.989999771118164,0.0,174844591
2020-07-29,3.7530465126037598,5.019999980926514,0.0,5.019999980926514,4.929999828338623,4.96999979019165,0.0,275856664
2020-07-30,3.7231414318084717,4.980000019073486,0.0,5.019999980926514,4.980000019073486,5.019999980926514,0.0,153782861
2020-07-31,3.7081899642944336,4.960000038146973,0.0,5.010000228881836,4.949999809265137,4.96999979019165,0.0,254967287
2020-08-03,3.7231414318084717,4.980000019073486,0.0,5.0,4.960000038146973,4.980000019073486,0.0,244686781
2020-08-04,3.7754757404327393,5.050000190734863,0.0,5.070000171661377,4.96999979019165,4.989999771118164,0.0,401220469
2020-08-05,3.7380940914154053,5.0,0.0,5.03000020980835,4.989999771118164,5.019999980926514,0.0,205232006
2020-08-06,3.7530465126037598,5.019999980926514,0.0,5.03000020980835,4.980000019073486,5.010000228881836,0.0,209927052
2020-08-07,3.7231414318084717,4.980000019073486,0.0,5.010000228881836,4.96999979019165,5.010000228881836,0.0,192143281
2020-08-10,3.7306172847747803,4.989999771118164,0.0,5.0,4.960000038146973,4.96999979019165,0.0,200986917
2020-08-11,3.7231414318084717,4.980000019073486,0.0,5.019999980926514,4.96999979019165,4.980000019073486,0.0,276724552
2020-08-12,3.7306172847747803,4.989999771118164,0.0,4.989999771118164,4.960000038146973,4.96999979019165,0.0,225612404
2020-08-13,3.7231414318084717,4.980000019073486,0.0,5.0,4.96999979019165,4.980000019073486,0.0,116382932
2020-08-14,3.7530465126037598,5.019999980926514,0.0,5.019999980926514,4.96999979019165,4.980000019073486,0.0,208584453
2020-08-17,3.80538010597229,5.090000152587891,0.0,5.110000133514404,5.019999980926514,5.019999980926514,0.0,548693326
2020-08-18,3.7754757404327393,5.050000190734863,0.0,5.090000152587891,5.039999961853027,5.090000152587891,0.0,237195504
2020-08-19,3.7605228424072266,5.03000020980835,0.0,5.070000171661377,5.03000020980835,5.059999942779541,0.0,163005140
2020-08-20,3.7380940914154053,5.0,0.0,5.03000020980835,4.989999771118164,5.019999980926514,0.0,164245323
2020-08-21,3.7455708980560303,5.010000228881836,0.0,5.019999980926514,4.989999771118164,5.010000228881836,0.0,126975683
2020-08-24,3.7306172847747803,4.989999771118164,0.0,5.019999980926514,4.989999771118164,5.010000228881836,0.0,120078607
2020-08-25,3.7380940914154053,5.0,0.0,5.010000228881836,4.980000019073486,5.0,0.0,154898745
2020-08-26,3.7231414318084717,4.980000019073486,0.0,5.0,4.96999979019165,5.0,0.0,151462246
2020-08-27,3.715665817260742,4.96999979019165,0.0,4.980000019073486,4.960000038146973,4.96999979019165,0.0,141665658
2020-08-28,3.7380940914154053,5.0,0.0,5.010000228881836,4.960000038146973,4.960000038146973,0.0,210367849
2020-08-31,3.7081899642944336,4.960000038146973,0.0,5.010000228881836,4.960000038146973,4.989999771118164,0.0,257149738
2020-09-01,3.7081899642944336,4.960000038146973,0.0,4.96999979019165,4.940000057220459,4.960000038146973,0.0,156648375
2020-09-02,3.6782851219177246,4.920000076293945,0.0,4.960000038146973,4.920000076293945,4.960000038146973,0.0,272900852
2020-09-03,3.6708083152770996,4.909999847412109,0.0,4.940000057220459,4.889999866485596,4.929999828338623,0.0,183967179
2020-09-04,3.66333270072937,4.900000095367432,0.0,4.909999847412109,4.880000114440918,4.889999866485596,0.0,140939398
2020-09-07,3.66333270072937,4.900000095367432,0.0,4.920000076293945,4.880000114440918,4.889999866485596,0.0,152562738
2020-09-08,3.7007133960723877,4.949999809265137,0.0,4.960000038146973,4.889999866485596,4.900000095367432,0.0,197704582
2020-09-09,3.6932373046875,4.940000057220459,0.0,4.949999809265137,4.920000076293945,4.929999828338623,0.0,161334069
2020-09-10,3.6708083152770996,4.909999847412109,0.0,4.949999809265137,4.900000095367432,4.940000057220459,0.0,144437836
2020-09-11,3.6857612133026123,4.929999828338623,0.0,4.949999809265137,4.900000095367432,4.900000095367432,0.0,149430213
2020-09-14,3.6857612133026123,4.929999828338623,0.0,4.940000057220459,4.909999847412109,4.929999828338623,0.0,102757121
2020-09-15,3.6782851219177246,4.920000076293945,0.0,4.929999828338623,4.909999847412109,4.920000076293945,0.0,82808103
2020-09-16,3.6932373046875,4.940000057220459,0.0,4.940000057220459,4.900000095367432,4.920000076293945,0.0,107615627
2020-09-17,3.6932373046875,4.940000057220459,0.0,4.949999809265137,4.920000076293945,4.940000057220459,0.0,120886368
2020-09-18,3.7231414318084717,4.980000019073486,0.0,4.980000019073486,4.929999828338623,4.949999809265137,0.0,260734428
2020-09-21,3.7081899642944336,4.960000038146973,0.0,4.989999771118164,4.940000057220459,4.96999979019165,0.0,121766522
2020-09-22,3.6857612133026123,4.929999828338623,0.0,4.960000038146973,4.920000076293945,4.949999809265137,0.0,109705020
2020-09-23,3.6782851219177246,4.920000076293945,0.0,4.940000057220459,4.909999847412109,4.929999828338623,0.0,100583616
2020-09-24,3.66333270072937,4.900000095367432,0.0,4.920000076293945,4.880000114440918,4.909999847412109,0.0,126596512
2020-09-25,3.6558563709259033,4.889999866485596,0.0,4.909999847412109,4.880000114440918,4.900000095367432,0.0,108001750
2020-09-28,3.6932373046875,4.940000057220459,0.0,4.940000057220459,4.880000114440918,4.900000095367432,0.0,163464701
2020-09-29,3.6708083152770996,4.909999847412109,0.0,4.949999809265137,4.909999847412109,4.929999828338623,0.0,115613449
2020-09-30,3.6782851219177246,4.920000076293945,0.0,4.949999809265137,4.909999847412109,4.920000076293945,0.0,151234271
2020-10-09,3.6708083152770996,4.909999847412109,0.0,4.940000057220459,4.909999847412109,4.940000057220459,0.0,126605222
2020-10-12,3.7081899642944336,4.960000038146973,0.0,4.96999979019165,4.909999847412109,4.920000076293945,0.0,252543847
2020-10-13,3.6782851219177246,4.920000076293945,0.0,4.960000038146973,4.909999847412109,4.949999809265137,0.0,166735379
2020-10-14,3.6782851219177246,4.920000076293945,0.0,4.929999828338623,4.909999847412109,4.920000076293945,0.0,139071928
2020-10-15,3.6857612133026123,4.929999828338623,0.0,4.949999809265137,4.900000095367432,4.920000076293945,0.0,201150932
2020-10-16,3.7306172847747803,4.989999771118164,0.0,5.019999980926514,4.920000076293945,4.920000076293945,0.0,500955753
2020-10-19,3.7530465126037598,5.019999980926514,0.0,5.079999923706055,4.980000019073486,4.989999771118164,0.0,345816276
2020-10-20,3.7231414318084717,4.980000019073486,0.0,5.010000228881836,4.949999809265137,5.010000228881836,0.0,240689629
2020-10-21,3.7754757404327393,5.050000190734863,0.0,5.070000171661377,4.949999809265137,4.980000019073486,0.0,325876182
2020-10-22,3.782951593399048,5.059999942779541,0.0,5.070000171661377,5.019999980926514,5.050000190734863,0.0,191063454
2020-10-23,3.782951593399048,5.059999942779541,0.0,5.079999923706055,5.03000020980835,5.050000190734863,0.0,235615563
2020-10-26,3.7530465126037598,5.019999980926514,0.0,5.070000171661377,5.010000228881836,5.059999942779541,0.0,179783563
2020-10-27,3.7605228424072266,5.03000020980835,0.0,5.039999961853027,5.0,5.010000228881836,0.0,159795896
2020-10-28,3.7380940914154053,5.0,0.0,5.03000020980835,4.980000019073486,5.019999980926514,0.0,182063873
2020-10-29,3.7081899642944336,4.960000038146973,0.0,4.980000019073486,4.949999809265137,4.96999979019165,0.0,167446150
2020-10-30,3.6782851219177246,4.920000076293945,0.0,4.980000019073486,4.909999847412109,4.960000038146973,0.0,210764327
2020-11-02,3.6932373046875,4.940000057220459,0.0,4.949999809265137,4.909999847412109,4.920000076293945,0.0,155871144
2020-11-03,3.7007133960723877,4.949999809265137,0.0,4.980000019073486,4.940000057220459,4.949999809265137,0.0,135357406
2020-11-04,3.7007133960723877,4.949999809265137,0.0,4.980000019073486,4.929999828338623,4.96999979019165,0.0,146498496
2020-11-05,3.7007133960723877,4.949999809265137,0.0,4.989999771118164,4.940000057220459,4.96999979019165,0.0,161122675
2020-11-06,3.7081899642944336,4.960000038146973,0.0,4.980000019073486,4.929999828338623,4.949999809265137,0.0,165958743
2020-11-09,3.7231414318084717,4.980000019073486,0.0,4.989999771118164,4.960000038146973,4.96999979019165,0.0,225602124
2020-11-10,3.7530465126037598,5.019999980926514,0.0,5.050000190734863,5.0,5.010000228881836,0.0,259168387
2020-11-11,3.7904276847839355,5.070000171661377,0.0,5.079999923706055,5.0,5.010000228881836,0.0,309611502
2020-11-12,3.7455708980560303,5.010000228881836,0.0,5.059999942779541,5.010000228881836,5.059999942779541,0.0,139875220
2020-11-13,3.7081899642944336,4.960000038146973,0.0,5.010000228881836,4.949999809265137,5.010000228881836,0.0,192265408
2020-11-16,3.7231414318084717,4.980000019073486,0.0,4.989999771118164,4.960000038146973,4.96999979019165,0.0,127160896
2020-11-17,3.7380940914154053,5.0,0.0,5.0,4.96999979019165,4.980000019073486,0.0,122033280
2020-11-18,3.7605228424072266,5.03000020980835,0.0,5.050000190734863,4.980000019073486,5.0,0.0,193561819
2020-11-19,3.7679994106292725,5.039999961853027,0.0,5.050000190734863,5.019999980926514,5.019999980926514,0.0,154569394
2020-11-20,3.7605228424072266,5.03000020980835,0.0,5.059999942779541,5.010000228881836,5.050000190734863,0.0,126572054
2020-11-23,3.7904276847839355,5.070000171661377,0.0,5.079999923706055,5.010000228881836,5.010000228881836,0.0,282580046
2020-11-24,3.7754757404327393,5.050000190734863,0.0,5.090000152587891,5.050000190734863,5.070000171661377,0.0,189318043
2020-11-25,3.7679994106292725,5.039999961853027,0.0,5.110000133514404,5.039999961853027,5.079999923706055,0.0,200292965
2020-11-26,3.80538010597229,5.090000152587891,0.0,5.099999904632568,5.03000020980835,5.039999961853027,0.0,197392278
2020-11-27,4.029665470123291,5.389999866485596,0.0,5.389999866485596,5.110000133514404,5.110000133514404,0.0,929749513
2020-11-30,3.977332353591919,5.320000171661377,0.0,5.639999866485596,5.309999942779541,5.460000038146973,0.0,1228800854
2020-12-01,4.089475631713867,5.46999979019165,0.0,5.5,5.28000020980835,5.309999942779541,0.0,530373631
2020-12-02,4.074522018432617,5.449999809265137,0.0,5.53000020980835,5.349999904632568,5.440000057220459,0.0,351809633
2020-12-03,4.022190093994141,5.380000114440918,0.0,5.480000019073486,5.340000152587891,5.449999809265137,0.0,278801930
2020-12-04,3.969856023788452,5.309999942779541,0.0,5.380000114440918,5.21999979019165,5.380000114440918,0.0,330280502
2020-12-07,3.880141496658325,5.190000057220459,0.0,5.329999923706055,5.170000076293945,5.309999942779541,0.0,275402306
2020-12-08,3.8278086185455322,5.119999885559082,0.0,5.21999979019165,5.110000133514404,5.190000057220459,0.0,266106433
2020-12-09,3.8128559589385986,5.099999904632568,0.0,5.159999847412109,5.090000152587891,5.139999866485596,0.0,243722631
2020-12-10,3.782951593399048,5.059999942779541,0.0,5.110000133514404,5.039999961853027,5.099999904632568,0.0,258154092
2020-12-11,3.7979040145874023,5.079999923706055,0.0,5.079999923706055,5.019999980926514,5.059999942779541,0.0,279273263
2020-12-14,3.7754757404327393,5.050000190734863,0.0,5.090000152587891,5.03000020980835,5.070000171661377,0.0,272105952
2020-12-15,3.7455708980560303,5.010000228881836,0.0,5.050000190734863,4.980000019073486,5.050000190734863,0.0,337486520
2020-12-16,3.7380940914154053,5.0,0.0,5.050000190734863,4.989999771118164,5.010000228881836,0.0,266067496
2020-12-17,3.7605228424072266,5.03000020980835,0.0,5.039999961853027,4.960000038146973,5.0,0.0,331127867
2020-12-18,3.7380940914154053,5.0,0.0,5.03000020980835,4.980000019073486,5.010000228881836,0.0,219772170
2020-12-21,3.7380940914154053,5.0,0.0,5.019999980926514,4.980000019073486,5.010000228881836,0.0,205828822
2020-12-22,3.6932373046875,4.940000057220459,0.0,5.0,4.920000076293945,4.989999771118164,0.0,365749394
2020-12-23,3.7081899642944336,4.960000038146973,0.0,4.96999979019165,4.929999828338623,4.940000057220459,0.0,219146383
2020-12-24,3.7081899642944336,4.960000038146973,0.0,4.980000019073486,4.940000057220459,4.96999979019165,0.0,122262763
2020-12-25,3.715665817260742,4.96999979019165,0.0,4.96999979019165,4.949999809265137,4.949999809265137,0.0,153283872
2020-12-28,3.715665817260742,4.96999979019165,0.0,4.96999979019165,4.929999828338623,4.960000038146973,0.0,231926812
2020-12-29,3.7231414318084717,4.980000019073486,0.0,4.980000019073486,4.949999809265137,4.96999979019165,0.0,254202319
2020-12-30,3.7081899642944336,4.960000038146973,0.0,4.980000019073486,4.940000057220459,4.96999979019165,0.0,250903589
2020-12-31,3.7306172847747803,4.989999771118164,0.0,5.010000228881836,4.949999809265137,4.949999809265137,0.0,310003990
2021-01-04,3.7455708980560303,5.010000228881836,0.0,5.010000228881836,4.949999809265137,4.96999979019165,0.0,353951177
2021-01-05,3.715665817260742,4.96999979019165,0.0,4.989999771118164,4.940000057220459,4.980000019073486,0.0,371010370
2021-01-06,3.715665817260742,4.96999979019165,0.0,4.980000019073486,4.949999809265137,4.960000038146973,0.0,346318359
2021-01-07,3.7380940914154053,5.0,0.0,5.0,4.949999809265137,4.96999979019165,0.0,319047400
2021-01-08,3.7380940914154053,5.0,0.0,5.03000020980835,4.980000019073486,4.989999771118164,0.0,342202983
2021-01-11,3.7306172847747803,4.989999771118164,0.0,5.039999961853027,4.980000019073486,5.0,0.0,495651500
2021-01-12,3.7530465126037598,5.019999980926514,0.0,5.019999980926514,4.960000038146973,4.989999771118164,0.0,350495697
2021-01-13,3.782951593399048,5.059999942779541,0.0,5.059999942779541,5.0,5.03000020980835,0.0,404644202
2021-01-14,3.7979040145874023,5.079999923706055,0.0,5.150000095367432,5.039999961853027,5.050000190734863,0.0,388409548
2021-01-15,3.8502376079559326,5.150000095367432,0.0,5.260000228881836,5.099999904632568,5.099999904632568,0.0,700663410
2021-01-18,3.8427605628967285,5.139999866485596,0.0,5.179999828338623,5.079999923706055,5.130000114440918,0.0,398189784
2021-01-19,3.887618064880371,5.199999809265137,0.0,5.21999979019165,5.099999904632568,5.139999866485596,0.0,433069019
2021-01-20,3.8502376079559326,5.150000095367432,0.0,5.25,5.130000114440918,5.170000076293945,0.0,314566469
2021-01-21,3.83528470993042,5.130000114440918,0.0,5.170000076293945,5.099999904632568,5.159999847412109,0.0,245677513
2021-01-22,3.7679994106292725,5.039999961853027,0.0,5.099999904632568,5.03000020980835,5.099999904632568,0.0,277428648
2021-01-25,3.7754757404327393,5.050000190734863,0.0,5.050000190734863,4.989999771118164,5.03000020980835,0.0,219055180
2021-01-26,3.7605228424072266,5.03000020980835,0.0,5.070000171661377,5.010000228881836,5.03000020980835,0.0,210379385
2021-01-27,3.7904276847839355,5.070000171661377,0.0,5.150000095367432,5.03000020980835,5.03000020980835,0.0,370986633
2021-01-28,3.7605228424072266,5.03000020980835,0.0,5.070000171661377,5.010000228881836,5.050000190734863,0.0,285079492
2021-01-29,3.80538010597229,5.090000152587891,0.0,5.119999885559082,5.019999980926514,5.03000020980835,0.0,411143704
2021-02-01,3.8427605628967285,5.139999866485596,0.0,5.150000095367432,5.050000190734863,5.079999923706055,0.0,381322201
2021-02-02,3.80538010597229,5.090000152587891,0.0,5.179999828338623,5.079999923706055,5.139999866485596,0.0,259998588
2021-02-03,3.7679994106292725,5.039999961853027,0.0,5.119999885559082,5.03000020980835,5.090000152587891,0.0,337557915
2021-02-04,3.7904276847839355,5.070000171661377,0.0,5.119999885559082,5.03000020980835,5.039999961853027,0.0,252444008
2021-02-05,3.8726654052734375,5.179999828338623,0.0,5.210000038146973,5.059999942779541,5.070000171661377,0.0,593744234
2021-02-08,3.8577136993408203,5.159999847412109,0.0,5.199999809265137,5.119999885559082,5.179999828338623,0.0,367126932
2021-02-09,3.8502376079559326,5.150000095367432,0.0,5.150000095367432,5.110000133514404,5.139999866485596,0.0,278298845
2021-02-10,3.924999475479126,5.25,0.0,5.369999885559082,5.210000038146973,5.239999771118164,0.0,664704224
2021-02-18,3.9175233840942383,5.239999771118164,0.0,5.320000171661377,5.21999979019165,5.320000171661377,0.0,328400933
2021-02-19,3.9175233840942383,5.239999771118164,0.0,5.300000190734863,5.210000038146973,5.21999979019165,0.0,242413124
2021-02-22,4.014713287353516,5.369999885559082,0.0,5.409999847412109,5.239999771118164,5.25,0.0,602082016
2021-02-23,4.022190093994141,5.380000114440918,0.0,5.449999809265137,5.320000171661377,5.349999904632568,0.0,467150523
2021-02-24,3.9623796939849854,5.300000190734863,0.0,5.420000076293945,5.239999771118164,5.349999904632568,0.0,385065747
2021-02-25,4.067046165466309,5.440000057220459,0.0,5.480000019073486,5.289999961853027,5.289999961853027,0.0,509700217
2021-02-26,4.014713287353516,5.369999885559082,0.0,5.489999771118164,5.349999904632568,5.400000095367432,0.0,435170121
2021-03-01,3.9922852516174316,5.340000152587891,0.0,5.420000076293945,5.320000171661377,5.360000133514404,0.0,240663315
2021-03-02,3.9549033641815186,5.289999961853027,0.0,5.349999904632568,5.239999771118164,5.349999904632568,0.0,250031265
2021-03-03,4.074522018432617,5.449999809265137,0.0,5.480000019073486,5.260000228881836,5.28000020980835,0.0,446911121
2021-03-04,4.074522018432617,5.449999809265137,0.0,5.510000228881836,5.409999847412109,5.429999828338623,0.0,373419253
2021-03-05,4.164237022399902,5.570000171661377,0.0,5.590000152587891,5.369999885559082,5.429999828338623,0.0,478774356
2021-03-08,4.134332180023193,5.53000020980835,0.0,5.610000133514404,5.510000228881836,5.579999923706055,0.0,429168305
2021-03-09,4.0819993019104,5.460000038146973,0.0,5.630000114440918,5.429999828338623,5.579999923706055,0.0,466395021
2021-03-10,4.037141799926758,5.400000095367432,0.0,5.460000038146973,5.349999904632568,5.440000057220459,0.0,306784316
2021-03-11,4.096951484680176,5.480000019073486,0.0,5.539999961853027,5.429999828338623,5.440000057220459,0.0,277331915
2021-03-12,4.067046165466309,5.440000057220459,0.0,5.5,5.429999828338623,5.46999979019165,0.0,184841636
2021-03-15,4.149285316467285,5.550000190734863,0.0,5.579999923706055,5.420000076293945,5.449999809265137,0.0,303797606
2021-03-16,4.186665058135986,5.599999904632568,0.0,5.630000114440918,5.539999961853027,5.559999942779541,0.0,273079994
2021-03-17,4.134332180023193,5.53000020980835,0.0,5.599999904632568,5.480000019073486,5.579999923706055,0.0,203713443
2021-03-18,4.096951484680176,5.480000019073486,0.0,5.539999961853027,5.460000038146973,5.510000228881836,0.0,224544199
2021-03-19,4.007237434387207,5.360000133514404,0.0,5.5,5.320000171661377,5.489999771118164,0.0,332530519
2021-03-22,4.052093982696533,5.420000076293945,0.0,5.449999809265137,5.320000171661377,5.320000171661377,0.0,232531340
2021-03-23,4.037141799926758,5.400000095367432,0.0,5.5,5.349999904632568,5.400000095367432,0.0,325973130
2021-03-24,4.044617652893066,5.409999847412109,0.0,5.429999828338623,5.329999923706055,5.369999885559082,0.0,189983667
2021-03-25,4.007237434387207,5.360000133514404,0.0,5.460000038146973,5.349999904632568,5.409999847412109,0.0,207394817
2021-03-26,3.9997611045837402,5.349999904632568,0.0,5.380000114440918,5.300000190734863,5.369999885559082,0.0,247198368
2021-03-29,4.0819993019104,5.460000038146973,0.0,5.46999979019165,5.329999923706055,5.340000152587891,0.0,347949980
2021-03-30,4.096951484680176,5.480000019073486,0.0,5.480000019073486,5.429999828338623,5.460000038146973,0.0,193297381
2021-03-31,4.14180850982666,5.539999961853027,0.0,5.550000190734863,5.440000057220459,5.46999979019165,0.0,242434867
2021-04-01,4.111903667449951,5.5,0.0,5.539999961853027,5.46999979019165,5.510000228881836,0.0,132476154
2021-04-02,4.052093982696533,5.420000076293945,0.0,5.510000228881836,5.400000095367432,5.5,0.0,184780740
2021-04-06,4.052093982696533,5.420000076293945,0.0,5.429999828338623,5.369999885559082,5.420000076293945,0.0,122894235
2021-04-07,4.074522018432617,5.449999809265137,0.0,5.460000038146973,5.400000095367432,5.409999847412109,0.0,172777174
2021-04-08,4.067046165466309,5.440000057220459,0.0,5.46999979019165,5.409999847412109,5.460000038146973,0.0,123971365
2021-04-09,4.052093982696533,5.420000076293945,0.0,5.440000057220459,5.400000095367432,5.440000057220459,0.0,131127592
2021-04-12,4.096951484680176,5.480000019073486,0.0,5.5,5.389999866485596,5.420000076293945,0.0,219634806
2021-04-13,4.119380474090576,5.510000228881836,0.0,5.53000020980835,5.449999809265137,5.480000019073486,0.0,173937109
2021-04-14,4.074522018432617,5.449999809265137,0.0,5.519999980926514,5.429999828338623,5.510000228881836,0.0,153373910
2021-04-15,4.074522018432617,5.449999809265137,0.0,5.449999809265137,5.389999866485596,5.429999828338623,0.0,157215797
2021-04-16,4.0595703125,5.429999828338623,0.0,5.460000038146973,5.409999847412109,5.429999828338623,0.0,110874302
2021-04-19,4.067046165466309,5.440000057220459,0.0,5.460000038146973,5.409999847412109,5.440000057220459,0.0,175754330
2021-04-20,4.029665470123291,5.389999866485596,0.0,5.440000057220459,5.380000114440918,5.429999828338623,0.0,177071674
2021-04-21,4.014713287353516,5.369999885559082,0.0,5.409999847412109,5.369999885559082,5.380000114440918,0.0,135364763
2021-04-22,3.9848084449768066,5.329999923706055,0.0,5.389999866485596,5.309999942779541,5.380000114440918,0.0,211498349
2021-04-23,3.9549033641815186,5.289999961853027,0.0,5.340000152587891,5.269999980926514,5.309999942779541,0.0,164898057
2021-04-26,3.939951181411743,5.269999980926514,0.0,5.320000171661377,5.260000228881836,5.309999942779541,0.0,170693135
2021-04-27,3.9175233840942383,5.239999771118164,0.0,5.269999980926514,5.21999979019165,5.260000228881836,0.0,149123770
2021-04-28,3.887618064880371,5.199999809265137,0.0,5.25,5.179999828338623,5.239999771118164,0.0,182976437
2021-04-29,3.9025700092315674,5.21999979019165,0.0,5.239999771118164,5.179999828338623,5.199999809265137,0.0,188987315
2021-04-30,3.83528470993042,5.130000114440918,0.0,5.21999979019165,5.079999923706055,5.210000038146973,0.0,395748728
2021-05-06,3.8278086185455322,5.119999885559082,0.0,5.179999828338623,5.099999904632568,5.110000133514404,0.0,216039682
2021-05-07,3.9025700092315674,5.21999979019165,0.0,5.230000019073486,5.110000133514404,5.119999885559082,0.0,281997042
2021-05-10,3.924999475479126,5.25,0.0,5.25,5.179999828338623,5.210000038146973,0.0,207471144
2021-05-11,3.9100468158721924,5.230000019073486,0.0,5.25,5.210000038146973,5.239999771118164,0.0,139252141
2021-05-12,3.9324748516082764,5.260000228881836,0.0,5.28000020980835,5.210000038146973,5.21999979019165,0.0,150046333
2021-05-13,3.9175233840942383,5.239999771118164,0.0,5.28000020980835,5.210000038146973,5.25,0.0,146069572
2021-05-14,3.94742751121521,5.28000020980835,0.0,5.28000020980835,5.210000038146973,5.239999771118164,0.0,155000539
2021-05-17,3.939951181411743,5.269999980926514,0.0,5.289999961853027,5.239999771118164,5.260000228881836,0.0,170881970
2021-05-18,3.9324748516082764,5.260000228881836,0.0,5.269999980926514,5.230000019073486,5.269999980926514,0.0,101639997
2021-05-19,3.895094156265259,5.210000038146973,0.0,5.260000228881836,5.199999809265137,5.25,0.0,148187187
2021-05-20,3.9100468158721924,5.230000019073486,0.0,5.230000019073486,5.179999828338623,5.199999809265137,0.0,128233876
2021-05-21,3.865189790725708,5.170000076293945,0.0,5.21999979019165,5.159999847412109,5.210000038146973,0.0,151966814
2021-05-24,3.880141496658325,5.190000057220459,0.0,5.199999809265137,5.159999847412109,5.170000076293945,0.0,106540901
2021-05-25,3.9324748516082764,5.260000228881836,0.0,5.260000228881836,5.159999847412109,5.190000057220459,0.0,266674619
2021-05-26,3.9324748516082764,5.260000228881836,0.0,5.289999961853027,5.230000019073486,5.25,0.0,205603406
2021-05-27,3.9324748516082764,5.260000228881836,0.0,5.28000020980835,5.230000019073486,5.260000228881836,0.0,183117591
2021-05-28,3.939951181411743,5.269999980926514,0.0,5.269999980926514,5.230000019073486,5.260000228881836,0.0,170000519
2021-05-31,3.895094156265259,5.210000038146973,0.0,5.260000228881836,5.190000057220459,5.25,0.0,291960761
2021-06-01,3.8726654052734375,5.179999828338623,0.0,5.210000038146973,5.170000076293945,5.210000038146973,0.0,224514102
2021-06-02,3.880141496658325,5.190000057220459,0.0,5.210000038146973,5.139999866485596,5.179999828338623,0.0,257745154
2021-06-03,3.8502376079559326,5.150000095367432,0.0,5.199999809265137,5.150000095367432,5.190000057220459,0.0,193708944
2021-06-04,3.865189790725708,5.170000076293945,0.0,5.199999809265137,5.150000095367432,5.159999847412109,0.0,239708428
2021-06-07,3.865189790725708,5.170000076293945,0.0,5.179999828338623,5.159999847412109,5.179999828338623,0.0,147696207
2021-06-08,3.887618064880371,5.199999809265137,0.0,5.199999809265137,5.159999847412109,5.170000076293945,0.0,196300035
2021-06-09,3.880141496658325,5.190000057220459,0.0,5.21999979019165,5.179999828338623,5.190000057220459,0.0,206147147
2021-06-10,3.887618064880371,5.199999809265137,0.0,5.21999979019165,5.179999828338623,5.190000057220459,0.0,205273227
2021-06-11,3.880141496658325,5.190000057220459,0.0,5.199999809265137,5.170000076293945,5.199999809265137,0.0,173573258
2021-06-15,3.8577136993408203,5.159999847412109,0.0,5.190000057220459,5.150000095367432,5.179999828338623,0.0,181207362
2021-06-16,3.865189790725708,5.170000076293945,0.0,5.190000057220459,5.150000095367432,5.159999847412109,0.0,148655127
2021-06-17,3.8726654052734375,5.179999828338623,0.0,5.199999809265137,5.150000095367432,5.170000076293945,0.0,195878337
2021-06-18,3.8726654052734375,5.179999828338623,0.0,5.179999828338623,5.159999847412109,5.170000076293945,0.0,153248858
2021-06-21,3.8502376079559326,5.150000095367432,0.0,5.179999828338623,5.150000095367432,5.170000076293945,0.0,199664270
2021-06-22,3.8577136993408203,5.159999847412109,0.0,5.179999828338623,5.150000095367432,5.159999847412109,0.0,178934078
2021-06-23,3.8427605628967285,5.139999866485596,0.0,5.170000076293945,5.139999866485596,5.159999847412109,0.0,252219354
2021-06-24,3.887618064880371,5.199999809265137,0.0,5.199999809265137,5.139999866485596,5.139999866485596,0.0,246529721
2021-06-25,3.9100468158721924,5.230000019073486,0.0,5.25,5.179999828338623,5.190000057220459,0.0,246059460
2021-06-28,3.8726654052734375,5.179999828338623,0.0,5.230000019073486,5.159999847412109,5.230000019073486,0.0,257634469
2021-06-29,3.865189790725708,5.170000076293945,0.0,5.199999809265137,5.159999847412109,5.179999828338623,0.0,222693506
2021-06-30,3.865189790725708,5.170000076293945,0.0,5.179999828338623,5.159999847412109,5.179999828338623,0.0,154934253
2021-07-01,3.9324748516082764,5.260000228881836,0.0,5.260000228881836,5.159999847412109,5.170000076293945,0.0,277013740
2021-07-02,3.924999475479126,5.25,0.0,5.269999980926514,5.190000057220459,5.210000038146973,0.0,355189284
2021-07-05,3.887618064880371,5.199999809265137,0.0,5.239999771118164,5.179999828338623,5.230000019073486,0.0,276171905
2021-07-06,3.9002249240875244,4.949999809265137,0.266,4.960000038146973,4.929999828338623,4.960000038146973,0.0,265763047
2021-07-07,3.892345666885376,4.940000057220459,0.0,4.960000038146973,4.920000076293945,4.949999809265137,0.0,177670765
2021-07-08,3.852949619293213,4.889999866485596,0.0,4.949999809265137,4.880000114440918,4.940000057220459,0.0,288364812
2021-07-09,3.821431875228882,4.849999904632568,0.0,4.909999847412109,4.829999923706055,4.889999866485596,0.0,273742038
2021-07-12,3.7583985328674316,4.769999980926514,0.0,4.880000114440918,4.75,4.869999885559082,0.0,505677367
2021-07-13,3.742640256881714,4.75,0.0,4.78000020980835,4.739999771118164,4.769999980926514,0.0,293278041
2021-07-14,3.711122751235962,4.710000038146973,0.0,4.75,4.679999828338623,4.75,0.0,302082855
2021-07-15,3.742640256881714,4.75,0.0,4.769999980926514,4.690000057220459,4.710000038146973,0.0,277590851
2021-07-16,3.7347605228424072,4.739999771118164,0.0,4.75,4.710000038146973,4.75,0.0,170407398
2021-07-19,3.726881504058838,4.730000019073486,0.0,4.739999771118164,4.699999809265137,4.730000019073486,0.0,168375795
2021-07-20,3.711122751235962,4.710000038146973,0.0,4.71999979019165,4.699999809265137,4.710000038146973,0.0,102552924
2021-07-21,3.695364236831665,4.690000057220459,0.0,4.730000019073486,4.690000057220459,4.71999979019165,0.0,164625857
2021-07-22,3.711122751235962,4.710000038146973,0.0,4.71999979019165,4.690000057220459,4.699999809265137,0.0,147636965
2021-07-23,3.7032434940338135,4.699999809265137,0.0,4.71999979019165,4.690000057220459,4.710000038146973,0.0,139074561
2021-07-26,3.6796059608459473,4.670000076293945,0.0,4.699999809265137,4.650000095367432,4.690000057220459,0.0,224591633
2021-07-27,3.640209913253784,4.619999885559082,0.0,4.670000076293945,4.610000133514404,4.659999847412109,0.0,208899200
2021-07-28,3.6796059608459473,4.670000076293945,0.0,4.679999828338623,4.599999904632568,4.610000133514404,0.0,247993418
2021-07-29,3.640209913253784,4.619999885559082,0.0,4.670000076293945,4.610000133514404,4.670000076293945,0.0,171680634
2021-07-30,3.616572380065918,4.590000152587891,0.0,4.619999885559082,4.570000171661377,4.619999885559082,0.0,184747154
2021-08-02,3.624451160430908,4.599999904632568,0.0,4.610000133514404,4.53000020980835,4.579999923706055,0.0,214322262
2021-08-03,3.6086931228637695,4.579999923706055,0.0,4.590000152587891,4.550000190734863,4.590000152587891,0.0,135245787
2021-08-04,3.585055112838745,4.550000190734863,0.0,4.579999923706055,4.539999961853027,4.579999923706055,0.0,148301902
2021-08-05,3.577176094055176,4.539999961853027,0.0,4.570000171661377,4.53000020980835,4.550000190734863,0.0,109747157
2021-08-06,3.5692965984344482,4.53000020980835,0.0,4.550000190734863,4.510000228881836,4.550000190734863,0.0,158732842
2021-08-09,3.585055112838745,4.550000190734863,0.0,4.570000171661377,4.510000228881836,4.519999980926514,0.0,192560063
2021-08-10,3.5929341316223145,4.559999942779541,0.0,4.570000171661377,4.519999980926514,4.550000190734863,0.0,177389103
2021-08-11,3.6638481616973877,4.650000095367432,0.0,4.659999847412109,4.570000171661377,4.570000171661377,0.0,330727249
2021-08-12,3.6480894088745117,4.630000114440918,0.0,4.670000076293945,4.619999885559082,4.630000114440918,0.0,118278136
2021-08-13,3.6323306560516357,4.610000133514404,0.0,4.639999866485596,4.599999904632568,4.630000114440918,0.0,93542819
2021-08-16,3.640209913253784,4.619999885559082,0.0,4.639999866485596,4.599999904632568,4.610000133514404,0.0,116109333
2021-08-17,3.640209913253784,4.619999885559082,0.0,4.639999866485596,4.599999904632568,4.610000133514404,0.0,195138306
2021-08-18,3.6796059608459473,4.670000076293945,0.0,4.679999828338623,4.599999904632568,4.610000133514404,0.0,259846618
2021-08-19,3.655968189239502,4.639999866485596,0.0,4.670000076293945,4.619999885559082,4.659999847412109,0.0,148278726
2021-08-20,3.6717264652252197,4.659999847412109,0.0,4.670000076293945,4.619999885559082,4.639999866485596,0.0,190342577
2021-08-23,3.6480894088745117,4.630000114440918,0.0,4.670000076293945,4.630000114440918,4.639999866485596,0.0,117707675
2021-08-24,3.6480894088745117,4.630000114440918,0.0,4.650000095367432,4.630000114440918,4.630000114440918,0.0,95453098
2021-08-25,3.6480894088745117,4.630000114440918,0.0,4.639999866485596,4.619999885559082,4.639999866485596,0.0,100384789
2021-08-26,3.640209913253784,4.619999885559082,0.0,4.630000114440918,4.599999904632568,4.619999885559082,0.0,117689309
2021-08-27,3.655968189239502,4.639999866485596,0.0,4.639999866485596,4.599999904632568,4.610000133514404,0.0,116129716
2021-08-30,3.6086931228637695,4.579999923706055,0.0,4.639999866485596,4.559999942779541,4.630000114440918,0.0,203426605
2021-08-31,3.640209913253784,4.619999885559082,0.0,4.619999885559082,4.570000171661377,4.590000152587891,0.0,191711450
2021-09-01,3.6874852180480957,4.679999828338623,0.0,4.690000057220459,4.599999904632568,4.610000133514404,0.0,268103361
2021-09-02,3.695364236831665,4.690000057220459,0.0,4.690000057220459,4.659999847412109,4.679999828338623,0.0,146790356
2021-09-03,3.726881504058838,4.730000019073486,0.0,4.75,4.659999847412109,4.690000057220459,0.0,202543720
2021-09-06,3.726881504058838,4.730000019073486,0.0,4.75,4.699999809265137,4.699999809265137,0.0,160536498
2021-09-07,3.742640256881714,4.75,0.0,4.769999980926514,4.699999809265137,4.730000019073486,0.0,194851319
2021-09-08,3.7583985328674316,4.769999980926514,0.0,4.78000020980835,4.730000019073486,4.739999771118164,0.0,174780048
2021-09-09,3.742640256881714,4.75,0.0,4.769999980926514,4.71999979019165,4.760000228881836,0.0,155311748
2021-09-10,3.7741570472717285,4.789999961853027,0.0,4.829999923706055,4.739999771118164,4.75,0.0,250359269
2021-09-13,3.7583985328674316,4.769999980926514,0.0,4.78000020980835,4.75,4.78000020980835,0.0,168854899
2021-09-14,3.711122751235962,4.710000038146973,0.0,4.78000020980835,4.699999809265137,4.760000228881836,0.0,185420345
2021-09-15,3.6874852180480957,4.679999828338623,0.0,4.71999979019165,4.659999847412109,4.699999809265137,0.0,175121628
2021-09-16,3.6874852180480957,4.679999828338623,0.0,4.710000038146973,4.670000076293945,4.679999828338623,0.0,167822042
2021-09-17,3.7032434940338135,4.699999809265137,0.0,4.710000038146973,4.679999828338623,4.679999828338623,0.0,110257170
2021-09-22,3.6480894088745117,4.630000114440918,0.0,4.659999847412109,4.619999885559082,4.650000095367432,0.0,217646013
2021-09-23,3.6717264652252197,4.659999847412109,0.0,4.679999828338623,4.630000114440918,4.650000095367432,0.0,132515669
2021-09-24,3.655968189239502,4.639999866485596,0.0,4.670000076293945,4.630000114440918,4.639999866485596,0.0,109891431
2021-09-27,3.6480894088745117,4.630000114440918,0.0,4.650000095367432,4.599999904632568,4.630000114440918,0.0,164468354
2021-09-28,3.6717264652252197,4.659999847412109,0.0,4.679999828338623,4.610000133514404,4.619999885559082,0.0,163379542
2021-09-29,3.6874852180480957,4.679999828338623,0.0,4.699999809265137,4.619999885559082,4.650000095367432,0.0,243813654
2021-09-30,3.6717264652252197,4.659999847412109,0.0,4.679999828338623,4.630000114440918,4.679999828338623,0.0,150413152
2021-10-08,3.711122751235962,4.710000038146973,0.0,4.730000019073486,4.650000095367432,4.659999847412109,0.0,185994625
2021-10-11,3.7347605228424072,4.739999771118164,0.0,4.769999980926514,4.710000038146973,4.71999979019165,0.0,181862463
2021-10-12,3.742640256881714,4.75,0.0,4.760000228881836,4.710000038146973,4.739999771118164,0.0,144930590
2021-10-13,3.7190022468566895,4.71999979019165,0.0,4.75,4.710000038146973,4.739999771118164,0.0,112305696
2021-10-14,3.711122751235962,4.710000038146973,0.0,4.730000019073486,4.710000038146973,4.71999979019165,0.0,71963708
2021-10-15,3.742640256881714,4.75,0.0,4.75,4.710000038146973,4.71999979019165,0.0,125558856
2021-10-18,3.726881504058838,4.730000019073486,0.0,4.769999980926514,4.710000038146973,4.75,0.0,117369621
2021-10-19,3.7190022468566895,4.71999979019165,0.0,4.739999771118164,4.710000038146973,4.71999979019165,0.0,105882612
2021-10-20,3.7032434940338135,4.699999809265137,0.0,4.730000019073486,4.679999828338623,4.730000019073486,0.0,107459635
2021-10-21,3.7347605228424072,4.739999771118164,0.0,4.739999771118164,4.690000057220459,4.699999809265137,0.0,135131627
2021-10-22,3.726881504058838,4.730000019073486,0.0,4.760000228881836,4.710000038146973,4.739999771118164,0.0,93108629
2021-10-25,3.7190022468566895,4.71999979019165,0.0,4.730000019073486,4.690000057220459,4.710000038146973,0.0,103342397
2021-10-26,3.7032434940338135,4.699999809265137,0.0,4.739999771118164,4.690000057220459,4.71999979019165,0.0,118735003
2021-10-27,3.7032434940338135,4.699999809265137,0.0,4.710000038146973,4.650000095367432,4.699999809265137,0.0,125771216
2021-10-28,3.6796059608459473,4.670000076293945,0.0,4.699999809265137,4.670000076293945,4.679999828338623,0.0,78300844
2021-10-29,3.6796059608459473,4.670000076293945,0.0,4.690000057220459,4.659999847412109,4.670000076293945,0.0,114980798
2021-11-01,3.726881504058838,4.730000019073486,0.0,4.730000019073486,4.670000076293945,4.679999828338623,0.0,187623531
2021-11-02,3.6638481616973877,4.650000095367432,0.0,4.730000019073486,4.639999866485596,4.730000019073486,0.0,211569300
2021-11-03,3.655968189239502,4.639999866485596,0.0,4.670000076293945,4.630000114440918,4.670000076293945,0.0,146029780
2021-11-04,3.6638481616973877,4.650000095367432,0.0,4.650000095367432,4.630000114440918,4.639999866485596,0.0,100158090
2021-11-05,3.6717264652252197,4.659999847412109,0.0,4.670000076293945,4.630000114440918,4.639999866485596,0.0,111301684
2021-11-08,3.6480894088745117,4.630000114440918,0.0,4.659999847412109,4.630000114440918,4.650000095367432,0.0,147350723
2021-11-09,3.655968189239502,4.639999866485596,0.0,4.650000095367432,4.630000114440918,4.639999866485596,0.0,86689619
2021-11-10,3.640209913253784,4.619999885559082,0.0,4.639999866485596,4.610000133514404,4.639999866485596,0.0,125047530
2021-11-11,3.6717264652252197,4.659999847412109,0.0,4.659999847412109,4.610000133514404,4.619999885559082,0.0,113105925
2021-11-12,3.6638481616973877,4.650000095367432,0.0,4.659999847412109,4.630000114440918,4.659999847412109,0.0,101683794
2021-11-15,3.6796059608459473,4.670000076293945,0.0,4.679999828338623,4.639999866485596,4.650000095367432,0.0,90047027
2021-11-16,3.6638481616973877,4.650000095367432,0.0,4.679999828338623,4.639999866485596,4.659999847412109,0.0,96281473
2021-11-17,3.6638481616973877,4.650000095367432,0.0,4.659999847412109,4.639999866485596,4.639999866485596,0.0,91233273
2021-11-18,3.655968189239502,4.639999866485596,0.0,4.650000095367432,4.630000114440918,4.639999866485596,0.0,76467398
2021-11-19,3.6717264652252197,4.659999847412109,0.0,4.670000076293945,4.630000114440918,4.639999866485596,0.0,100557257
2021-11-22,3.6480894088745117,4.630000114440918,0.0,4.659999847412109,4.630000114440918,4.650000095367432,0.0,120582921
2021-11-23,3.6480894088745117,4.630000114440918,0.0,4.650000095367432,4.619999885559082,4.630000114440918,0.0,87825991
2021-11-24,3.655968189239502,4.639999866485596,0.0,4.639999866485596,4.619999885559082,4.630000114440918,0.0,69961234
2021-11-25,3.6480894088745117,4.630000114440918,0.0,4.639999866485596,4.630000114440918,4.639999866485596,0.0,59692352
2021-11-26,3.6323306560516357,4.610000133514404,0.0,4.639999866485596,4.610000133514404,4.630000114440918,0.0,97887739
2021-11-29,3.6086931228637695,4.579999923706055,0.0,4.610000133514404,4.559999942779541,4.599999904632568,0.0,182257581
2021-11-30,3.6086931228637695,4.579999923706055,0.0,4.590000152587891,4.570000171661377,4.579999923706055,0.0,107684186
2021-12-01,3.624451160430908,4.599999904632568,0.0,4.599999904632568,4.570000171661377,4.579999923706055,0.0,111305051
2021-12-02,3.6323306560516357,4.610000133514404,0.0,4.619999885559082,4.579999923706055,4.599999904632568,0.0,178468219
2021-12-03,3.6323306560516357,4.610000133514404,0.0,4.610000133514404,4.579999923706055,4.599999904632568,0.0,112786648
2021-12-06,3.6480894088745117,4.630000114440918,0.0,4.639999866485596,4.599999904632568,4.610000133514404,0.0,179570677
2021-12-07,3.6717264652252197,4.659999847412109,0.0,4.670000076293945,4.619999885559082,4.639999866485596,0.0,205710491
2021-12-08,3.655968189239502,4.639999866485596,0.0,4.659999847412109,4.630000114440918,4.659999847412109,0.0,137715679
2021-12-09,3.6717264652252197,4.659999847412109,0.0,4.679999828338623,4.630000114440918,4.650000095367432,0.0,195655482
2021-12-10,3.6717264652252197,4.659999847412109,0.0,4.659999847412109,4.619999885559082,4.650000095367432,0.0,215420340
2021-12-13,3.6480894088745117,4.630000114440918,0.0,4.659999847412109,4.630000114440918,4.639999866485596,0.0,134673715
2021-12-14,3.640209913253784,4.619999885559082,0.0,4.639999866485596,4.610000133514404,4.630000114440918,0.0,127696943
2021-12-15,3.6323306560516357,4.610000133514404,0.0,4.619999885559082,4.599999904632568,4.610000133514404,0.0,104159689
2021-12-16,3.640209913253784,4.619999885559082,0.0,4.630000114440918,4.590000152587891,4.610000133514404,0.0,145725514
2021-12-17,3.6323306560516357,4.610000133514404,0.0,4.619999885559082,4.599999904632568,4.610000133514404,0.0,124789948
2021-12-20,3.6323306560516357,4.610000133514404,0.0,4.630000114440918,4.599999904632568,4.610000133514404,0.0,148614561
2021-12-21,3.6638481616973877,4.650000095367432,0.0,4.659999847412109,4.599999904632568,4.610000133514404,0.0,202972372
2021-12-22,3.655968189239502,4.639999866485596,0.0,4.659999847412109,4.630000114440918,4.650000095367432,0.0,141140040
2021-12-23,3.6638481616973877,4.650000095367432,0.0,4.650000095367432,4.630000114440918,4.639999866485596,0.0,98090990
2021-12-24,3.6638481616973877,4.650000095367432,0.0,4.670000076293945,4.639999866485596,4.650000095367432,0.0,127908797
2021-12-27,3.6717264652252197,4.659999847412109,0.0,4.659999847412109,4.639999866485596,4.639999866485596,0.0,90503312
2021-12-28,3.6874852180480957,4.679999828338623,0.0,4.679999828338623,4.650000095367432,4.659999847412109,0.0,200550469
2021-12-29,3.6717264652252197,4.659999847412109,0.0,4.670000076293945,4.639999866485596,4.659999847412109,0.0,97664653
2021-12-30,3.655968189239502,4.639999866485596,0.0,4.659999847412109,4.630000114440918,4.650000095367432,0.0,141275058
2021-12-31,3.6480894088745117,4.630000114440918,0.0,4.650000095367432,4.630000114440918,4.630000114440918,0.0,95902215
2022-01-04,3.6796059608459473,4.670000076293945,0.0,4.670000076293945,4.630000114440918,4.639999866485596,0.0,168875635
2022-01-05,3.711122751235962,4.710000038146973,0.0,4.71999979019165,4.650000095367432,4.659999847412109,0.0,283954621
2022-01-06,3.7032434940338135,4.699999809265137,0.0,4.730000019073486,4.679999828338623,4.699999809265137,0.0,190314359
2022-01-07,3.7347605228424072,4.739999771118164,0.0,4.75,4.679999828338623,4.690000057220459,0.0,193964955
2022-01-10,3.742640256881714,4.75,0.0,4.760000228881836,4.71999979019165,4.739999771118164,0.0,158329303
2022-01-11,3.742640256881714,4.75,0.0,4.769999980926514,4.730000019073486,4.730000019073486,0.0,167026297
2022-01-12,3.7190022468566895,4.71999979019165,0.0,4.75,4.699999809265137,4.75,0.0,185731519
2022-01-13,3.726881504058838,4.730000019073486,0.0,4.78000020980835,4.710000038146973,4.710000038146973,0.0,179313500
2022-01-14,3.6874852180480957,4.679999828338623,0.0,4.739999771118164,4.670000076293945,4.739999771118164,0.0,225197035
2022-01-17,3.6638481616973877,4.650000095367432,0.0,4.699999809265137,4.639999866485596,4.670000076293945,0.0,178722662
2022-01-18,3.695364236831665,4.690000057220459,0.0,4.699999809265137,4.630000114440918,4.650000095367432,0.0,216950022
2022-01-19,3.7032434940338135,4.699999809265137,0.0,4.710000038146973,4.659999847412109,4.670000076293945,0.0,172913175
2022-01-20,3.742640256881714,4.75,0.0,4.760000228881836,4.690000057220459,4.699999809265137,0.0,313127449
2022-01-21,3.7032434940338135,4.699999809265137,0.0,4.739999771118164,4.690000057220459,4.730000019073486,0.0,173528070
2022-01-24,3.7032434940338135,4.699999809265137,0.0,4.71999979019165,4.679999828338623,4.699999809265137,0.0,141887130
2022-01-25,3.6796059608459473,4.670000076293945,0.0,4.699999809265137,4.670000076293945,4.690000057220459,0.0,170383668
2022-01-26,3.695364236831665,4.690000057220459,0.0,4.699999809265137,4.659999847412109,4.659999847412109,0.0,118994814
2022-01-27,3.6874852180480957,4.679999828338623,0.0,4.710000038146973,4.659999847412109,4.679999828338623,0.0,143695502
2022-01-28,3.6717264652252197,4.659999847412109,0.0,4.730000019073486,4.659999847412109,4.679999828338623,0.0,221043880
2022-02-07,3.7347605228424072,4.739999771118164,0.0,4.75,4.670000076293945,4.690000057220459,0.0,257528860
2022-02-08,3.821431875228882,4.849999904632568,0.0,4.869999885559082,4.730000019073486,4.739999771118164,0.0,491972042
2022-02-09,3.81355357170105,4.840000152587891,0.0,4.900000095367432,4.809999942779541,4.849999904632568,0.0,352209536
2022-02-10,3.8293118476867676,4.860000133514404,0.0,4.869999885559082,4.800000190734863,4.849999904632568,0.0,252750988
2022-02-11,3.837190628051758,4.869999885559082,0.0,4.889999866485596,4.829999923706055,4.840000152587891,0.0,216813019
2022-02-14,3.782036542892456,4.800000190734863,0.0,4.860000133514404,4.769999980926514,4.849999904632568,0.0,263967446
2022-02-15,3.7505195140838623,4.760000228881836,0.0,4.820000171661377,4.75,4.789999961853027,0.0,195749099
2022-02-16,3.76627779006958,4.78000020980835,0.0,4.809999942779541,4.75,4.769999980926514,0.0,155456701
2022-02-17,3.76627779006958,4.78000020980835,0.0,4.809999942779541,4.769999980926514,4.78000020980835,0.0,127575079
2022-02-18,3.7899155616760254,4.809999942779541,0.0,4.820000171661377,4.760000228881836,4.769999980926514,0.0,159889548
2022-02-21,3.7977945804595947,4.820000171661377,0.0,4.820000171661377,4.769999980926514,4.800000190734863,0.0,159403365
2022-02-22,3.76627779006958,4.78000020980835,0.0,4.809999942779541,4.760000228881836,4.800000190734863,0.0,170843755
2022-02-23,3.7583985328674316,4.769999980926514,0.0,4.78000020980835,4.739999771118164,4.78000020980835,0.0,235801579
2022-02-24,3.7032434940338135,4.699999809265137,0.0,4.769999980926514,4.690000057220459,4.75,0.0,256626628
2022-02-25,3.6796059608459473,4.670000076293945,0.0,4.71999979019165,4.659999847412109,4.699999809265137,0.0,250601820
2022-02-28,3.6717264652252197,4.659999847412109,0.0,4.679999828338623,4.639999866485596,4.670000076293945,0.0,194926963
2022-03-01,3.6874852180480957,4.679999828338623,0.0,4.699999809265137,4.650000095367432,4.670000076293945,0.0,194254562
2022-03-02,3.7032434940338135,4.699999809265137,0.0,4.710000038146973,4.659999847412109,4.670000076293945,0.0,152051440
2022-03-03,3.7347605228424072,4.739999771118164,0.0,4.760000228881836,4.690000057220459,4.690000057220459,0.0,227331198
2022-03-04,3.7190022468566895,4.71999979019165,0.0,4.730000019073486,4.670000076293945,4.730000019073486,0.0,162498774
2022-03-07,3.6638481616973877,4.650000095367432,0.0,4.730000019073486,4.630000114440918,4.699999809265137,0.0,352940972
2022-03-08,3.640209913253784,4.619999885559082,0.0,4.659999847412109,4.599999904632568,4.650000095367432,0.0,281133558
2022-03-09,3.5929341316223145,4.559999942779541,0.0,4.639999866485596,4.5,4.610000133514404,0.0,462058476
2022-03-10,3.5929341316223145,4.559999942779541,0.0,4.610000133514404,4.550000190734863,4.590000152587891,0.0,230674382
2022-03-11,3.6323306560516357,4.610000133514404,0.0,4.610000133514404,4.519999980926514,4.550000190734863,0.0,270787531
2022-03-14,3.616572380065918,4.590000152587891,0.0,4.639999866485596,4.559999942779541,4.579999923706055,0.0,229087259
2022-03-15,3.577176094055176,4.539999961853027,0.0,4.599999904632568,4.510000228881836,4.570000171661377,0.0,513013285
2022-03-16,3.585055112838745,4.550000190734863,0.0,4.570000171661377,4.46999979019165,4.539999961853027,0.0,421243243
2022-03-17,3.5614171028137207,4.519999980926514,0.0,4.570000171661377,4.510000228881836,4.570000171661377,0.0,309820972
2022-03-18,3.585055112838745,4.550000190734863,0.0,4.599999904632568,4.510000228881836,4.519999980926514,0.0,362779732
2022-03-21,3.577176094055176,4.539999961853027,0.0,4.570000171661377,4.53000020980835,4.559999942779541,0.0,206941762
2022-03-22,3.616572380065918,4.590000152587891,0.0,4.599999904632568,4.53000020980835,4.539999961853027,0.0,219305460
2022-03-23,3.600813627243042,4.570000171661377,0.0,4.590000152587891,4.550000190734863,4.579999923706055,0.0,206859015
2022-03-24,3.6086931228637695,4.579999923706055,0.0,4.599999904632568,4.539999961853027,4.550000190734863,0.0,150559056
2022-03-25,3.640209913253784,4.619999885559082,0.0,4.639999866485596,4.579999923706055,4.579999923706055,0.0,227781541
2022-03-28,3.695364236831665,4.690000057220459,0.0,4.699999809265137,4.599999904632568,4.619999885559082,0.0,287047605
2022-03-29,3.7190022468566895,4.71999979019165,0.0,4.730000019073486,4.670000076293945,4.690000057220459,0.0,193958079
2022-03-30,3.711122751235962,4.710000038146973,0.0,4.730000019073486,4.659999847412109,4.71999979019165,0.0,233053021
2022-03-31,3.7583985328674316,4.769999980926514,0.0,4.78000020980835,4.679999828338623,4.699999809265137,0.0,287690888
2022-04-01,3.7741570472717285,4.789999961853027,0.0,4.809999942779541,4.739999771118164,4.75,0.0,264825048
2022-04-06,3.805673360824585,4.829999923706055,0.0,4.849999904632568,4.769999980926514,4.78000020980835,0.0,349300701
2022-04-07,3.7977945804595947,4.820000171661377,0.0,4.849999904632568,4.78000020980835,4.820000171661377,0.0,304543331
2022-04-08,3.7899155616760254,4.809999942779541,0.0,4.829999923706055,4.769999980926514,4.820000171661377,0.0,250173255
2022-04-11,3.76627779006958,4.78000020980835,0.0,4.820000171661377,4.760000228881836,4.800000190734863,0.0,272641454
2022-04-12,3.76627779006958,4.78000020980835,0.0,4.809999942779541,4.730000019073486,4.78000020980835,0.0,276116779
2022-04-13,3.7741570472717285,4.789999961853027,0.0,4.820000171661377,4.769999980926514,4.78000020980835,0.0,197122360
2022-04-14,3.7583985328674316,4.769999980926514,0.0,4.809999942779541,4.760000228881836,4.800000190734863,0.0,148414496
2022-04-15,3.7505195140838623,4.760000228881836,0.0,4.800000190734863,4.760000228881836,4.760000228881836,0.0,193487775
2022-04-18,3.7190022468566895,4.71999979019165,0.0,4.78000020980835,4.710000038146973,4.75,0.0,182965837
2022-04-19,3.726881504058838,4.730000019073486,0.0,4.739999771118164,4.690000057220459,4.71999979019165,0.0,158209354
2022-04-20,3.7347605228424072,4.739999771118164,0.0,4.760000228881836,4.710000038146973,4.71999979019165,0.0,145331908
2022-04-21,3.76627779006958,4.78000020980835,0.0,4.809999942779541,4.730000019073486,4.739999771118164,0.0,329791138
2022-04-22,3.81355357170105,4.840000152587891,0.0,4.849999904632568,4.760000228881836,4.760000228881836,0.0,390437787
2022-04-25,3.742640256881714,4.75,0.0,4.860000133514404,4.75,4.820000171661377,0.0,471782613
2022-04-26,3.7899155616760254,4.809999942779541,0.0,4.829999923706055,4.730000019073486,4.75,0.0,363670892
2022-04-27,3.711122751235962,4.710000038146973,0.0,4.829999923706055,4.679999828338623,4.800000190734863,0.0,383545163
2022-04-28,3.7583985328674316,4.769999980926514,0.0,4.769999980926514,4.699999809265137,4.710000038146973,0.0,295997069
2022-04-29,3.76627779006958,4.78000020980835,0.0,4.800000190734863,4.71999979019165,4.760000228881836,0.0,263941660
2022-05-05,3.742640256881714,4.75,0.0,4.800000190734863,4.71999979019165,4.78000020980835,0.0,240204834
2022-05-06,3.7347605228424072,4.739999771118164,0.0,4.769999980926514,4.710000038146973,4.739999771118164,0.0,169044734
2022-05-09,3.7505195140838623,4.760000228881836,0.0,4.769999980926514,4.710000038146973,4.730000019073486,0.0,161351638
2022-05-10,3.726881504058838,4.730000019073486,0.0,4.769999980926514,4.71999979019165,4.75,0.0,194205706
2022-05-11,3.6717264652252197,4.659999847412109,0.0,4.739999771118164,4.659999847412109,4.730000019073486,0.0,353406095
2022-05-12,3.6638481616973877,4.650000095367432,0.0,4.670000076293945,4.639999866485596,4.659999847412109,0.0,144694424
2022-05-13,3.7032434940338135,4.699999809265137,0.0,4.699999809265137,4.650000095367432,4.659999847412109,0.0,175411195
2022-05-16,3.6874852180480957,4.679999828338623,0.0,4.699999809265137,4.650000095367432,4.699999809265137,0.0,166826315
2022-05-17,3.6717264652252197,4.659999847412109,0.0,4.690000057220459,4.650000095367432,4.690000057220459,0.0,216889033
2022-05-18,3.640209913253784,4.619999885559082,0.0,4.670000076293945,4.610000133514404,4.659999847412109,0.0,226008427
2022-05-19,3.6323306560516357,4.610000133514404,0.0,4.619999885559082,4.590000152587891,4.610000133514404,0.0,169155629
2022-05-20,3.6480894088745117,4.630000114440918,0.0,4.630000114440918,4.590000152587891,4.619999885559082,0.0,240691632
2022-05-23,3.640209913253784,4.619999885559082,0.0,4.639999866485596,4.619999885559082,4.619999885559082,0.0,173224351
2022-05-24,3.6796059608459473,4.670000076293945,0.0,4.679999828338623,4.619999885559082,4.630000114440918,0.0,243774864
2022-05-25,3.6717264652252197,4.659999847412109,0.0,4.679999828338623,4.650000095367432,4.670000076293945,0.0,152315656
2022-05-26,3.6638481616973877,4.650000095367432,0.0,4.670000076293945,4.630000114440918,4.659999847412109,0.0,191767089
2022-05-27,3.6796059608459473,4.670000076293945,0.0,4.670000076293945,4.639999866485596,4.659999847412109,0.0,124999758
2022-05-30,3.6638481616973877,4.650000095367432,0.0,4.690000057220459,4.639999866485596,4.670000076293945,0.0,158827431
2022-05-31,3.6717264652252197,4.659999847412109,0.0,4.679999828338623,4.630000114440918,4.639999866485596,0.0,251365747
2022-06-01,3.6638481616973877,4.650000095367432,0.0,4.670000076293945,4.630000114440918,4.650000095367432,0.0,140067661
2022-06-02,3.6480894088745117,4.630000114440918,0.0,4.650000095367432,4.619999885559082,4.639999866485596,0.0,152163807
2022-06-06,3.624451160430908,4.599999904632568,0.0,4.639999866485596,4.579999923706055,4.630000114440918,0.0,295433437
2022-06-07,3.6323306560516357,4.610000133514404,0.0,4.630000114440918,4.590000152587891,4.599999904632568,0.0,187312009
2022-06-08,3.655968189239502,4.639999866485596,0.0,4.639999866485596,4.610000133514404,4.619999885559082,0.0,173630219
2022-06-09,3.6717264652252197,4.659999847412109,0.0,4.670000076293945,4.619999885559082,4.630000114440918,0.0,219361973
2022-06-10,3.695364236831665,4.690000057220459,0.0,4.690000057220459,4.650000095367432,4.659999847412109,0.0,264709044
2022-06-13,3.6796059608459473,4.670000076293945,0.0,4.690000057220459,4.630000114440918,4.679999828338623,0.0,228241127
2022-06-14,3.7190022468566895,4.71999979019165,0.0,4.730000019073486,4.650000095367432,4.659999847412109,0.0,227148853
2022-06-15,3.726881504058838,4.730000019073486,0.0,4.769999980926514,4.699999809265137,4.71999979019165,0.0,298135889
2022-06-16,3.7032434940338135,4.699999809265137,0.0,4.739999771118164,4.690000057220459,4.730000019073486,0.0,210148840
2022-06-17,3.742640256881714,4.75,0.0,4.75,4.690000057220459,4.699999809265137,0.0,181063822
2022-06-20,3.7032434940338135,4.699999809265137,0.0,4.75,4.699999809265137,4.75,0.0,186411517
2022-06-21,3.7505195140838623,4.760000228881836,0.0,4.769999980926514,4.699999809265137,4.710000038146973,0.0,209405397
2022-06-22,3.742640256881714,4.75,0.0,4.789999961853027,4.739999771118164,4.75,0.0,156720149
2022-06-23,3.7583985328674316,4.769999980926514,0.0,4.78000020980835,4.75,4.760000228881836,0.0,175436211
2022-06-24,3.7347605228424072,4.739999771118164,0.0,4.78000020980835,4.71999979019165,4.760000228881836,0.0,183853897
2022-06-27,3.711122751235962,4.710000038146973,0.0,4.75,4.699999809265137,4.739999771118164,0.0,231519067
2022-06-28,3.726881504058838,4.730000019073486,0.0,4.739999771118164,4.690000057220459,4.710000038146973,0.0,170737101
2022-06-29,3.7583985328674316,4.769999980926514,0.0,4.769999980926514,4.71999979019165,4.730000019073486,0.0,215549058
2022-06-30,3.7583985328674316,4.769999980926514,0.0,4.78000020980835,4.739999771118164,4.760000228881836,0.0,178325535
2022-07-01,3.7583985328674316,4.769999980926514,0.0,4.78000020980835,4.739999771118164,4.769999980926514,0.0,134935817
2022-07-04,3.7583985328674316,4.769999980926514,0.0,4.789999961853027,4.75,4.769999980926514,0.0,130612061
2022-07-05,3.782036542892456,4.800000190734863,0.0,4.809999942779541,4.769999980926514,4.78000020980835,0.0,203672006
2022-07-06,3.76627779006958,4.78000020980835,0.0,4.809999942779541,4.760000228881836,4.800000190734863,0.0,176855107
2022-07-07,3.7505195140838623,4.760000228881836,0.0,4.789999961853027,4.760000228881836,4.78000020980835,0.0,161603898
2022-07-08,3.7583985328674316,4.769999980926514,0.0,4.78000020980835,4.739999771118164,4.769999980926514,0.0,162028879
2022-07-11,3.7741570472717285,4.789999961853027,0.0,4.800000190734863,4.75,4.769999980926514,0.0,331908902
2022-07-12,3.785320281982422,4.510000228881836,0.2933,4.53000020980835,4.5,4.519999980926514,0.0,313447842
2022-07-13,3.7097814083099365,4.420000076293945,0.0,4.510000228881836,4.409999847412109,4.510000228881836,0.0,339361224
2022-07-14,3.667815685272217,4.369999885559082,0.0,4.420000076293945,4.320000171661377,4.420000076293945,0.0,343023331
2022-07-15,3.6342427730560303,4.329999923706055,0.0,4.380000114440918,4.329999923706055,4.360000133514404,0.0,218886260
2022-07-18,3.667815685272217,4.369999885559082,0.0,4.369999885559082,4.340000152587891,4.340000152587891,0.0,177053974
2022-07-19,3.6846015453338623,4.389999866485596,0.0,4.409999847412109,4.349999904632568,4.360000133514404,0.0,174735865
2022-07-20,3.726567506790161,4.440000057220459,0.0,4.449999809265137,4.389999866485596,4.400000095367432,0.0,162958037
2022-07-21,3.6846015453338623,4.389999866485596,0.0,4.449999809265137,4.389999866485596,4.449999809265137,0.0,148655038
2022-07-22,3.701388120651245,4.409999847412109,0.0,4.429999828338623,4.389999866485596,4.389999866485596,0.0,143873736
2022-07-25,3.726567506790161,4.440000057220459,0.0,4.440000057220459,4.400000095367432,4.409999847412109,0.0,131520370
2022-07-26,3.7097814083099365,4.420000076293945,0.0,4.449999809265137,4.420000076293945,4.440000057220459,0.0,138224601
2022-07-27,3.6846015453338623,4.389999866485596,0.0,4.429999828338623,4.389999866485596,4.420000076293945,0.0,125974061
2022-07-28,3.6846015453338623,4.389999866485596,0.0,4.420000076293945,4.389999866485596,4.389999866485596,0.0,119858370
2022-07-29,3.676208734512329,4.380000114440918,0.0,4.420000076293945,4.369999885559082,4.400000095367432,0.0,143301779
2022-08-01,3.667815685272217,4.369999885559082,0.0,4.400000095367432,4.360000133514404,4.369999885559082,0.0,133647435
2022-08-02,3.651029109954834,4.349999904632568,0.0,4.369999885559082,4.329999923706055,4.360000133514404,0.0,180306667
2022-08-03,3.625849962234497,4.320000171661377,0.0,4.360000133514404,4.320000171661377,4.340000152587891,0.0,141581450
2022-08-04,3.667815685272217,4.369999885559082,0.0,4.380000114440918,4.320000171661377,4.340000152587891,0.0,185863244
2022-08-05,3.6846015453338623,4.389999866485596,0.0,4.400000095367432,4.360000133514404,4.380000114440918,0.0,122691518
2022-08-08,3.651029109954834,4.349999904632568,0.0,4.389999866485596,4.340000152587891,4.389999866485596,0.0,129470948
2022-08-09,3.6426360607147217,4.340000152587891,0.0,4.369999885559082,4.340000152587891,4.349999904632568,0.0,82021225
2022-08-10,3.6342427730560303,4.329999923706055,0.0,4.349999904632568,4.320000171661377,4.340000152587891,0.0,90758527
2022-08-11,3.6594223976135254,4.360000133514404,0.0,4.369999885559082,4.329999923706055,4.340000152587891,0.0,152653308
2022-08-12,3.6594223976135254,4.360000133514404,0.0,4.369999885559082,4.340000152587891,4.360000133514404,0.0,112627134
2022-08-15,3.6426360607147217,4.340000152587891,0.0,4.360000133514404,4.329999923706055,4.349999904632568,0.0,119388944
2022-08-16,3.6342427730560303,4.329999923706055,0.0,4.349999904632568,4.329999923706055,4.340000152587891,0.0,129259534
2022-08-17,3.6426360607147217,4.340000152587891,0.0,4.349999904632568,4.320000171661377,4.340000152587891,0.0,173707762
2022-08-18,3.625849962234497,4.320000171661377,0.0,4.340000152587891,4.320000171661377,4.340000152587891,0.0,107977056
2022-08-19,3.6342427730560303,4.329999923706055,0.0,4.349999904632568,4.320000171661377,4.329999923706055,0.0,106555720
2022-08-22,3.6342427730560303,4.329999923706055,0.0,4.349999904632568,4.320000171661377,4.329999923706055,0.0,102298346
2022-08-23,3.625849962234497,4.320000171661377,0.0,4.340000152587891,4.320000171661377,4.329999923706055,0.0,106212820
2022-08-24,3.625849962234497,4.320000171661377,0.0,4.340000152587891,4.320000171661377,4.329999923706055,0.0,110218503
2022-08-25,3.6426360607147217,4.340000152587891,0.0,4.340000152587891,4.320000171661377,4.329999923706055,0.0,116466910
2022-08-26,3.651029109954834,4.349999904632568,0.0,4.349999904632568,4.329999923706055,4.340000152587891,0.0,98104572
2022-08-29,3.6342427730560303,4.329999923706055,0.0,4.349999904632568,4.320000171661377,4.340000152587891,0.0,102906353
2022-08-30,3.6594223976135254,4.360000133514404,0.0,4.360000133514404,4.329999923706055,4.340000152587891,0.0,134022525
2022-08-31,3.676208734512329,4.380000114440918,0.0,4.380000114440918,4.340000152587891,4.349999904632568,0.0,259239209
2022-09-01,3.6594223976135254,4.360000133514404,0.0,4.369999885559082,4.349999904632568,4.360000133514404,0.0,105691815
2022-09-02,3.651029109954834,4.349999904632568,0.0,4.369999885559082,4.340000152587891,4.349999904632568,0.0,129784655
2022-09-05,3.6594223976135254,4.360000133514404,0.0,4.360000133514404,4.329999923706055,4.349999904632568,0.0,125909116
2022-09-06,3.6594223976135254,4.360000133514404,0.0,4.380000114440918,4.340000152587891,4.360000133514404,0.0,184580231
2022-09-07,3.651029109954834,4.349999904632568,0.0,4.360000133514404,4.340000152587891,4.360000133514404,0.0,118912921
2022-09-08,3.651029109954834,4.349999904632568,0.0,4.360000133514404,4.340000152587891,4.360000133514404,0.0,108674240
2022-09-09,3.6594223976135254,4.360000133514404,0.0,4.380000114440918,4.349999904632568,4.360000133514404,0.0,162795022
2022-09-13,3.676208734512329,4.380000114440918,0.0,4.389999866485596,4.360000133514404,4.369999885559082,0.0,207622855
2022-09-14,3.6594223976135254,4.360000133514404,0.0,4.380000114440918,4.360000133514404,4.360000133514404,0.0,119521547
2022-09-15,3.6846015453338623,4.389999866485596,0.0,4.400000095367432,4.360000133514404,4.369999885559082,0.0,299407017
2022-09-16,3.6594223976135254,4.360000133514404,0.0,4.400000095367432,4.360000133514404,4.389999866485596,0.0,242717138
2022-09-19,3.676208734512329,4.380000114440918,0.0,4.389999866485596,4.360000133514404,4.369999885559082,0.0,216720703
2022-09-20,3.667815685272217,4.369999885559082,0.0,4.389999866485596,4.360000133514404,4.389999866485596,0.0,148524942
2022-09-21,3.667815685272217,4.369999885559082,0.0,4.389999866485596,4.349999904632568,4.369999885559082,0.0,157848349
2022-09-22,3.6846015453338623,4.389999866485596,0.0,4.400000095367432,4.349999904632568,4.360000133514404,0.0,285730508
2022-09-23,3.692995071411133,4.400000095367432,0.0,4.409999847412109,4.369999885559082,4.380000114440918,0.0,281224160
2022-09-26,3.651029109954834,4.349999904632568,0.0,4.400000095367432,4.349999904632568,4.389999866485596,0.0,262698303
2022-09-27,3.6426360607147217,4.340000152587891,0.0,4.360000133514404,4.329999923706055,4.349999904632568,0.0,190035823
2022-09-28,3.651029109954834,4.349999904632568,0.0,4.360000133514404,4.329999923706055,4.340000152587891,0.0,180577277
2022-09-29,3.6342427730560303,4.329999923706055,0.0,4.360000133514404,4.329999923706055,4.360000133514404,0.0,175882532
2022-09-30,3.651029109954834,4.349999904632568,0.0,4.360000133514404,4.329999923706055,4.340000152587891,0.0,157862846
2022-10-10,3.6594223976135254,4.360000133514404,0.0,4.380000114440918,4.329999923706055,4.349999904632568,0.0,317778153
2022-10-11,3.667815685272217,4.369999885559082,0.0,4.380000114440918,4.340000152587891,4.360000133514404,0.0,207120632
2022-10-12,3.692995071411133,4.400000095367432,0.0,4.400000095367432,4.360000133514404,4.369999885559082,0.0,259239180
2022-10-13,3.651029109954834,4.349999904632568,0.0,4.389999866485596,4.340000152587891,4.389999866485596,0.0,270034847
2022-10-14,3.6426360607147217,4.340000152587891,0.0,4.360000133514404,4.329999923706055,4.349999904632568,0.0,262969290
2022-10-17,3.651029109954834,4.349999904632568,0.0,4.380000114440918,4.329999923706055,4.340000152587891,0.0,256254527
2022-10-18,3.651029109954834,4.349999904632568,0.0,4.360000133514404,4.340000152587891,4.360000133514404,0.0,153338179
2022-10-19,3.6426360607147217,4.340000152587891,0.0,4.360000133514404,4.340000152587891,4.340000152587891,0.0,167922586
2022-10-20,3.651029109954834,4.349999904632568,0.0,4.360000133514404,4.340000152587891,4.349999904632568,0.0,171289785
2022-10-21,3.651029109954834,4.349999904632568,0.0,4.360000133514404,4.340000152587891,4.349999904632568,0.0,184623959
2022-10-24,3.6594223976135254,4.360000133514404,0.0,4.360000133514404,4.329999923706055,4.349999904632568,0.0,398276420
2022-10-25,3.6426360607147217,4.340000152587891,0.0,4.360000133514404,4.340000152587891,4.349999904632568,0.0,205983443
2022-10-26,3.5922770500183105,4.28000020980835,0.0,4.349999904632568,4.28000020980835,4.340000152587891,0.0,430515147
2022-10-27,3.5670974254608154,4.25,0.0,4.289999961853027,4.239999771118164,4.28000020980835,0.0,261456957
2022-10-28,3.5670974254608154,4.25,0.0,4.269999980926514,4.239999771118164,4.260000228881836,0.0,232238617
2022-10-31,3.483165740966797,4.150000095367432,0.0,4.260000228881836,4.139999866485596,4.25,0.0,313680862
2022-11-01,3.4244132041931152,4.079999923706055,0.0,4.159999847412109,4.010000228881836,4.150000095367432,0.0,642844780
2022-11-02,3.416020393371582,4.070000171661377,0.0,4.070000171661377,4.010000228881836,4.050000190734863,0.0,345062679
2022-11-03,3.4076271057128906,4.059999942779541,0.0,4.059999942779541,4.039999961853027,4.050000190734863,0.0,156467237
2022-11-04,3.4328067302703857,4.090000152587891,0.0,4.119999885559082,4.050000190734863,4.050000190734863,0.0,338099345
2022-11-07,3.4244132041931152,4.079999923706055,0.0,4.090000152587891,4.059999942779541,4.090000152587891,0.0,242076334
2022-11-08,3.4328067302703857,4.090000152587891,0.0,4.090000152587891,4.070000171661377,4.079999923706055,0.0,126671007
2022-11-09,3.441199779510498,4.099999904632568,0.0,4.110000133514404,4.079999923706055,4.090000152587891,0.0,136875257
2022-11-10,3.4495933055877686,4.110000133514404,0.0,4.110000133514404,4.079999923706055,4.090000152587891,0.0,142397457
2022-11-11,3.483165740966797,4.150000095367432,0.0,4.159999847412109,4.110000133514404,4.119999885559082,0.0,276835288
2022-11-14,3.483165740966797,4.150000095367432,0.0,4.190000057220459,4.150000095367432,4.159999847412109,0.0,270815058
2022-11-15,3.4999523162841797,4.170000076293945,0.0,4.179999828338623,4.150000095367432,4.159999847412109,0.0,156414010
2022-11-16,3.491558790206909,4.159999847412109,0.0,4.179999828338623,4.159999847412109,4.170000076293945,0.0,113277031
2022-11-17,3.4999523162841797,4.170000076293945,0.0,4.170000076293945,4.139999866485596,4.159999847412109,0.0,168171659
2022-11-18,3.4999523162841797,4.170000076293945,0.0,4.190000057220459,4.159999847412109,4.170000076293945,0.0,178548149
2022-11-21,3.508345365524292,4.179999828338623,0.0,4.190000057220459,4.150000095367432,4.170000076293945,0.0,180523196
2022-11-22,3.5503110885620117,4.230000019073486,0.0,4.25,4.170000076293945,4.179999828338623,0.0,270255318
2022-11-23,3.575490713119507,4.260000228881836,0.0,4.289999961853027,4.21999979019165,4.230000019073486,0.0,321090657
2022-11-24,3.5670974254608154,4.25,0.0,4.28000020980835,4.239999771118164,4.269999980926514,0.0,141365386
2022-11-25,3.625849962234497,4.320000171661377,0.0,4.329999923706055,4.25,4.25,0.0,369825416
2022-11-28,3.558703899383545,4.239999771118164,0.0,4.300000190734863,4.21999979019165,4.289999961853027,0.0,292727124
2022-11-29,3.625849962234497,4.320000171661377,0.0,4.340000152587891,4.239999771118164,4.25,0.0,411695633
2022-11-30,3.6090636253356934,4.300000190734863,0.0,4.329999923706055,4.28000020980835,4.300000190734863,0.0,312182307
2022-12-01,3.5670974254608154,4.25,0.0,4.329999923706055,4.239999771118164,4.320000171661377,0.0,352708371
2022-12-02,3.558703899383545,4.239999771118164,0.0,4.260000228881836,4.230000019073486,4.25,0.0,199898123
2022-12-05,3.6090636253356934,4.300000190734863,0.0,4.320000171661377,4.25,4.260000228881836,0.0,349731692
2022-12-06,3.6174564361572266,4.309999942779541,0.0,4.320000171661377,4.289999961853027,4.300000190734863,0.0,259751549
2022-12-07,3.600670099258423,4.289999961853027,0.0,4.320000171661377,4.28000020980835,4.309999942779541,0.0,222335763
2022-12-08,3.6090636253356934,4.300000190734863,0.0,4.309999942779541,4.28000020980835,4.289999961853027,0.0,196600646
2022-12-09,3.6090636253356934,4.300000190734863,0.0,4.320000171661377,4.289999961853027,4.300000190734863,0.0,256490365
2022-12-12,3.58388352394104,4.269999980926514,0.0,4.300000190734863,4.269999980926514,4.300000190734863,0.0,196708131
2022-12-13,3.6090636253356934,4.300000190734863,0.0,4.309999942779541,4.269999980926514,4.28000020980835,0.0,164073577
2022-12-14,3.600670099258423,4.289999961853027,0.0,4.309999942779541,4.269999980926514,4.300000190734863,0.0,197505351
2022-12-15,3.575490713119507,4.260000228881836,0.0,4.289999961853027,4.25,4.28000020980835,0.0,179303937
2022-12-16,3.600670099258423,4.289999961853027,0.0,4.289999961853027,4.239999771118164,4.260000228881836,0.0,198217166
2022-12-19,3.575490713119507,4.260000228881836,0.0,4.309999942779541,4.25,4.28000020980835,0.0,164783722
2022-12-20,3.5503110885620117,4.230000019073486,0.0,4.269999980926514,4.230000019073486,4.25,0.0,176970742
2022-12-21,3.5670974254608154,4.25,0.0,4.260000228881836,4.230000019073486,4.230000019073486,0.0,118893037
2022-12-22,3.58388352394104,4.269999980926514,0.0,4.28000020980835,4.25,4.260000228881836,0.0,129688869
2022-12-23,3.5670974254608154,4.25,0.0,4.269999980926514,4.25,4.269999980926514,0.0,90459786
2022-12-26,3.575490713119507,4.260000228881836,0.0,4.28000020980835,4.239999771118164,4.260000228881836,0.0,147070124
2022-12-27,3.6090636253356934,4.300000190734863,0.0,4.309999942779541,4.260000228881836,4.269999980926514,0.0,184963329
2022-12-28,3.625849962234497,4.320000171661377,0.0,4.329999923706055,4.289999961853027,4.300000190734863,0.0,175591554
2022-12-29,3.6090636253356934,4.300000190734863,0.0,4.320000171661377,4.260000228881836,4.309999942779541,0.0,188566553
2022-12-30,3.6426360607147217,4.340000152587891,0.0,4.349999904632568,4.300000190734863,4.309999942779541,0.0,298338666
2023-01-03,3.6174564361572266,4.309999942779541,0.0,4.340000152587891,4.300000190734863,4.340000152587891,0.0,242880970
2023-01-04,3.6594223976135254,4.360000133514404,0.0,4.360000133514404,4.309999942779541,4.320000171661377,0.0,235147735
2023-01-05,3.6342427730560303,4.329999923706055,0.0,4.380000114440918,4.329999923706055,4.360000133514404,0.0,201779778
2023-01-06,3.6426360607147217,4.340000152587891,0.0,4.349999904632568,4.309999942779541,4.329999923706055,0.0,168713802
2023-01-09,3.6342427730560303,4.329999923706055,0.0,4.360000133514404,4.329999923706055,4.349999904632568,0.0,166679160
2023-01-10,3.6090636253356934,4.300000190734863,0.0,4.340000152587891,4.300000190734863,4.340000152587891,0.0,175125873
2023-01-11,3.6174564361572266,4.309999942779541,0.0,4.320000171661377,4.289999961853027,4.300000190734863,0.0,134949638
2023-01-12,3.6090636253356934,4.300000190734863,0.0,4.320000171661377,4.289999961853027,4.309999942779541,0.0,109553061
2023-01-13,3.6426360607147217,4.340000152587891,0.0,4.340000152587891,4.300000190734863,4.300000190734863,0.0,131055643
2023-01-16,3.6426360607147217,4.340000152587891,0.0,4.360000133514404,4.329999923706055,4.340000152587891,0.0,223950053
2023-01-17,3.6342427730560303,4.329999923706055,0.0,4.349999904632568,4.309999942779541,4.340000152587891,0.0,134839646
2023-01-18,3.6426360607147217,4.340000152587891,0.0,4.349999904632568,4.329999923706055,4.329999923706055,0.0,129040220
2023-01-19,3.6342427730560303,4.329999923706055,0.0,4.340000152587891,4.309999942779541,4.329999923706055,0.0,131115398
2023-01-20,3.6342427730560303,4.329999923706055,0.0,4.340000152587891,4.320000171661377,4.329999923706055,0.0,142323356
2023-01-30,3.625849962234497,4.320000171661377,0.0,4.349999904632568,4.309999942779541,4.340000152587891,0.0,245108379
2023-01-31,3.625849962234497,4.320000171661377,0.0,4.329999923706055,4.309999942779541,4.320000171661377,0.0,168763524
2023-02-01,3.6174564361572266,4.309999942779541,0.0,4.329999923706055,4.300000190734863,4.320000171661377,0.0,172925259
2023-02-02,3.6090636253356934,4.300000190734863,0.0,4.320000171661377,4.300000190734863,4.320000171661377,0.0,202073628
2023-02-03,3.6090636253356934,4.300000190734863,0.0,4.309999942779541,4.289999961853027,4.300000190734863,0.0,197419101
2023-02-06,3.600670099258423,4.289999961853027,0.0,4.300000190734863,4.28000020980835,4.300000190734863,0.0,216213750
2023-02-07,3.600670099258423,4.289999961853027,0.0,4.309999942779541,4.28000020980835,4.289999961853027,0.0,158352142
2023-02-08,3.6090636253356934,4.300000190734863,0.0,4.309999942779541,4.289999961853027,4.300000190734863,0.0,129492829
2023-02-09,3.6090636253356934,4.300000190734863,0.0,4.309999942779541,4.289999961853027,4.289999961853027,0.0,130765909
2023-02-10,3.6174564361572266,4.309999942779541,0.0,4.309999942779541,4.289999961853027,4.309999942779541,0.0,120237620
2023-02-13,3.600670099258423,4.289999961853027,0.0,4.309999942779541,4.289999961853027,4.300000190734863,0.0,190254036
2023-02-14,3.6090636253356934,4.300000190734863,0.0,4.309999942779541,4.289999961853027,4.300000190734863,0.0,106455757
2023-02-15,3.600670099258423,4.289999961853027,0.0,4.309999942779541,4.28000020980835,4.300000190734863,0.0,204044617
2023-02-16,3.5922770500183105,4.28000020980835,0.0,4.300000190734863,4.28000020980835,4.289999961853027,0.0,189424699
2023-02-17,3.5922770500183105,4.28000020980835,0.0,4.300000190734863,4.28000020980835,4.28000020980835,0.0,178639516
2023-02-20,3.6174564361572266,4.309999942779541,0.0,4.309999942779541,4.28000020980835,4.289999961853027,0.0,233984407
2023-02-21,3.625849962234497,4.320000171661377,0.0,4.320000171661377,4.300000190734863,4.300000190734863,0.0,167893037
2023-02-22,3.6090636253356934,4.300000190734863,0.0,4.320000171661377,4.300000190734863,4.320000171661377,0.0,93751993
2023-02-23,3.6090636253356934,4.300000190734863,0.0,4.320000171661377,4.300000190734863,4.309999942779541,0.0,121562807
2023-02-24,3.600670099258423,4.289999961853027,0.0,4.309999942779541,4.289999961853027,4.309999942779541,0.0,139118256
2023-02-27,3.600670099258423,4.289999961853027,0.0,4.300000190734863,4.28000020980835,4.289999961853027,0.0,120180177
2023-02-28,3.6090636253356934,4.300000190734863,0.0,4.300000190734863,4.28000020980835,4.289999961853027,0.0,158050125
2023-03-01,3.6090636253356934,4.300000190734863,0.0,4.309999942779541,4.289999961853027,4.300000190734863,0.0,257556670
2023-03-02,3.625849962234497,4.320000171661377,0.0,4.320000171661377,4.289999961853027,4.300000190734863,0.0,220929425
2023-03-03,3.6594223976135254,4.360000133514404,0.0,4.369999885559082,4.320000171661377,4.320000171661377,0.0,322251125
2023-03-06,3.651029109954834,4.349999904632568,0.0,4.380000114440918,4.340000152587891,4.369999885559082,0.0,321861178
2023-03-07,3.6846015453338623,4.389999866485596,0.0,4.480000019073486,4.340000152587891,4.349999904632568,0.0,677093404
2023-03-08,3.692995071411133,4.400000095367432,0.0,4.409999847412109,4.349999904632568,4.369999885559082,0.0,251397716
2023-03-09,3.676208734512329,4.380000114440918,0.0,4.440000057220459,4.380000114440918,4.400000095367432,0.0,241087853
2023-03-10,3.6426360607147217,4.340000152587891,0.0,4.380000114440918,4.340000152587891,4.360000133514404,0.0,222125432
2023-03-13,3.692995071411133,4.400000095367432,0.0,4.409999847412109,4.329999923706055,4.340000152587891,0.0,249191240
2023-03-14,3.701388120651245,4.409999847412109,0.0,4.440000057220459,4.380000114440918,4.389999866485596,0.0,254264476
2023-03-15,3.743354320526123,4.460000038146973,0.0,4.46999979019165,4.409999847412109,4.429999828338623,0.0,289683079
2023-03-16,3.793712854385376,4.519999980926514,0.0,4.570000171661377,4.440000057220459,4.449999809265137,0.0,587394744
2023-03-17,3.793712854385376,4.519999980926514,0.0,4.579999923706055,4.489999771118164,4.53000020980835,0.0,342858062
2023-03-20,3.785320281982422,4.510000228881836,0.0,4.599999904632568,4.5,4.519999980926514,0.0,338644615
2023-03-21,3.7349610328674316,4.449999809265137,0.0,4.550000190734863,4.440000057220459,4.519999980926514,0.0,273510246
2023-03-22,3.793712854385376,4.519999980926514,0.0,4.519999980926514,4.449999809265137,4.460000038146973,0.0,221808782
2023-03-23,3.793712854385376,4.519999980926514,0.0,4.53000020980835,4.480000019073486,4.510000228881836,0.0,189847348
2023-03-24,3.7601404190063477,4.480000019073486,0.0,4.510000228881836,4.46999979019165,4.510000228881836,0.0,161952887
2023-03-27,3.743354320526123,4.460000038146973,0.0,4.480000019073486,4.409999847412109,4.46999979019165,0.0,212695930
2023-03-28,3.7685329914093018,4.489999771118164,0.0,4.5,4.440000057220459,4.46999979019165,0.0,171859069
2023-03-29,3.785320281982422,4.510000228881836,0.0,4.53000020980835,4.460000038146973,4.5,0.0,215332456
2023-03-30,3.793712854385376,4.519999980926514,0.0,4.550000190734863,4.480000019073486,4.510000228881836,0.0,181026632
2023-03-31,3.743354320526123,4.460000038146973,0.0,4.519999980926514,4.449999809265137,4.519999980926514,0.0,234562482
2023-04-03,3.7349610328674316,4.449999809265137,0.0,4.46999979019165,4.440000057220459,4.460000038146973,0.0,200518609
2023-04-04,3.793712854385376,4.519999980926514,0.0,4.519999980926514,4.440000057220459,4.449999809265137,0.0,306159133
2023-04-06,3.8021061420440674,4.53000020980835,0.0,4.539999961853027,4.489999771118164,4.510000228881836,0.0,195821608
2023-04-07,3.8021061420440674,4.53000020980835,0.0,4.539999961853027,4.510000228881836,4.519999980926514,0.0,124734768
2023-04-10,3.81889271736145,4.550000190734863,0.0,4.559999942779541,4.5,4.53000020980835,0.0,240344917
2023-04-11,3.81889271736145,4.550000190734863,0.0,4.570000171661377,4.53000020980835,4.550000190734863,0.0,185217653
2023-04-12,3.8692514896392822,4.610000133514404,0.0,4.639999866485596,4.550000190734863,4.559999942779541,0.0,319851803
2023-04-13,3.886038303375244,4.630000114440918,0.0,4.650000095367432,4.579999923706055,4.599999904632568,0.0,218734268
2023-04-14,3.886038303375244,4.630000114440918,0.0,4.650000095367432,4.610000133514404,4.650000095367432,0.0,151496089
2023-04-17,3.9699695110321045,4.730000019073486,0.0,4.739999771118164,4.619999885559082,4.630000114440918,0.0,355629181
2023-04-18,4.003542900085449,4.769999980926514,0.0,4.809999942779541,4.71999979019165,4.730000019073486,0.0,395257434
2023-04-19,3.995149612426758,4.760000228881836,0.0,4.800000190734863,4.75,4.769999980926514,0.0,269921378
2023-04-20,3.978362798690796,4.739999771118164,0.0,4.789999961853027,4.679999828338623,4.760000228881836,0.0,318001341
2023-04-21,3.9447896480560303,4.699999809265137,0.0,4.789999961853027,4.690000057220459,4.739999771118164,0.0,315854005
2023-04-24,3.961576461791992,4.71999979019165,0.0,4.75,4.679999828338623,4.699999809265137,0.0,306206810
2023-04-25,3.9867563247680664,4.75,0.0,4.78000020980835,4.710000038146973,4.710000038146973,0.0,391567475
2023-04-26,3.9867563247680664,4.75,0.0,4.78000020980835,4.650000095367432,4.739999771118164,0.0,400961115
2023-04-27,3.9867563247680664,4.75,0.0,4.75,4.699999809265137,4.739999771118164,0.0,265707962
2023-04-28,3.961576461791992,4.71999979019165,0.0,4.78000020980835,4.699999809265137,4.739999771118164,0.0,250324400
2023-05-04,4.154619216918945,4.949999809265137,0.0,4.960000038146973,4.679999828338623,4.699999809265137,0.0,728970842
2023-05-05,4.1881914138793945,4.989999771118164,0.0,5.099999904632568,4.940000057220459,4.940000057220459,0.0,682881000
2023-05-08,4.448380470275879,5.300000190734863,0.0,5.360000133514404,5.010000228881836,5.019999980926514,0.0,1048861302
2023-05-09,4.423200607299805,5.269999980926514,0.0,5.46999979019165,5.21999979019165,5.369999885559082,0.0,933498615
2023-05-10,4.221765041351318,5.03000020980835,0.0,5.260000228881836,4.989999771118164,5.21999979019165,0.0,751635446
2023-05-11,4.196585178375244,5.0,0.0,5.110000133514404,4.989999771118164,5.03000020980835,0.0,403736261
2023-05-12,4.179798603057861,4.980000019073486,0.0,5.050000190734863,4.949999809265137,4.989999771118164,0.0,365183927
2023-05-15,4.230157852172852,5.039999961853027,0.0,5.059999942779541,4.849999904632568,4.989999771118164,0.0,512125141
2023-05-16,4.204978942871094,5.010000228881836,0.0,5.139999866485596,4.980000019073486,5.039999961853027,0.0,323857900
2023-05-17,4.1881914138793945,4.989999771118164,0.0,5.039999961853027,4.929999828338623,4.989999771118164,0.0,261539551
2023-05-18,4.297302722930908,5.119999885559082,0.0,5.179999828338623,4.989999771118164,5.0,0.0,440289321
2023-05-19,4.230157852172852,5.039999961853027,0.0,5.139999866485596,5.039999961853027,5.110000133514404,0.0,308225032
2023-05-22,4.255337715148926,5.070000171661377,0.0,5.150000095367432,5.019999980926514,5.039999961853027,0.0,257869576
2023-05-23,4.137833118438721,4.929999828338623,0.0,5.110000133514404,4.909999847412109,5.059999942779541,0.0,441179999
2023-05-24,3.995149612426758,4.760000228881836,0.0,4.960000038146973,4.75,4.949999809265137,0.0,522754145
2023-05-25,3.978362798690796,4.739999771118164,0.0,4.769999980926514,4.699999809265137,4.730000019073486,0.0,346134735
2023-05-26,4.028722286224365,4.800000190734863,0.0,4.840000152587891,4.71999979019165,4.739999771118164,0.0,234693092
2023-05-29,4.070687294006348,4.849999904632568,0.0,4.880000114440918,4.800000190734863,4.809999942779541,0.0,298055948
2023-05-30,4.045507907867432,4.820000171661377,0.0,4.880000114440918,4.789999961853027,4.840000152587891,0.0,268917549
2023-05-31,4.053900718688965,4.829999923706055,0.0,4.869999885559082,4.78000020980835,4.809999942779541,0.0,251354153
2023-06-01,4.079081058502197,4.860000133514404,0.0,4.920000076293945,4.800000190734863,4.820000171661377,0.0,270866017
2023-06-02,4.09586763381958,4.880000114440918,0.0,4.900000095367432,4.840000152587891,4.860000133514404,0.0,159486842
2023-06-05,4.163012504577637,4.960000038146973,0.0,4.980000019073486,4.860000133514404,4.880000114440918,0.0,196182025
2023-06-06,4.163012504577637,4.960000038146973,0.0,5.050000190734863,4.940000057220459,4.960000038146973,0.0,250176490
2023-06-07,4.204978942871094,5.010000228881836,0.0,5.050000190734863,4.96999979019165,4.96999979019165,0.0,219296442
2023-06-08,4.272124290466309,5.090000152587891,0.0,5.099999904632568,4.980000019073486,5.010000228881836,0.0,241381683
2023-06-09,4.255337715148926,5.070000171661377,0.0,5.119999885559082,5.059999942779541,5.079999923706055,0.0,211425548
2023-06-12,4.17140531539917,4.96999979019165,0.0,5.090000152587891,4.949999809265137,5.079999923706055,0.0,270665625
2023-06-13,4.196585178375244,5.0,0.0,5.010000228881836,4.949999809265137,4.960000038146973,0.0,162239381
2023-06-14,4.0874738693237305,4.869999885559082,0.0,5.019999980926514,4.860000133514404,4.989999771118164,0.0,350457716
2023-06-15,4.121046543121338,4.909999847412109,0.0,4.960000038146973,4.869999885559082,4.900000095367432,0.0,225251916
2023-06-16,4.09586763381958,4.880000114440918,0.0,4.920000076293945,4.880000114440918,4.909999847412109,0.0,217723833
2023-06-19,4.053900718688965,4.829999923706055,0.0,4.889999866485596,4.809999942779541,4.880000114440918,0.0,229411514
2023-06-20,4.053900718688965,4.829999923706055,0.0,4.869999885559082,4.800000190734863,4.829999923706055,0.0,175480258
2023-06-21,4.070687294006348,4.849999904632568,0.0,4.929999828338623,4.809999942779541,4.820000171661377,0.0,273608767
2023-06-26,4.003542900085449,4.769999980926514,0.0,4.860000133514404,4.75,4.849999904632568,0.0,298983796
2023-06-27,4.03711462020874,4.809999942779541,0.0,4.820000171661377,4.730000019073486,4.769999980926514,0.0,212921448
2023-06-28,4.045507907867432,4.820000171661377,0.0,4.840000152587891,4.78000020980835,4.800000190734863,0.0,191402617
2023-06-29,4.011935234069824,4.78000020980835,0.0,4.820000171661377,4.78000020980835,4.809999942779541,0.0,176864700
2023-06-30,4.045507907867432,4.820000171661377,0.0,4.840000152587891,4.789999961853027,4.789999961853027,0.0,178939386
2023-07-03,4.09586763381958,4.880000114440918,0.0,4.889999866485596,4.800000190734863,4.840000152587891,0.0,288517237
2023-07-04,4.053900718688965,4.829999923706055,0.0,4.880000114440918,4.820000171661377,4.869999885559082,0.0,223608129
2023-07-05,4.045507907867432,4.820000171661377,0.0,4.849999904632568,4.789999961853027,4.829999923706055,0.0,165050824
2023-07-06,4.003542900085449,4.769999980926514,0.0,4.829999923706055,4.760000228881836,4.800000190734863,0.0,240267818
2023-07-07,3.995149612426758,4.760000228881836,0.0,4.809999942779541,4.75,4.760000228881836,0.0,220464340
2023-07-10,4.003542900085449,4.769999980926514,0.0,4.789999961853027,4.75,4.769999980926514,0.0,125939340
2023-07-11,4.053900718688965,4.829999923706055,0.0,4.840000152587891,4.78000020980835,4.789999961853027,0.0,181036138
2023-07-12,4.03711462020874,4.809999942779541,0.0,4.860000133514404,4.800000190734863,4.829999923706055,0.0,186267315
2023-07-13,4.0874738693237305,4.869999885559082,0.0,4.889999866485596,4.820000171661377,4.820000171661377,0.0,258113339
2023-07-14,4.0874738693237305,4.869999885559082,0.0,4.900000095367432,4.840000152587891,4.880000114440918,0.0,305679951
2023-07-17,4.090607166290283,4.570000171661377,0.3035,4.610000133514404,4.550000190734863,4.599999904632568,0.0,287292576
2023-07-18,4.063753604888916,4.539999961853027,0.0,4.579999923706055,4.519999980926514,4.570000171661377,0.0,210410278
2023-07-19,4.081655979156494,4.559999942779541,0.0,4.570000171661377,4.519999980926514,4.53000020980835,0.0,145154682
2023-07-20,4.099557876586914,4.579999923706055,0.0,4.599999904632568,4.559999942779541,4.570000171661377,0.0,144410538
2023-07-21,4.099557876586914,4.579999923706055,0.0,4.590000152587891,4.559999942779541,4.570000171661377,0.0,130322632
2023-07-24,4.090607166290283,4.570000171661377,0.0,4.590000152587891,4.539999961853027,4.570000171661377,0.0,115890583
2023-07-25,4.135362148284912,4.619999885559082,0.0,4.630000114440918,4.579999923706055,4.590000152587891,0.0,192450760
2023-07-26,4.144313335418701,4.630000114440918,0.0,4.639999866485596,4.599999904632568,4.619999885559082,0.0,115433768
2023-07-27,4.206969738006592,4.699999809265137,0.0,4.75,4.630000114440918,4.630000114440918,0.0,240424094
2023-07-28,4.287528991699219,4.789999961853027,0.0,4.800000190734863,4.670000076293945,4.679999828338623,0.0,258504518
2023-07-31,4.269627094268799,4.769999980926514,0.0,4.860000133514404,4.739999771118164,4.800000190734863,0.0,282209705
2023-08-01,4.278578281402588,4.78000020980835,0.0,4.800000190734863,4.75,4.769999980926514,0.0,184994817
2023-08-02,4.180116653442383,4.670000076293945,0.0,4.760000228881836,4.650000095367432,4.75,0.0,301643561
2023-08-03,4.224871635437012,4.71999979019165,0.0,4.739999771118164,4.639999866485596,4.670000076293945,0.0,211053335
2023-08-04,4.24277400970459,4.739999771118164,0.0,4.78000020980835,4.699999809265137,4.739999771118164,0.0,235955082
2023-08-07,4.215920925140381,4.710000038146973,0.0,4.730000019073486,4.670000076293945,4.730000019073486,0.0,189989034
2023-08-08,4.189067840576172,4.679999828338623,0.0,4.710000038146973,4.670000076293945,4.699999809265137,0.0,129297486
2023-08-09,4.215920925140381,4.710000038146973,0.0,4.710000038146973,4.670000076293945,4.670000076293945,0.0,127589157
2023-08-10,4.198019027709961,4.690000057220459,0.0,4.710000038146973,4.670000076293945,4.699999809265137,0.0,125126326
2023-08-11,4.126410961151123,4.610000133514404,0.0,4.690000057220459,4.610000133514404,4.690000057220459,0.0,206555365
2023-08-14,4.081655979156494,4.559999942779541,0.0,4.590000152587891,4.539999961853027,4.590000152587891,0.0,206290437
2023-08-15,4.153264045715332,4.639999866485596,0.0,4.659999847412109,4.559999942779541,4.570000171661377,0.0,190195741
2023-08-16,4.153264045715332,4.639999866485596,0.0,4.650000095367432,4.599999904632568,4.619999885559082,0.0,131958720
2023-08-17,4.117459774017334,4.599999904632568,0.0,4.630000114440918,4.570000171661377,4.630000114440918,0.0,177738013
2023-08-18,4.126410961151123,4.610000133514404,0.0,4.670000076293945,4.579999923706055,4.590000152587891,0.0,210684420
2023-08-21,4.081655979156494,4.559999942779541,0.0,4.630000114440918,4.559999942779541,4.610000133514404,0.0,200805966
2023-08-22,4.135362148284912,4.619999885559082,0.0,4.639999866485596,4.550000190734863,4.570000171661377,0.0,259120096
2023-08-23,4.153264045715332,4.639999866485596,0.0,4.679999828338623,4.590000152587891,4.610000133514404,0.0,251984855
2023-08-24,4.108509063720703,4.590000152587891,0.0,4.659999847412109,4.590000152587891,4.650000095367432,0.0,211778809
2023-08-25,4.171165943145752,4.659999847412109,0.0,4.679999828338623,4.579999923706055,4.579999923706055,0.0,267093185
2023-08-28,4.233822822570801,4.730000019073486,0.0,4.800000190734863,4.679999828338623,4.800000190734863,0.0,433547377
2023-08-29,4.144313335418701,4.630000114440918,0.0,4.71999979019165,4.610000133514404,4.710000038146973,0.0,380580667
2023-08-30,4.108509063720703,4.590000152587891,0.0,4.630000114440918,4.570000171661377,4.630000114440918,0.0,325421081
2023-08-31,4.135362148284912,4.619999885559082,0.0,4.639999866485596,4.559999942779541,4.579999923706055,0.0,289427934
2023-09-01,4.090607166290283,4.570000171661377,0.0,4.610000133514404,4.550000190734863,4.590000152587891,0.0,296828399
2023-09-04,4.117459774017334,4.599999904632568,0.0,4.610000133514404,4.559999942779541,4.579999923706055,0.0,251176029
2023-09-05,4.108509063720703,4.590000152587891,0.0,4.599999904632568,4.579999923706055,4.590000152587891,0.0,166532913
2023-09-06,4.126410961151123,4.610000133514404,0.0,4.619999885559082,4.579999923706055,4.579999923706055,0.0,156562216
2023-09-07,4.135362148284912,4.619999885559082,0.0,4.639999866485596,4.599999904632568,4.610000133514404,0.0,211028480
2023-09-08,4.108509063720703,4.590000152587891,0.0,4.619999885559082,4.579999923706055,4.619999885559082,0.0,122821874
2023-09-11,4.108509063720703,4.590000152587891,0.0,4.610000133514404,4.579999923706055,4.590000152587891,0.0,173410368
2023-09-12,4.117459774017334,4.599999904632568,0.0,4.599999904632568,4.579999923706055,4.590000152587891,0.0,126071489
2023-09-13,4.135362148284912,4.619999885559082,0.0,4.630000114440918,4.590000152587891,4.599999904632568,0.0,206287857
2023-09-14,4.189067840576172,4.679999828338623,0.0,4.679999828338623,4.619999885559082,4.630000114440918,0.0,351170670
2023-09-15,4.144313335418701,4.630000114440918,0.0,4.699999809265137,4.630000114440918,4.679999828338623,0.0,239732357
2023-09-18,4.153264045715332,4.639999866485596,0.0,4.650000095367432,4.610000133514404,4.639999866485596,0.0,166125786
2023-09-19,4.189067840576172,4.679999828338623,0.0,4.679999828338623,4.630000114440918,4.639999866485596,0.0,206613320
2023-09-20,4.198019027709961,4.690000057220459,0.0,4.710000038146973,4.659999847412109,4.670000076293945,0.0,284415941
2023-09-21,4.198019027709961,4.690000057220459,0.0,4.739999771118164,4.679999828338623,4.690000057220459,0.0,298161943
2023-09-22,4.24277400970459,4.739999771118164,0.0,4.739999771118164,4.670000076293945,4.690000057220459,0.0,309988640
2023-09-25,4.233822822570801,4.730000019073486,0.0,4.760000228881836,4.71999979019165,4.739999771118164,0.0,237222711
2023-09-26,4.206969738006592,4.699999809265137,0.0,4.75,4.679999828338623,4.739999771118164,0.0,214847545
2023-09-27,4.162215232849121,4.650000095367432,0.0,4.710000038146973,4.650000095367432,4.699999809265137,0.0,225802862
2023-09-28,4.189067840576172,4.679999828338623,0.0,4.699999809265137,4.659999847412109,4.670000076293945,0.0,156971696
2023-10-09,4.180116653442383,4.670000076293945,0.0,4.699999809265137,4.630000114440918,4.650000095367432,0.0,214806559
2023-10-10,4.189067840576172,4.679999828338623,0.0,4.71999979019165,4.670000076293945,4.690000057220459,0.0,186035624
2023-10-11,4.224871635437012,4.71999979019165,0.0,4.730000019073486,4.690000057220459,4.690000057220459,0.0,269205011
2023-10-12,4.3322834968566895,4.840000152587891,0.0,4.849999904632568,4.78000020980835,4.800000190734863,0.0,567765757
2023-10-13,4.377038478851318,4.889999866485596,0.0,4.940000057220459,4.800000190734863,4.809999942779541,0.0,428227331
2023-10-16,4.403891563415527,4.920000076293945,0.0,4.940000057220459,4.849999904632568,4.880000114440918,0.0,282349473
2023-10-17,4.403891563415527,4.920000076293945,0.0,4.929999828338623,4.889999866485596,4.909999847412109,0.0,190043865
2023-10-18,4.412842750549316,4.929999828338623,0.0,4.980000019073486,4.900000095367432,4.909999847412109,0.0,275779040
2023-10-19,4.323332786560059,4.829999923706055,0.0,4.920000076293945,4.809999942779541,4.909999847412109,0.0,363163394
2023-10-20,4.287528991699219,4.789999961853027,0.0,4.840000152587891,4.760000228881836,4.800000190734863,0.0,274782494
2023-10-23,4.314382076263428,4.820000171661377,0.0,4.849999904632568,4.769999980926514,4.78000020980835,0.0,268713543
2023-10-24,4.260676383972168,4.760000228881836,0.0,4.829999923706055,4.730000019073486,4.820000171661377,0.0,335548267
2023-10-25,4.215920925140381,4.710000038146973,0.0,4.789999961853027,4.710000038146973,4.769999980926514,0.0,348926020
2023-10-26,4.287528991699219,4.789999961853027,0.0,4.800000190734863,4.710000038146973,4.710000038146973,0.0,306531320
2023-10-27,4.269627094268799,4.769999980926514,0.0,4.829999923706055,4.75,4.800000190734863,0.0,292963333
2023-10-30,4.198019027709961,4.690000057220459,0.0,4.760000228881836,4.659999847412109,4.75,0.0,468611543
2023-10-31,4.233822822570801,4.730000019073486,0.0,4.739999771118164,4.670000076293945,4.690000057220459,0.0,241111606
2023-11-01,4.269627094268799,4.769999980926514,0.0,4.78000020980835,4.699999809265137,4.739999771118164,0.0,216678245
2023-11-02,4.278578281402588,4.78000020980835,0.0,4.820000171661377,4.769999980926514,4.78000020980835,0.0,213221716
2023-11-03,4.24277400970459,4.739999771118164,0.0,4.789999961853027,4.730000019073486,4.78000020980835,0.0,199554443
2023-11-06,4.215920925140381,4.710000038146973,0.0,4.760000228881836,4.699999809265137,4.739999771118164,0.0,315553562
2023-11-07,4.224871635437012,4.71999979019165,0.0,4.75,4.690000057220459,4.710000038146973,0.0,176268114
2023-11-08,4.215920925140381,4.710000038146973,0.0,4.739999771118164,4.690000057220459,4.710000038146973,0.0,230797803
2023-11-09,4.278578281402588,4.78000020980835,0.0,4.789999961853027,4.699999809265137,4.699999809265137,0.0,277464405
2023-11-10,4.278578281402588,4.78000020980835,0.0,4.820000171661377,4.739999771118164,4.769999980926514,0.0,215701907
2023-11-13,4.260676383972168,4.760000228881836,0.0,4.78000020980835,4.71999979019165,4.78000020980835,0.0,178447223
2023-11-14,4.287528991699219,4.789999961853027,0.0,4.789999961853027,4.730000019073486,4.75,0.0,206539273
2023-11-15,4.287528991699219,4.789999961853027,0.0,4.800000190734863,4.769999980926514,4.78000020980835,0.0,151014482
2023-11-16,4.296480178833008,4.800000190734863,0.0,4.820000171661377,4.769999980926514,4.78000020980835,0.0,178304921
2023-11-17,4.278578281402588,4.78000020980835,0.0,4.809999942779541,4.760000228881836,4.800000190734863,0.0,173374518
2023-11-20,4.305430889129639,4.809999942779541,0.0,4.820000171661377,4.769999980926514,4.78000020980835,0.0,173724426
2023-11-21,4.305430889129639,4.809999942779541,0.0,4.840000152587891,4.800000190734863,4.809999942779541,0.0,185578621
2023-11-22,4.296480178833008,4.800000190734863,0.0,4.829999923706055,4.789999961853027,4.800000190734863,0.0,142623261
2023-11-23,4.296480178833008,4.800000190734863,0.0,4.809999942779541,4.769999980926514,4.809999942779541,0.0,171301515
2023-11-24,4.296480178833008,4.800000190734863,0.0,4.820000171661377,4.789999961853027,4.800000190734863,0.0,186232446
2023-11-27,4.278578281402588,4.78000020980835,0.0,4.800000190734863,4.75,4.789999961853027,0.0,218371003
2023-11-28,4.287528991699219,4.789999961853027,0.0,4.800000190734863,4.769999980926514,4.78000020980835,0.0,133351104
2023-11-29,4.269627094268799,4.769999980926514,0.0,4.789999961853027,4.760000228881836,4.78000020980835,0.0,160800736
2023-11-30,4.305430889129639,4.809999942779541,0.0,4.809999942779541,4.760000228881836,4.769999980926514,0.0,214640258
2023-12-01,4.305430889129639,4.809999942779541,0.0,4.829999923706055,4.789999961853027,4.800000190734863,0.0,250046651
2023-12-04,4.296480178833008,4.800000190734863,0.0,4.829999923706055,4.800000190734863,4.809999942779541,0.0,153186134
2023-12-05,4.260676383972168,4.760000228881836,0.0,4.809999942779541,4.760000228881836,4.800000190734863,0.0,198198879
2023-12-06,4.206969738006592,4.699999809265137,0.0,4.760000228881836,4.699999809265137,4.760000228881836,0.0,295296499
2023-12-07,4.233822822570801,4.730000019073486,0.0,4.75,4.679999828338623,4.699999809265137,0.0,234775811
2023-12-08,4.233822822570801,4.730000019073486,0.0,4.769999980926514,4.71999979019165,4.739999771118164,0.0,198378401
2023-12-11,4.233822822570801,4.730000019073486,0.0,4.75,4.650000095367432,4.71999979019165,0.0,279616194
2023-12-12,4.287528991699219,4.789999961853027,0.0,4.800000190734863,4.699999809265137,4.71999979019165,0.0,276903714
2023-12-13,4.287528991699219,4.789999961853027,0.0,4.809999942779541,4.769999980926514,4.789999961853027,0.0,249030427
2023-12-14,4.269627094268799,4.769999980926514,0.0,4.809999942779541,4.760000228881836,4.789999961853027,0.0,152173810
2023-12-15,4.233822822570801,4.730000019073486,0.0,4.789999961853027,4.730000019073486,4.769999980926514,0.0,195390487
2023-12-18,4.269627094268799,4.769999980926514,0.0,4.800000190734863,4.710000038146973,4.730000019073486,0.0,238076215
2023-12-19,4.287528991699219,4.789999961853027,0.0,4.800000190734863,4.760000228881836,4.769999980926514,0.0,175394013
2023-12-20,4.287528991699219,4.789999961853027,0.0,4.829999923706055,4.769999980926514,4.800000190734863,0.0,221981982
2023-12-21,4.287528991699219,4.789999961853027,0.0,4.800000190734863,4.730000019073486,4.78000020980835,0.0,246534466
2023-12-22,4.278578281402588,4.78000020980835,0.0,4.800000190734863,4.760000228881836,4.789999961853027,0.0,221855554
2023-12-25,4.296480178833008,4.800000190734863,0.0,4.809999942779541,4.769999980926514,4.769999980926514,0.0,109480935
2023-12-26,4.314382076263428,4.820000171661377,0.0,4.820000171661377,4.789999961853027,4.800000190734863,0.0,148737176
2023-12-27,4.323332786560059,4.829999923706055,0.0,4.840000152587891,4.78000020980835,4.820000171661377,0.0,184318820
2023-12-28,4.269627094268799,4.769999980926514,0.0,4.849999904632568,4.769999980926514,4.829999923706055,0.0,346516202
2023-12-29,4.278578281402588,4.78000020980835,0.0,4.800000190734863,4.769999980926514,4.78000020980835,0.0,180047763
2024-01-02,4.287528991699219,4.789999961853027,0.0,4.829999923706055,4.769999980926514,4.78000020980835,0.0,207181111
2024-01-03,4.3322834968566895,4.840000152587891,0.0,4.849999904632568,4.78000020980835,4.789999961853027,0.0,248895427
2024-01-04,4.377038478851318,4.889999866485596,0.0,4.900000095367432,4.829999923706055,4.840000152587891,0.0,286567559
2024-01-05,4.359136581420898,4.869999885559082,0.0,4.940000057220459,4.860000133514404,4.889999866485596,0.0,286074720
2024-01-08,4.3680877685546875,4.880000114440918,0.0,4.909999847412109,4.849999904632568,4.869999885559082,0.0,325225728
2024-01-09,4.3680877685546875,4.880000114440918,0.0,4.889999866485596,4.829999923706055,4.880000114440918,0.0,225734456
2024-01-10,4.34123420715332,4.849999904632568,0.0,4.909999847412109,4.829999923706055,4.869999885559082,0.0,234243492
2024-01-11,4.278578281402588,4.78000020980835,0.0,4.849999904632568,4.769999980926514,4.840000152587891,0.0,330666851
2024-01-12,4.305430889129639,4.809999942779541,0.0,4.829999923706055,4.760000228881836,4.769999980926514,0.0,230066493
2024-01-15,4.350185871124268,4.860000133514404,0.0,4.860000133514404,4.789999961853027,4.800000190734863,0.0,181048290
2024-01-16,4.377038478851318,4.889999866485596,0.0,4.900000095367432,4.840000152587891,4.840000152587891,0.0,248039913
2024-01-17,4.3322834968566895,4.840000152587891,0.0,4.900000095367432,4.840000152587891,4.880000114440918,0.0,276631705
2024-01-18,4.34123420715332,4.849999904632568,0.0,4.880000114440918,4.71999979019165,4.829999923706055,0.0,523277295
2024-01-19,4.377038478851318,4.889999866485596,0.0,4.889999866485596,4.789999961853027,4.829999923706055,0.0,386721535
2024-01-22,4.377038478851318,4.889999866485596,0.0,4.940000057220459,4.860000133514404,4.869999885559082,0.0,442063513
2024-01-23,4.377038478851318,4.889999866485596,0.0,4.920000076293945,4.840000152587891,4.889999866485596,0.0,310748810
2024-01-24,4.448646068572998,4.96999979019165,0.0,4.980000019073486,4.880000114440918,4.900000095367432,0.0,334847464
2024-01-25,4.484450817108154,5.010000228881836,0.0,5.050000190734863,4.96999979019165,4.980000019073486,0.0,343758376
2024-01-26,4.556058883666992,5.090000152587891,0.0,5.110000133514404,4.989999771118164,5.010000228881836,0.0,389936754
2024-01-29,4.618715286254883,5.159999847412109,0.0,5.199999809265137,5.079999923706055,5.079999923706055,0.0,384404139
2024-01-30,4.591862678527832,5.130000114440918,0.0,5.179999828338623,5.090000152587891,5.139999866485596,0.0,291481662
2024-01-31,4.62766695022583,5.170000076293945,0.0,5.190000057220459,5.099999904632568,5.119999885559082,0.0,296385863
2024-02-01,4.600813388824463,5.139999866485596,0.0,5.199999809265137,5.130000114440918,5.150000095367432,0.0,299371509
2024-02-02,4.62766695022583,5.170000076293945,0.0,5.199999809265137,5.090000152587891,5.139999866485596,0.0,407597819
2024-02-05,4.735078811645508,5.289999961853027,0.0,5.300000190734863,5.159999847412109,5.170000076293945,0.0,615938832
2024-02-06,4.761931896209717,5.320000171661377,0.0,5.380000114440918,5.269999980926514,5.289999961853027,0.0,564913691
2024-02-07,4.681373119354248,5.230000019073486,0.0,5.309999942779541,5.079999923706055,5.309999942779541,0.0,775335496
2024-02-08,4.618715286254883,5.159999847412109,0.0,5.170000076293945,5.090000152587891,5.159999847412109,0.0,465369343
2024-02-19,4.71717643737793,5.269999980926514,0.0,5.28000020980835,5.099999904632568,5.159999847412109,0.0,479714386
2024-02-20,4.788784980773926,5.349999904632568,0.0,5.360000133514404,5.230000019073486,5.269999980926514,0.0,305978096
2024-02-21,4.8424906730651855,5.409999847412109,0.0,5.46999979019165,5.329999923706055,5.340000152587891,0.0,346734893
2024-02-22,4.851441860198975,5.420000076293945,0.0,5.429999828338623,5.360000133514404,5.400000095367432,0.0,223127868
2024-02-23,4.905148029327393,5.480000019073486,0.0,5.519999980926514,5.409999847412109,5.409999847412109,0.0,358318546
2024-02-26,4.761931896209717,5.320000171661377,0.0,5.480000019073486,5.300000190734863,5.480000019073486,0.0,367717860
2024-02-27,4.744029998779297,5.300000190734863,0.0,5.360000133514404,5.25,5.300000190734863,0.0,294099947
2024-02-28,4.770882606506348,5.329999923706055,0.0,5.369999885559082,5.230000019073486,5.300000190734863,0.0,380609395
2024-02-29,4.770882606506348,5.329999923706055,0.0,5.360000133514404,5.300000190734863,5.309999942779541,0.0,252077765
2024-03-01,4.779833793640137,5.340000152587891,0.0,5.349999904632568,5.289999961853027,5.320000171661377,0.0,247751146
2024-03-04,4.761931896209717,5.320000171661377,0.0,5.340000152587891,5.28000020980835,5.320000171661377,0.0,255757275
2024-03-05,4.8872456550598145,5.460000038146973,0.0,5.480000019073486,5.300000190734863,5.320000171661377,0.0,429846712
2024-03-06,4.788784980773926,5.349999904632568,0.0,5.489999771118164,5.349999904632568,5.449999809265137,0.0,352787155
2024-03-07,4.815638065338135,5.380000114440918,0.0,5.400000095367432,5.340000152587891,5.349999904632568,0.0,307459409
2024-03-08,4.824588775634766,5.389999866485596,0.0,5.400000095367432,5.340000152587891,5.369999885559082,0.0,247200399
2024-03-11,4.806686878204346,5.369999885559082,0.0,5.389999866485596,5.329999923706055,5.380000114440918,0.0,224302648
2024-03-12,4.654519557952881,5.199999809265137,0.0,5.360000133514404,5.190000057220459,5.360000133514404,0.0,511714772
2024-03-13,4.62766695022583,5.170000076293945,0.0,5.210000038146973,5.139999866485596,5.190000057220459,0.0,300360721
2024-03-14,4.64556884765625,5.190000057220459,0.0,5.230000019073486,5.139999866485596,5.159999847412109,0.0,241311421
2024-03-15,4.66347074508667,5.210000038146973,0.0,5.239999771118164,5.190000057220459,5.190000057220459,0.0,225861420
2024-03-18,4.636617660522461,5.179999828338623,0.0,5.21999979019165,5.170000076293945,5.210000038146973,0.0,191173451
2024-03-19,4.609764575958252,5.150000095367432,0.0,5.199999809265137,5.150000095367432,5.179999828338623,0.0,202804619
2024-03-20,4.654519557952881,5.199999809265137,0.0,5.21999979019165,5.119999885559082,5.150000095367432,0.0,245397599
2024-03-21,4.672421455383301,5.21999979019165,0.0,5.239999771118164,5.179999828338623,5.199999809265137,0.0,205106253
2024-03-22,4.699275016784668,5.25,0.0,5.269999980926514,5.179999828338623,5.230000019073486,0.0,265784434
2024-03-25,4.735078811645508,5.289999961853027,0.0,5.289999961853027,5.239999771118164,5.25,0.0,237408100
2024-03-26,4.770882606506348,5.329999923706055,0.0,5.329999923706055,5.260000228881836,5.289999961853027,0.0,243359624
2024-03-27,4.797736167907715,5.360000133514404,0.0,5.389999866485596,5.300000190734863,5.320000171661377,0.0,290707855
2024-03-28,4.699275016784668,5.25,0.0,5.349999904632568,5.21999979019165,5.340000152587891,0.0,397889768
2024-03-29,4.726127624511719,5.28000020980835,0.0,5.329999923706055,5.230000019073486,5.25,0.0,159204013
2024-04-01,4.735078811645508,5.289999961853027,0.0,5.320000171661377,5.269999980926514,5.28000020980835,0.0,201919927
2024-04-02,4.779833793640137,5.340000152587891,0.0,5.360000133514404,5.28000020980835,5.289999961853027,0.0,314250134
2024-04-03,4.770882606506348,5.329999923706055,0.0,5.360000133514404,5.300000190734863,5.340000152587891,0.0,218224133
2024-04-08,4.833539962768555,5.400000095367432,0.0,5.409999847412109,5.309999942779541,5.329999923706055,0.0,307046883
2024-04-09,4.770882606506348,5.329999923706055,0.0,5.440000057220459,5.320000171661377,5.400000095367432,0.0,313915016
2024-04-10,4.779833793640137,5.340000152587891,0.0,5.389999866485596,5.320000171661377,5.340000152587891,0.0,244947247
2024-04-11,4.761931896209717,5.320000171661377,0.0,5.340000152587891,5.269999980926514,5.320000171661377,0.0,200263755
2024-04-12,4.761931896209717,5.320000171661377,0.0,5.349999904632568,5.289999961853027,5.320000171661377,0.0,248394369
2024-04-15,4.851441860198975,5.420000076293945,0.0,5.429999828338623,5.329999923706055,5.329999923706055,0.0,401243940
2024-04-16,4.8961968421936035,5.46999979019165,0.0,5.5,5.380000114440918,5.420000076293945,0.0,400069253
2024-04-17,4.9230499267578125,5.5,0.0,5.519999980926514,5.389999866485596,5.449999809265137,0.0,332204161
2024-04-18,4.940951824188232,5.519999980926514,0.0,5.630000114440918,5.480000019073486,5.489999771118164,0.0,387972759
2024-04-19,4.9678053855896,5.550000190734863,0.0,5.590000152587891,5.5,5.5,0.0,255940597
2024-04-22,4.905148029327393,5.480000019073486,0.0,5.639999866485596,5.46999979019165,5.570000171661377,0.0,327521249
2024-04-23,4.9230499267578125,5.5,0.0,5.579999923706055,5.460000038146973,5.489999771118164,0.0,330912967
2024-04-24,4.8961968421936035,5.46999979019165,0.0,5.519999980926514,5.460000038146973,5.5,0.0,236025975
2024-04-25,4.914099216461182,5.489999771118164,0.0,5.5,5.449999809265137,5.480000019073486,0.0,165074556
2024-04-26,4.833539962768555,5.400000095367432,0.0,5.539999961853027,5.389999866485596,5.489999771118164,0.0,471033131
2024-04-29,4.815638065338135,5.380000114440918,0.0,5.440000057220459,5.340000152587891,5.389999866485596,0.0,349015064
2024-04-30,4.8603925704956055,5.429999828338623,0.0,5.449999809265137,5.360000133514404,5.369999885559082,0.0,260174383
2024-05-06,4.806686878204346,5.369999885559082,0.0,5.46999979019165,5.360000133514404,5.449999809265137,0.0,405871400
2024-05-07,4.833539962768555,5.400000095367432,0.0,5.409999847412109,5.349999904632568,5.369999885559082,0.0,278163143
2024-05-08,4.8424906730651855,5.409999847412109,0.0,5.449999809265137,5.380000114440918,5.400000095367432,0.0,296767233
2024-05-09,4.815638065338135,5.380000114440918,0.0,5.409999847412109,5.369999885559082,5.400000095367432,0.0,240195598
2024-05-10,4.833539962768555,5.400000095367432,0.0,5.420000076293945,5.380000114440918,5.389999866485596,0.0,264686114
2024-05-13,4.8424906730651855,5.409999847412109,0.0,5.429999828338623,5.360000133514404,5.400000095367432,0.0,239093956
2024-05-14,4.806686878204346,5.369999885559082,0.0,5.409999847412109,5.360000133514404,5.409999847412109,0.0,257866693
2024-05-15,4.815638065338135,5.380000114440918,0.0,5.389999866485596,5.360000133514404,5.369999885559082,0.0,142708145
2024-05-16,4.8424906730651855,5.409999847412109,0.0,5.420000076293945,5.360000133514404,5.369999885559082,0.0,297188855
2024-05-17,4.8961968421936035,5.46999979019165,0.0,5.46999979019165,5.389999866485596,5.409999847412109,0.0,383001626
2024-05-20,4.8872456550598145,5.460000038146973,0.0,5.53000020980835,5.440000057220459,5.46999979019165,0.0,331820267
2024-05-21,4.9230499267578125,5.5,0.0,5.510000228881836,5.440000057220459,5.460000038146973,0.0,273676042
2024-05-22,4.932001113891602,5.510000228881836,0.0,5.539999961853027,5.489999771118164,5.5,0.0,245844077
2024-05-23,4.914099216461182,5.489999771118164,0.0,5.53000020980835,5.46999979019165,5.519999980926514,0.0,224162538
2024-05-24,4.8693437576293945,5.440000057220459,0.0,5.510000228881836,5.440000057220459,5.489999771118164,0.0,226186085
2024-05-27,4.905148029327393,5.480000019073486,0.0,5.489999771118164,5.440000057220459,5.449999809265137,0.0,215568186
2024-05-28,4.914099216461182,5.489999771118164,0.0,5.510000228881836,5.460000038146973,5.480000019073486,0.0,195724015
2024-05-29,4.8961968421936035,5.46999979019165,0.0,5.510000228881836,5.449999809265137,5.489999771118164,0.0,227719946
2024-05-30,4.8693437576293945,5.440000057220459,0.0,5.480000019073486,5.420000076293945,5.46999979019165,0.0,223985068
2024-05-31,4.8603925704956055,5.429999828338623,0.0,5.46999979019165,5.429999828338623,5.449999809265137,0.0,203742314
2024-06-03,4.8693437576293945,5.440000057220459,0.0,5.449999809265137,5.409999847412109,5.429999828338623,0.0,215772721
2024-06-04,4.8961968421936035,5.46999979019165,0.0,5.46999979019165,5.440000057220459,5.440000057220459,0.0,175628796
2024-06-05,4.8872456550598145,5.460000038146973,0.0,5.480000019073486,5.449999809265137,5.46999979019165,0.0,188997545
2024-06-06,4.8872456550598145,5.460000038146973,0.0,5.489999771118164,5.449999809265137,5.460000038146973,0.0,237521446
2024-06-07,4.940951824188232,5.519999980926514,0.0,5.519999980926514,5.449999809265137,5.460000038146973,0.0,297294346
2024-06-11,4.8693437576293945,5.440000057220459,0.0,5.539999961853027,5.440000057220459,5.519999980926514,0.0,333761444
2024-06-12,4.833539962768555,5.400000095367432,0.0,5.449999809265137,5.360000133514404,5.440000057220459,0.0,323476183
2024-06-13,4.8603925704956055,5.429999828338623,0.0,5.440000057220459,5.389999866485596,5.400000095367432,0.0,180474450
2024-06-14,4.9230499267578125,5.5,0.0,5.519999980926514,5.420000076293945,5.429999828338623,0.0,369814097
2024-06-17,4.8603925704956055,5.429999828338623,0.0,5.5,5.400000095367432,5.489999771118164,0.0,273785828
2024-06-18,4.878294467926025,5.449999809265137,0.0,5.460000038146973,5.389999866485596,5.420000076293945,0.0,201065032
2024-06-19,4.9230499267578125,5.5,0.0,5.5,5.440000057220459,5.440000057220459,0.0,247937006
2024-06-20,4.940951824188232,5.519999980926514,0.0,5.519999980926514,5.480000019073486,5.5,0.0,213376662
2024-06-21,4.932001113891602,5.510000228881836,0.0,5.53000020980835,5.480000019073486,5.510000228881836,0.0,224827378
2024-06-24,4.9857072830200195,5.570000171661377,0.0,5.579999923706055,5.5,5.510000228881836,0.0,331721147
2024-06-25,5.0125603675842285,5.599999904632568,0.0,5.610000133514404,5.550000190734863,5.559999942779541,0.0,292474147
2024-06-26,5.0394134521484375,5.630000114440918,0.0,5.659999847412109,5.590000152587891,5.599999904632568,0.0,252470534
2024-06-27,5.102069854736328,5.699999809265137,0.0,5.710000038146973,5.599999904632568,5.619999885559082,0.0,315653580
2024-06-28,5.102069854736328,5.699999809265137,0.0,5.71999979019165,5.650000095367432,5.690000057220459,0.0,268553336
2024-07-01,5.209482192993164,5.820000171661377,0.0,5.849999904632568,5.679999828338623,5.690000057220459,0.0,320284626
2024-07-02,5.343747138977051,5.96999979019165,0.0,5.980000019073486,5.809999942779541,5.820000171661377,0.0,377040533
2024-07-03,5.272138595581055,5.889999866485596,0.0,5.980000019073486,5.849999904632568,5.960000038146973,0.0,274371879
2024-07-04,5.334795951843262,5.960000038146973,0.0,5.980000019073486,5.880000114440918,5.889999866485596,0.0,261898011
2024-07-05,5.334795951843262,5.960000038146973,0.0,5.960000038146973,5.960000038146973,5.960000038146973,0.0,0
2024-07-08,5.272138595581055,5.889999866485596,0.0,5.940000057220459,5.809999942779541,5.820000171661377,0.0,288364882
2024-07-09,5.316894054412842,5.940000057220459,0.0,5.940000057220459,5.849999904632568,5.889999866485596,0.0,295534319
2024-07-10,5.37060022354126,6.0,0.0,6.010000228881836,5.940000057220459,5.940000057220459,0.0,287630133
2024-07-11,5.307942867279053,5.929999828338623,0.0,6.0,5.860000133514404,6.0,0.0,376798473
2024-07-12,5.4422078132629395,6.079999923706055,0.0,6.099999904632568,5.909999847412109,5.920000076293945,0.0,400967281
2024-07-15,5.549619674682617,6.199999809265137,0.0,6.239999771118164,6.059999942779541,6.090000152587891,0.0,428958260
2024-07-16,5.546229839324951,5.889999866485596,0.3064,5.96999979019165,5.829999923706055,5.920000076293945,0.0,503559121
2024-07-17,5.565062522888184,5.909999847412109,0.0,5.940000057220459,5.840000152587891,5.880000114440918,0.0,321899185
2024-07-18,5.565062522888184,5.909999847412109,0.0,5.920000076293945,5.860000133514404,5.900000095367432,0.0,255386418
2024-07-19,5.565062522888184,5.909999847412109,0.0,5.920000076293945,5.820000171661377,5.900000095367432,0.0,360143972
2024-07-22,5.499148368835449,5.840000152587891,0.0,5.889999866485596,5.760000228881836,5.880000114440918,0.0,323060657
2024-07-23,5.659226417541504,6.010000228881836,0.0,6.059999942779541,5.809999942779541,5.820000171661377,0.0,508143809
2024-07-24,5.706307888031006,6.059999942779541,0.0,6.110000133514404,5.989999771118164,6.0,0.0,318449785
2024-07-25,5.706307888031006,6.059999942779541,0.0,6.119999885559082,5.96999979019165,6.050000190734863,0.0,411478668
2024-07-26,5.583895206451416,5.929999828338623,0.0,6.070000171661377,5.860000133514404,6.050000190734863,0.0,415945631
2024-07-29,5.630977630615234,5.980000019073486,0.0,5.980000019073486,5.840000152587891,5.920000076293945,0.0,261893127
2024-07-30,5.640393257141113,5.989999771118164,0.0,6.03000020980835,5.909999847412109,5.96999979019165,0.0,249533509
2024-07-31,5.5085649490356445,5.849999904632568,0.0,6.010000228881836,5.829999923706055,5.980000019073486,0.0,461472959
2024-08-01,5.536813735961914,5.880000114440918,0.0,5.909999847412109,5.730000019073486,5.829999923706055,0.0,373139397
2024-08-02,5.536813735961914,5.880000114440918,0.0,5.920000076293945,5.829999923706055,5.849999904632568,0.0,281415849
2024-08-05,5.527397155761719,5.869999885559082,0.0,5.949999809265137,5.829999923706055,5.880000114440918,0.0,319544631
2024-08-06,5.461483001708984,5.800000190734863,0.0,5.889999866485596,5.78000020980835,5.880000114440918,0.0,275470037
2024-08-07,5.480316162109375,5.820000171661377,0.0,5.880000114440918,5.800000190734863,5.820000171661377,0.0,227015219
2024-08-08,5.527397155761719,5.869999885559082,0.0,5.880000114440918,5.809999942779541,5.829999923706055,0.0,187175943
2024-08-09,5.574479103088379,5.920000076293945,0.0,5.929999828338623,5.840000152587891,5.869999885559082,0.0,185078805
2024-08-12,5.640393257141113,5.989999771118164,0.0,6.019999980926514,5.909999847412109,5.920000076293945,0.0,225847836
2024-08-13,5.649809837341309,6.0,0.0,6.079999923706055,5.929999828338623,5.989999771118164,0.0,240418694
2024-08-14,5.668642520904541,6.019999980926514,0.0,6.039999961853027,5.96999979019165,5.980000019073486,0.0,188044815
2024-08-15,5.696891784667969,6.050000190734863,0.0,6.059999942779541,6.0,6.019999980926514,0.0,206740074
2024-08-16,5.781639099121094,6.139999866485596,0.0,6.150000095367432,6.03000020980835,6.050000190734863,0.0,270194042
2024-08-19,5.904051780700684,6.269999980926514,0.0,6.289999961853027,6.099999904632568,6.139999866485596,0.0,338863514
2024-08-20,6.01704740524292,6.389999866485596,0.0,6.400000095367432,6.25,6.260000228881836,0.0,399597420
2024-08-21,5.932300567626953,6.300000190734863,0.0,6.360000133514404,6.25,6.349999904632568,0.0,331588320
2024-08-22,6.045296669006348,6.420000076293945,0.0,6.440000057220459,6.289999961853027,6.289999961853027,0.0,350230155
2024-08-23,6.0829620361328125,6.460000038146973,0.0,6.480000019073486,6.349999904632568,6.420000076293945,0.0,265657420
2024-08-26,6.054713249206543,6.429999828338623,0.0,6.46999979019165,6.349999904632568,6.440000057220459,0.0,267311089
2024-08-27,6.148876667022705,6.53000020980835,0.0,6.550000190734863,6.409999847412109,6.420000076293945,0.0,323249644
2024-08-28,6.111210823059082,6.489999771118164,0.0,6.570000171661377,6.440000057220459,6.53000020980835,0.0,314722513
2024-08-29,5.856969356536865,6.21999979019165,0.0,6.489999771118164,6.199999809265137,6.480000019073486,0.0,557314746
2024-08-30,5.630977630615234,5.980000019073486,0.0,6.239999771118164,5.960000038146973,6.179999828338623,0.0,880782347
2024-09-02,5.593311786651611,5.940000057220459,0.0,6.0,5.880000114440918,5.900000095367432,0.0,568240173
2024-09-03,5.4238176345825195,5.760000228881836,0.0,5.949999809265137,5.679999828338623,5.929999828338623,0.0,648640129
2024-09-04,5.376735210418701,5.710000038146973,0.0,5.78000020980835,5.659999847412109,5.71999979019165,0.0,392331435
2024-09-05,5.30140495300293,5.630000114440918,0.0,5.730000019073486,5.599999904632568,5.699999809265137,0.0,383530775
2024-09-06,5.310821056365967,5.639999866485596,0.0,5.730000019073486,5.619999885559082,5.630000114440918,0.0,290696812
2024-09-09,5.282572269439697,5.610000133514404,0.0,5.650000095367432,5.510000228881836,5.630000114440918,0.0,282126704
2024-09-10,5.3390703201293945,5.670000076293945,0.0,5.71999979019165,5.599999904632568,5.610000133514404,0.0,368343232
2024-09-11,5.216657638549805,5.539999961853027,0.0,5.670000076293945,5.5,5.659999847412109,0.0,359763384
2024-09-12,5.216657638549805,5.539999961853027,0.0,5.559999942779541,5.449999809265137,5.510000228881836,0.0,286853563
2024-09-13,5.235490322113037,5.559999942779541,0.0,5.579999923706055,5.519999980926514,5.539999961853027,0.0,234048696
2024-09-18,5.348486423492432,5.679999828338623,0.0,5.679999828338623,5.570000171661377,5.570000171661377,0.0,246839404
2024-09-19,5.320237636566162,5.650000095367432,0.0,5.710000038146973,5.579999923706055,5.690000057220459,0.0,280996806
2024-09-20,5.3390703201293945,5.670000076293945,0.0,5.690000057220459,5.619999885559082,5.659999847412109,0.0,282832321
2024-09-23,5.3861517906188965,5.71999979019165,0.0,5.739999771118164,5.619999885559082,5.659999847412109,0.0,227037687
2024-09-24,5.649809837341309,6.0,0.0,6.0,5.730000019073486,5.75,0.0,605204899
2024-09-25,5.687475204467773,6.039999961853027,0.0,6.21999979019165,5.96999979019165,6.090000152587891,0.0,629820829
2024-09-26,5.838136672973633,6.199999809265137,0.0,6.210000038146973,6.0,6.039999961853027,0.0,521674373
2024-09-27,5.659226417541504,6.010000228881836,0.0,6.340000152587891,5.920000076293945,6.25,0.0,687209271
2024-09-30,5.8193039894104,6.179999828338623,0.0,6.309999942779541,5.829999923706055,6.010000228881836,0.0,1616174183
2024-10-08,5.762805938720703,6.119999885559082,0.0,6.659999847412109,6.039999961853027,6.5,0.0,1688226172
2024-10-09,5.687475204467773,6.039999961853027,0.0,6.170000076293945,5.980000019073486,6.059999942779541,0.0,1009071781
2024-10-10,5.904051780700684,6.269999980926514,0.0,6.400000095367432,6.039999961853027,6.050000190734863,0.0,1091528147
2024-10-11,5.904051780700684,6.269999980926514,0.0,6.389999866485596,6.199999809265137,6.25,0.0,529952828
2024-10-14,6.09237813949585,6.46999979019165,0.0,6.5,6.320000171661377,6.320000171661377,0.0,789921118
2024-10-15,5.894635200500488,6.260000228881836,0.0,6.449999809265137,6.260000228881836,6.429999828338623,0.0,492769157
2024-10-16,5.98879861831665,6.360000133514404,0.0,6.400000095367432,6.21999979019165,6.230000019073486,0.0,414614580
2024-10-17,5.922883987426758,6.289999961853027,0.0,6.400000095367432,6.289999961853027,6.349999904632568,0.0,328081317
2024-10-18,5.951132774353027,6.320000171661377,0.0,6.360000133514404,6.210000038146973,6.289999961853027,0.0,514452181
2024-10-21,5.80047082901001,6.159999847412109,0.0,6.289999961853027,6.139999866485596,6.289999961853027,0.0,568464907
2024-10-22,5.781639099121094,6.139999866485596,0.0,6.210000038146973,6.110000133514404,6.170000076293945,0.0,431271479
2024-10-23,5.781639099121094,6.139999866485596,0.0,6.159999847412109,6.110000133514404,6.139999866485596,0.0,306854479
2024-10-24,5.80047082901001,6.159999847412109,0.0,6.199999809265137,6.119999885559082,6.130000114440918,0.0,288789477
2024-10-25,5.762805938720703,6.119999885559082,0.0,6.170000076293945,6.099999904632568,6.150000095367432,0.0,284528999
2024-10-28,5.715724468231201,6.070000171661377,0.0,6.110000133514404,6.03000020980835,6.110000133514404,0.0,329536371
2024-10-29,5.706307888031006,6.059999942779541,0.0,6.110000133514404,6.050000190734863,6.070000171661377,0.0,293860704
2024-10-30,5.659226417541504,6.010000228881836,0.0,6.079999923706055,6.0,6.050000190734863,0.0,305412004
2024-10-31,5.687475204467773,6.039999961853027,0.0,6.099999904632568,6.010000228881836,6.039999961853027,0.0,305287998
2024-11-01,5.791054725646973,6.150000095367432,0.0,6.150000095367432,6.03000020980835,6.039999961853027,0.0,451237925
2024-11-04,5.772222518920898,6.130000114440918,0.0,6.150000095367432,6.050000190734863,6.150000095367432,0.0,318060458
2024-11-05,5.791054725646973,6.150000095367432,0.0,6.150000095367432,6.090000152587891,6.099999904632568,0.0,312510781
2024-11-06,5.734557151794434,6.090000152587891,0.0,6.150000095367432,6.070000171661377,6.130000114440918,0.0,345023115
2024-11-07,5.791054725646973,6.150000095367432,0.0,6.150000095367432,6.059999942779541,6.079999923706055,0.0,379448763
2024-11-08,5.753389835357666,6.110000133514404,0.0,6.170000076293945,6.099999904632568,6.150000095367432,0.0,330042436
2024-11-11,5.687475204467773,6.039999961853027,0.0,6.090000152587891,6.019999980926514,6.079999923706055,0.0,398730171
2024-11-12,5.649809837341309,6.0,0.0,6.070000171661377,6.0,6.039999961853027,0.0,329274155
2024-11-13,5.687475204467773,6.039999961853027,0.0,6.070000171661377,5.980000019073486,6.0,0.0,343885792
2024-11-14,5.715724468231201,6.070000171661377,0.0,6.099999904632568,6.010000228881836,6.03000020980835,0.0,373526484
2024-11-15,5.696891784667969,6.050000190734863,0.0,6.110000133514404,6.03000020980835,6.059999942779541,0.0,384523275
2024-11-18,5.828720569610596,6.190000057220459,0.0,6.239999771118164,6.070000171661377,6.079999923706055,0.0,693242480
2024-11-19,5.791054725646973,6.150000095367432,0.0,6.21999979019165,6.070000171661377,6.179999828338623,0.0,429498710
2024-11-20,5.781639099121094,6.139999866485596,0.0,6.179999828338623,6.119999885559082,6.130000114440918,0.0,268242057
2024-11-21,5.772222518920898,6.130000114440918,0.0,6.150000095367432,6.110000133514404,6.130000114440918,0.0,180910703
2024-11-22,5.696891784667969,6.050000190734863,0.0,6.150000095367432,6.050000190734863,6.139999866485596,0.0,297820281
2024-11-25,5.715724468231201,6.070000171661377,0.0,6.130000114440918,6.050000190734863,6.059999942779541,0.0,290372207
2024-11-26,5.80047082901001,6.159999847412109,0.0,6.179999828338623,6.050000190734863,6.070000171661377,0.0,330004149
2024-11-27,5.838136672973633,6.199999809265137,0.0,6.21999979019165,6.139999866485596,6.150000095367432,0.0,288317376
2024-11-28,5.828720569610596,6.190000057220459,0.0,6.21999979019165,6.150000095367432,6.190000057220459,0.0,201840011
2024-11-29,5.791054725646973,6.150000095367432,0.0,6.230000019073486,6.139999866485596,6.190000057220459,0.0,290646513
2024-12-02,5.772222518920898,6.130000114440918,0.0,6.159999847412109,6.099999904632568,6.159999847412109,0.0,241747989
2024-12-03,5.847553253173828,6.210000038146973,0.0,6.210000038146973,6.119999885559082,6.130000114440918,0.0,338517203
2024-12-04,5.894635200500488,6.260000228881836,0.0,6.28000020980835,6.170000076293945,6.210000038146973,0.0,357231531
2024-12-05,5.894635200500488,6.260000228881836,0.0,6.329999923706055,6.230000019073486,6.25,0.0,264528322
2024-12-06,5.951132774353027,6.320000171661377,0.0,6.340000152587891,6.25,6.260000228881836,0.0,311963037
2024-12-09,5.951132774353027,6.320000171661377,0.0,6.369999885559082,6.28000020980835,6.300000190734863,0.0,312743296
2024-12-10,6.045296669006348,6.420000076293945,0.0,6.449999809265137,6.329999923706055,6.349999904632568,0.0,437294605
2024-12-11,5.94171667098999,6.309999942779541,0.0,6.449999809265137,6.300000190734863,6.400000095367432,0.0,387000336
2024-12-12,6.045296669006348,6.420000076293945,0.0,6.420000076293945,6.309999942779541,6.320000171661377,0.0,290184474
2024-12-13,6.01704740524292,6.389999866485596,0.0,6.449999809265137,6.360000133514404,6.400000095367432,0.0,389098441
2024-12-16,6.148876667022705,6.53000020980835,0.0,6.579999923706055,6.380000114440918,6.389999866485596,0.0,471572594
2024-12-17,6.130043983459473,6.510000228881836,0.0,6.590000152587891,6.510000228881836,6.519999980926514,0.0,313847722
2024-12-18,6.2053751945495605,6.590000152587891,0.0,6.650000095367432,6.53000020980835,6.539999961853027,0.0,348942453
2024-12-19,6.111210823059082,6.489999771118164,0.0,6.610000133514404,6.480000019073486,6.570000171661377,0.0,361528511
2024-12-20,6.148876667022705,6.53000020980835,0.0,6.610000133514404,6.5,6.5,0.0,376548842
2024-12-23,6.308954238891602,6.699999809265137,0.0,6.760000228881836,6.53000020980835,6.53000020980835,0.0,487110027
2024-12-24,6.3842854499816895,6.78000020980835,0.0,6.789999961853027,6.650000095367432,6.710000038146973,0.0,464147368
2024-12-25,6.534946918487549,6.940000057220459,0.0,7.039999961853027,6.760000228881836,6.769999980926514,0.0,636090132
2024-12-26,6.525529861450195,6.929999828338623,0.0,6.940000057220459,6.789999961853027,6.940000057220459,0.0,487252264
2024-12-27,6.516114234924316,6.920000076293945,0.0,6.940000057220459,6.760000228881836,6.889999866485596,0.0,510704060
2024-12-30,6.544363021850586,6.949999809265137,0.0,7.0,6.869999885559082,6.880000114440918,0.0,482330317
2024-12-31,6.516114234924316,6.920000076293945,0.0,7.03000020980835,6.900000095367432,6.940000057220459,0.0,520980174
2025-01-02,6.403117656707764,6.800000190734863,0.0,6.980000019073486,6.760000228881836,6.909999847412109,0.0,531482465
2025-01-03,6.318370819091797,6.710000038146973,0.0,6.829999923706055,6.619999885559082,6.809999942779541,0.0,521073986
2025-01-06,6.356036186218262,6.75,0.0,6.78000020980835,6.590000152587891,6.710000038146973,0.0,474224652
2025-01-07,6.436273097991943,6.690000057220459,0.1434,6.710000038146973,6.559999942779541,6.610000133514404,0.0,382021777
2025-01-08,6.503618240356445,6.760000228881836,0.0,6.840000152587891,6.670000076293945,6.690000057220459,0.0,399684284
2025-01-09,6.455514907836914,6.710000038146973,0.0,6.769999980926514,6.659999847412109,6.760000228881836,0.0,236723419
2025-01-10,6.417031764984131,6.670000076293945,0.0,6.739999771118164,6.599999904632568,6.71999979019165,0.0,262025788
2025-01-13,6.349686145782471,6.599999904632568,0.0,6.670000076293945,6.489999771118164,6.659999847412109,0.0,330603282
2025-01-14,6.359307289123535,6.610000133514404,0.0,6.650000095367432,6.559999942779541,6.590000152587891,0.0,341885264
2025-01-15,6.378548622131348,6.630000114440918,0.0,6.730000019073486,6.579999923706055,6.599999904632568,0.0,307598274
2025-01-16,6.426652431488037,6.679999828338623,0.0,6.690000057220459,6.570000171661377,6.639999866485596,0.0,267468138
2025-01-17,6.359307289123535,6.610000133514404,0.0,6.699999809265137,6.599999904632568,6.670000076293945,0.0,278134635
2025-01-20,6.32082462310791,6.570000171661377,0.0,6.630000114440918,6.559999942779541,6.619999885559082,0.0,227362256
2025-01-21,6.301583290100098,6.550000190734863,0.0,6.610000133514404,6.519999980926514,6.579999923706055,0.0,215743537
2025-01-22,6.1957550048828125,6.440000057220459,0.0,6.559999942779541,6.400000095367432,6.539999961853027,0.0,411169363
2025-01-23,6.407410621643066,6.659999847412109,0.0,6.690000057220459,6.480000019073486,6.480000019073486,0.0,544682003
2025-01-24,6.417031764984131,6.670000076293945,0.0,6.71999979019165,6.570000171661377,6.670000076293945,0.0,328205211
2025-01-27,6.561342716217041,6.820000171661377,0.0,6.849999904632568,6.679999828338623,6.679999828338623,0.0,371866219
2025-02-05,6.436273097991943,6.690000057220459,0.0,6.840000152587891,6.679999828338623,6.820000171661377,0.0,330540617
2025-02-06,6.436273097991943,6.690000057220459,0.0,6.760000228881836,6.650000095367432,6.699999809265137,0.0,264423725
2025-02-07,6.436273097991943,6.690000057220459,0.0,6.690000057220459,6.610000133514404,6.670000076293945,0.0,367643900
2025-02-10,6.417031764984131,6.670000076293945,0.0,6.739999771118164,6.639999866485596,6.659999847412109,0.0,311926833
2025-02-11,6.561342716217041,6.820000171661377,0.0,6.820000171661377,6.679999828338623,6.679999828338623,0.0,394195410
2025-02-12,6.638308525085449,6.900000095367432,0.0,6.920000076293945,6.730000019073486,6.809999942779541,0.0,325781148
2025-02-13,6.696033000946045,6.960000038146973,0.0,6.989999771118164,6.869999885559082,6.889999866485596,0.0,294524426
2025-02-14,6.724895000457764,6.989999771118164,0.0,7.0,6.900000095367432,6.960000038146973,0.0,253157791
2025-02-17,6.696033000946045,6.960000038146973,0.0,7.0,6.909999847412109,6.980000019073486,0.0,271346003
2025-02-18,6.821102619171143,7.090000152587891,0.0,7.139999866485596,6.940000057220459,6.949999809265137,0.0,397512135
2025-02-19,6.782619476318359,7.050000190734863,0.0,7.119999885559082,7.03000020980835,7.079999923706055,0.0,322072343
2025-02-20,6.811481952667236,7.079999923706055,0.0,7.090000152587891,7.0,7.039999961853027,0.0,251326656
2025-02-21,6.667170524597168,6.929999828338623,0.0,7.070000171661377,6.909999847412109,7.059999942779541,0.0,577209800
2025-02-24,6.628687381744385,6.889999866485596,0.0,6.940000057220459,6.820000171661377,6.900000095367432,0.0,437330985
2025-02-25,6.599825859069824,6.860000133514404,0.0,6.929999828338623,6.829999923706055,6.889999866485596,0.0,313984475
2025-02-26,6.619067668914795,6.880000114440918,0.0,6.940000057220459,6.840000152587891,6.860000133514404,0.0,329370010
2025-02-27,6.667170524597168,6.929999828338623,0.0,6.949999809265137,6.760000228881836,6.860000133514404,0.0,439190234
2025-02-28,6.6094465255737305,6.869999885559082,0.0,6.980000019073486,6.869999885559082,6.900000095367432,0.0,431589620
2025-03-03,6.590205192565918,6.849999904632568,0.0,6.889999866485596,6.78000020980835,6.869999885559082,0.0,396401925
2025-03-04,6.522860050201416,6.78000020980835,0.0,6.840000152587891,6.78000020980835,6.820000171661377,0.0,343656171
2025-03-05,6.6094465255737305,6.869999885559082,0.0,6.900000095367432,6.730000019073486,6.769999980926514,0.0,459912360
2025-03-06,6.570963382720947,6.829999923706055,0.0,6.860000133514404,6.789999961853027,6.849999904632568,0.0,365671205
2025-03-07,6.5421013832092285,6.800000190734863,0.0,6.849999904632568,6.789999961853027,6.829999923706055,0.0,322375578
2025-03-10,6.484376907348633,6.739999771118164,0.0,6.800000190734863,6.71999979019165,6.789999961853027,0.0,324211647
2025-03-11,6.522860050201416,6.78000020980835,0.0,6.78000020980835,6.71999979019165,6.71999979019165,0.0,268000241
2025-03-12,6.46513557434082,6.71999979019165,0.0,6.769999980926514,6.699999809265137,6.760000228881836,0.0,317770218
2025-03-13,6.474756240844727,6.730000019073486,0.0,6.769999980926514,6.699999809265137,6.71999979019165,0.0,257295017
2025-03-14,6.493997573852539,6.75,0.0,6.809999942779541,6.71999979019165,6.71999979019165,0.0,489072129
2025-03-17,6.551722049713135,6.809999942779541,0.0,6.829999923706055,6.739999771118164,6.75,0.0,358619828
2025-03-18,6.5421013832092285,6.800000190734863,0.0,6.840000152587891,6.769999980926514,6.829999923706055,0.0,236952810
2025-03-19,6.6094465255737305,6.869999885559082,0.0,6.880000114440918,6.800000190734863,6.809999942779541,0.0,303269420
2025-03-20,6.580584526062012,6.840000152587891,0.0,6.920000076293945,6.809999942779541,6.869999885559082,0.0,300845241
2025-03-21,6.503618240356445,6.760000228881836,0.0,6.849999904632568,6.75,6.820000171661377,0.0,308799123
2025-03-24,6.561342716217041,6.820000171661377,0.0,6.849999904632568,6.760000228881836,6.760000228881836,0.0,306040169
2025-03-25,6.590205192565918,6.849999904632568,0.0,6.869999885559082,6.809999942779541,6.829999923706055,0.0,231805672
2025-03-26,6.570963382720947,6.829999923706055,0.0,6.880000114440918,6.809999942779541,6.860000133514404,0.0,233780088
2025-03-27,6.6094465255737305,6.869999885559082,0.0,6.889999866485596,6.820000171661377,6.820000171661377,0.0,258027810
2025-03-28,6.619067668914795,6.880000114440918,0.0,6.880000114440918,6.829999923706055,6.860000133514404,0.0,212838148
2025-03-31,6.628687381744385,6.889999866485596,0.0,6.940000057220459,6.800000190734863,6.880000114440918,0.0,407133779
2025-04-01,6.5421013832092285,6.800000190734863,0.0,6.900000095367432,6.78000020980835,6.869999885559082,0.0,428429119
2025-04-02,6.590205192565918,6.849999904632568,0.0,6.860000133514404,6.78000020980835,6.789999961853027,0.0,309974434
2025-04-03,6.628687381744385,6.889999866485596,0.0,6.900000095367432,6.820000171661377,6.820000171661377,0.0,306166881
2025-04-07,6.503618240356445,6.760000228881836,0.0,6.820000171661377,6.599999904632568,6.800000190734863,0.0,849156726
2025-04-08,6.561342716217041,6.820000171661377,0.0,6.840000152587891,6.679999828338623,6.699999809265137,0.0,671267831
2025-04-09,6.5421013832092285,6.800000190734863,0.0,6.889999866485596,6.739999771118164,6.789999961853027,0.0,566168770
2025-04-10,6.493997573852539,6.75,0.0,6.800000190734863,6.730000019073486,6.800000190734863,0.0,401337508
2025-04-11,6.5421013832092285,6.800000190734863,0.0,6.800000190734863,6.71999979019165,6.760000228881836,0.0,347554477
2025-04-14,6.6094465255737305,6.869999885559082,0.0,6.900000095367432,6.769999980926514,6.78000020980835,0.0,439404222
2025-04-15,6.696033000946045,6.960000038146973,0.0,6.96999979019165,6.860000133514404,6.869999885559082,0.0,384179013
2025-04-16,6.792240142822266,7.059999942779541,0.0,7.059999942779541,6.929999828338623,6.960000038146973,0.0,413240227
2025-04-17,6.782619476318359,7.050000190734863,0.0,7.079999923706055,6.960000038146973,7.050000190734863,0.0,263918835
2025-04-18,6.869206428527832,7.139999866485596,0.0,7.170000076293945,7.03000020980835,7.039999961853027,0.0,388434530
2025-04-21,6.782619476318359,7.050000190734863,0.0,7.25,7.050000190734863,7.130000114440918,0.0,374298383
2025-04-22,6.878827095031738,7.150000095367432,0.0,7.159999847412109,7.039999961853027,7.050000190734863,0.0,299787096
2025-04-23,6.840344429016113,7.110000133514404,0.0,7.170000076293945,7.070000171661377,7.139999866485596,0.0,256977281
2025-04-24,6.965413570404053,7.239999771118164,0.0,7.289999961853027,7.090000152587891,7.090000152587891,0.0,357610870
2025-04-25,6.936551570892334,7.210000038146973,0.0,7.309999942779541,7.170000076293945,7.25,0.0,232601976
2025-04-28,7.013517379760742,7.289999961853027,0.0,7.340000152587891,7.21999979019165,7.21999979019165,0.0,285376580
2025-04-29,6.99427604675293,7.269999980926514,0.0,7.329999923706055,7.239999771118164,7.300000190734863,0.0,217973789
2025-04-30,6.744137287139893,7.010000228881836,0.0,7.230000019073486,6.96999979019165,7.21999979019165,0.0,644997131
2025-05-06,6.715274810791016,6.980000019073486,0.0,7.03000020980835,6.929999828338623,7.010000228881836,0.0,366374062
2025-05-07,6.840344429016113,7.110000133514404,0.0,7.110000133514404,6.96999979019165,7.010000228881836,0.0,433645624
2025-05-08,6.840344429016113,7.110000133514404,0.0,7.170000076293945,7.079999923706055,7.090000152587891,0.0,283712076
2025-05-09,6.898068904876709,7.170000076293945,0.0,7.230000019073486,7.099999904632568,7.099999904632568,0.0,312196548
2025-05-12,6.8884477615356445,7.159999847412109,0.0,7.179999828338623,7.110000133514404,7.150000095367432,0.0,270276988
2025-05-13,6.9557929039001465,7.230000019073486,0.0,7.25,7.119999885559082,7.159999847412109,0.0,276745946
2025-05-14,6.9557929039001465,7.230000019073486,0.0,7.28000020980835,7.199999809265137,7.230000019073486,0.0,286869706
2025-05-15,6.99427604675293,7.269999980926514,0.0,7.289999961853027,7.21999979019165,7.230000019073486,0.0,270262063
2025-05-16,6.8884477615356445,7.159999847412109,0.0,7.300000190734863,7.119999885559082,7.260000228881836,0.0,393514131
2025-05-19,6.849964618682861,7.119999885559082,0.0,7.199999809265137,7.110000133514404,7.159999847412109,0.0,256669058
2025-05-20,6.859585762023926,7.130000114440918,0.0,7.159999847412109,7.099999904632568,7.139999866485596,0.0,197691246
2025-05-21,6.869206428527832,7.139999866485596,0.0,7.190000057220459,7.110000133514404,7.130000114440918,0.0,254071278
2025-05-22,6.849964618682861,7.119999885559082,0.0,7.159999847412109,7.099999904632568,7.150000095367432,0.0,294075911
2025-05-23,6.811481952667236,7.079999923706055,0.0,7.139999866485596,7.070000171661377,7.130000114440918,0.0,316918822
2025-05-26,6.782619476318359,7.050000190734863,0.0,7.099999904632568,7.03000020980835,7.079999923706055,0.0,287644999
2025-05-27,6.792240142822266,7.059999942779541,0.0,7.090000152587891,7.039999961853027,7.050000190734863,0.0,182520233
2025-05-28,6.782619476318359,7.050000190734863,0.0,7.079999923706055,7.019999980926514,7.059999942779541,0.0,171017546
2025-05-29,6.772998809814453,7.039999961853027,0.0,7.070000171661377,7.019999980926514,7.050000190734863,0.0,193469856
2025-05-30,6.80186128616333,7.070000171661377,0.0,7.119999885559082,7.019999980926514,7.050000190734863,0.0,346759935
2025-06-03,6.840344429016113,7.110000133514404,0.0,7.130000114440918,7.039999961853027,7.050000190734863,0.0,272811811
2025-06-04,6.811481952667236,7.079999923706055,0.0,7.119999885559082,7.059999942779541,7.110000133514404,0.0,211897550
2025-06-05,6.821102619171143,7.090000152587891,0.0,7.119999885559082,7.070000171661377,7.079999923706055,0.0,225574217
2025-06-06,6.830723285675049,7.099999904632568,0.0,7.119999885559082,7.070000171661377,7.099999904632568,0.0,187029962
2025-06-09,6.811481952667236,7.079999923706055,0.0,7.110000133514404,7.039999961853027,7.099999904632568,0.0,291368455
2025-06-10,6.830723285675049,7.099999904632568,0.0,7.190000057220459,7.070000171661377,7.079999923706055,0.0,416132202
2025-06-11,6.849964618682861,7.119999885559082,0.0,7.150000095367432,7.090000152587891,7.099999904632568,0.0,224773372
2025-06-12,6.840344429016113,7.110000133514404,0.0,7.130000114440918,7.090000152587891,7.119999885559082,0.0,231833635
2025-06-13,6.821102619171143,7.090000152587891,0.0,7.130000114440918,7.079999923706055,7.110000133514404,0.0,280894807
2025-06-16,6.869206428527832,7.139999866485596,0.0,7.139999866485596,7.019999980926514,7.079999923706055,0.0,278603977
2025-06-17,6.898068904876709,7.170000076293945,0.0,7.170000076293945,7.119999885559082,7.130000114440918,0.0,227938264
2025-06-18,6.975034236907959,7.25,0.0,7.25,7.159999847412109,7.170000076293945,0.0,332132252
2025-06-19,7.023138523101807,7.300000190734863,0.0,7.300000190734863,7.199999809265137,7.239999771118164,0.0,284177966
2025-06-20,7.09048318862915,7.369999885559082,0.0,7.380000114440918,7.28000020980835,7.289999961853027,0.0,310692774
2025-06-23,7.2347941398620605,7.519999980926514,0.0,7.559999942779541,7.329999923706055,7.360000133514404,0.0,389737815
2025-06-24,7.340622425079346,7.630000114440918,0.0,7.639999866485596,7.5,7.510000228881836,0.0,356019900
2025-06-25,7.379105567932129,7.670000076293945,0.0,7.710000038146973,7.519999980926514,7.610000133514404,0.0,349545155
2025-06-26,7.42720890045166,7.71999979019165,0.0,7.75,7.619999885559082,7.659999847412109,0.0,293189014
2025-06-27,7.215552806854248,7.5,0.0,7.760000228881836,7.480000019073486,7.71999979019165,0.0,482051141
2025-06-30,7.302139759063721,7.590000152587891,0.0,7.610000133514404,7.420000076293945,7.480000019073486,0.0,306147245
2025-07-01,7.3694844245910645,7.659999847412109,0.0,7.739999771118164,7.579999923706055,7.590000152587891,0.0,268331921
2025-07-02,7.388725757598877,7.679999828338623,0.0,7.710000038146973,7.650000095367432,7.679999828338623,0.0,206829092
2025-07-03,7.350243091583252,7.639999866485596,0.0,7.71999979019165,7.599999904632568,7.679999828338623,0.0,225654126
2025-07-04,7.456071376800537,7.75,0.0,7.78000020980835,7.630000114440918,7.639999866485596,0.0,289057141
2025-07-07,7.436830043792725,7.730000019073486,0.0,7.769999980926514,7.699999809265137,7.739999771118164,0.0,194883425
2025-07-08,7.465692520141602,7.760000228881836,0.0,7.78000020980835,7.699999809265137,7.730000019073486,0.0,198342024
2025-07-09,7.552278518676758,7.849999904632568,0.0,7.929999828338623,7.75,7.760000228881836,0.0,289827566
2025-07-10,7.773555278778076,8.079999923706055,0.0,8.130000114440918,7.869999885559082,7.869999885559082,0.0,587046649
2025-07-11,7.706210613250732,8.010000228881836,0.0,8.359999656677246,8.010000228881836,8.119999885559082,0.0,888595567
2025-07-14,7.700906276702881,7.840000152587891,0.1646,7.980000019073486,7.840000152587891,7.900000095367432,0.0,470693507
2025-07-15,7.66161584854126,7.800000190734863,0.0,7.880000114440918,7.760000228881836,7.860000133514404,0.0,318688110
2025-07-16,7.66161584854126,7.800000190734863,0.0,7.800000190734863,7.699999809265137,7.769999980926514,0.0,352498773
2025-07-17,7.6125030517578125,7.75,0.0,7.809999942779541,7.71999979019165,7.789999961853027,0.0,279321672
2025-07-18,7.632148265838623,7.769999980926514,0.0,7.820000171661377,7.699999809265137,7.739999771118164,0.0,272785006
2025-07-21,7.563389778137207,7.699999809265137,0.0,7.769999980926514,7.670000076293945,7.760000228881836,0.0,313546593
2025-07-22,7.4651641845703125,7.599999904632568,0.0,7.679999828338623,7.559999942779541,7.670000076293945,0.0,477834517
2025-07-23,7.51427698135376,7.650000095367432,0.0,7.730000019073486,7.559999942779541,7.590000152587891,0.0,489105637
2025-07-24,7.416051387786865,7.550000190734863,0.0,7.670000076293945,7.53000020980835,7.650000095367432,0.0,462394830
2025-07-25,7.357115268707275,7.489999771118164,0.0,7.579999923706055,7.480000019073486,7.53000020980835,0.0,330891747
2025-07-28,7.357115268707275,7.489999771118164,0.0,7.539999961853027,7.460000038146973,7.489999771118164,0.0,273422683
2025-07-29,7.298180103302002,7.429999828338623,0.0,7.519999980926514,7.429999828338623,7.489999771118164,0.0,292271928
2025-07-30,7.357115268707275,7.489999771118164,0.0,7.550000190734863,7.400000095367432,7.429999828338623,0.0,390727111
2025-07-31,7.425873756408691,7.559999942779541,0.0,7.590000152587891,7.420000076293945,7.489999771118164,0.0,480969617
2025-08-01,7.484809398651123,7.619999885559082,0.0,7.670000076293945,7.480000019073486,7.559999942779541,0.0,514589960
2025-08-04,7.5437445640563965,7.679999828338623,0.0,7.78000020980835,7.619999885559082,7.630000114440918,0.0,448275076
2025-08-05,7.622325897216797,7.760000228881836,0.0,7.760000228881836,7.630000114440918,7.679999828338623,0.0,340318210
2025-08-06,7.622325897216797,7.760000228881836,0.0,7.800000190734863,7.710000038146973,7.75,0.0,296778213
2025-08-07,7.700906276702881,7.840000152587891,0.0,7.869999885559082,7.699999809265137,7.75,0.0,378982097
2025-08-08,7.651793003082275,7.789999961853027,0.0,7.900000095367432,7.769999980926514,7.840000152587891,0.0,273925773
2025-08-11,7.563389778137207,7.699999809265137,0.0,7.800000190734863,7.679999828338623,7.78000020980835,0.0,336839216
2025-08-12,7.641970634460449,7.78000020980835,0.0,7.809999942779541,7.670000076293945,7.690000057220459,0.0,318398082
2025-08-13,7.563389778137207,7.699999809265137,0.0,7.820000171661377,7.699999809265137,7.769999980926514,0.0,336019675
2025-08-14,7.553567409515381,7.690000057220459,0.0,7.760000228881836,7.670000076293945,7.699999809265137,0.0,283487282
2025-08-15,7.416051387786865,7.550000190734863,0.0,7.71999979019165,7.480000019073486,7.699999809265137,0.0,648005787
2025-08-18,7.396406173706055,7.53000020980835,0.0,7.539999961853027,7.460000038146973,7.510000228881836,0.0,407237249
2025-08-19,7.435696601867676,7.570000171661377,0.0,7.599999904632568,7.510000228881836,7.53000020980835,0.0,338524703
2025-08-20,7.435696601867676,7.570000171661377,0.0,7.619999885559082,7.559999942779541,7.579999923706055,0.0,331520586
2025-08-21,7.4651641845703125,7.599999904632568,0.0,7.619999885559082,7.510000228881836,7.570000171661377,0.0,344302753
2025-08-22,7.494631767272949,7.630000114440918,0.0,7.630000114440918,7.53000020980835,7.599999904632568,0.0,383772789
2025-08-25,7.455341815948486,7.590000152587891,0.0,7.610000133514404,7.550000190734863,7.599999904632568,0.0,413159805
2025-08-26,7.416051387786865,7.550000190734863,0.0,7.619999885559082,7.539999961853027,7.579999923706055,0.0,299832827
2025-08-27,7.278534889221191,7.409999847412109,0.0,7.539999961853027,7.409999847412109,7.539999961853027,0.0,515724751
2025-08-28,7.249067306518555,7.380000114440918,0.0,7.440000057220459,7.320000171661377,7.409999847412109,0.0,465468887
2025-08-29,7.298180103302002,7.429999828338623,0.0,7.53000020980835,7.380000114440918,7.380000114440918,0.0,519615100
2025-09-01,7.249067306518555,7.380000114440918,0.0,7.449999809265137,7.360000133514404,7.429999828338623,0.0,384543584
2025-09-02,7.435696601867676,7.570000171661377,0.0,7.570000171661377,7.349999904632568,7.369999885559082,0.0,769065213
2025-09-03,7.308002948760986,7.440000057220459,0.0,7.579999923706055,7.420000076293945,7.570000171661377,0.0,491977133
2025-09-04,7.406228542327881,7.539999961853027,0.0,7.599999904632568,7.260000228881836,7.400000095367432,0.0,876005936
2025-09-05,7.308002948760986,7.440000057220459,0.0,7.539999961853027,7.400000095367432,7.519999980926514,0.0,441709309
2025-09-08,7.268712520599365,7.400000095367432,0.0,7.440000057220459,7.369999885559082,7.409999847412109,0.0,354276019
2025-09-09,7.298180103302002,7.429999828338623,0.0,7.460000038146973,7.380000114440918,7.389999866485596,0.0,266279392
2025-09-10,7.337470531463623,7.46999979019165,0.0,7.480000019073486,7.380000114440918,7.440000057220459,0.0,288656044
2025-09-11,7.376760959625244,7.510000228881836,0.0,7.579999923706055,7.389999866485596,7.460000038146973,0.0,541515855
2025-09-12,7.347293376922607,7.480000019073486,0.0,7.539999961853027,7.449999809265137,7.489999771118164,0.0,299282463
2025-09-15,7.298180103302002,7.429999828338623,0.0,7.510000228881836,7.400000095367432,7.449999809265137,0.0,329581921
2025-09-16,7.3178253173828125,7.449999809265137,0.0,7.489999771118164,7.409999847412109,7.409999847412109,0.0,289347614
2025-09-17,7.327648162841797,7.460000038146973,0.0,7.460000038146973,7.400000095367432,7.420000076293945,0.0,247584186
2025-09-18,7.160664081573486,7.289999961853027,0.0,7.460000038146973,7.28000020980835,7.449999809265137,0.0,529780717
2025-09-19,7.07226037979126,7.199999809265137,0.0,7.28000020980835,7.119999885559082,7.28000020980835,0.0,480709754
2025-09-22,7.052615642547607,7.179999828338623,0.0,7.25,7.150000095367432,7.199999809265137,0.0,275089120
2025-09-23,7.268712520599365,7.400000095367432,0.0,7.409999847412109,7.130000114440918,7.159999847412109,0.0,628825604
2025-09-24,7.337470531463623,7.46999979019165,0.0,7.53000020980835,7.369999885559082,7.389999866485596,0.0,514206919
2025-09-25,7.249067306518555,7.380000114440918,0.0,7.460000038146973,7.309999942779541,7.440000057220459,0.0,323722840
2025-09-26,7.278534889221191,7.409999847412109,0.0,7.429999828338623,7.300000190734863,7.349999904632568,0.0,273359298
2025-09-29,7.199954509735107,7.329999923706055,0.0,7.400000095367432,7.260000228881836,7.380000114440918,0.0,405003933
2025-09-30,7.170486927032471,7.300000190734863,0.0,7.329999923706055,7.260000228881836,7.309999942779541,0.0,244567627
2025-10-09,7.180309295654297,7.309999942779541,0.0,7.320000171661377,7.199999809265137,7.25,0.0,297741076
2025-10-10,7.180309295654297,7.309999942779541,0.0,7.360000133514404,7.28000020980835,7.289999961853027,0.0,304869689
2025-10-13,7.141018867492676,7.269999980926514,0.0,7.360000133514404,7.230000019073486,7.320000171661377,0.0,395738605
2025-10-14,7.36693811416626,7.5,0.0,7.5,7.21999979019165,7.260000228881836,0.0,693878140
2025-10-15,7.327648162841797,7.460000038146973,0.0,7.539999961853027,7.420000076293945,7.46999979019165,0.0,407599319
2025-10-16,7.494631767272949,7.630000114440918,0.0,7.650000095367432,7.429999828338623,7.429999828338623,0.0,495623345
2025-10-17,7.484809398651123,7.619999885559082,0.0,7.71999979019165,7.570000171661377,7.630000114440918,0.0,408700246
2025-10-20,7.474987030029297,7.610000133514404,0.0,7.650000095367432,7.46999979019165,7.590000152587891,0.0,391978593
2025-10-21,7.504454135894775,7.639999866485596,0.0,7.650000095367432,7.539999961853027,7.579999923706055,0.0,344113924
2025-10-22,7.622325897216797,7.760000228881836,0.0,7.789999961853027,7.619999885559082,7.630000114440918,0.0,381586556
2025-10-23,7.700906276702881,7.840000152587891,0.0,7.889999866485596,7.710000038146973,7.760000228881836,0.0,432661432
2025-10-24,7.700906276702881,7.840000152587891,0.0,7.889999866485596,7.760000228881836,7.800000190734863,0.0,326362333
2025-10-27,7.769664287567139,7.909999847412109,0.0,7.940000057220459,7.739999771118164,7.800000190734863,0.0,391994677
2025-10-28,7.848244667053223,7.989999771118164,0.0,8.020000457763672,7.849999904632568,7.900000095367432,0.0,332040817
2025-10-29,7.6910834312438965,7.829999923706055,0.0,7.989999771118164,7.800000190734863,7.980000019073486,0.0,368304439
2025-10-30,7.700906276702881,7.840000152587891,0.0,7.900000095367432,7.78000020980835,7.829999923706055,0.0,278716126
2025-10-31,7.641970634460449,7.78000020980835,0.0,7.869999885559082,7.670000076293945,7.869999885559082,0.0,369325324
2025-11-03,7.7598419189453125,7.900000095367432,0.0,7.940000057220459,7.78000020980835,7.789999961853027,0.0,342073424
2025-11-04,7.9857611656188965,8.130000114440918,0.0,8.140000343322754,7.889999866485596,7.889999866485596,0.0,441097605
2025-11-05,7.995584011077881,8.140000343322754,0.0,8.210000038146973,8.09000015258789,8.170000076293945,0.0,394153630
2025-11-06,7.946470737457275,8.09000015258789,0.0,8.149999618530273,8.0600004196167,8.119999885559082,0.0,300975800
2025-11-07,7.9071807861328125,8.050000190734863,0.0,8.15999984741211,8.020000457763672,8.09000015258789,0.0,280161358
2025-11-10,7.975938320159912,8.119999885559082,0.0,8.130000114440918,7.980000019073486,8.020000457763672,0.0,223291315
2025-11-11,8.015228271484375,8.15999984741211,0.0,8.170000076293945,8.069999694824219,8.100000381469727,0.0,191740104
2025-11-12,8.044695854187012,8.1899995803833,0.0,8.319999694824219,8.149999618530273,8.15999984741211,0.0,359289795
2025-11-13,8.06434154510498,8.210000038146973,0.0,8.239999771118164,8.079999923706055,8.210000038146973,0.0,290137915
2025-11-14,8.103631973266602,8.25,0.0,8.380000114440918,8.220000267028809,8.229999542236328,0.0,306335129
2025-11-17,8.02505111694336,8.170000076293945,0.0,8.260000228881836,8.109999656677246,8.25,0.0,258276810
2025-11-18,8.054518699645996,8.199999809265137,0.0,8.25,8.109999656677246,8.140000343322754,0.0,217595965
2025-11-19,8.083986282348633,8.229999542236328,0.0,8.319999694824219,8.170000076293945,8.199999809265137,0.0,234428313
2025-11-20,8.12327766418457,8.270000457763672,0.0,8.399999618530273,8.180000305175781,8.210000038146973,0.0,359487746
2025-11-21,8.103631973266602,8.25,0.0,8.380000114440918,8.220000267028809,8.279999732971191,0.0,464444666
2025-11-24,8.054518699645996,8.199999809265137,0.0,8.260000228881836,8.119999885559082,8.199999809265137,0.0,348919016
2025-11-25,8.162568092346191,8.3100004196167,0.0,8.319999694824219,8.130000114440918,8.180000305175781,0.0,305542994
2025-11-26,8.015228271484375,8.15999984741211,0.0,8.380000114440918,8.149999618530273,8.3100004196167,0.0,331041956
2025-11-27,8.015228271484375,8.15999984741211,0.0,8.1899995803833,8.0600004196167,8.149999618530273,0.0,234412223
2025-11-28,7.966115474700928,8.109999656677246,0.0,8.170000076293945,8.079999923706055,8.149999618530273,0.0,208401567
2025-12-01,7.946470737457275,8.09000015258789,0.0,8.109999656677246,8.020000457763672,8.050000190734863,0.0,265260863
2025-12-02,7.946470737457275,8.09000015258789,0.0,8.119999885559082,8.020000457763672,8.09000015258789,0.0,214518991
2025-12-03,7.9071807861328125,8.050000190734863,0.0,8.149999618530273,8.029999732971191,8.0600004196167,0.0,221258490
2025-12-04,7.9071807861328125,8.050000190734863,0.0,8.09000015258789,8.020000457763672,8.069999694824219,0.0,149101162
2025-12-05,7.848244667053223,7.989999771118164,0.0,8.100000381469727,7.949999809265137,8.039999961853027,0.0,246147254
2025-12-08,7.848244667053223,7.989999771118164,0.0,8.039999961853027,7.949999809265137,7.989999771118164,0.0,213082015
2025-12-09,7.95629358291626,8.100000381469727,0.0,8.149999618530273,7.980000019073486,8.010000228881836,0.0,265490103
2025-12-10,7.799131870269775,7.940000057220459,0.0,8.119999885559082,7.920000076293945,8.09000015258789,0.0,308417560
2025-12-11,7.858067512512207,8.0,0.0,8.0,7.900000095367432,7.949999809265137,0.0,262175952
2025-12-12,7.828599452972412,7.96999979019165,0.0,7.980000019073486,7.840000152587891,7.96999979019165,0.0,519110533
2025-12-15,7.809999942779541,7.809999942779541,0.1414,7.860000133514404,7.769999980926514,7.820000171661377,0.0,250971265
2025-12-16,7.789999961853027,7.789999961853027,0.0,7.829999923706055,7.730000019073486,7.809999942779541,0.0,193438893
2025-12-17,7.809999942779541,7.809999942779541,0.0,7.869999885559082,7.75,7.78000020980835,0.0,220686117
2025-12-18,7.989999771118164,7.989999771118164,0.0,8.0,7.789999961853027,7.809999942779541,0.0,241748413
2025-12-19,7.880000114440918,7.880000114440918,0.0,7.980000019073486,7.860000133514404,7.960000038146973,0.0,235588226
2025-12-22,7.889999866485596,7.889999866485596,0.0,7.909999847412109,7.829999923706055,7.860000133514404,0.0,166891534
2025-12-23,7.920000076293945,7.920000076293945,0.0,7.949999809265137,7.869999885559082,7.889999866485596,0.0,200056954
2025-12-24,7.909999847412109,7.909999847412109,0.0,7.960000038146973,7.880000114440918,7.920000076293945,0.0,173667076
2025-12-25,7.860000133514404,7.860000133514404,0.0,7.909999847412109,7.829999923706055,7.900000095367432,0.0,165519023
2025-12-26,7.809999942779541,7.809999942779541,0.0,7.860000133514404,7.789999961853027,7.840000152587891,0.0,150069730
2025-12-29,7.869999885559082,7.869999885559082,0.0,7.900000095367432,7.769999980926514,7.809999942779541,0.0,270638611
2025-12-30,7.849999904632568,7.849999904632568,0.0,7.869999885559082,7.789999961853027,7.840000152587891,0.0,208754643
2025-12-31,7.929999828338623,7.929999828338623,0.0,7.960000038146973,7.829999923706055,7.829999923706055,0.0,286652775
2026-01-05,7.820000171661377,7.820000171661377,0.0,7.940000057220459,7.760000228881836,7.909999847412109,0.0,425414468
2026-01-06,7.800000190734863,7.800000190734863,0.0,7.809999942779541,7.760000228881836,7.809999942779541,0.0,259577011
2026-01-07,7.75,7.75,0.0,7.789999961853027,7.699999809265137,7.78000020980835,0.0,329789579
2026-01-08,7.690000057220459,7.690000057220459,0.0,7.739999771118164,7.650000095367432,7.739999771118164,0.0,291913967
2026-01-09,7.710000038146973,7.710000038146973,0.0,7.71999979019165,7.639999866485596,7.690000057220459,0.0,241092986
2026-01-12,7.739999771118164,7.739999771118164,0.0,7.769999980926514,7.650000095367432,7.699999809265137,0.0,292385221
2026-01-13,7.809999942779541,7.809999942779541,0.0,7.849999904632568,7.739999771118164,7.75,0.0,365192509
2026-01-14,7.690000057220459,7.690000057220459,0.0,7.789999961853027,7.679999828338623,7.789999961853027,0.0,390138294
2026-01-15,7.679999828338623,7.679999828338623,0.0,7.739999771118164,7.659999847412109,7.679999828338623,0.0,287026679
2026-01-16,7.610000133514404,7.610000133514404,0.0,7.679999828338623,7.579999923706055,7.670000076293945,0.0,340670636
2026-01-19,7.53000020980835,7.53000020980835,0.0,7.630000114440918,7.5,7.599999904632568,0.0,329064004
2026-01-20,7.539999961853027,7.539999961853027,0.0,7.570000171661377,7.5,7.519999980926514,0.0,302886281
2026-01-21,7.349999904632568,7.349999904632568,0.0,7.559999942779541,7.340000152587891,7.53000020980835,0.0,474520755
2026-01-22,7.269999980926514,7.269999980926514,0.0,7.380000114440918,7.25,7.349999904632568,0.0,388067394
2026-01-23,7.210000038146973,7.210000038146973,0.0,7.289999961853027,7.170000076293945,7.269999980926514,0.0,377013409
2026-01-26,7.239999771118164,7.239999771118164,0.0,7.320000171661377,7.150000095367432,7.190000057220459,0.0,455056572
2026-01-27,7.230000019073486,7.230000019073486,0.0,7.369999885559082,7.210000038146973,7.239999771118164,0.0,469808053
2026-01-28,7.199999809265137,7.199999809265137,0.0,7.289999961853027,7.159999847412109,7.210000038146973,0.0,456456322
2026-01-29,7.260000228881836,7.260000228881836,0.0,7.300000190734863,7.159999847412109,7.190000057220459,0.0,438099607
2026-01-30,7.25,7.25,0.0,7.389999866485596,7.21999979019165,7.269999980926514,0.0,460741381
2026-02-02,7.320000171661377,7.320000171661377,0.0,7.389999866485596,7.25,7.260000228881836,0.0,541179108
2026-02-03,7.179999828338623,7.179999828338623,0.0,7.309999942779541,7.150000095367432,7.300000190734863,0.0,449210785
2026-02-04,7.239999771118164,7.239999771118164,0.0,7.289999961853027,7.170000076293945,7.179999828338623,0.0,308484394
2026-02-05,7.300000190734863,7.300000190734863,0.0,7.320000171661377,7.230000019073486,7.25,0.0,310157513
2026-02-06,7.260000228881836,7.260000228881836,0.0,7.349999904632568,7.21999979019165,7.309999942779541,0.0,251460124
2026-02-09,7.28000020980835,7.28000020980835,0.0,7.289999961853027,7.210000038146973,7.25,0.0,203253025
2026-02-10,7.300000190734863,7.300000190734863,0.0,7.340000152587891,7.260000228881836,7.28000020980835,0.0,194804763
2026-02-11,7.289999961853027,7.289999961853027,0.0,7.320000171661377,7.269999980926514,7.320000171661377,0.0,138803118
2026-02-12,7.179999828338623,7.179999828338623,0.0,7.300000190734863,7.170000076293945,7.289999961853027,0.0,353083680
2026-02-13,7.110000133514404,7.110000133514404,0.0,7.199999809265137,7.110000133514404,7.190000057220459,0.0,317392508
2026-02-24,7.059999942779541,7.059999942779541,0.0,7.150000095367432,7.050000190734863,7.130000114440918,0.0,296628020
2026-02-25,7.050000190734863,7.050000190734863,0.0,7.070000171661377,7.03000020980835,7.059999942779541,0.0,219289428
2026-02-26,6.960000038146973,6.960000038146973,0.0,7.070000171661377,6.929999828338623,7.059999942779541,0.0,367815271
2026-02-27,6.920000076293945,6.920000076293945,0.0,6.949999809265137,6.909999847412109,6.940000057220459,0.0,243931526
2026-03-02,6.960000038146973,6.960000038146973,0.0,6.989999771118164,6.849999904632568,6.900000095367432,0.0,373808728
2026-03-03,7.119999885559082,7.119999885559082,0.0,7.150000095367432,6.909999847412109,6.949999809265137,0.0,570711679
2026-03-04,7.079999923706055,7.079999923706055,0.0,7.119999885559082,7.010000228881836,7.099999904632568,0.0,378868061
2026-03-05,7.110000133514404,7.110000133514404,0.0,7.139999866485596,7.03000020980835,7.039999961853027,0.0,264204918
2026-03-06,7.110000133514404,7.110000133514404,0.0,7.179999828338623,7.070000171661377,7.110000133514404,0.0,216279734
2026-03-09,7.099999904632568,7.099999904632568,0.0,7.179999828338623,7.070000171661377,7.079999923706055,0.0,334048067
2026-03-10,7.039999961853027,7.039999961853027,0.0,7.090000152587891,7.019999980926514,7.079999923706055,0.0,271375199
2026-03-11,7.119999885559082,7.119999885559082,0.0,7.119999885559082,7.019999980926514,7.039999961853027,0.0,237694618
2026-03-12,7.159999847412109,7.159999847412109,0.0,7.170000076293945,7.090000152587891,7.119999885559082,0.0,252339748
2026-03-13,7.199999809265137,7.199999809265137,0.0,7.21999979019165,7.110000133514404,7.159999847412109,0.0,303350193
2026-03-16,7.25,7.25,0.0,7.300000190734863,7.179999828338623,7.199999809265137,0.0,306828268
2026-03-17,7.389999866485596,7.389999866485596,0.0,7.400000095367432,7.239999771118164,7.25,0.0,364457286
2026-03-18,7.389999866485596,7.389999866485596,0.0,7.460000038146973,7.329999923706055,7.389999866485596,0.0,379473038
2026-03-19,7.53000020980835,7.53000020980835,0.0,7.550000190734863,7.349999904632568,7.360000133514404,0.0,560676394
2026-03-20,7.5,7.5,0.0,7.610000133514404,7.480000019073486,7.53000020980835,0.0,391245436
2026-03-23,7.25,7.25,0.0,7.480000019073486,7.199999809265137,7.480000019073486,0.0,502322937
2026-03-24,7.320000171661377,7.320000171661377,0.0,7.389999866485596,7.25,7.260000228881836,0.0,376772907
2026-03-25,7.340000152587891,7.340000152587891,0.0,7.349999904632568,7.190000057220459,7.329999923706055,0.0,337594544
2026-03-26,7.420000076293945,7.420000076293945,0.0,7.440000057220459,7.300000190734863,7.309999942779541,0.0,263470756
2026-03-27,7.400000095367432,7.400000095367432,0.0,7.46999979019165,7.369999885559082,7.409999847412109,0.0,279067565
2026-03-30,7.570000171661377,7.570000171661377,0.0,7.579999923706055,7.360000133514404,7.369999885559082,0.0,371587575
2026-03-31,7.639999866485596,7.639999866485596,0.0,7.690000057220459,7.550000190734863,7.570000171661377,0.0,391473536
2026-04-01,7.579999923706055,7.579999923706055,0.0,7.710000038146973,7.539999961853027,7.599999904632568,0.0,330870374
2026-04-02,7.630000114440918,7.630000114440918,0.0,7.690000057220459,7.559999942779541,7.570000171661377,0.0,275748282
2026-04-03,7.5,7.5,0.0,7.639999866485596,7.480000019073486,7.619999885559082,0.0,245299029
2026-04-07,7.400000095367432,7.400000095367432,0.0,7.519999980926514,7.360000133514404,7.510000228881836,0.0,241550420
2026-04-08,7.320000171661377,7.320000171661377,0.0,7.380000114440918,7.199999809265137,7.369999885559082,0.0,453272819
2026-04-09,7.329999923706055,7.329999923706055,0.0,7.349999904632568,7.260000228881836,7.320000171661377,0.0,253052541
2026-04-10,7.309999942779541,7.309999942779541,0.0,7.340000152587891,7.28000020980835,7.309999942779541,0.0,199244899
2026-04-13,7.369999885559082,7.369999885559082,0.0,7.389999866485596,7.269999980926514,7.309999942779541,0.0,229280948
2026-04-14,7.460000038146973,7.460000038146973,0.0,7.480000019073486,7.329999923706055,7.349999904632568,0.0,222502681
2026-04-15,7.5,7.5,0.0,7.519999980926514,7.420000076293945,7.449999809265137,0.0,223997632
2026-04-16,7.460000038146973,7.460000038146973,0.0,7.539999961853027,7.429999828338623,7.5,0.0,227614243
2026-04-17,7.440000057220459,7.440000057220459,0.0,7.489999771118164,7.429999828338623,7.449999809265137,0.0,162113554
