Date,Adj Close,Close,Dividends,High,Low,Open,Stock Splits,Volume
2019-12-10,4.119903564453125,5.610000133514404,0.0,5.650000095367432,5.53000020980835,5.599999904632568,0.0,1619472912
2019-12-11,4.134592056274414,5.630000114440918,0.0,5.639999866485596,5.550000190734863,5.579999923706055,0.0,463386264
2019-12-12,4.112559795379639,5.599999904632568,0.0,5.610000133514404,5.559999942779541,5.599999904632568,0.0,224711848
2019-12-13,4.105215549468994,5.590000152587891,0.0,5.610000133514404,5.579999923706055,5.610000133514404,0.0,157036724
2019-12-16,4.097872257232666,5.579999923706055,0.0,5.590000152587891,5.559999942779541,5.590000152587891,0.0,143874990
2019-12-17,4.29615592956543,5.849999904632568,0.0,6.139999866485596,5.559999942779541,5.579999923706055,0.0,456119850
2019-12-18,4.200685977935791,5.71999979019165,0.0,5.840000152587891,5.710000038146973,5.78000020980835,0.0,220064205
2019-12-19,4.2153730392456055,5.739999771118164,0.0,5.829999923706055,5.699999809265137,5.730000019073486,0.0,141028076
2019-12-20,4.222717761993408,5.75,0.0,5.840000152587891,5.71999979019165,5.75,0.0,176243052
2019-12-23,4.274125099182129,5.820000171661377,0.0,5.880000114440918,5.739999771118164,5.760000228881836,0.0,170998638
2019-12-24,4.259437084197998,5.800000190734863,0.0,5.829999923706055,5.739999771118164,5.829999923706055,0.0,131189734
2019-12-25,4.17865514755249,5.690000057220459,0.0,5.800000190734863,5.679999828338623,5.78000020980835,0.0,156835820
2019-12-26,4.17865514755249,5.690000057220459,0.0,5.690000057220459,5.630000114440918,5.679999828338623,0.0,118575693
2019-12-27,4.2153730392456055,5.739999771118164,0.0,5.760000228881836,5.670000076293945,5.679999828338623,0.0,130905932
2019-12-30,4.266780853271484,5.809999942779541,0.0,5.909999847412109,5.659999847412109,5.710000038146973,0.0,178952754
2019-12-31,4.303500175476074,5.860000133514404,0.0,5.880000114440918,5.789999961853027,5.800000190734863,0.0,122443080
2020-01-02,4.354907512664795,5.929999828338623,0.0,6.019999980926514,5.900000095367432,5.900000095367432,0.0,151823798
2020-01-03,4.391626834869385,5.980000019073486,0.0,6.010000228881836,5.849999904632568,5.929999828338623,0.0,136428136
2020-01-06,4.340219020843506,5.909999847412109,0.0,5.96999979019165,5.869999885559082,5.940000057220459,0.0,88407694
2020-01-07,4.34756326675415,5.920000076293945,0.0,5.940000057220459,5.880000114440918,5.889999866485596,0.0,53421082
2020-01-08,4.29615592956543,5.849999904632568,0.0,5.849999904632568,5.849999904632568,5.849999904632568,0.0,92108345
2020-01-09,4.310843467712402,5.869999885559082,0.0,5.880000114440918,5.800000190734863,5.849999904632568,0.0,61659192
2020-01-10,4.332876205444336,5.900000095367432,0.0,5.920000076293945,5.820000171661377,5.849999904632568,0.0,69474844
2020-01-13,4.252093315124512,5.789999961853027,0.0,5.789999961853027,5.789999961853027,5.789999961853027,0.0,173463656
2020-01-14,4.230062007904053,5.760000228881836,0.0,5.760000228881836,5.760000228881836,5.760000228881836,0.0,107426682
2020-01-15,4.185998439788818,5.699999809265137,0.0,5.760000228881836,5.699999809265137,5.75,0.0,66690964
2020-01-16,4.141934871673584,5.639999866485596,0.0,5.730000019073486,5.639999866485596,5.71999979019165,0.0,81947017
2020-01-17,4.163967132568359,5.670000076293945,0.0,5.710000038146973,5.659999847412109,5.659999847412109,0.0,57003597
2020-01-20,4.200685977935791,5.71999979019165,0.0,5.730000019073486,5.679999828338623,5.679999828338623,0.0,51514468
2020-01-21,4.156622886657715,5.659999847412109,0.0,5.730000019073486,5.659999847412109,5.710000038146973,0.0,43568345
2020-01-22,4.193342208862305,5.710000038146973,0.0,5.730000019073486,5.599999904632568,5.650000095367432,0.0,67394500
2020-01-23,4.163967132568359,5.670000076293945,0.0,5.690000057220459,5.570000171661377,5.679999828338623,0.0,64874834
2020-02-03,4.039121150970459,5.5,0.0,5.559999942779541,5.210000038146973,5.380000114440918,0.0,176961451
2020-02-04,4.0684967041015625,5.539999961853027,0.0,5.550000190734863,5.420000076293945,5.420000076293945,0.0,96911067
2020-02-05,4.039121150970459,5.5,0.0,5.539999961853027,5.460000038146973,5.510000228881836,0.0,85526603
2020-02-06,4.05380916595459,5.519999980926514,0.0,5.519999980926514,5.46999979019165,5.510000228881836,0.0,75845643
2020-02-07,4.039121150970459,5.5,0.0,5.5,5.449999809265137,5.5,0.0,84106442
2020-02-10,4.0464653968811035,5.510000228881836,0.0,5.510000228881836,5.440000057220459,5.46999979019165,0.0,86279516
2020-02-11,4.0464653968811035,5.510000228881836,0.0,5.53000020980835,5.46999979019165,5.489999771118164,0.0,45118758
2020-02-12,4.039121150970459,5.5,0.0,5.5,5.460000038146973,5.489999771118164,0.0,34954140
2020-02-13,4.039121150970459,5.5,0.0,5.5,5.460000038146973,5.5,0.0,47636304
2020-02-14,4.039121150970459,5.5,0.0,5.5,5.46999979019165,5.480000019073486,0.0,32497450
2020-02-17,4.083184242248535,5.559999942779541,0.0,5.559999942779541,5.480000019073486,5.489999771118164,0.0,72127754
2020-02-18,4.05380916595459,5.519999980926514,0.0,5.539999961853027,5.489999771118164,5.539999961853027,0.0,59786603
2020-02-19,4.039121150970459,5.5,0.0,5.519999980926514,5.489999771118164,5.5,0.0,38443822
2020-02-20,4.083184242248535,5.559999942779541,0.0,5.579999923706055,5.480000019073486,5.5,0.0,92325644
2020-02-21,4.05380916595459,5.519999980926514,0.0,5.559999942779541,5.510000228881836,5.53000020980835,0.0,67659740
2020-02-24,4.039121150970459,5.5,0.0,5.519999980926514,5.489999771118164,5.5,0.0,54982652
2020-02-25,4.039121150970459,5.5,0.0,5.5,5.460000038146973,5.480000019073486,0.0,81734852
2020-02-26,4.05380916595459,5.519999980926514,0.0,5.570000171661377,5.480000019073486,5.480000019073486,0.0,72411642
2020-02-27,4.05380916595459,5.519999980926514,0.0,5.550000190734863,5.489999771118164,5.510000228881836,0.0,53460459
2020-02-28,4.039121150970459,5.5,0.0,5.519999980926514,5.46999979019165,5.489999771118164,0.0,60596071
2020-03-02,4.061152935028076,5.53000020980835,0.0,5.53000020980835,5.480000019073486,5.489999771118164,0.0,63661948
2020-03-03,4.05380916595459,5.519999980926514,0.0,5.559999942779541,5.5,5.53000020980835,0.0,62227280
2020-03-04,4.039121150970459,5.5,0.0,5.510000228881836,5.480000019073486,5.5,0.0,44454221
2020-03-05,4.127246856689453,5.619999885559082,0.0,5.699999809265137,5.5,5.5,0.0,160000595
2020-03-06,4.0464653968811035,5.510000228881836,0.0,5.559999942779541,5.5,5.559999942779541,0.0,68697890
2020-03-09,4.031777381896973,5.489999771118164,0.0,5.5,5.46999979019165,5.480000019073486,0.0,66929367
2020-03-10,4.039121150970459,5.5,0.0,5.5,5.420000076293945,5.460000038146973,0.0,55281095
2020-03-11,4.0464653968811035,5.510000228881836,0.0,5.510000228881836,5.46999979019165,5.489999771118164,0.0,40526422
2020-03-12,4.0464653968811035,5.510000228881836,0.0,5.539999961853027,5.480000019073486,5.5,0.0,39689935
2020-03-13,4.075840473175049,5.550000190734863,0.0,5.550000190734863,5.369999885559082,5.449999809265137,0.0,98940727
2020-03-16,3.9950578212738037,5.440000057220459,0.0,5.519999980926514,5.429999828338623,5.519999980926514,0.0,66094422
2020-03-17,3.9436514377593994,5.369999885559082,0.0,5.460000038146973,5.349999904632568,5.420000076293945,0.0,43085720
2020-03-18,3.892244577407837,5.300000190734863,0.0,5.400000095367432,5.300000190734863,5.380000114440918,0.0,30672237
2020-03-19,3.840837001800537,5.230000019073486,0.0,5.28000020980835,5.170000076293945,5.260000228881836,0.0,40825651
2020-03-20,3.862868547439575,5.260000228881836,0.0,5.260000228881836,5.210000038146973,5.230000019073486,0.0,23225842
2020-03-23,3.7306792736053467,5.079999923706055,0.0,5.179999828338623,5.079999923706055,5.150000095367432,0.0,30755312
2020-03-24,3.774742603302002,5.139999866485596,0.0,5.159999847412109,5.050000190734863,5.130000114440918,0.0,33714143
2020-03-25,3.796773910522461,5.170000076293945,0.0,5.260000228881836,5.130000114440918,5.210000038146973,0.0,56404876
2020-03-26,3.877556085586548,5.28000020980835,0.0,5.349999904632568,5.150000095367432,5.170000076293945,0.0,64845855
2020-03-27,3.892244577407837,5.300000190734863,0.0,5.349999904632568,5.239999771118164,5.300000190734863,0.0,40941872
2020-03-30,3.862868547439575,5.260000228881836,0.0,5.269999980926514,5.179999828338623,5.25,0.0,29334189
2020-03-31,3.8702127933502197,5.269999980926514,0.0,5.289999961853027,5.21999979019165,5.260000228881836,0.0,15823551
2020-04-01,3.862868547439575,5.260000228881836,0.0,5.269999980926514,5.21999979019165,5.260000228881836,0.0,14910314
2020-04-02,3.8702127933502197,5.269999980926514,0.0,5.269999980926514,5.210000038146973,5.230000019073486,0.0,19979418
2020-04-03,3.862868547439575,5.260000228881836,0.0,5.269999980926514,5.230000019073486,5.25,0.0,11272065
2020-04-07,3.8849003314971924,5.289999961853027,0.0,5.300000190734863,5.269999980926514,5.289999961853027,0.0,19474050
2020-04-08,3.8702127933502197,5.269999980926514,0.0,5.289999961853027,5.25,5.28000020980835,0.0,12121542
2020-04-09,3.862868547439575,5.260000228881836,0.0,5.289999961853027,5.21999979019165,5.28000020980835,0.0,20937071
2020-04-10,3.8481810092926025,5.239999771118164,0.0,5.260000228881836,5.230000019073486,5.260000228881836,0.0,14799846
2020-04-13,3.8481810092926025,5.239999771118164,0.0,5.25,5.199999809265137,5.230000019073486,0.0,18045077
2020-04-14,3.862868547439575,5.260000228881836,0.0,5.260000228881836,5.21999979019165,5.230000019073486,0.0,15074546
2020-04-15,3.855525255203247,5.25,0.0,5.28000020980835,5.230000019073486,5.28000020980835,0.0,11363683
2020-04-16,3.8481810092926025,5.239999771118164,0.0,5.25,5.199999809265137,5.239999771118164,0.0,26907935
2020-04-17,3.862868547439575,5.260000228881836,0.0,5.260000228881836,5.210000038146973,5.239999771118164,0.0,29661326
2020-04-20,3.840837001800537,5.230000019073486,0.0,5.25,5.210000038146973,5.25,0.0,16013588
2020-04-21,3.811461925506592,5.190000057220459,0.0,5.230000019073486,5.179999828338623,5.199999809265137,0.0,12924296
2020-04-22,3.7820866107940674,5.150000095367432,0.0,5.179999828338623,5.139999866485596,5.179999828338623,0.0,18207989
2020-04-23,3.7453668117523193,5.099999904632568,0.0,5.159999847412109,5.099999904632568,5.159999847412109,0.0,17854457
2020-04-24,3.715991497039795,5.059999942779541,0.0,5.099999904632568,5.050000190734863,5.099999904632568,0.0,22364386
2020-04-27,3.7233357429504395,5.070000171661377,0.0,5.130000114440918,5.059999942779541,5.070000171661377,0.0,29051636
2020-04-28,3.6866159439086914,5.019999980926514,0.0,5.070000171661377,4.940000057220459,5.059999942779541,0.0,27169484
2020-04-29,3.7673985958099365,5.130000114440918,0.0,5.130000114440918,5.019999980926514,5.019999980926514,0.0,37886300
2020-04-30,3.833493709564209,5.21999979019165,0.0,5.230000019073486,5.139999866485596,5.150000095367432,0.0,40750390
2020-05-06,3.7894301414489746,5.159999847412109,0.0,5.170000076293945,5.110000133514404,5.159999847412109,0.0,46024693
2020-05-07,3.7820866107940674,5.150000095367432,0.0,5.150000095367432,5.119999885559082,5.139999866485596,0.0,22213204
2020-05-08,3.796773910522461,5.170000076293945,0.0,5.179999828338623,5.139999866485596,5.139999866485596,0.0,20602461
2020-05-11,3.804117441177368,5.179999828338623,0.0,5.190000057220459,5.150000095367432,5.170000076293945,0.0,22600855
2020-05-12,3.7894301414489746,5.159999847412109,0.0,5.21999979019165,5.150000095367432,5.179999828338623,0.0,20128500
2020-05-13,3.7820866107940674,5.150000095367432,0.0,5.159999847412109,5.110000133514404,5.150000095367432,0.0,28773969
2020-05-14,3.7453668117523193,5.099999904632568,0.0,5.139999866485596,5.059999942779541,5.139999866485596,0.0,39790161
2020-05-15,3.7306792736053467,5.079999923706055,0.0,5.090000152587891,5.039999961853027,5.079999923706055,0.0,32817453
2020-05-18,3.7233357429504395,5.070000171661377,0.0,5.079999923706055,5.03000020980835,5.079999923706055,0.0,28567615
2020-05-19,3.7453668117523193,5.099999904632568,0.0,5.099999904632568,5.059999942779541,5.070000171661377,0.0,19166739
2020-05-20,3.7453668117523193,5.099999904632568,0.0,5.110000133514404,5.070000171661377,5.090000152587891,0.0,14492528
2020-05-21,3.7527103424072266,5.110000133514404,0.0,5.110000133514404,5.070000171661377,5.090000152587891,0.0,19383968
2020-05-22,3.7306792736053467,5.079999923706055,0.0,5.099999904632568,5.050000190734863,5.099999904632568,0.0,19981645
2020-05-25,3.738023281097412,5.090000152587891,0.0,5.090000152587891,5.039999961853027,5.070000171661377,0.0,20654426
2020-05-26,3.738023281097412,5.090000152587891,0.0,5.110000133514404,5.070000171661377,5.090000152587891,0.0,18572282
2020-05-27,3.7306792736053467,5.079999923706055,0.0,5.090000152587891,5.039999961853027,5.090000152587891,0.0,23841008
2020-05-28,3.7453668117523193,5.099999904632568,0.0,5.110000133514404,5.050000190734863,5.079999923706055,0.0,38624237
2020-05-29,3.7306792736053467,5.079999923706055,0.0,5.090000152587891,5.039999961853027,5.070000171661377,0.0,36008582
2020-06-01,3.7453668117523193,5.099999904632568,0.0,5.110000133514404,5.079999923706055,5.090000152587891,0.0,50729922
2020-06-02,3.7453668117523193,5.099999904632568,0.0,5.099999904632568,5.070000171661377,5.090000152587891,0.0,34983074
2020-06-03,3.774742603302002,5.139999866485596,0.0,5.150000095367432,5.099999904632568,5.099999904632568,0.0,45786621
2020-06-04,3.774742603302002,5.139999866485596,0.0,5.159999847412109,5.099999904632568,5.150000095367432,0.0,35675986
2020-06-05,3.7820866107940674,5.150000095367432,0.0,5.150000095367432,5.110000133514404,5.119999885559082,0.0,20551668
2020-06-08,3.833493709564209,5.21999979019165,0.0,5.21999979019165,5.139999866485596,5.150000095367432,0.0,51271285
2020-06-09,3.833493709564209,5.21999979019165,0.0,5.269999980926514,5.190000057220459,5.21999979019165,0.0,40739747
2020-06-10,3.711214303970337,4.849999904632568,0.2102,4.889999866485596,4.710000038146973,4.880000114440918,0.0,412024653
2020-06-11,3.6423468589782715,4.760000228881836,0.0,4.820000171661377,4.739999771118164,4.769999980926514,0.0,166235385
2020-06-12,3.5964348316192627,4.699999809265137,0.0,4.75,4.699999809265137,4.730000019073486,0.0,174041537
2020-06-15,3.565826177597046,4.659999847412109,0.0,4.699999809265137,4.630000114440918,4.699999809265137,0.0,116282008
2020-06-16,3.5811307430267334,4.679999828338623,0.0,4.679999828338623,4.650000095367432,4.670000076293945,0.0,66496298
2020-06-17,3.550522804260254,4.639999866485596,0.0,4.670000076293945,4.599999904632568,4.659999847412109,0.0,71443647
2020-06-18,3.5352187156677246,4.619999885559082,0.0,4.630000114440918,4.579999923706055,4.619999885559082,0.0,84095589
2020-06-19,3.5352187156677246,4.619999885559082,0.0,4.619999885559082,4.579999923706055,4.610000133514404,0.0,89210045
2020-06-22,3.527566909790039,4.610000133514404,0.0,4.630000114440918,4.579999923706055,4.610000133514404,0.0,87084732
2020-06-23,3.489306926727295,4.559999942779541,0.0,4.599999904632568,4.550000190734863,4.590000152587891,0.0,74522088
2020-06-24,3.504611015319824,4.579999923706055,0.0,4.599999904632568,4.550000190734863,4.559999942779541,0.0,64497470
2020-06-29,3.4816548824310303,4.550000190734863,0.0,4.619999885559082,4.539999961853027,4.599999904632568,0.0,68241650
2020-06-30,3.4969589710235596,4.570000171661377,0.0,4.570000171661377,4.53000020980835,4.559999942779541,0.0,61311401
2020-07-01,3.5199146270751953,4.599999904632568,0.0,4.610000133514404,4.539999961853027,4.550000190734863,0.0,74707769
2020-07-02,3.5734786987304688,4.670000076293945,0.0,4.670000076293945,4.579999923706055,4.579999923706055,0.0,161922457
2020-07-03,3.649998664855957,4.769999980926514,0.0,4.789999961853027,4.659999847412109,4.670000076293945,0.0,178948019
2020-07-06,4.017293930053711,5.25,0.0,5.25,4.820000171661377,4.820000171661377,0.0,353926904
2020-07-07,3.9713823795318604,5.190000057220459,0.0,5.5,5.119999885559082,5.489999771118164,0.0,355993381
2020-07-08,3.9713823795318604,5.190000057220459,0.0,5.260000228881836,5.099999904632568,5.119999885559082,0.0,226411234
2020-07-09,3.940774440765381,5.150000095367432,0.0,5.210000038146973,5.119999885559082,5.179999828338623,0.0,162173382
2020-07-10,3.749474287033081,4.900000095367432,0.0,5.119999885559082,4.880000114440918,5.119999885559082,0.0,217479104
2020-07-13,3.7800827026367188,4.940000057220459,0.0,4.960000038146973,4.840000152587891,4.860000133514404,0.0,162141617
2020-07-14,3.734170913696289,4.880000114440918,0.0,4.940000057220459,4.840000152587891,4.900000095367432,0.0,115348961
2020-07-15,3.6806061267852783,4.809999942779541,0.0,4.900000095367432,4.789999961853027,4.889999866485596,0.0,112736990
2020-07-16,3.649998664855957,4.769999980926514,0.0,4.880000114440918,4.760000228881836,4.820000171661377,0.0,130615857
2020-07-17,3.6117382049560547,4.71999979019165,0.0,4.789999961853027,4.679999828338623,4.78000020980835,0.0,107774429
2020-07-20,3.6806061267852783,4.809999942779541,0.0,4.820000171661377,4.710000038146973,4.730000019073486,0.0,94355381
2020-07-21,3.649998664855957,4.769999980926514,0.0,4.829999923706055,4.75,4.829999923706055,0.0,71695905
2020-07-22,3.6653027534484863,4.789999961853027,0.0,4.840000152587891,4.739999771118164,4.78000020980835,0.0,93067116
2020-07-23,3.6040866374969482,4.710000038146973,0.0,4.769999980926514,4.650000095367432,4.75,0.0,99144523
2020-07-24,3.5352187156677246,4.619999885559082,0.0,4.730000019073486,4.599999904632568,4.699999809265137,0.0,107116513
2020-07-27,3.5122628211975098,4.590000152587891,0.0,4.639999866485596,4.570000171661377,4.619999885559082,0.0,61245696
2020-07-28,3.527566909790039,4.610000133514404,0.0,4.639999866485596,4.590000152587891,4.599999904632568,0.0,54763854
2020-07-29,3.565826177597046,4.659999847412109,0.0,4.659999847412109,4.579999923706055,4.599999904632568,0.0,60365084
2020-07-30,3.5428709983825684,4.630000114440918,0.0,4.670000076293945,4.619999885559082,4.650000095367432,0.0,41734841
2020-07-31,3.550522804260254,4.639999866485596,0.0,4.659999847412109,4.619999885559082,4.630000114440918,0.0,48282465
2020-08-03,3.5811307430267334,4.679999828338623,0.0,4.679999828338623,4.639999866485596,4.650000095367432,0.0,65382307
2020-08-04,3.6346943378448486,4.75,0.0,4.760000228881836,4.650000095367432,4.679999828338623,0.0,100684873
2020-08-05,3.5734786987304688,4.670000076293945,0.0,4.71999979019165,4.659999847412109,4.71999979019165,0.0,68822399
2020-08-06,3.565826177597046,4.659999847412109,0.0,4.699999809265137,4.630000114440918,4.679999828338623,0.0,62465634
2020-08-07,3.5428709983825684,4.630000114440918,0.0,4.670000076293945,4.610000133514404,4.650000095367432,0.0,53988610
2020-08-10,3.565826177597046,4.659999847412109,0.0,4.670000076293945,4.610000133514404,4.630000114440918,0.0,43666085
2020-08-11,3.5581748485565186,4.650000095367432,0.0,4.71999979019165,4.639999866485596,4.650000095367432,0.0,69031105
2020-08-12,3.5428709983825684,4.630000114440918,0.0,4.650000095367432,4.590000152587891,4.630000114440918,0.0,72981687
2020-08-13,3.550522804260254,4.639999866485596,0.0,4.670000076293945,4.630000114440918,4.659999847412109,0.0,54112631
2020-08-14,3.588782548904419,4.690000057220459,0.0,4.690000057220459,4.630000114440918,4.650000095367432,0.0,56802534
2020-08-17,3.695910930633545,4.829999923706055,0.0,4.880000114440918,4.690000057220459,4.699999809265137,0.0,216070917
2020-08-18,3.657650947570801,4.78000020980835,0.0,4.829999923706055,4.75,4.800000190734863,0.0,99648275
2020-08-19,3.649998664855957,4.769999980926514,0.0,4.820000171661377,4.739999771118164,4.769999980926514,0.0,67153978
2020-08-20,3.5964348316192627,4.699999809265137,0.0,4.760000228881836,4.699999809265137,4.75,0.0,59134603
2020-08-21,3.6117382049560547,4.71999979019165,0.0,4.730000019073486,4.699999809265137,4.71999979019165,0.0,32958534
2020-08-24,3.588782548904419,4.690000057220459,0.0,4.71999979019165,4.679999828338623,4.71999979019165,0.0,52051469
2020-08-25,3.5811307430267334,4.679999828338623,0.0,4.71999979019165,4.659999847412109,4.699999809265137,0.0,40652527
2020-08-26,3.5428709983825684,4.630000114440918,0.0,4.690000057220459,4.599999904632568,4.670000076293945,0.0,58812362
2020-08-27,3.550522804260254,4.639999866485596,0.0,4.639999866485596,4.610000133514404,4.630000114440918,0.0,30847526
2020-08-28,3.5811307430267334,4.679999828338623,0.0,4.679999828338623,4.610000133514404,4.630000114440918,0.0,54059183
2020-08-31,3.5352187156677246,4.619999885559082,0.0,4.690000057220459,4.619999885559082,4.679999828338623,0.0,105896943
2020-09-01,3.5428709983825684,4.630000114440918,0.0,4.650000095367432,4.599999904632568,4.610000133514404,0.0,46020587
2020-09-02,3.527566909790039,4.610000133514404,0.0,4.650000095367432,4.590000152587891,4.639999866485596,0.0,48181439
2020-09-03,3.5352187156677246,4.619999885559082,0.0,4.619999885559082,4.590000152587891,4.610000133514404,0.0,38276704
2020-09-04,3.504611015319824,4.579999923706055,0.0,4.599999904632568,4.559999942779541,4.590000152587891,0.0,44152676
2020-09-07,3.4969589710235596,4.570000171661377,0.0,4.599999904632568,4.559999942779541,4.579999923706055,0.0,37028731
2020-09-08,3.527566909790039,4.610000133514404,0.0,4.630000114440918,4.570000171661377,4.570000171661377,0.0,48477623
2020-09-09,3.5122628211975098,4.590000152587891,0.0,4.610000133514404,4.579999923706055,4.590000152587891,0.0,48096783
2020-09-10,3.4969589710235596,4.570000171661377,0.0,4.610000133514404,4.550000190734863,4.590000152587891,0.0,43395371
2020-09-11,3.504611015319824,4.579999923706055,0.0,4.579999923706055,4.550000190734863,4.559999942779541,0.0,31029052
2020-09-14,3.5122628211975098,4.590000152587891,0.0,4.599999904632568,4.559999942779541,4.590000152587891,0.0,27784999
2020-09-15,3.504611015319824,4.579999923706055,0.0,4.590000152587891,4.570000171661377,4.590000152587891,0.0,22223121
2020-09-16,3.504611015319824,4.579999923706055,0.0,4.599999904632568,4.570000171661377,4.590000152587891,0.0,29585920
2020-09-17,3.4969589710235596,4.570000171661377,0.0,4.579999923706055,4.559999942779541,4.579999923706055,0.0,23302835
2020-09-18,3.5352187156677246,4.619999885559082,0.0,4.619999885559082,4.559999942779541,4.570000171661377,0.0,50756337
2020-09-21,3.5199146270751953,4.599999904632568,0.0,4.630000114440918,4.590000152587891,4.619999885559082,0.0,29862817
2020-09-22,3.4969589710235596,4.570000171661377,0.0,4.619999885559082,4.559999942779541,4.579999923706055,0.0,41097626
2020-09-23,3.489306926727295,4.559999942779541,0.0,4.579999923706055,4.550000190734863,4.579999923706055,0.0,37287516
2020-09-24,3.4357430934906006,4.489999771118164,0.0,4.550000190734863,4.489999771118164,4.550000190734863,0.0,49991206
2020-09-25,3.4357430934906006,4.489999771118164,0.0,4.510000228881836,4.480000019073486,4.489999771118164,0.0,22050706
2020-09-28,3.4433951377868652,4.5,0.0,4.510000228881836,4.46999979019165,4.489999771118164,0.0,25696718
2020-09-29,3.466350793838501,4.53000020980835,0.0,4.539999961853027,4.489999771118164,4.5,0.0,31184184
2020-09-30,3.451046943664551,4.510000228881836,0.0,4.539999961853027,4.5,4.519999980926514,0.0,21426470
2020-10-09,3.4586992263793945,4.519999980926514,0.0,4.539999961853027,4.510000228881836,4.519999980926514,0.0,24241292
2020-10-12,3.4969589710235596,4.570000171661377,0.0,4.579999923706055,4.519999980926514,4.519999980926514,0.0,39397986
2020-10-13,3.5122628211975098,4.590000152587891,0.0,4.639999866485596,4.539999961853027,4.559999942779541,0.0,65431652
2020-10-14,3.5199146270751953,4.599999904632568,0.0,4.639999866485596,4.570000171661377,4.599999904632568,0.0,39830068
2020-10-15,3.5352187156677246,4.619999885559082,0.0,4.639999866485596,4.579999923706055,4.590000152587891,0.0,42879773
2020-10-16,3.588782548904419,4.690000057220459,0.0,4.710000038146973,4.599999904632568,4.610000133514404,0.0,103886041
2020-10-19,3.5734786987304688,4.670000076293945,0.0,4.769999980926514,4.650000095367432,4.699999809265137,0.0,119145608
2020-10-20,3.550522804260254,4.639999866485596,0.0,4.670000076293945,4.599999904632568,4.639999866485596,0.0,56803517
2020-10-21,3.5734786987304688,4.670000076293945,0.0,4.670000076293945,4.599999904632568,4.650000095367432,0.0,60742262
2020-10-22,3.565826177597046,4.659999847412109,0.0,4.679999828338623,4.630000114440918,4.659999847412109,0.0,32152550
2020-10-23,3.5734786987304688,4.670000076293945,0.0,4.710000038146973,4.639999866485596,4.650000095367432,0.0,45837350
2020-10-26,3.550522804260254,4.639999866485596,0.0,4.699999809265137,4.619999885559082,4.659999847412109,0.0,38362674
2020-10-27,3.5199146270751953,4.599999904632568,0.0,4.630000114440918,4.579999923706055,4.610000133514404,0.0,37087493
2020-10-28,3.4816548824310303,4.550000190734863,0.0,4.599999904632568,4.519999980926514,4.590000152587891,0.0,33969284
2020-10-29,3.4586992263793945,4.519999980926514,0.0,4.539999961853027,4.5,4.510000228881836,0.0,23821285
2020-10-30,3.5199146270751953,4.599999904632568,0.0,4.730000019073486,4.579999923706055,4.590000152587891,0.0,110423507
2020-11-02,3.588782548904419,4.690000057220459,0.0,4.710000038146973,4.610000133514404,4.650000095367432,0.0,84925463
2020-11-03,3.5734786987304688,4.670000076293945,0.0,4.75,4.650000095367432,4.710000038146973,0.0,61564446
2020-11-04,3.6040866374969482,4.710000038146973,0.0,4.739999771118164,4.670000076293945,4.730000019073486,0.0,52494799
2020-11-05,3.6040866374969482,4.710000038146973,0.0,4.760000228881836,4.679999828338623,4.739999771118164,0.0,62518343
2020-11-06,3.657650947570801,4.78000020980835,0.0,4.789999961853027,4.699999809265137,4.730000019073486,0.0,83384924
2020-11-09,3.6423468589782715,4.760000228881836,0.0,4.789999961853027,4.71999979019165,4.78000020980835,0.0,69316226
2020-11-10,3.657650947570801,4.78000020980835,0.0,4.849999904632568,4.760000228881836,4.769999980926514,0.0,90780495
2020-11-11,3.695910930633545,4.829999923706055,0.0,4.860000133514404,4.75,4.78000020980835,0.0,82638728
2020-11-12,3.6806061267852783,4.809999942779541,0.0,4.840000152587891,4.78000020980835,4.829999923706055,0.0,43809706
2020-11-13,3.588782548904419,4.690000057220459,0.0,4.860000133514404,4.659999847412109,4.800000190734863,0.0,84965708
2020-11-16,3.6040866374969482,4.710000038146973,0.0,4.75,4.659999847412109,4.690000057220459,0.0,66584976
2020-11-17,3.6040866374969482,4.710000038146973,0.0,4.730000019073486,4.659999847412109,4.710000038146973,0.0,54467268
2020-11-18,3.6653027534484863,4.789999961853027,0.0,4.829999923706055,4.679999828338623,4.699999809265137,0.0,96623129
2020-11-19,3.6729540824890137,4.800000190734863,0.0,4.820000171661377,4.760000228881836,4.800000190734863,0.0,42583034
2020-11-20,3.6346943378448486,4.75,0.0,4.800000190734863,4.730000019073486,4.769999980926514,0.0,39434937
2020-11-23,3.695910930633545,4.829999923706055,0.0,4.860000133514404,4.71999979019165,4.739999771118164,0.0,85027032
2020-11-24,3.749474287033081,4.900000095367432,0.0,4.909999847412109,4.809999942779541,4.829999923706055,0.0,105246399
2020-11-25,3.8259949684143066,5.0,0.0,5.179999828338623,4.960000038146973,4.960000038146973,0.0,165937222
2020-11-26,3.856602668762207,5.039999961853027,0.0,5.079999923706055,4.980000019073486,5.0,0.0,100482066
2020-11-27,3.9637298583984375,5.179999828338623,0.0,5.179999828338623,5.059999942779541,5.059999942779541,0.0,161787209
2020-11-30,4.001989364624023,5.230000019073486,0.0,5.570000171661377,5.079999923706055,5.28000020980835,0.0,385752185
2020-12-01,4.0249457359313965,5.260000228881836,0.0,5.329999923706055,5.110000133514404,5.110000133514404,0.0,257749162
2020-12-02,3.9025142192840576,5.099999904632568,0.0,5.25,5.059999942779541,5.21999979019165,0.0,152064434
2020-12-03,3.917818069458008,5.119999885559082,0.0,5.139999866485596,5.03000020980835,5.119999885559082,0.0,88380832
2020-12-04,3.8259949684143066,5.0,0.0,5.110000133514404,4.889999866485596,5.050000190734863,0.0,85034416
2020-12-07,3.757127046585083,4.909999847412109,0.0,5.039999961853027,4.849999904632568,4.989999771118164,0.0,122518018
2020-12-08,3.711214303970337,4.849999904632568,0.0,4.900000095367432,4.800000190734863,4.880000114440918,0.0,99095299
2020-12-09,3.7265186309814453,4.869999885559082,0.0,4.889999866485596,4.809999942779541,4.820000171661377,0.0,70449745
2020-12-10,3.711214303970337,4.849999904632568,0.0,4.909999847412109,4.809999942779541,4.860000133514404,0.0,61017245
2020-12-11,3.7647783756256104,4.920000076293945,0.0,4.949999809265137,4.829999923706055,4.829999923706055,0.0,98422882
2020-12-14,3.711214303970337,4.849999904632568,0.0,4.940000057220459,4.800000190734863,4.929999828338623,0.0,86827012
2020-12-15,3.6653027534484863,4.789999961853027,0.0,4.840000152587891,4.760000228881836,4.829999923706055,0.0,40163330
2020-12-16,3.6806061267852783,4.809999942779541,0.0,4.849999904632568,4.769999980926514,4.78000020980835,0.0,41736554
2020-12-17,3.7265186309814453,4.869999885559082,0.0,4.869999885559082,4.769999980926514,4.809999942779541,0.0,35450859
2020-12-18,3.695910930633545,4.829999923706055,0.0,4.880000114440918,4.820000171661377,4.840000152587891,0.0,35742528
2020-12-21,3.7035624980926514,4.840000152587891,0.0,4.889999866485596,4.800000190734863,4.809999942779541,0.0,38319189
2020-12-22,3.649998664855957,4.769999980926514,0.0,4.880000114440918,4.769999980926514,4.829999923706055,0.0,35660241
2020-12-23,3.6117382049560547,4.71999979019165,0.0,4.809999942779541,4.699999809265137,4.78000020980835,0.0,48987232
2020-12-24,3.6117382049560547,4.71999979019165,0.0,4.769999980926514,4.710000038146973,4.730000019073486,0.0,25859440
2020-12-25,3.6117382049560547,4.71999979019165,0.0,4.730000019073486,4.679999828338623,4.710000038146973,0.0,28669564
2020-12-28,3.6346943378448486,4.75,0.0,4.789999961853027,4.679999828338623,4.71999979019165,0.0,46323716
2020-12-29,3.6193909645080566,4.730000019073486,0.0,4.800000190734863,4.710000038146973,4.760000228881836,0.0,36026744
2020-12-30,3.6346943378448486,4.75,0.0,4.760000228881836,4.699999809265137,4.71999979019165,0.0,34141832
2020-12-31,3.657650947570801,4.78000020980835,0.0,4.829999923706055,4.730000019073486,4.730000019073486,0.0,71064288
2021-01-04,3.5811307430267334,4.679999828338623,0.0,4.75,4.590000152587891,4.75,0.0,158871521
2021-01-05,3.5811307430267334,4.679999828338623,0.0,4.710000038146973,4.619999885559082,4.650000095367432,0.0,72824740
2021-01-06,3.6040866374969482,4.710000038146973,0.0,4.71999979019165,4.650000095367432,4.650000095367432,0.0,54894796
2021-01-07,3.6040866374969482,4.710000038146973,0.0,4.75,4.650000095367432,4.710000038146973,0.0,54545492
2021-01-08,3.6653027534484863,4.789999961853027,0.0,4.800000190734863,4.679999828338623,4.710000038146973,0.0,56781028
2021-01-11,3.7265186309814453,4.869999885559082,0.0,4.940000057220459,4.769999980926514,4.78000020980835,0.0,153633999
2021-01-12,3.7035624980926514,4.840000152587891,0.0,4.860000133514404,4.730000019073486,4.840000152587891,0.0,95889971
2021-01-13,3.749474287033081,4.900000095367432,0.0,4.920000076293945,4.829999923706055,4.860000133514404,0.0,99127162
2021-01-14,3.8412981033325195,5.019999980926514,0.0,5.119999885559082,4.909999847412109,4.940000057220459,0.0,172564038
2021-01-15,4.162681579589844,5.440000057220459,0.0,5.519999980926514,5.179999828338623,5.179999828338623,0.0,729194917
2021-01-18,4.03259801864624,5.269999980926514,0.0,5.360000133514404,5.190000057220459,5.300000190734863,0.0,484255287
2021-01-19,4.101465702056885,5.360000133514404,0.0,5.630000114440918,5.21999979019165,5.260000228881836,0.0,401409630
2021-01-20,4.101465702056885,5.360000133514404,0.0,5.46999979019165,5.260000228881836,5.329999923706055,0.0,206746131
2021-01-21,4.277462005615234,5.590000152587891,0.0,5.639999866485596,5.360000133514404,5.449999809265137,0.0,376115800
2021-01-22,4.132073879241943,5.400000095367432,0.0,5.510000228881836,5.329999923706055,5.510000228881836,0.0,228420112
2021-01-25,4.155029773712158,5.429999828338623,0.0,5.480000019073486,5.190000057220459,5.349999904632568,0.0,204116047
2021-01-26,4.193289756774902,5.480000019073486,0.0,5.619999885559082,5.380000114440918,5.420000076293945,0.0,224143275
2021-01-27,4.2545061111450195,5.559999942779541,0.0,5.710000038146973,5.429999828338623,5.449999809265137,0.0,280536776
2021-01-28,4.101465702056885,5.360000133514404,0.0,5.460000038146973,5.340000152587891,5.420000076293945,0.0,170880323
2021-01-29,4.193289756774902,5.480000019073486,0.0,5.519999980926514,5.349999904632568,5.409999847412109,0.0,221700792
2021-02-01,4.28511381149292,5.599999904632568,0.0,5.679999828338623,5.360000133514404,5.440000057220459,0.0,279492824
2021-02-02,4.193289756774902,5.480000019073486,0.0,5.559999942779541,5.449999809265137,5.510000228881836,0.0,172310036
2021-02-03,4.262157917022705,5.570000171661377,0.0,5.670000076293945,5.46999979019165,5.480000019073486,0.0,222965527
2021-02-04,4.422849178314209,5.78000020980835,0.0,5.920000076293945,5.519999980926514,5.559999942779541,0.0,347310165
2021-02-05,4.667712688446045,6.099999904632568,0.0,6.28000020980835,5.849999904632568,5.849999904632568,0.0,418317068
2021-02-08,4.744232654571533,6.199999809265137,0.0,6.230000019073486,5.96999979019165,6.150000095367432,0.0,343377788
2021-02-09,4.797796249389648,6.269999980926514,0.0,6.269999980926514,6.019999980926514,6.210000038146973,0.0,230080532
2021-02-10,4.728928565979004,6.179999828338623,0.0,6.460000038146973,6.110000133514404,6.28000020980835,0.0,259971219
2021-02-18,4.774840354919434,6.239999771118164,0.0,6.389999866485596,6.150000095367432,6.25,0.0,232168111
2021-02-19,4.675364971160889,6.110000133514404,0.0,6.239999771118164,6.010000228881836,6.239999771118164,0.0,220606293
2021-02-22,4.606496810913086,6.019999980926514,0.0,6.139999866485596,5.980000019073486,6.119999885559082,0.0,197334609
2021-02-23,4.660060882568359,6.090000152587891,0.0,6.269999980926514,6.0,6.019999980926514,0.0,228350287
2021-02-24,4.537629127502441,5.929999828338623,0.0,6.119999885559082,5.869999885559082,6.090000152587891,0.0,191767321
2021-02-25,4.744232654571533,6.199999809265137,0.0,6.239999771118164,5.940000057220459,5.96999979019165,0.0,263878919
2021-02-26,4.683017253875732,6.119999885559082,0.0,6.139999866485596,5.960000038146973,6.03000020980835,0.0,241877618
2021-03-01,4.606496810913086,6.019999980926514,0.0,6.090000152587891,5.96999979019165,6.039999961853027,0.0,114803891
2021-03-02,4.522324562072754,5.909999847412109,0.0,6.079999923706055,5.800000190734863,6.059999942779541,0.0,165473866
2021-03-03,4.705972671508789,6.150000095367432,0.0,6.190000057220459,5.829999923706055,5.860000133514404,0.0,215944008
2021-03-04,4.675364971160889,6.110000133514404,0.0,6.179999828338623,6.010000228881836,6.090000152587891,0.0,165299280
2021-03-05,4.713624477386475,6.159999847412109,0.0,6.190000057220459,5.940000057220459,6.019999980926514,0.0,190841681
2021-03-08,4.660060882568359,6.090000152587891,0.0,6.440000057220459,6.079999923706055,6.190000057220459,0.0,254232859
2021-03-09,4.514673709869385,5.900000095367432,0.0,6.199999809265137,5.869999885559082,6.150000095367432,0.0,238751598
2021-03-10,4.39224100112915,5.739999771118164,0.0,5.900000095367432,5.71999979019165,5.849999904632568,0.0,170938570
2021-03-11,4.514673709869385,5.900000095367432,0.0,5.960000038146973,5.78000020980835,5.809999942779541,0.0,148763127
2021-03-12,4.545281410217285,5.940000057220459,0.0,5.960000038146973,5.789999961853027,5.909999847412109,0.0,151844945
2021-03-15,4.552933216094971,5.949999809265137,0.0,6.050000190734863,5.900000095367432,5.949999809265137,0.0,106478019
2021-03-16,4.698320388793945,6.139999866485596,0.0,6.150000095367432,5.940000057220459,5.96999979019165,0.0,169522922
2021-03-17,4.598844528198242,6.010000228881836,0.0,6.119999885559082,5.960000038146973,6.119999885559082,0.0,134238973
2021-03-18,4.545281410217285,5.940000057220459,0.0,6.099999904632568,5.909999847412109,6.0,0.0,147932362
2021-03-19,4.468761920928955,5.840000152587891,0.0,5.96999979019165,5.78000020980835,5.940000057220459,0.0,114417301
2021-03-22,4.529976844787598,5.920000076293945,0.0,5.940000057220459,5.800000190734863,5.840000152587891,0.0,102426857
2021-03-23,4.499368667602539,5.880000114440918,0.0,5.949999809265137,5.840000152587891,5.920000076293945,0.0,64498621
2021-03-24,4.415197372436523,5.769999980926514,0.0,5.860000133514404,5.699999809265137,5.849999904632568,0.0,90782401
2021-03-25,4.338677883148193,5.670000076293945,0.0,5.789999961853027,5.650000095367432,5.75,0.0,78834717
2021-03-26,4.39224100112915,5.739999771118164,0.0,5.769999980926514,5.670000076293945,5.690000057220459,0.0,65230722
2021-03-29,4.476413726806641,5.849999904632568,0.0,5.849999904632568,5.699999809265137,5.75,0.0,86711967
2021-03-30,4.491717338562012,5.869999885559082,0.0,5.889999866485596,5.760000228881836,5.849999904632568,0.0,108355705
2021-03-31,4.491717338562012,5.869999885559082,0.0,5.909999847412109,5.760000228881836,5.860000133514404,0.0,109682121
2021-04-01,4.407546043395996,5.760000228881836,0.0,5.860000133514404,5.71999979019165,5.840000152587891,0.0,90518062
2021-04-02,4.338677883148193,5.670000076293945,0.0,5.760000228881836,5.639999866485596,5.75,0.0,115448154
2021-04-06,4.399893283843994,5.75,0.0,5.769999980926514,5.650000095367432,5.699999809265137,0.0,76912341
2021-04-07,4.384589672088623,5.730000019073486,0.0,5.760000228881836,5.679999828338623,5.730000019073486,0.0,73268956
2021-04-08,4.323373317718506,5.650000095367432,0.0,5.739999771118164,5.650000095367432,5.699999809265137,0.0,83693690
2021-04-09,4.269810199737549,5.579999923706055,0.0,5.670000076293945,5.559999942779541,5.650000095367432,0.0,84529587
2021-04-12,4.28511381149292,5.599999904632568,0.0,5.599999904632568,5.510000228881836,5.590000152587891,0.0,89874251
2021-04-13,4.323373317718506,5.650000095367432,0.0,5.679999828338623,5.559999942779541,5.599999904632568,0.0,104250819
2021-04-14,4.31572151184082,5.639999866485596,0.0,5.679999828338623,5.570000171661377,5.630000114440918,0.0,73464732
2021-04-15,4.208593845367432,5.5,0.0,5.670000076293945,5.46999979019165,5.670000076293945,0.0,109948598
2021-04-16,4.200941562652588,5.489999771118164,0.0,5.519999980926514,5.420000076293945,5.519999980926514,0.0,83988562
2021-04-19,4.1703338623046875,5.449999809265137,0.0,5.489999771118164,5.409999847412109,5.480000019073486,0.0,137883547
2021-04-20,4.200941562652588,5.489999771118164,0.0,5.539999961853027,5.420000076293945,5.440000057220459,0.0,92456788
2021-04-21,4.2927656173706055,5.610000133514404,0.0,5.650000095367432,5.440000057220459,5.449999809265137,0.0,121966424
2021-04-22,4.223897933959961,5.519999980926514,0.0,5.639999866485596,5.480000019073486,5.619999885559082,0.0,89020983
2021-04-23,4.216246128082275,5.510000228881836,0.0,5.559999942779541,5.46999979019165,5.489999771118164,0.0,58901206
2021-04-26,4.155029773712158,5.429999828338623,0.0,5.559999942779541,5.429999828338623,5.519999980926514,0.0,69364290
2021-04-27,4.162681579589844,5.440000057220459,0.0,5.46999979019165,5.389999866485596,5.420000076293945,0.0,43375653
2021-04-28,4.1244215965271,5.389999866485596,0.0,5.429999828338623,5.349999904632568,5.429999828338623,0.0,71816093
2021-04-29,4.177985668182373,5.460000038146973,0.0,5.5,5.369999885559082,5.380000114440918,0.0,115771885
2021-04-30,3.8948628902435303,5.090000152587891,0.0,5.429999828338623,4.96999979019165,5.429999828338623,0.0,481397945
2021-05-06,3.910166025161743,5.110000133514404,0.0,5.170000076293945,5.099999904632568,5.119999885559082,0.0,177748181
2021-05-07,3.940774440765381,5.150000095367432,0.0,5.230000019073486,5.079999923706055,5.110000133514404,0.0,126712981
2021-05-10,4.093813419342041,5.349999904632568,0.0,5.360000133514404,5.150000095367432,5.159999847412109,0.0,221599400
2021-05-11,4.070858001708984,5.320000171661377,0.0,5.340000152587891,5.239999771118164,5.320000171661377,0.0,75878170
2021-05-12,4.086162090301514,5.340000152587891,0.0,5.380000114440918,5.260000228881836,5.309999942779541,0.0,101160878
2021-05-13,4.101465702056885,5.360000133514404,0.0,5.409999847412109,5.28000020980835,5.289999961853027,0.0,111539357
2021-05-14,4.1244215965271,5.389999866485596,0.0,5.400000095367432,5.309999942779541,5.389999866485596,0.0,83183089
2021-05-17,4.10911750793457,5.369999885559082,0.0,5.400000095367432,5.300000190734863,5.389999866485596,0.0,114277083
2021-05-18,4.03259801864624,5.269999980926514,0.0,5.369999885559082,5.179999828338623,5.360000133514404,0.0,131361929
2021-05-19,3.9637298583984375,5.179999828338623,0.0,5.239999771118164,5.150000095367432,5.239999771118164,0.0,102762553
2021-05-20,4.03259801864624,5.269999980926514,0.0,5.269999980926514,5.130000114440918,5.190000057220459,0.0,106824929
2021-05-21,3.948425769805908,5.159999847412109,0.0,5.269999980926514,5.139999866485596,5.25,0.0,121474712
2021-05-24,3.910166025161743,5.110000133514404,0.0,5.199999809265137,5.090000152587891,5.170000076293945,0.0,102383860
2021-05-25,4.03259801864624,5.269999980926514,0.0,5.289999961853027,5.099999904632568,5.119999885559082,0.0,169096228
2021-05-26,4.1703338623046875,5.449999809265137,0.0,5.559999942779541,5.28000020980835,5.300000190734863,0.0,278065292
2021-05-27,4.086162090301514,5.340000152587891,0.0,5.409999847412109,5.300000190734863,5.400000095367432,0.0,163891308
2021-05-28,4.262157917022705,5.570000171661377,0.0,5.679999828338623,5.360000133514404,5.360000133514404,0.0,335779644
2021-05-31,4.28511381149292,5.599999904632568,0.0,5.679999828338623,5.480000019073486,5.679999828338623,0.0,188610514
2021-06-01,4.23920202255249,5.539999961853027,0.0,5.590000152587891,5.46999979019165,5.570000171661377,0.0,141342559
2021-06-02,4.193289756774902,5.480000019073486,0.0,5.550000190734863,5.429999828338623,5.510000228881836,0.0,125914839
2021-06-03,4.1703338623046875,5.449999809265137,0.0,5.539999961853027,5.420000076293945,5.489999771118164,0.0,109898250
2021-06-04,4.2315497398376465,5.53000020980835,0.0,5.539999961853027,5.389999866485596,5.440000057220459,0.0,171309603
2021-06-07,4.162681579589844,5.440000057220459,0.0,5.489999771118164,5.409999847412109,5.480000019073486,0.0,148830958
2021-06-08,4.147377967834473,5.420000076293945,0.0,5.440000057220459,5.329999923706055,5.429999828338623,0.0,163854031
2021-06-09,4.093813419342041,5.349999904632568,0.0,5.409999847412109,5.309999942779541,5.409999847412109,0.0,144849866
2021-06-10,4.116769790649414,5.380000114440918,0.0,5.409999847412109,5.320000171661377,5.329999923706055,0.0,120968078
2021-06-11,4.03259801864624,5.269999980926514,0.0,5.380000114440918,5.260000228881836,5.360000133514404,0.0,184487930
2021-06-15,4.009641647338867,5.239999771118164,0.0,5.300000190734863,5.179999828338623,5.28000020980835,0.0,162152434
2021-06-16,4.063205718994141,5.309999942779541,0.0,5.380000114440918,5.210000038146973,5.25,0.0,143173360
2021-06-17,3.994338274002075,5.21999979019165,0.0,5.329999923706055,5.199999809265137,5.320000171661377,0.0,128434431
2021-06-18,3.948425769805908,5.159999847412109,0.0,5.199999809265137,5.139999866485596,5.199999809265137,0.0,109407586
2021-06-21,3.871906042098999,5.059999942779541,0.0,5.150000095367432,5.010000228881836,5.139999866485596,0.0,238379478
2021-06-22,3.8259949684143066,5.0,0.0,5.110000133514404,4.980000019073486,5.059999942779541,0.0,217799562
2021-06-23,3.8183417320251465,4.989999771118164,0.0,5.03000020980835,4.929999828338623,5.0,0.0,196626091
2021-06-24,3.833646774291992,5.010000228881836,0.0,5.019999980926514,4.96999979019165,4.989999771118164,0.0,85341603
2021-06-25,3.8948628902435303,5.090000152587891,0.0,5.090000152587891,5.0,5.019999980926514,0.0,147308603
2021-06-28,3.8259949684143066,5.0,0.0,5.090000152587891,4.980000019073486,5.079999923706055,0.0,126674045
2021-06-29,3.833646774291992,5.010000228881836,0.0,5.03000020980835,4.940000057220459,4.989999771118164,0.0,162672937
2021-06-30,3.8412981033325195,5.019999980926514,0.0,5.03000020980835,4.989999771118164,5.010000228881836,0.0,108327131
2021-07-01,3.856602668762207,5.039999961853027,0.0,5.070000171661377,5.0,5.03000020980835,0.0,119932119
2021-07-02,3.8259949684143066,5.0,0.0,5.039999961853027,4.980000019073486,5.03000020980835,0.0,94608476
2021-07-05,3.7800827026367188,4.940000057220459,0.0,5.0,4.909999847412109,5.0,0.0,124686250
2021-07-06,3.787734031677246,4.949999809265137,0.0,4.949999809265137,4.889999866485596,4.929999828338623,0.0,140256385
2021-07-07,3.7188665866851807,4.860000133514404,0.0,4.949999809265137,4.849999904632568,4.920000076293945,0.0,233790686
2021-07-08,3.6729540824890137,4.800000190734863,0.0,4.880000114440918,4.769999980926514,4.880000114440918,0.0,127088147
2021-07-09,3.6423468589782715,4.760000228881836,0.0,4.809999942779541,4.730000019073486,4.769999980926514,0.0,119601850
2021-07-12,3.627042531967163,4.739999771118164,0.0,4.809999942779541,4.710000038146973,4.800000190734863,0.0,155871081
2021-07-13,3.649998664855957,4.769999980926514,0.0,4.78000020980835,4.699999809265137,4.739999771118164,0.0,123503042
2021-07-14,3.657650947570801,4.78000020980835,0.0,4.800000190734863,4.730000019073486,4.78000020980835,0.0,131334531
2021-07-15,3.8183417320251465,4.989999771118164,0.0,5.03000020980835,4.75,4.769999980926514,0.0,306820496
2021-07-16,3.8489503860473633,5.03000020980835,0.0,5.050000190734863,4.920000076293945,4.940000057220459,0.0,184851897
2021-07-19,3.917818069458008,5.119999885559082,0.0,5.119999885559082,4.949999809265137,5.010000228881836,0.0,183151204
2021-07-20,3.8183417320251465,4.989999771118164,0.0,5.090000152587891,4.980000019073486,5.090000152587891,0.0,109771629
2021-07-21,3.8030383586883545,4.96999979019165,0.0,5.039999961853027,4.949999809265137,4.989999771118164,0.0,89255692
2021-07-22,3.8337883949279785,4.800000190734863,0.2085,4.900000095367432,4.760000228881836,4.78000020980835,0.0,132310970
2021-07-23,3.8737239837646484,4.849999904632568,0.0,4.869999885559082,4.71999979019165,4.78000020980835,0.0,127557254
2021-07-26,3.8737239837646484,4.849999904632568,0.0,4.920000076293945,4.739999771118164,4.820000171661377,0.0,180248357
2021-07-27,3.8497631549835205,4.820000171661377,0.0,4.900000095367432,4.789999961853027,4.809999942779541,0.0,163489238
2021-07-28,3.937620162963867,4.929999828338623,0.0,4.949999809265137,4.789999961853027,4.800000190734863,0.0,206554888
2021-07-29,3.8417749404907227,4.809999942779541,0.0,4.929999828338623,4.78000020980835,4.929999828338623,0.0,149945594
2021-07-30,3.7459311485290527,4.690000057220459,0.0,4.800000190734863,4.659999847412109,4.800000190734863,0.0,124749750
2021-08-02,3.865736961364746,4.840000152587891,0.0,4.869999885559082,4.630000114440918,4.710000038146973,0.0,158369256
2021-08-03,3.8497631549835205,4.820000171661377,0.0,4.889999866485596,4.769999980926514,4.809999942779541,0.0,115880361
2021-08-04,3.889697790145874,4.869999885559082,0.0,4.900000095367432,4.820000171661377,4.860000133514404,0.0,87457271
2021-08-05,3.8976852893829346,4.880000114440918,0.0,4.929999828338623,4.849999904632568,4.860000133514404,0.0,68724218
2021-08-06,3.91365909576416,4.900000095367432,0.0,4.909999847412109,4.800000190734863,4.860000133514404,0.0,86185433
2021-08-09,3.993530035018921,5.0,0.0,5.039999961853027,4.880000114440918,4.900000095367432,0.0,142525955
2021-08-10,4.0334649085998535,5.050000190734863,0.0,5.079999923706055,4.940000057220459,5.010000228881836,0.0,136162888
2021-08-11,4.241128444671631,5.309999942779541,0.0,5.329999923706055,5.070000171661377,5.070000171661377,0.0,294859309
2021-08-12,4.2091803550720215,5.269999980926514,0.0,5.340000152587891,5.25,5.269999980926514,0.0,119214381
2021-08-13,4.257102966308594,5.329999923706055,0.0,5.380000114440918,5.230000019073486,5.25,0.0,124812551
2021-08-16,4.2091803550720215,5.269999980926514,0.0,5.400000095367432,5.230000019073486,5.389999866485596,0.0,131589409
2021-08-17,4.12930965423584,5.170000076293945,0.0,5.329999923706055,5.139999866485596,5.260000228881836,0.0,124036807
2021-08-18,4.249115467071533,5.320000171661377,0.0,5.340000152587891,5.170000076293945,5.190000057220459,0.0,188231843
2021-08-19,4.113336086273193,5.150000095367432,0.0,5.300000190734863,5.079999923706055,5.289999961853027,0.0,147238573
2021-08-20,4.12930965423584,5.170000076293945,0.0,5.179999828338623,5.03000020980835,5.150000095367432,0.0,119196005
2021-08-23,4.105348587036133,5.139999866485596,0.0,5.199999809265137,5.099999904632568,5.150000095367432,0.0,79691206
2021-08-24,4.057425498962402,5.079999923706055,0.0,5.179999828338623,5.070000171661377,5.110000133514404,0.0,110509669
2021-08-25,4.0334649085998535,5.050000190734863,0.0,5.119999885559082,5.019999980926514,5.079999923706055,0.0,93828531
2021-08-26,3.985542058944702,4.989999771118164,0.0,5.059999942779541,4.96999979019165,5.039999961853027,0.0,76889556
2021-08-27,3.993530035018921,5.0,0.0,5.050000190734863,4.960000038146973,4.980000019073486,0.0,73416341
2021-08-30,3.985542058944702,4.989999771118164,0.0,5.079999923706055,4.929999828338623,5.039999961853027,0.0,116976397
2021-08-31,4.105348587036133,5.139999866485596,0.0,5.199999809265137,4.989999771118164,4.989999771118164,0.0,171674708
2021-09-01,4.273077011108398,5.349999904632568,0.0,5.369999885559082,5.110000133514404,5.130000114440918,0.0,305309779
2021-09-02,4.273077011108398,5.349999904632568,0.0,5.400000095367432,5.269999980926514,5.340000152587891,0.0,171365778
2021-09-03,4.265089511871338,5.340000152587891,0.0,5.429999828338623,5.230000019073486,5.360000133514404,0.0,168605001
2021-09-06,4.273077011108398,5.349999904632568,0.0,5.380000114440918,5.269999980926514,5.300000190734863,0.0,122703830
2021-09-07,4.3209991455078125,5.409999847412109,0.0,5.480000019073486,5.289999961853027,5.360000133514404,0.0,175243925
2021-09-08,4.3209991455078125,5.409999847412109,0.0,5.460000038146973,5.369999885559082,5.369999885559082,0.0,117176177
2021-09-09,4.360934257507324,5.460000038146973,0.0,5.5,5.360000133514404,5.389999866485596,0.0,149320345
2021-09-10,4.328986644744873,5.420000076293945,0.0,5.599999904632568,5.389999866485596,5.449999809265137,0.0,239032053
2021-09-13,4.392882823944092,5.5,0.0,5.559999942779541,5.340000152587891,5.389999866485596,0.0,250653837
2021-09-14,4.233141899108887,5.300000190734863,0.0,5.53000020980835,5.28000020980835,5.489999771118164,0.0,222583515
2021-09-15,4.193205833435059,5.25,0.0,5.329999923706055,5.21999979019165,5.28000020980835,0.0,137537561
2021-09-16,4.177231788635254,5.230000019073486,0.0,5.489999771118164,5.190000057220459,5.269999980926514,0.0,208950034
2021-09-17,4.113336086273193,5.150000095367432,0.0,5.239999771118164,5.110000133514404,5.230000019073486,0.0,138963300
2021-09-22,4.041451930999756,5.059999942779541,0.0,5.079999923706055,4.909999847412109,5.010000228881836,0.0,150402841
2021-09-23,3.993530035018921,5.0,0.0,5.150000095367432,4.960000038146973,5.090000152587891,0.0,159328816
2021-09-24,3.95359468460083,4.949999809265137,0.0,5.03000020980835,4.929999828338623,5.010000228881836,0.0,147189729
2021-09-27,3.91365909576416,4.900000095367432,0.0,5.010000228881836,4.880000114440918,4.940000057220459,0.0,156113708
2021-09-28,4.041451930999756,5.059999942779541,0.0,5.099999904632568,4.889999866485596,4.920000076293945,0.0,220838549
2021-09-29,4.065413475036621,5.090000152587891,0.0,5.139999866485596,5.0,5.010000228881836,0.0,217570948
2021-09-30,4.057425498962402,5.079999923706055,0.0,5.110000133514404,4.949999809265137,5.090000152587891,0.0,146523421
2021-10-08,4.089374542236328,5.119999885559082,0.0,5.179999828338623,5.059999942779541,5.070000171661377,0.0,136187001
2021-10-11,4.169244766235352,5.21999979019165,0.0,5.260000228881836,5.139999866485596,5.150000095367432,0.0,182011374
2021-10-12,4.105348587036133,5.139999866485596,0.0,5.260000228881836,5.090000152587891,5.170000076293945,0.0,141374395
2021-10-13,4.105348587036133,5.139999866485596,0.0,5.170000076293945,5.059999942779541,5.139999866485596,0.0,78080906
2021-10-14,4.0973615646362305,5.130000114440918,0.0,5.150000095367432,5.079999923706055,5.130000114440918,0.0,64747726
2021-10-15,4.081387519836426,5.110000133514404,0.0,5.179999828338623,5.090000152587891,5.099999904632568,0.0,103320299
2021-10-18,4.177231788635254,5.230000019073486,0.0,5.25,5.090000152587891,5.119999885559082,0.0,178255142
2021-10-19,4.241128444671631,5.309999942779541,0.0,5.329999923706055,5.170000076293945,5.199999809265137,0.0,123064084
2021-10-20,4.225154399871826,5.289999961853027,0.0,5.380000114440918,5.269999980926514,5.320000171661377,0.0,121067625
2021-10-21,4.352947235107422,5.449999809265137,0.0,5.449999809265137,5.289999961853027,5.300000190734863,0.0,189458677
2021-10-22,4.336973667144775,5.429999828338623,0.0,5.480000019073486,5.369999885559082,5.449999809265137,0.0,125411540
2021-10-25,4.273077011108398,5.349999904632568,0.0,5.400000095367432,5.269999980926514,5.400000095367432,0.0,135951374
2021-10-26,4.249115467071533,5.320000171661377,0.0,5.400000095367432,5.289999961853027,5.320000171661377,0.0,92958735
2021-10-27,4.265089511871338,5.340000152587891,0.0,5.360000133514404,5.260000228881836,5.320000171661377,0.0,122936637
2021-10-28,4.265089511871338,5.340000152587891,0.0,5.380000114440918,5.300000190734863,5.329999923706055,0.0,118947666
2021-10-29,4.3209991455078125,5.409999847412109,0.0,5.46999979019165,5.329999923706055,5.389999866485596,0.0,269032402
2021-11-01,4.488727569580078,5.619999885559082,0.0,5.739999771118164,5.380000114440918,5.400000095367432,0.0,332899315
2021-11-02,4.408857345581055,5.519999980926514,0.0,5.670000076293945,5.480000019073486,5.650000095367432,0.0,197479334
2021-11-03,4.3209991455078125,5.409999847412109,0.0,5.559999942779541,5.360000133514404,5.550000190734863,0.0,125114226
2021-11-04,4.265089511871338,5.340000152587891,0.0,5.449999809265137,5.320000171661377,5.440000057220459,0.0,88397145
2021-11-05,4.305025100708008,5.389999866485596,0.0,5.420000076293945,5.300000190734863,5.320000171661377,0.0,117016704
2021-11-08,4.31301212310791,5.400000095367432,0.0,5.550000190734863,5.389999866485596,5.409999847412109,0.0,118076999
2021-11-09,4.265089511871338,5.340000152587891,0.0,5.460000038146973,5.260000228881836,5.440000057220459,0.0,105914789
2021-11-10,4.289051055908203,5.369999885559082,0.0,5.400000095367432,5.289999961853027,5.320000171661377,0.0,103806527
2021-11-11,4.3209991455078125,5.409999847412109,0.0,5.420000076293945,5.320000171661377,5.369999885559082,0.0,132222509
2021-11-12,4.265089511871338,5.340000152587891,0.0,5.420000076293945,5.320000171661377,5.409999847412109,0.0,98848358
2021-11-15,4.273077011108398,5.349999904632568,0.0,5.369999885559082,5.300000190734863,5.320000171661377,0.0,63882853
2021-11-16,4.217167377471924,5.28000020980835,0.0,5.369999885559082,5.25,5.349999904632568,0.0,73968756
2021-11-17,4.1452836990356445,5.190000057220459,0.0,5.28000020980835,5.179999828338623,5.269999980926514,0.0,112189023
2021-11-18,4.12930965423584,5.170000076293945,0.0,5.230000019073486,5.150000095367432,5.159999847412109,0.0,77714438
2021-11-19,4.169244766235352,5.21999979019165,0.0,5.230000019073486,5.130000114440918,5.170000076293945,0.0,118058076
2021-11-22,4.105348587036133,5.139999866485596,0.0,5.21999979019165,5.130000114440918,5.210000038146973,0.0,162773436
2021-11-23,4.12930965423584,5.170000076293945,0.0,5.199999809265137,5.130000114440918,5.139999866485596,0.0,96433256
2021-11-24,4.153270721435547,5.199999809265137,0.0,5.230000019073486,5.159999847412109,5.159999847412109,0.0,90744688
2021-11-25,4.169244766235352,5.21999979019165,0.0,5.25,5.179999828338623,5.190000057220459,0.0,74744680
2021-11-26,4.113336086273193,5.150000095367432,0.0,5.21999979019165,5.150000095367432,5.199999809265137,0.0,66432276
2021-11-29,4.065413475036621,5.090000152587891,0.0,5.159999847412109,5.079999923706055,5.110000133514404,0.0,85555037
2021-11-30,4.057425498962402,5.079999923706055,0.0,5.130000114440918,5.039999961853027,5.099999904632568,0.0,100413286
2021-12-01,4.153270721435547,5.199999809265137,0.0,5.21999979019165,5.079999923706055,5.110000133514404,0.0,94226652
2021-12-02,4.2091803550720215,5.269999980926514,0.0,5.300000190734863,5.159999847412109,5.190000057220459,0.0,132858867
2021-12-03,4.193205833435059,5.25,0.0,5.28000020980835,5.170000076293945,5.269999980926514,0.0,102186312
2021-12-06,4.225154399871826,5.289999961853027,0.0,5.400000095367432,5.260000228881836,5.269999980926514,0.0,132347128
2021-12-07,4.289051055908203,5.369999885559082,0.0,5.420000076293945,5.300000190734863,5.340000152587891,0.0,197572002
2021-12-08,4.225154399871826,5.289999961853027,0.0,5.380000114440918,5.260000228881836,5.369999885559082,0.0,144618694
2021-12-09,4.273077011108398,5.349999904632568,0.0,5.380000114440918,5.269999980926514,5.289999961853027,0.0,144085858
2021-12-10,4.225154399871826,5.289999961853027,0.0,5.349999904632568,5.25,5.300000190734863,0.0,114703245
2021-12-13,4.217167377471924,5.28000020980835,0.0,5.380000114440918,5.28000020980835,5.300000190734863,0.0,153102484
2021-12-14,4.161257743835449,5.210000038146973,0.0,5.289999961853027,5.150000095367432,5.260000228881836,0.0,147794263
2021-12-15,4.225154399871826,5.289999961853027,0.0,5.309999942779541,5.170000076293945,5.190000057220459,0.0,138458248
2021-12-16,4.257102966308594,5.329999923706055,0.0,5.360000133514404,5.260000228881836,5.320000171661377,0.0,106289460
2021-12-17,4.217167377471924,5.28000020980835,0.0,5.349999904632568,5.269999980926514,5.329999923706055,0.0,73194217
2021-12-20,4.2091803550720215,5.269999980926514,0.0,5.300000190734863,5.25,5.269999980926514,0.0,53582056
2021-12-21,4.249115467071533,5.320000171661377,0.0,5.360000133514404,5.260000228881836,5.28000020980835,0.0,75388495
2021-12-22,4.201193332672119,5.260000228881836,0.0,5.329999923706055,5.25,5.320000171661377,0.0,99985316
2021-12-23,4.233141899108887,5.300000190734863,0.0,5.309999942779541,5.260000228881836,5.269999980926514,0.0,71297934
2021-12-24,4.217167377471924,5.28000020980835,0.0,5.320000171661377,5.260000228881836,5.300000190734863,0.0,74809230
2021-12-27,4.169244766235352,5.21999979019165,0.0,5.300000190734863,5.199999809265137,5.289999961853027,0.0,70262261
2021-12-28,4.153270721435547,5.199999809265137,0.0,5.239999771118164,5.159999847412109,5.21999979019165,0.0,97343446
2021-12-29,4.105348587036133,5.139999866485596,0.0,5.210000038146973,5.119999885559082,5.199999809265137,0.0,104196500
2021-12-30,4.081387519836426,5.110000133514404,0.0,5.159999847412109,5.079999923706055,5.139999866485596,0.0,122403994
2021-12-31,4.073400497436523,5.099999904632568,0.0,5.150000095367432,5.079999923706055,5.110000133514404,0.0,108318819
2022-01-04,4.121323108673096,5.159999847412109,0.0,5.170000076293945,5.079999923706055,5.110000133514404,0.0,114587296
2022-01-05,4.249115467071533,5.320000171661377,0.0,5.320000171661377,5.139999866485596,5.159999847412109,0.0,217698405
2022-01-06,4.217167377471924,5.28000020980835,0.0,5.369999885559082,5.260000228881836,5.349999904632568,0.0,122707590
2022-01-07,4.408857345581055,5.519999980926514,0.0,5.53000020980835,5.289999961853027,5.289999961853027,0.0,287432511
2022-01-10,4.472753047943115,5.599999904632568,0.0,5.630000114440918,5.460000038146973,5.53000020980835,0.0,242682515
2022-01-11,4.496715068817139,5.630000114440918,0.0,5.730000019073486,5.53000020980835,5.630000114440918,0.0,231772865
2022-01-12,4.472753047943115,5.599999904632568,0.0,5.650000095367432,5.539999961853027,5.630000114440918,0.0,148058623
2022-01-13,4.504701137542725,5.639999866485596,0.0,5.71999979019165,5.550000190734863,5.559999942779541,0.0,123475176
2022-01-14,4.392882823944092,5.5,0.0,5.630000114440918,5.449999809265137,5.619999885559082,0.0,181702593
2022-01-17,4.408857345581055,5.519999980926514,0.0,5.570000171661377,5.409999847412109,5.510000228881836,0.0,156391958
2022-01-18,4.496715068817139,5.630000114440918,0.0,5.670000076293945,5.5,5.519999980926514,0.0,180439540
2022-01-19,4.512688159942627,5.650000095367432,0.0,5.670000076293945,5.590000152587891,5.630000114440918,0.0,108242261
2022-01-20,4.616520404815674,5.78000020980835,0.0,5.829999923706055,5.610000133514404,5.650000095367432,0.0,255633060
2022-01-21,4.584571838378906,5.739999771118164,0.0,5.789999961853027,5.679999828338623,5.75,0.0,174008756
2022-01-24,4.576584815979004,5.730000019073486,0.0,5.840000152587891,5.670000076293945,5.739999771118164,0.0,134537841
2022-01-25,4.544637203216553,5.690000057220459,0.0,5.820000171661377,5.659999847412109,5.710000038146973,0.0,146082417
2022-01-26,4.568597793579102,5.71999979019165,0.0,5.75,5.650000095367432,5.679999828338623,0.0,84335595
2022-01-27,4.512688159942627,5.650000095367432,0.0,5.71999979019165,5.610000133514404,5.71999979019165,0.0,97449116
2022-01-28,4.488727569580078,5.619999885559082,0.0,5.75,5.570000171661377,5.659999847412109,0.0,113921317
2022-02-07,4.624507427215576,5.789999961853027,0.0,5.889999866485596,5.699999809265137,5.699999809265137,0.0,166672671
2022-02-08,4.704378128051758,5.889999866485596,0.0,5.940000057220459,5.789999961853027,5.789999961853027,0.0,184344631
2022-02-09,4.6963911056518555,5.880000114440918,0.0,5.989999771118164,5.849999904632568,5.900000095367432,0.0,154563395
2022-02-10,4.7443132400512695,5.940000057220459,0.0,5.949999809265137,5.809999942779541,5.869999885559082,0.0,98675260
2022-02-11,4.8082098960876465,6.019999980926514,0.0,6.090000152587891,5.889999866485596,5.929999828338623,0.0,186772861
2022-02-14,4.664443016052246,5.840000152587891,0.0,6.050000190734863,5.809999942779541,6.019999980926514,0.0,171923345
2022-02-15,4.504701137542725,5.639999866485596,0.0,5.880000114440918,5.590000152587891,5.829999923706055,0.0,279434474
2022-02-16,4.552623748779297,5.699999809265137,0.0,5.730000019073486,5.599999904632568,5.659999847412109,0.0,154711450
2022-02-17,4.568597793579102,5.71999979019165,0.0,5.809999942779541,5.670000076293945,5.71999979019165,0.0,104448208
2022-02-18,4.624507427215576,5.789999961853027,0.0,5.809999942779541,5.679999828338623,5.690000057220459,0.0,100013013
2022-02-21,4.560611248016357,5.710000038146973,0.0,5.769999980926514,5.619999885559082,5.760000228881836,0.0,138486916
2022-02-22,4.560611248016357,5.710000038146973,0.0,5.760000228881836,5.650000095367432,5.670000076293945,0.0,91198993
2022-02-23,4.504701137542725,5.639999866485596,0.0,5.739999771118164,5.610000133514404,5.699999809265137,0.0,135824894
2022-02-24,4.4328179359436035,5.550000190734863,0.0,5.650000095367432,5.53000020980835,5.630000114440918,0.0,136494486
2022-02-25,4.424830913543701,5.539999961853027,0.0,5.619999885559082,5.489999771118164,5.590000152587891,0.0,127353465
2022-02-28,4.4567790031433105,5.579999923706055,0.0,5.579999923706055,5.460000038146973,5.53000020980835,0.0,126671668
2022-03-01,4.528662204742432,5.670000076293945,0.0,5.699999809265137,5.5,5.519999980926514,0.0,161019999
2022-03-02,4.5206756591796875,5.659999847412109,0.0,5.75,5.610000133514404,5.619999885559082,0.0,125697413
2022-03-03,4.640481948852539,5.809999942779541,0.0,5.829999923706055,5.679999828338623,5.710000038146973,0.0,144962859
2022-03-04,4.63249397277832,5.800000190734863,0.0,5.829999923706055,5.670000076293945,5.769999980926514,0.0,139506795
2022-03-07,4.584571838378906,5.739999771118164,0.0,5.869999885559082,5.699999809265137,5.760000228881836,0.0,132404978
2022-03-08,4.472753047943115,5.599999904632568,0.0,5.809999942779541,5.579999923706055,5.710000038146973,0.0,147655903
2022-03-09,4.368921279907227,5.46999979019165,0.0,5.670000076293945,5.28000020980835,5.630000114440918,0.0,172224806
2022-03-10,4.3209991455078125,5.409999847412109,0.0,5.559999942779541,5.349999904632568,5.539999961853027,0.0,186261998
2022-03-11,4.281064033508301,5.360000133514404,0.0,5.380000114440918,5.179999828338623,5.300000190734863,0.0,179950950
2022-03-14,4.1452836990356445,5.190000057220459,0.0,5.340000152587891,5.179999828338623,5.28000020980835,0.0,144886005
2022-03-15,3.905672073364258,4.889999866485596,0.0,5.179999828338623,4.849999904632568,5.179999828338623,0.0,319894506
2022-03-16,4.041451930999756,5.059999942779541,0.0,5.090000152587891,4.809999942779541,4.96999979019165,0.0,223237809
2022-03-17,4.089374542236328,5.119999885559082,0.0,5.210000038146973,5.079999923706055,5.150000095367432,0.0,220806655
2022-03-18,4.105348587036133,5.139999866485596,0.0,5.269999980926514,5.099999904632568,5.130000114440918,0.0,293199291
2022-03-21,4.105348587036133,5.139999866485596,0.0,5.269999980926514,5.079999923706055,5.190000057220459,0.0,192156966
2022-03-22,4.2091803550720215,5.269999980926514,0.0,5.289999961853027,5.119999885559082,5.130000114440918,0.0,123029421
2022-03-23,4.185219764709473,5.239999771118164,0.0,5.289999961853027,5.199999809265137,5.239999771118164,0.0,122569957
2022-03-24,4.217167377471924,5.28000020980835,0.0,5.349999904632568,5.190000057220459,5.21999979019165,0.0,122569495
2022-03-25,4.153270721435547,5.199999809265137,0.0,5.320000171661377,5.190000057220459,5.28000020980835,0.0,126228167
2022-03-28,4.201193332672119,5.260000228881836,0.0,5.28000020980835,5.130000114440918,5.150000095367432,0.0,132173871
2022-03-29,4.273077011108398,5.349999904632568,0.0,5.369999885559082,5.239999771118164,5.260000228881836,0.0,108334865
2022-03-30,4.31301212310791,5.400000095367432,0.0,5.420000076293945,5.309999942779541,5.369999885559082,0.0,128854357
2022-03-31,4.305025100708008,5.389999866485596,0.0,5.429999828338623,5.239999771118164,5.300000190734863,0.0,232830624
2022-04-01,4.504701137542725,5.639999866485596,0.0,5.659999847412109,5.360000133514404,5.369999885559082,0.0,289931254
2022-04-06,4.576584815979004,5.730000019073486,0.0,5.760000228881836,5.559999942779541,5.590000152587891,0.0,245379807
2022-04-07,4.560611248016357,5.710000038146973,0.0,5.78000020980835,5.659999847412109,5.679999828338623,0.0,206509676
2022-04-08,4.584571838378906,5.739999771118164,0.0,5.760000228881836,5.639999866485596,5.710000038146973,0.0,140484517
2022-04-11,4.528662204742432,5.670000076293945,0.0,5.75,5.630000114440918,5.730000019073486,0.0,115588204
2022-04-12,4.512688159942627,5.650000095367432,0.0,5.739999771118164,5.590000152587891,5.690000057220459,0.0,174309345
2022-04-13,4.5206756591796875,5.659999847412109,0.0,5.769999980926514,5.639999866485596,5.659999847412109,0.0,132751924
2022-04-14,4.440805435180664,5.559999942779541,0.0,5.800000190734863,5.480000019073486,5.739999771118164,0.0,242191626
2022-04-15,4.544637203216553,5.690000057220459,0.0,5.769999980926514,5.46999979019165,5.519999980926514,0.0,250098338
2022-04-18,4.376908779144287,5.480000019073486,0.0,5.630000114440918,5.429999828338623,5.599999904632568,0.0,223397266
2022-04-19,4.472753047943115,5.599999904632568,0.0,5.659999847412109,5.480000019073486,5.5,0.0,191432733
2022-04-20,4.408857345581055,5.519999980926514,0.0,5.630000114440918,5.510000228881836,5.599999904632568,0.0,92759539
2022-04-21,4.360934257507324,5.460000038146973,0.0,5.610000133514404,5.440000057220459,5.5,0.0,122461136
2022-04-22,4.472753047943115,5.599999904632568,0.0,5.650000095367432,5.429999828338623,5.429999828338623,0.0,171363704
2022-04-25,4.344959735870361,5.440000057220459,0.0,5.650000095367432,5.420000076293945,5.510000228881836,0.0,209054367
2022-04-26,4.265089511871338,5.340000152587891,0.0,5.480000019073486,5.320000171661377,5.440000057220459,0.0,160822831
2022-04-27,4.249115467071533,5.320000171661377,0.0,5.409999847412109,5.269999980926514,5.309999942779541,0.0,155465540
2022-04-28,4.376908779144287,5.480000019073486,0.0,5.489999771118164,5.28000020980835,5.320000171661377,0.0,154282346
2022-04-29,4.3209991455078125,5.409999847412109,0.0,5.46999979019165,5.28000020980835,5.46999979019165,0.0,201624790
2022-05-05,4.472753047943115,5.599999904632568,0.0,5.659999847412109,5.539999961853027,5.570000171661377,0.0,275354085
2022-05-06,4.368921279907227,5.46999979019165,0.0,5.590000152587891,5.460000038146973,5.550000190734863,0.0,112717448
2022-05-09,4.265089511871338,5.340000152587891,0.0,5.449999809265137,5.309999942779541,5.429999828338623,0.0,104286386
2022-05-10,4.328986644744873,5.420000076293945,0.0,5.46999979019165,5.199999809265137,5.289999961853027,0.0,141336672
2022-05-11,4.273077011108398,5.349999904632568,0.0,5.440000057220459,5.309999942779541,5.400000095367432,0.0,138214907
2022-05-12,4.193205833435059,5.25,0.0,5.349999904632568,5.199999809265137,5.329999923706055,0.0,147425899
2022-05-13,4.217167377471924,5.28000020980835,0.0,5.340000152587891,5.239999771118164,5.25,0.0,119877342
2022-05-16,4.193205833435059,5.25,0.0,5.300000190734863,5.199999809265137,5.289999961853027,0.0,114943587
2022-05-17,4.201193332672119,5.260000228881836,0.0,5.309999942779541,5.179999828338623,5.269999980926514,0.0,150280098
2022-05-18,4.185219764709473,5.239999771118164,0.0,5.28000020980835,5.190000057220459,5.269999980926514,0.0,142248636
2022-05-19,4.12930965423584,5.170000076293945,0.0,5.190000057220459,5.010000228881836,5.170000076293945,0.0,165223196
2022-05-20,4.217167377471924,5.28000020980835,0.0,5.300000190734863,5.139999866485596,5.170000076293945,0.0,156705465
2022-05-23,4.169244766235352,5.21999979019165,0.0,5.269999980926514,5.190000057220459,5.260000228881836,0.0,109794542
2022-05-24,4.177231788635254,5.230000019073486,0.0,5.28000020980835,5.210000038146973,5.230000019073486,0.0,128189681
2022-05-25,4.225154399871826,5.289999961853027,0.0,5.320000171661377,5.21999979019165,5.230000019073486,0.0,100398386
2022-05-26,4.281064033508301,5.360000133514404,0.0,5.380000114440918,5.260000228881836,5.289999961853027,0.0,97684904
2022-05-27,4.249115467071533,5.320000171661377,0.0,5.400000095367432,5.300000190734863,5.389999866485596,0.0,89896135
2022-05-30,4.177231788635254,5.230000019073486,0.0,5.360000133514404,5.210000038146973,5.340000152587891,0.0,108057242
2022-05-31,4.193205833435059,5.25,0.0,5.28000020980835,5.199999809265137,5.21999979019165,0.0,129511959
2022-06-01,4.12930965423584,5.170000076293945,0.0,5.230000019073486,5.150000095367432,5.230000019073486,0.0,149246256
2022-06-02,4.089374542236328,5.119999885559082,0.0,5.159999847412109,5.090000152587891,5.139999866485596,0.0,121974928
2022-06-06,4.0334649085998535,5.050000190734863,0.0,5.119999885559082,5.019999980926514,5.110000133514404,0.0,271108629
2022-06-07,4.105348587036133,5.139999866485596,0.0,5.139999866485596,5.010000228881836,5.039999961853027,0.0,204560860
2022-06-08,4.121323108673096,5.159999847412109,0.0,5.159999847412109,5.110000133514404,5.150000095367432,0.0,142037945
2022-06-09,4.185219764709473,5.239999771118164,0.0,5.260000228881836,5.139999866485596,5.150000095367432,0.0,171465191
2022-06-10,4.201193332672119,5.260000228881836,0.0,5.269999980926514,5.199999809265137,5.21999979019165,0.0,130818674
2022-06-13,4.0973615646362305,5.130000114440918,0.0,5.230000019073486,5.079999923706055,5.21999979019165,0.0,212592769
2022-06-14,4.153270721435547,5.199999809265137,0.0,5.199999809265137,5.070000171661377,5.090000152587891,0.0,159989102
2022-06-15,4.2091803550720215,5.269999980926514,0.0,5.360000133514404,5.170000076293945,5.199999809265137,0.0,251176191
2022-06-16,4.161257743835449,5.210000038146973,0.0,5.309999942779541,5.199999809265137,5.28000020980835,0.0,140425753
2022-06-17,4.1452836990356445,5.190000057220459,0.0,5.230000019073486,5.159999847412109,5.199999809265137,0.0,101368237
2022-06-20,4.105348587036133,5.139999866485596,0.0,5.199999809265137,5.119999885559082,5.190000057220459,0.0,188724058
2022-06-21,4.2091803550720215,5.269999980926514,0.0,5.269999980926514,5.130000114440918,5.150000095367432,0.0,209634675
2022-06-22,4.121323108673096,5.159999847412109,0.0,5.269999980926514,5.139999866485596,5.260000228881836,0.0,154674271
2022-06-23,4.12930965423584,5.170000076293945,0.0,5.190000057220459,5.139999866485596,5.159999847412109,0.0,165980817
2022-06-24,4.113336086273193,5.150000095367432,0.0,5.190000057220459,5.110000133514404,5.179999828338623,0.0,160766063
2022-06-27,4.153270721435547,5.199999809265137,0.0,5.210000038146973,5.150000095367432,5.170000076293945,0.0,190457572
2022-06-28,4.217167377471924,5.28000020980835,0.0,5.289999961853027,5.190000057220459,5.21999979019165,0.0,166162842
2022-06-29,4.249115467071533,5.320000171661377,0.0,5.349999904632568,5.25,5.269999980926514,0.0,145528481
2022-06-30,4.305025100708008,5.389999866485596,0.0,5.400000095367432,5.309999942779541,5.320000171661377,0.0,143056214
2022-07-01,4.273077011108398,5.349999904632568,0.0,5.440000057220459,5.349999904632568,5.389999866485596,0.0,90434288
2022-07-04,4.249115467071533,5.320000171661377,0.0,5.360000133514404,5.269999980926514,5.360000133514404,0.0,115008034
2022-07-05,4.281064033508301,5.360000133514404,0.0,5.400000095367432,5.309999942779541,5.320000171661377,0.0,93577565
2022-07-06,4.257102966308594,5.329999923706055,0.0,5.369999885559082,5.28000020980835,5.349999904632568,0.0,90991430
2022-07-07,4.225154399871826,5.289999961853027,0.0,5.340000152587891,5.269999980926514,5.340000152587891,0.0,65972988
2022-07-08,4.233141899108887,5.300000190734863,0.0,5.320000171661377,5.239999771118164,5.309999942779541,0.0,100418426
2022-07-11,4.225154399871826,5.289999961853027,0.0,5.309999942779541,5.260000228881836,5.28000020980835,0.0,122323853
2022-07-12,4.2648701667785645,5.090000152587891,0.2474,5.179999828338623,5.059999942779541,5.070000171661377,0.0,138586478
2022-07-13,4.105671405792236,4.900000095367432,0.0,5.099999904632568,4.889999866485596,5.090000152587891,0.0,244316073
2022-07-14,3.954850673675537,4.71999979019165,0.0,4.840000152587891,4.670000076293945,4.840000152587891,0.0,360341968
2022-07-15,3.9045767784118652,4.659999847412109,0.0,4.760000228881836,4.650000095367432,4.75,0.0,224824276
2022-07-18,3.979987621307373,4.75,0.0,4.75,4.670000076293945,4.679999828338623,0.0,143587253
2022-07-19,4.005124092102051,4.78000020980835,0.0,4.809999942779541,4.730000019073486,4.75,0.0,104678446
2022-07-20,4.0302605628967285,4.809999942779541,0.0,4.820000171661377,4.78000020980835,4.800000190734863,0.0,80034462
2022-07-21,3.954850673675537,4.71999979019165,0.0,4.800000190734863,4.71999979019165,4.800000190734863,0.0,93842271
2022-07-22,3.9632294178009033,4.730000019073486,0.0,4.760000228881836,4.659999847412109,4.730000019073486,0.0,91993882
2022-07-25,4.013503074645996,4.789999961853027,0.0,4.789999961853027,4.699999809265137,4.71999979019165,0.0,89111178
2022-07-26,4.021881580352783,4.800000190734863,0.0,4.809999942779541,4.760000228881836,4.78000020980835,0.0,70479858
2022-07-27,3.9967448711395264,4.769999980926514,0.0,4.800000190734863,4.75,4.789999961853027,0.0,58912135
2022-07-28,3.979987621307373,4.75,0.0,4.789999961853027,4.739999771118164,4.78000020980835,0.0,75781578
2022-07-29,3.929713487625122,4.690000057220459,0.0,4.760000228881836,4.679999828338623,4.75,0.0,124809048
2022-08-01,3.9129557609558105,4.670000076293945,0.0,4.699999809265137,4.650000095367432,4.699999809265137,0.0,100838485
2022-08-02,3.837545394897461,4.579999923706055,0.0,4.659999847412109,4.519999980926514,4.650000095367432,0.0,147147497
2022-08-03,3.778893232345581,4.510000228881836,0.0,4.590000152587891,4.510000228881836,4.570000171661377,0.0,115437761
2022-08-04,3.7872722148895264,4.519999980926514,0.0,4.539999961853027,4.460000038146973,4.53000020980835,0.0,122266343
2022-08-05,3.8291664123535156,4.570000171661377,0.0,4.570000171661377,4.489999771118164,4.519999980926514,0.0,82066951
2022-08-08,3.804029703140259,4.539999961853027,0.0,4.590000152587891,4.519999980926514,4.550000190734863,0.0,75791929
2022-08-09,3.778893232345581,4.510000228881836,0.0,4.550000190734863,4.5,4.539999961853027,0.0,68292915
2022-08-10,3.7705142498016357,4.5,0.0,4.53000020980835,4.480000019073486,4.519999980926514,0.0,55831840
2022-08-11,3.8291664123535156,4.570000171661377,0.0,4.579999923706055,4.5,4.519999980926514,0.0,110306890
2022-08-12,3.8207874298095703,4.559999942779541,0.0,4.579999923706055,4.53000020980835,4.559999942779541,0.0,79463171
2022-08-15,3.7872722148895264,4.519999980926514,0.0,4.559999942779541,4.510000228881836,4.53000020980835,0.0,99626968
2022-08-16,3.7956511974334717,4.53000020980835,0.0,4.539999961853027,4.510000228881836,4.519999980926514,0.0,65558685
2022-08-17,3.804029703140259,4.539999961853027,0.0,4.550000190734863,4.489999771118164,4.53000020980835,0.0,97088717
2022-08-18,3.778893232345581,4.510000228881836,0.0,4.53000020980835,4.489999771118164,4.519999980926514,0.0,88023965
2022-08-19,3.7872722148895264,4.519999980926514,0.0,4.539999961853027,4.489999771118164,4.5,0.0,89763062
2022-08-22,3.778893232345581,4.510000228881836,0.0,4.53000020980835,4.489999771118164,4.5,0.0,92802340
2022-08-23,3.68672513961792,4.400000095367432,0.0,4.519999980926514,4.400000095367432,4.519999980926514,0.0,281822149
2022-08-24,3.68672513961792,4.400000095367432,0.0,4.429999828338623,4.389999866485596,4.400000095367432,0.0,112325788
2022-08-25,3.720240592956543,4.440000057220459,0.0,4.449999809265137,4.369999885559082,4.400000095367432,0.0,87072614
2022-08-26,3.7118613719940186,4.429999828338623,0.0,4.460000038146973,4.409999847412109,4.440000057220459,0.0,67572272
2022-08-29,3.7118613719940186,4.429999828338623,0.0,4.429999828338623,4.380000114440918,4.389999866485596,0.0,91393952
2022-08-30,3.7118613719940186,4.429999828338623,0.0,4.449999809265137,4.409999847412109,4.420000076293945,0.0,69536552
2022-08-31,3.778893232345581,4.510000228881836,0.0,4.519999980926514,4.409999847412109,4.420000076293945,0.0,171337773
2022-09-01,3.7621352672576904,4.489999771118164,0.0,4.539999961853027,4.46999979019165,4.489999771118164,0.0,90324254
2022-09-02,3.72861909866333,4.449999809265137,0.0,4.510000228881836,4.429999828338623,4.5,0.0,84965103
2022-09-05,3.7705142498016357,4.5,0.0,4.5,4.420000076293945,4.440000057220459,0.0,108698108
2022-09-06,3.7621352672576904,4.489999771118164,0.0,4.539999961853027,4.46999979019165,4.5,0.0,94694719
2022-09-07,3.72861909866333,4.449999809265137,0.0,4.480000019073486,4.429999828338623,4.480000019073486,0.0,100762940
2022-09-08,3.736999034881592,4.460000038146973,0.0,4.489999771118164,4.449999809265137,4.460000038146973,0.0,101196763
2022-09-09,3.812408924102783,4.550000190734863,0.0,4.559999942779541,4.460000038146973,4.46999979019165,0.0,199118816
2022-09-13,3.8543033599853516,4.599999904632568,0.0,4.659999847412109,4.53000020980835,4.550000190734863,0.0,176795045
2022-09-14,3.7956511974334717,4.53000020980835,0.0,4.590000152587891,4.519999980926514,4.559999942779541,0.0,97396822
2022-09-15,3.8543033599853516,4.599999904632568,0.0,4.630000114440918,4.559999942779541,4.559999942779541,0.0,128469045
2022-09-16,3.7872722148895264,4.519999980926514,0.0,4.599999904632568,4.510000228881836,4.590000152587891,0.0,124254858
2022-09-19,3.8207874298095703,4.559999942779541,0.0,4.570000171661377,4.489999771118164,4.53000020980835,0.0,95947401
2022-09-20,3.778893232345581,4.510000228881836,0.0,4.570000171661377,4.5,4.570000171661377,0.0,82093737
2022-09-21,3.8291664123535156,4.570000171661377,0.0,4.599999904632568,4.489999771118164,4.519999980926514,0.0,92232438
2022-09-22,3.8207874298095703,4.559999942779541,0.0,4.579999923706055,4.519999980926514,4.550000190734863,0.0,61007350
2022-09-23,3.8543033599853516,4.599999904632568,0.0,4.630000114440918,4.550000190734863,4.559999942779541,0.0,101964580
2022-09-26,3.7872722148895264,4.519999980926514,0.0,4.610000133514404,4.510000228881836,4.590000152587891,0.0,102256624
2022-09-27,3.7956511974334717,4.53000020980835,0.0,4.539999961853027,4.460000038146973,4.5,0.0,85523049
2022-09-28,3.812408924102783,4.550000190734863,0.0,4.590000152587891,4.480000019073486,4.519999980926514,0.0,110792116
2022-09-29,3.7705142498016357,4.5,0.0,4.579999923706055,4.46999979019165,4.559999942779541,0.0,89153286
2022-09-30,3.736999034881592,4.460000038146973,0.0,4.519999980926514,4.460000038146973,4.489999771118164,0.0,105182675
2022-10-10,3.552661895751953,4.239999771118164,0.0,4.28000020980835,4.170000076293945,4.25,0.0,261145922
2022-10-11,3.5023882389068604,4.179999828338623,0.0,4.25,4.170000076293945,4.230000019073486,0.0,159049122
2022-10-12,3.51914644241333,4.199999809265137,0.0,4.210000038146973,4.110000133514404,4.170000076293945,0.0,139252282
2022-10-13,3.4940097332000732,4.170000076293945,0.0,4.179999828338623,4.119999885559082,4.170000076293945,0.0,161832720
2022-10-14,3.51914644241333,4.199999809265137,0.0,4.21999979019165,4.170000076293945,4.190000057220459,0.0,133521281
2022-10-17,3.4940097332000732,4.170000076293945,0.0,4.190000057220459,4.130000114440918,4.159999847412109,0.0,111396590
2022-10-18,3.485630512237549,4.159999847412109,0.0,4.199999809265137,4.139999866485596,4.190000057220459,0.0,95208930
2022-10-19,3.4521148204803467,4.119999885559082,0.0,4.159999847412109,4.119999885559082,4.150000095367432,0.0,102040416
2022-10-20,3.4437365531921387,4.110000133514404,0.0,4.119999885559082,4.090000152587891,4.110000133514404,0.0,86173305
2022-10-21,3.4353573322296143,4.099999904632568,0.0,4.119999885559082,4.090000152587891,4.110000133514404,0.0,66578125
2022-10-24,3.334810495376587,3.9800000190734863,0.0,4.110000133514404,3.9800000190734863,4.099999904632568,0.0,176676008
2022-10-25,3.3264315128326416,3.9700000286102295,0.0,4.0,3.950000047683716,3.9700000286102295,0.0,114775277
2022-10-26,3.309673547744751,3.950000047683716,0.0,3.9700000286102295,3.9200000762939453,3.9600000381469727,0.0,153699499
2022-10-27,3.3180525302886963,3.9600000381469727,0.0,3.9800000190734863,3.940000057220459,3.9600000381469727,0.0,107456388
2022-10-28,3.3180525302886963,3.9600000381469727,0.0,3.9800000190734863,3.940000057220459,3.9600000381469727,0.0,128736723
2022-10-31,3.251021146774292,3.880000114440918,0.0,3.950000047683716,3.859999895095825,3.950000047683716,0.0,156422469
2022-11-01,3.2929155826568604,3.930000066757202,0.0,3.930000066757202,3.8399999141693115,3.880000114440918,0.0,165806257
2022-11-02,3.334810495376587,3.9800000190734863,0.0,3.990000009536743,3.9000000953674316,3.9100000858306885,0.0,114940926
2022-11-03,3.3012948036193848,3.940000057220459,0.0,3.9800000190734863,3.930000066757202,3.9600000381469727,0.0,87520572
2022-11-04,3.393462896347046,4.050000190734863,0.0,4.070000171661377,3.930000066757202,3.940000057220459,0.0,161246328
2022-11-07,3.4353573322296143,4.099999904632568,0.0,4.110000133514404,4.019999980926514,4.039999961853027,0.0,122131994
2022-11-08,3.4185996055603027,4.079999923706055,0.0,4.110000133514404,4.059999942779541,4.099999904632568,0.0,75994125
2022-11-09,3.4185996055603027,4.079999923706055,0.0,4.139999866485596,4.070000171661377,4.090000152587891,0.0,88270715
2022-11-10,3.4353573322296143,4.099999904632568,0.0,4.099999904632568,4.019999980926514,4.039999961853027,0.0,77415126
2022-11-11,3.569420099258423,4.260000228881836,0.0,4.289999961853027,4.130000114440918,4.150000095367432,0.0,226609031
2022-11-14,3.5945568084716797,4.289999961853027,0.0,4.389999866485596,4.269999980926514,4.289999961853027,0.0,215799153
2022-11-15,3.628072738647461,4.329999923706055,0.0,4.340000152587891,4.25,4.300000190734863,0.0,132166203
2022-11-16,3.5610411167144775,4.25,0.0,4.309999942779541,4.230000019073486,4.309999942779541,0.0,136745629
2022-11-17,3.577799081802368,4.269999980926514,0.0,4.269999980926514,4.21999979019165,4.239999771118164,0.0,94600625
2022-11-18,3.544283390045166,4.230000019073486,0.0,4.269999980926514,4.210000038146973,4.269999980926514,0.0,89077680
2022-11-21,3.5023882389068604,4.179999828338623,0.0,4.210000038146973,4.150000095367432,4.199999809265137,0.0,76223592
2022-11-22,3.6196935176849365,4.320000171661377,0.0,4.380000114440918,4.159999847412109,4.179999828338623,0.0,200382794
2022-11-23,3.7034826278686523,4.420000076293945,0.0,4.480000019073486,4.349999904632568,4.369999885559082,0.0,229435238
2022-11-24,3.6364519596099854,4.340000152587891,0.0,4.449999809265137,4.340000152587891,4.449999809265137,0.0,126085996
2022-11-25,3.753756523132324,4.480000019073486,0.0,4.489999771118164,4.340000152587891,4.349999904632568,0.0,192991210
2022-11-28,3.6783459186553955,4.389999866485596,0.0,4.420000076293945,4.329999923706055,4.409999847412109,0.0,142445550
2022-11-29,3.7956511974334717,4.53000020980835,0.0,4.590000152587891,4.420000076293945,4.420000076293945,0.0,239444546
2022-11-30,3.736999034881592,4.460000038146973,0.0,4.550000190734863,4.449999809265137,4.489999771118164,0.0,122042400
2022-12-01,3.695103406906128,4.409999847412109,0.0,4.559999942779541,4.400000095367432,4.519999980926514,0.0,169371497
2022-12-02,3.6699671745300293,4.380000114440918,0.0,4.429999828338623,4.360000133514404,4.409999847412109,0.0,111125837
2022-12-05,3.804029703140259,4.539999961853027,0.0,4.570000171661377,4.409999847412109,4.409999847412109,0.0,190906113
2022-12-06,3.7956511974334717,4.53000020980835,0.0,4.579999923706055,4.489999771118164,4.53000020980835,0.0,119962923
2022-12-07,3.736999034881592,4.460000038146973,0.0,4.559999942779541,4.440000057220459,4.550000190734863,0.0,121766200
2022-12-08,3.7705142498016357,4.5,0.0,4.539999961853027,4.460000038146973,4.460000038146973,0.0,151626497
2022-12-09,3.896198272705078,4.650000095367432,0.0,4.659999847412109,4.489999771118164,4.489999771118164,0.0,217403705
2022-12-12,3.778893232345581,4.510000228881836,0.0,4.610000133514404,4.489999771118164,4.610000133514404,0.0,152274312
2022-12-13,3.837545394897461,4.579999923706055,0.0,4.599999904632568,4.510000228881836,4.510000228881836,0.0,102817988
2022-12-14,3.862682342529297,4.610000133514404,0.0,4.650000095367432,4.539999961853027,4.559999942779541,0.0,88653552
2022-12-15,3.804029703140259,4.539999961853027,0.0,4.599999904632568,4.510000228881836,4.579999923706055,0.0,72551462
2022-12-16,3.862682342529297,4.610000133514404,0.0,4.610000133514404,4.510000228881836,4.519999980926514,0.0,93907090
2022-12-19,3.8207874298095703,4.559999942779541,0.0,4.610000133514404,4.53000020980835,4.599999904632568,0.0,88595289
2022-12-20,3.736999034881592,4.460000038146973,0.0,4.579999923706055,4.449999809265137,4.539999961853027,0.0,90696232
2022-12-21,3.753756523132324,4.480000019073486,0.0,4.539999961853027,4.46999979019165,4.489999771118164,0.0,53949354
2022-12-22,3.736999034881592,4.460000038146973,0.0,4.53000020980835,4.449999809265137,4.519999980926514,0.0,49600058
2022-12-23,3.7118613719940186,4.429999828338623,0.0,4.480000019073486,4.409999847412109,4.429999828338623,0.0,51526833
2022-12-26,3.7034826278686523,4.420000076293945,0.0,4.46999979019165,4.420000076293945,4.429999828338623,0.0,65416695
2022-12-27,3.7956511974334717,4.53000020980835,0.0,4.579999923706055,4.440000057220459,4.449999809265137,0.0,90657564
2022-12-28,3.8543033599853516,4.599999904632568,0.0,4.639999866485596,4.510000228881836,4.519999980926514,0.0,103002988
2022-12-29,3.8207874298095703,4.559999942779541,0.0,4.599999904632568,4.519999980926514,4.579999923706055,0.0,76669043
2022-12-30,3.871061325073242,4.619999885559082,0.0,4.670000076293945,4.579999923706055,4.590000152587891,0.0,103847922
2023-01-03,3.9045767784118652,4.659999847412109,0.0,4.690000057220459,4.559999942779541,4.619999885559082,0.0,108619996
2023-01-04,3.98836612701416,4.760000228881836,0.0,4.78000020980835,4.639999866485596,4.690000057220459,0.0,138367886
2023-01-05,3.9716079235076904,4.739999771118164,0.0,4.800000190734863,4.699999809265137,4.769999980926514,0.0,109062005
2023-01-06,3.9632294178009033,4.730000019073486,0.0,4.760000228881836,4.690000057220459,4.739999771118164,0.0,72795160
2023-01-09,3.98836612701416,4.760000228881836,0.0,4.800000190734863,4.710000038146973,4.730000019073486,0.0,79447511
2023-01-10,3.979987621307373,4.75,0.0,4.800000190734863,4.71999979019165,4.760000228881836,0.0,74516092
2023-01-11,4.047018051147461,4.829999923706055,0.0,4.849999904632568,4.75,4.769999980926514,0.0,112289880
2023-01-12,4.072155475616455,4.860000133514404,0.0,4.880000114440918,4.78000020980835,4.840000152587891,0.0,96905752
2023-01-13,4.097291946411133,4.889999866485596,0.0,4.900000095367432,4.840000152587891,4.869999885559082,0.0,84712121
2023-01-16,4.038639545440674,4.820000171661377,0.0,4.909999847412109,4.789999961853027,4.900000095367432,0.0,149510869
2023-01-17,4.005124092102051,4.78000020980835,0.0,4.820000171661377,4.739999771118164,4.809999942779541,0.0,106699840
2023-01-18,4.072155475616455,4.860000133514404,0.0,4.869999885559082,4.75,4.78000020980835,0.0,105004513
2023-01-19,4.047018051147461,4.829999923706055,0.0,4.860000133514404,4.809999942779541,4.840000152587891,0.0,52801754
2023-01-20,4.105671405792236,4.900000095367432,0.0,4.900000095367432,4.829999923706055,4.860000133514404,0.0,75051314
2023-01-30,4.06377649307251,4.849999904632568,0.0,4.960000038146973,4.849999904632568,4.940000057220459,0.0,87277036
2023-01-31,4.0302605628967285,4.809999942779541,0.0,4.900000095367432,4.809999942779541,4.849999904632568,0.0,74021676
2023-02-01,3.98836612701416,4.760000228881836,0.0,4.840000152587891,4.730000019073486,4.829999923706055,0.0,111874114
2023-02-02,3.9716079235076904,4.739999771118164,0.0,4.78000020980835,4.730000019073486,4.769999980926514,0.0,67882421
2023-02-03,3.921334743499756,4.679999828338623,0.0,4.75,4.670000076293945,4.739999771118164,0.0,80181352
2023-02-06,3.896198272705078,4.650000095367432,0.0,4.690000057220459,4.619999885559082,4.650000095367432,0.0,85253777
2023-02-07,3.9129557609558105,4.670000076293945,0.0,4.71999979019165,4.650000095367432,4.670000076293945,0.0,72347668
2023-02-08,3.8794403076171875,4.630000114440918,0.0,4.710000038146973,4.610000133514404,4.690000057220459,0.0,78843901
2023-02-09,3.8207874298095703,4.559999942779541,0.0,4.650000095367432,4.519999980926514,4.630000114440918,0.0,218316806
2023-02-10,3.8459248542785645,4.590000152587891,0.0,4.599999904632568,4.53000020980835,4.559999942779541,0.0,163983156
2023-02-13,3.812408924102783,4.550000190734863,0.0,4.590000152587891,4.5,4.570000171661377,0.0,126804654
2023-02-14,3.871061325073242,4.619999885559082,0.0,4.659999847412109,4.550000190734863,4.559999942779541,0.0,109122823
2023-02-15,3.812408924102783,4.550000190734863,0.0,4.639999866485596,4.539999961853027,4.630000114440918,0.0,99079104
2023-02-16,3.8459248542785645,4.590000152587891,0.0,4.610000133514404,4.539999961853027,4.550000190734863,0.0,154055500
2023-02-17,3.8207874298095703,4.559999942779541,0.0,4.619999885559082,4.559999942779541,4.570000171661377,0.0,65777125
2023-02-20,3.921334743499756,4.679999828338623,0.0,4.690000057220459,4.550000190734863,4.559999942779541,0.0,199191647
2023-02-21,3.8878188133239746,4.639999866485596,0.0,4.679999828338623,4.619999885559082,4.679999828338623,0.0,100778031
2023-02-22,3.8543033599853516,4.599999904632568,0.0,4.639999866485596,4.579999923706055,4.630000114440918,0.0,98188571
2023-02-23,3.8459248542785645,4.590000152587891,0.0,4.670000076293945,4.590000152587891,4.599999904632568,0.0,125586737
2023-02-24,3.804029703140259,4.539999961853027,0.0,4.610000133514404,4.53000020980835,4.590000152587891,0.0,114600660
2023-02-27,3.778893232345581,4.510000228881836,0.0,4.550000190734863,4.5,4.53000020980835,0.0,78174700
2023-02-28,3.7872722148895264,4.519999980926514,0.0,4.539999961853027,4.5,4.519999980926514,0.0,96011143
2023-03-01,3.8459248542785645,4.590000152587891,0.0,4.599999904632568,4.510000228881836,4.519999980926514,0.0,179957320
2023-03-02,3.896198272705078,4.650000095367432,0.0,4.670000076293945,4.559999942779541,4.590000152587891,0.0,151536710
2023-03-03,4.097291946411133,4.889999866485596,0.0,4.889999866485596,4.650000095367432,4.659999847412109,0.0,359099626
2023-03-06,3.9716079235076904,4.739999771118164,0.0,4.889999866485596,4.730000019073486,4.849999904632568,0.0,230299587
2023-03-07,4.080533981323242,4.869999885559082,0.0,4.980000019073486,4.730000019073486,4.739999771118164,0.0,392218620
2023-03-08,4.055397987365723,4.840000152587891,0.0,4.860000133514404,4.760000228881836,4.820000171661377,0.0,140472768
2023-03-09,4.038639545440674,4.820000171661377,0.0,4.869999885559082,4.800000190734863,4.820000171661377,0.0,160999824
2023-03-10,3.946471691131592,4.710000038146973,0.0,4.860000133514404,4.699999809265137,4.78000020980835,0.0,159502715
2023-03-13,4.021881580352783,4.800000190734863,0.0,4.809999942779541,4.679999828338623,4.690000057220459,0.0,130223441
2023-03-14,3.9632294178009033,4.730000019073486,0.0,4.789999961853027,4.690000057220459,4.760000228881836,0.0,133446808
2023-03-15,4.047018051147461,4.829999923706055,0.0,4.860000133514404,4.710000038146973,4.760000228881836,0.0,181717661
2023-03-16,4.097291946411133,4.889999866485596,0.0,4.949999809265137,4.769999980926514,4.78000020980835,0.0,273000062
2023-03-17,4.1475653648376465,4.949999809265137,0.0,5.0,4.860000133514404,4.900000095367432,0.0,237021730
2023-03-20,4.055397987365723,4.840000152587891,0.0,5.019999980926514,4.820000171661377,4.949999809265137,0.0,228069271
2023-03-21,4.0302605628967285,4.809999942779541,0.0,4.909999847412109,4.739999771118164,4.849999904632568,0.0,150928089
2023-03-22,4.038639545440674,4.820000171661377,0.0,4.869999885559082,4.78000020980835,4.820000171661377,0.0,148801781
2023-03-23,4.047018051147461,4.829999923706055,0.0,4.869999885559082,4.789999961853027,4.800000190734863,0.0,117875043
2023-03-24,3.921334743499756,4.679999828338623,0.0,4.829999923706055,4.659999847412109,4.829999923706055,0.0,238414751
2023-03-27,3.862682342529297,4.610000133514404,0.0,4.679999828338623,4.579999923706055,4.679999828338623,0.0,128807517
2023-03-28,3.8878188133239746,4.639999866485596,0.0,4.679999828338623,4.579999923706055,4.610000133514404,0.0,149316391
2023-03-29,3.896198272705078,4.650000095367432,0.0,4.679999828338623,4.610000133514404,4.679999828338623,0.0,94632181
2023-03-30,4.038639545440674,4.820000171661377,0.0,4.849999904632568,4.71999979019165,4.769999980926514,0.0,334922067
2023-03-31,3.896198272705078,4.650000095367432,0.0,4.760000228881836,4.639999866485596,4.75,0.0,338791480
2023-04-03,3.8794403076171875,4.630000114440918,0.0,4.659999847412109,4.610000133514404,4.650000095367432,0.0,161889736
2023-04-04,3.954850673675537,4.71999979019165,0.0,4.769999980926514,4.619999885559082,4.630000114440918,0.0,252886701
2023-04-06,3.938091993331909,4.699999809265137,0.0,4.739999771118164,4.679999828338623,4.690000057220459,0.0,118391351
2023-04-07,3.929713487625122,4.690000057220459,0.0,4.71999979019165,4.670000076293945,4.699999809265137,0.0,89742844
2023-04-10,3.921334743499756,4.679999828338623,0.0,4.710000038146973,4.659999847412109,4.670000076293945,0.0,117452801
2023-04-11,3.921334743499756,4.679999828338623,0.0,4.690000057220459,4.650000095367432,4.679999828338623,0.0,127418601
2023-04-12,4.013503074645996,4.789999961853027,0.0,4.820000171661377,4.659999847412109,4.679999828338623,0.0,272725040
2023-04-13,4.130807399749756,4.929999828338623,0.0,4.940000057220459,4.78000020980835,4.789999961853027,0.0,254466152
2023-04-14,4.1475653648376465,4.949999809265137,0.0,4.960000038146973,4.860000133514404,4.929999828338623,0.0,152631315
2023-04-17,4.315144062042236,5.150000095367432,0.0,5.159999847412109,4.900000095367432,4.929999828338623,0.0,316501927
2023-04-18,4.449206352233887,5.309999942779541,0.0,5.329999923706055,5.110000133514404,5.130000114440918,0.0,404156684
2023-04-19,4.532995223999023,5.409999847412109,0.0,5.5,5.300000190734863,5.309999942779541,0.0,305554802
2023-04-20,4.48272180557251,5.349999904632568,0.0,5.409999847412109,5.230000019073486,5.380000114440918,0.0,175592710
2023-04-21,4.465964317321777,5.329999923706055,0.0,5.480000019073486,5.260000228881836,5.329999923706055,0.0,221003007
2023-04-24,4.49110221862793,5.360000133514404,0.0,5.460000038146973,5.260000228881836,5.369999885559082,0.0,233691552
2023-04-25,4.6754374504089355,5.579999923706055,0.0,5.639999866485596,5.349999904632568,5.349999904632568,0.0,277814160
2023-04-26,4.57489013671875,5.460000038146973,0.0,5.539999961853027,5.329999923706055,5.53000020980835,0.0,206042071
2023-04-27,4.608406066894531,5.5,0.0,5.53000020980835,5.349999904632568,5.400000095367432,0.0,132995502
2023-04-28,4.616785526275635,5.510000228881836,0.0,5.550000190734863,5.329999923706055,5.400000095367432,0.0,163141876
2023-05-04,4.809500217437744,5.739999771118164,0.0,5.800000190734863,5.389999866485596,5.46999979019165,0.0,243428065
2023-05-05,4.792741775512695,5.71999979019165,0.0,5.900000095367432,5.650000095367432,5.739999771118164,0.0,188471978
2023-05-08,4.9686994552612305,5.929999828338623,0.0,6.150000095367432,5.71999979019165,5.71999979019165,0.0,336145648
2023-05-09,4.692195415496826,5.599999904632568,0.0,5.989999771118164,5.570000171661377,5.96999979019165,0.0,384133202
2023-05-10,4.516238212585449,5.389999866485596,0.0,5.630000114440918,5.360000133514404,5.599999904632568,0.0,366385297
2023-05-11,4.507859230041504,5.380000114440918,0.0,5.5,5.349999904632568,5.409999847412109,0.0,134545912
2023-05-12,4.390553951263428,5.239999771118164,0.0,5.400000095367432,5.210000038146973,5.389999866485596,0.0,210616470
2023-05-15,4.549753665924072,5.429999828338623,0.0,5.449999809265137,5.179999828338623,5.25,0.0,229131661
2023-05-16,4.474343299865723,5.340000152587891,0.0,5.46999979019165,5.329999923706055,5.400000095367432,0.0,137616225
2023-05-17,4.424070358276367,5.28000020980835,0.0,5.349999904632568,5.21999979019165,5.329999923706055,0.0,120865410
2023-05-18,4.549753665924072,5.429999828338623,0.0,5.53000020980835,5.28000020980835,5.28000020980835,0.0,246429874
2023-05-19,4.524617671966553,5.400000095367432,0.0,5.489999771118164,5.329999923706055,5.409999847412109,0.0,113218236
2023-05-22,4.583269119262695,5.46999979019165,0.0,5.489999771118164,5.360000133514404,5.380000114440918,0.0,109151777
2023-05-23,4.465964317321777,5.329999923706055,0.0,5.550000190734863,5.320000171661377,5.440000057220459,0.0,154714905
2023-05-24,4.340281009674072,5.179999828338623,0.0,5.329999923706055,5.170000076293945,5.320000171661377,0.0,153706577
2023-05-25,4.315144062042236,5.150000095367432,0.0,5.199999809265137,5.079999923706055,5.170000076293945,0.0,106044702
2023-05-26,4.3570380210876465,5.199999809265137,0.0,5.25,5.110000133514404,5.139999866485596,0.0,64151100
2023-05-29,4.415691375732422,5.269999980926514,0.0,5.300000190734863,5.190000057220459,5.190000057220459,0.0,113635451
2023-05-30,4.3570380210876465,5.199999809265137,0.0,5.28000020980835,5.119999885559082,5.260000228881836,0.0,114618617
2023-05-31,4.306765556335449,5.139999866485596,0.0,5.190000057220459,5.130000114440918,5.159999847412109,0.0,75437326
2023-06-01,4.323523044586182,5.159999847412109,0.0,5.210000038146973,5.079999923706055,5.139999866485596,0.0,95875539
2023-06-02,4.36541748046875,5.210000038146973,0.0,5.25,5.130000114440918,5.159999847412109,0.0,107823356
2023-06-05,4.407312393188477,5.260000228881836,0.0,5.300000190734863,5.170000076293945,5.199999809265137,0.0,96121856
2023-06-06,4.373795509338379,5.21999979019165,0.0,5.340000152587891,5.199999809265137,5.230000019073486,0.0,134600858
2023-06-07,4.424070358276367,5.28000020980835,0.0,5.300000190734863,5.199999809265137,5.25,0.0,82549337
2023-06-08,4.549753665924072,5.429999828338623,0.0,5.46999979019165,5.210000038146973,5.28000020980835,0.0,152132658
2023-06-09,4.616785526275635,5.510000228881836,0.0,5.53000020980835,5.389999866485596,5.429999828338623,0.0,131108920
2023-06-12,4.57489013671875,5.460000038146973,0.0,5.510000228881836,5.380000114440918,5.5,0.0,145097109
2023-06-13,4.591648101806641,5.480000019073486,0.0,5.510000228881836,5.440000057220459,5.440000057220459,0.0,62690407
2023-06-14,4.398933410644531,5.25,0.0,5.489999771118164,5.230000019073486,5.480000019073486,0.0,164970052
2023-06-15,4.36541748046875,5.210000038146973,0.0,5.289999961853027,5.190000057220459,5.289999961853027,0.0,124695892
2023-06-16,4.2900071144104,5.119999885559082,0.0,5.25,5.099999904632568,5.21999979019165,0.0,163641480
2023-06-19,4.239733695983887,5.059999942779541,0.0,5.130000114440918,5.019999980926514,5.119999885559082,0.0,144977251
2023-06-20,4.172702789306641,4.980000019073486,0.0,5.070000171661377,4.949999809265137,5.050000190734863,0.0,135404043
2023-06-21,4.1810808181762695,4.989999771118164,0.0,5.059999942779541,4.949999809265137,4.980000019073486,0.0,90697453
2023-06-26,4.088913440704346,4.880000114440918,0.0,4.980000019073486,4.840000152587891,4.96999979019165,0.0,124602694
2023-06-27,4.155943870544434,4.960000038146973,0.0,4.96999979019165,4.840000152587891,4.869999885559082,0.0,106270818
2023-06-28,4.139186859130859,4.940000057220459,0.0,4.980000019073486,4.909999847412109,4.949999809265137,0.0,85470370
2023-06-29,4.088913440704346,4.880000114440918,0.0,4.940000057220459,4.869999885559082,4.940000057220459,0.0,86596535
2023-06-30,4.097291946411133,4.889999866485596,0.0,4.920000076293945,4.840000152587891,4.880000114440918,0.0,114058245
2023-07-03,4.172702789306641,4.980000019073486,0.0,5.0,4.880000114440918,4.900000095367432,0.0,162563605
2023-07-04,4.172702789306641,4.980000019073486,0.0,5.019999980926514,4.929999828338623,4.960000038146973,0.0,103353025
2023-07-05,4.130807399749756,4.929999828338623,0.0,4.980000019073486,4.920000076293945,4.980000019073486,0.0,81215304
2023-07-06,4.105671405792236,4.900000095367432,0.0,4.980000019073486,4.880000114440918,4.920000076293945,0.0,95837005
2023-07-07,4.088913440704346,4.880000114440918,0.0,4.909999847412109,4.860000133514404,4.900000095367432,0.0,62137366
2023-07-10,4.097291946411133,4.889999866485596,0.0,4.929999828338623,4.880000114440918,4.909999847412109,0.0,58963901
2023-07-11,4.139186859130859,4.940000057220459,0.0,4.960000038146973,4.889999866485596,4.909999847412109,0.0,92387674
2023-07-12,4.155943870544434,4.960000038146973,0.0,5.019999980926514,4.929999828338623,4.940000057220459,0.0,117293579
2023-07-13,4.286665916442871,4.849999904632568,0.2579,4.860000133514404,4.71999979019165,4.75,0.0,155202187
2023-07-14,4.286665916442871,4.849999904632568,0.0,4.940000057220459,4.829999923706055,4.849999904632568,0.0,114261482
2023-07-17,4.224796295166016,4.78000020980835,0.0,4.849999904632568,4.75,4.829999923706055,0.0,72539100
2023-07-18,4.207119941711426,4.760000228881836,0.0,4.809999942779541,4.739999771118164,4.78000020980835,0.0,79250937
2023-07-19,4.224796295166016,4.78000020980835,0.0,4.789999961853027,4.730000019073486,4.75,0.0,52924517
2023-07-20,4.233634948730469,4.789999961853027,0.0,4.829999923706055,4.769999980926514,4.78000020980835,0.0,90445592
2023-07-21,4.198281288146973,4.75,0.0,4.800000190734863,4.739999771118164,4.769999980926514,0.0,79078352
2023-07-24,4.198281288146973,4.75,0.0,4.789999961853027,4.71999979019165,4.739999771118164,0.0,48178802
2023-07-25,4.383889675140381,4.960000038146973,0.0,4.96999979019165,4.800000190734863,4.800000190734863,0.0,162573511
2023-07-26,4.348535060882568,4.920000076293945,0.0,4.980000019073486,4.880000114440918,4.949999809265137,0.0,72992492
2023-07-27,4.401566505432129,4.980000019073486,0.0,5.010000228881836,4.920000076293945,4.929999828338623,0.0,97284678
2023-07-28,4.622528553009033,5.230000019073486,0.0,5.239999771118164,4.929999828338623,4.949999809265137,0.0,215154147
2023-07-31,4.587174415588379,5.190000057220459,0.0,5.369999885559082,5.130000114440918,5.21999979019165,0.0,155685435
2023-08-01,4.5606584548950195,5.159999847412109,0.0,5.239999771118164,5.130000114440918,5.170000076293945,0.0,84712721
2023-08-02,4.357373237609863,4.929999828338623,0.0,5.130000114440918,4.920000076293945,5.130000114440918,0.0,228509579
2023-08-03,4.401566505432129,4.980000019073486,0.0,5.019999980926514,4.900000095367432,4.920000076293945,0.0,122199048
2023-08-04,4.454597473144531,5.039999961853027,0.0,5.130000114440918,5.010000228881836,5.010000228881836,0.0,139836580
2023-08-07,4.410404682159424,4.989999771118164,0.0,5.050000190734863,4.96999979019165,5.010000228881836,0.0,96030543
2023-08-08,4.419243812561035,5.0,0.0,5.050000190734863,4.980000019073486,4.980000019073486,0.0,72261529
2023-08-09,4.419243812561035,5.0,0.0,5.010000228881836,4.96999979019165,4.980000019073486,0.0,50014659
2023-08-10,4.410404682159424,4.989999771118164,0.0,5.019999980926514,4.949999809265137,5.0,0.0,45627171
2023-08-11,4.348535060882568,4.920000076293945,0.0,5.010000228881836,4.900000095367432,4.989999771118164,0.0,78647974
2023-08-14,4.295504570007324,4.860000133514404,0.0,4.900000095367432,4.820000171661377,4.880000114440918,0.0,86669510
2023-08-15,4.3750505447387695,4.949999809265137,0.0,4.989999771118164,4.849999904632568,4.849999904632568,0.0,111283079
2023-08-16,4.33085823059082,4.900000095367432,0.0,4.940000057220459,4.849999904632568,4.929999828338623,0.0,92934872
2023-08-17,4.286665916442871,4.849999904632568,0.0,4.900000095367432,4.800000190734863,4.880000114440918,0.0,106944974
2023-08-18,4.322019577026367,4.889999866485596,0.0,5.0,4.840000152587891,4.840000152587891,0.0,145068518
2023-08-21,4.260149955749512,4.820000171661377,0.0,4.920000076293945,4.820000171661377,4.900000095367432,0.0,81455796
2023-08-22,4.348535060882568,4.920000076293945,0.0,4.920000076293945,4.820000171661377,4.849999904632568,0.0,95889082
2023-08-23,4.313181400299072,4.880000114440918,0.0,4.940000057220459,4.869999885559082,4.900000095367432,0.0,74106300
2023-08-24,4.268988132476807,4.829999923706055,0.0,4.909999847412109,4.820000171661377,4.889999866485596,0.0,102019215
2023-08-25,4.286665916442871,4.849999904632568,0.0,4.880000114440918,4.800000190734863,4.820000171661377,0.0,101164736
2023-08-28,4.401566505432129,4.980000019073486,0.0,5.119999885559082,4.929999828338623,5.019999980926514,0.0,188491232
2023-08-29,4.348535060882568,4.920000076293945,0.0,4.96999979019165,4.869999885559082,4.96999979019165,0.0,140770233
2023-08-30,4.33085823059082,4.900000095367432,0.0,4.949999809265137,4.840000152587891,4.900000095367432,0.0,126678820
2023-08-31,4.295504570007324,4.860000133514404,0.0,4.920000076293945,4.820000171661377,4.900000095367432,0.0,106306777
2023-09-01,4.33085823059082,4.900000095367432,0.0,4.920000076293945,4.869999885559082,4.869999885559082,0.0,95507156
2023-09-04,4.419243812561035,5.0,0.0,5.050000190734863,4.920000076293945,4.929999828338623,0.0,166131406
2023-09-05,4.339696407318115,4.909999847412109,0.0,4.989999771118164,4.889999866485596,4.989999771118164,0.0,92388698
2023-09-06,4.348535060882568,4.920000076293945,0.0,4.940000057220459,4.869999885559082,4.889999866485596,0.0,87789941
2023-09-07,4.339696407318115,4.909999847412109,0.0,4.980000019073486,4.889999866485596,4.909999847412109,0.0,90894753
2023-09-08,4.33085823059082,4.900000095367432,0.0,4.920000076293945,4.880000114440918,4.900000095367432,0.0,40524015
2023-09-11,4.313181400299072,4.880000114440918,0.0,4.909999847412109,4.849999904632568,4.900000095367432,0.0,70358592
2023-09-12,4.313181400299072,4.880000114440918,0.0,4.880000114440918,4.860000133514404,4.880000114440918,0.0,50341089
2023-09-13,4.33085823059082,4.900000095367432,0.0,4.909999847412109,4.860000133514404,4.880000114440918,0.0,68695885
2023-09-14,4.3750505447387695,4.949999809265137,0.0,4.960000038146973,4.880000114440918,4.900000095367432,0.0,125956823
2023-09-15,4.410404682159424,4.989999771118164,0.0,5.059999942779541,4.940000057220459,4.949999809265137,0.0,172422815
2023-09-18,4.410404682159424,4.989999771118164,0.0,4.989999771118164,4.929999828338623,4.96999979019165,0.0,84294582
2023-09-19,4.472273826599121,5.059999942779541,0.0,5.079999923706055,4.960000038146973,4.96999979019165,0.0,118975008
2023-09-20,4.525304794311523,5.119999885559082,0.0,5.130000114440918,5.03000020980835,5.059999942779541,0.0,103095691
2023-09-21,4.454597473144531,5.039999961853027,0.0,5.139999866485596,5.03000020980835,5.110000133514404,0.0,80867266
2023-09-22,4.481112480163574,5.070000171661377,0.0,5.090000152587891,5.0,5.059999942779541,0.0,76374439
2023-09-25,4.472273826599121,5.059999942779541,0.0,5.110000133514404,5.019999980926514,5.070000171661377,0.0,87377407
2023-09-26,4.436920166015625,5.019999980926514,0.0,5.119999885559082,5.010000228881836,5.059999942779541,0.0,94338554
2023-09-27,4.392727851867676,4.96999979019165,0.0,5.050000190734863,4.960000038146973,5.039999961853027,0.0,84987679
2023-09-28,4.392727851867676,4.96999979019165,0.0,5.019999980926514,4.960000038146973,4.989999771118164,0.0,65054202
2023-10-09,4.383889675140381,4.960000038146973,0.0,4.980000019073486,4.900000095367432,4.949999809265137,0.0,64731240
2023-10-10,4.357373237609863,4.929999828338623,0.0,5.010000228881836,4.920000076293945,4.980000019073486,0.0,69777700
2023-10-11,4.348535060882568,4.920000076293945,0.0,4.96999979019165,4.880000114440918,4.949999809265137,0.0,90116845
2023-10-12,4.472273826599121,5.059999942779541,0.0,5.059999942779541,4.960000038146973,4.980000019073486,0.0,162418912
2023-10-13,4.489951133728027,5.079999923706055,0.0,5.139999866485596,5.010000228881836,5.03000020980835,0.0,130447503
2023-10-16,4.534143924713135,5.130000114440918,0.0,5.150000095367432,5.039999961853027,5.090000152587891,0.0,89536131
2023-10-17,4.551820755004883,5.150000095367432,0.0,5.159999847412109,5.090000152587891,5.119999885559082,0.0,74285584
2023-10-18,4.534143924713135,5.130000114440918,0.0,5.179999828338623,5.110000133514404,5.139999866485596,0.0,77866510
2023-10-19,4.419243812561035,5.0,0.0,5.130000114440918,4.989999771118164,5.130000114440918,0.0,90879492
2023-10-20,4.348535060882568,4.920000076293945,0.0,4.980000019073486,4.909999847412109,4.980000019073486,0.0,106199600
2023-10-23,4.268988132476807,4.829999923706055,0.0,4.940000057220459,4.789999961853027,4.900000095367432,0.0,105138500
2023-10-24,4.189442157745361,4.739999771118164,0.0,4.860000133514404,4.71999979019165,4.849999904632568,0.0,132028898
2023-10-25,4.198281288146973,4.75,0.0,4.789999961853027,4.730000019073486,4.78000020980835,0.0,120006378
2023-10-26,4.242473602294922,4.800000190734863,0.0,4.820000171661377,4.71999979019165,4.739999771118164,0.0,95002372
2023-10-27,4.233634948730469,4.789999961853027,0.0,4.840000152587891,4.75,4.789999961853027,0.0,101758012
2023-10-30,4.0303497314453125,4.559999942779541,0.0,4.760000228881836,4.53000020980835,4.760000228881836,0.0,288566250
2023-10-31,4.039187908172607,4.570000171661377,0.0,4.590000152587891,4.510000228881836,4.550000190734863,0.0,116710174
2023-11-01,4.07454252243042,4.610000133514404,0.0,4.630000114440918,4.559999942779541,4.579999923706055,0.0,122398139
2023-11-02,4.127573013305664,4.670000076293945,0.0,4.690000057220459,4.599999904632568,4.610000133514404,0.0,113313442
2023-11-03,4.101057529449463,4.639999866485596,0.0,4.679999828338623,4.630000114440918,4.670000076293945,0.0,78925600
2023-11-06,4.083380222320557,4.619999885559082,0.0,4.659999847412109,4.599999904632568,4.650000095367432,0.0,101084522
2023-11-07,4.065703868865967,4.599999904632568,0.0,4.619999885559082,4.570000171661377,4.610000133514404,0.0,79890165
2023-11-08,4.0303497314453125,4.559999942779541,0.0,4.599999904632568,4.550000190734863,4.579999923706055,0.0,72324271
2023-11-09,4.07454252243042,4.610000133514404,0.0,4.619999885559082,4.550000190734863,4.559999942779541,0.0,73871968
2023-11-10,4.039187908172607,4.570000171661377,0.0,4.619999885559082,4.550000190734863,4.599999904632568,0.0,71321347
2023-11-13,4.003834247589111,4.53000020980835,0.0,4.579999923706055,4.480000019073486,4.559999942779541,0.0,129660512
2023-11-14,4.003834247589111,4.53000020980835,0.0,4.550000190734863,4.489999771118164,4.519999980926514,0.0,102504325
2023-11-15,4.0303497314453125,4.559999942779541,0.0,4.579999923706055,4.53000020980835,4.550000190734863,0.0,90874479
2023-11-16,4.012672424316406,4.539999961853027,0.0,4.579999923706055,4.539999961853027,4.559999942779541,0.0,59512800
2023-11-17,3.97731876373291,4.5,0.0,4.550000190734863,4.5,4.539999961853027,0.0,68161595
2023-11-20,3.9949958324432373,4.519999980926514,0.0,4.53000020980835,4.489999771118164,4.510000228881836,0.0,61421883
2023-11-21,4.021511554718018,4.550000190734863,0.0,4.570000171661377,4.519999980926514,4.519999980926514,0.0,95683938
2023-11-22,3.9949958324432373,4.519999980926514,0.0,4.559999942779541,4.519999980926514,4.539999961853027,0.0,50624666
2023-11-23,4.003834247589111,4.53000020980835,0.0,4.539999961853027,4.510000228881836,4.519999980926514,0.0,46603962
2023-11-24,4.012672424316406,4.539999961853027,0.0,4.550000190734863,4.519999980926514,4.53000020980835,0.0,72667074
2023-11-27,3.9331259727478027,4.449999809265137,0.0,4.550000190734863,4.429999828338623,4.539999961853027,0.0,131209352
2023-11-28,3.9331259727478027,4.449999809265137,0.0,4.480000019073486,4.420000076293945,4.449999809265137,0.0,86817041
2023-11-29,3.8447415828704834,4.349999904632568,0.0,4.449999809265137,4.329999923706055,4.449999809265137,0.0,173181350
2023-11-30,3.8800954818725586,4.389999866485596,0.0,4.420000076293945,4.340000152587891,4.349999904632568,0.0,121728934
2023-12-01,3.906611204147339,4.420000076293945,0.0,4.440000057220459,4.389999866485596,4.389999866485596,0.0,89850487
2023-12-04,3.8889341354370117,4.400000095367432,0.0,4.440000057220459,4.389999866485596,4.420000076293945,0.0,60524182
2023-12-05,3.8447415828704834,4.349999904632568,0.0,4.400000095367432,4.349999904632568,4.400000095367432,0.0,62398335
2023-12-06,3.8359034061431885,4.340000152587891,0.0,4.360000133514404,4.28000020980835,4.349999904632568,0.0,70403341
2023-12-07,3.8270645141601562,4.329999923706055,0.0,4.349999904632568,4.28000020980835,4.340000152587891,0.0,85013557
2023-12-08,3.8624184131622314,4.369999885559082,0.0,4.420000076293945,4.309999942779541,4.329999923706055,0.0,105931464
2023-12-11,3.8535799980163574,4.360000133514404,0.0,4.380000114440918,4.28000020980835,4.349999904632568,0.0,110281993
2023-12-12,3.8977720737457275,4.409999847412109,0.0,4.409999847412109,4.329999923706055,4.349999904632568,0.0,87122126
2023-12-13,3.8447415828704834,4.349999904632568,0.0,4.409999847412109,4.349999904632568,4.409999847412109,0.0,65207314
2023-12-14,3.80938720703125,4.309999942779541,0.0,4.380000114440918,4.309999942779541,4.369999885559082,0.0,64121483
2023-12-15,3.8359034061431885,4.340000152587891,0.0,4.380000114440918,4.320000171661377,4.329999923706055,0.0,77276387
2023-12-18,3.80938720703125,4.309999942779541,0.0,4.340000152587891,4.289999961853027,4.320000171661377,0.0,86150229
2023-12-19,3.791710376739502,4.289999961853027,0.0,4.320000171661377,4.260000228881836,4.300000190734863,0.0,89564218
2023-12-20,3.76519513130188,4.260000228881836,0.0,4.320000171661377,4.25,4.289999961853027,0.0,80325344
2023-12-21,3.782872200012207,4.28000020980835,0.0,4.289999961853027,4.230000019073486,4.25,0.0,70828007
2023-12-22,3.791710376739502,4.289999961853027,0.0,4.309999942779541,4.25,4.289999961853027,0.0,94891867
2023-12-25,3.782872200012207,4.28000020980835,0.0,4.309999942779541,4.269999980926514,4.300000190734863,0.0,66734600
2023-12-26,3.7475178241729736,4.239999771118164,0.0,4.289999961853027,4.239999771118164,4.28000020980835,0.0,66051800
2023-12-27,3.791710376739502,4.289999961853027,0.0,4.309999942779541,4.210000038146973,4.239999771118164,0.0,85894753
2023-12-28,3.8447415828704834,4.349999904632568,0.0,4.360000133514404,4.28000020980835,4.289999961853027,0.0,138359073
2023-12-29,3.8447415828704834,4.349999904632568,0.0,4.369999885559082,4.340000152587891,4.349999904632568,0.0,66568075
2024-01-02,3.818225860595703,4.320000171661377,0.0,4.380000114440918,4.309999942779541,4.349999904632568,0.0,81385705
2024-01-03,3.8535799980163574,4.360000133514404,0.0,4.369999885559082,4.309999942779541,4.309999942779541,0.0,99465801
2024-01-04,3.8800954818725586,4.389999866485596,0.0,4.389999866485596,4.340000152587891,4.360000133514404,0.0,95374926
2024-01-05,3.941965341567993,4.460000038146973,0.0,4.510000228881836,4.369999885559082,4.380000114440918,0.0,206139481
2024-01-08,3.915449380874634,4.429999828338623,0.0,4.480000019073486,4.400000095367432,4.449999809265137,0.0,123719675
2024-01-09,3.8800954818725586,4.389999866485596,0.0,4.420000076293945,4.360000133514404,4.420000076293945,0.0,103809404
2024-01-10,3.8712573051452637,4.380000114440918,0.0,4.420000076293945,4.369999885559082,4.380000114440918,0.0,74885309
2024-01-11,3.8447415828704834,4.349999904632568,0.0,4.400000095367432,4.340000152587891,4.369999885559082,0.0,86225997
2024-01-12,3.8359034061431885,4.340000152587891,0.0,4.389999866485596,4.340000152587891,4.340000152587891,0.0,71175434
2024-01-15,3.8712573051452637,4.380000114440918,0.0,4.389999866485596,4.309999942779541,4.329999923706055,0.0,70525242
2024-01-16,3.950803518295288,4.46999979019165,0.0,4.46999979019165,4.360000133514404,4.369999885559082,0.0,158107182
2024-01-17,3.915449380874634,4.429999828338623,0.0,4.510000228881836,4.420000076293945,4.460000038146973,0.0,139403088
2024-01-18,3.915449380874634,4.429999828338623,0.0,4.440000057220459,4.289999961853027,4.409999847412109,0.0,154166827
2024-01-19,3.8889341354370117,4.400000095367432,0.0,4.420000076293945,4.369999885559082,4.400000095367432,0.0,90074695
2024-01-22,3.8977720737457275,4.409999847412109,0.0,4.460000038146973,4.380000114440918,4.389999866485596,0.0,164969666
2024-01-23,3.906611204147339,4.420000076293945,0.0,4.440000057220459,4.369999885559082,4.389999866485596,0.0,114566147
2024-01-24,3.959641933441162,4.480000019073486,0.0,4.489999771118164,4.409999847412109,4.440000057220459,0.0,153086037
2024-01-25,4.092219352722168,4.630000114440918,0.0,4.630000114440918,4.46999979019165,4.480000019073486,0.0,227006697
2024-01-26,4.118734359741211,4.659999847412109,0.0,4.690000057220459,4.579999923706055,4.619999885559082,0.0,145742279
2024-01-29,4.198281288146973,4.75,0.0,4.820000171661377,4.659999847412109,4.670000076293945,0.0,190795502
2024-01-30,4.154088020324707,4.699999809265137,0.0,4.800000190734863,4.650000095367432,4.730000019073486,0.0,154170591
2024-01-31,4.180603981018066,4.730000019073486,0.0,4.78000020980835,4.670000076293945,4.679999828338623,0.0,147809597
2024-02-01,4.145249843597412,4.690000057220459,0.0,4.75,4.679999828338623,4.71999979019165,0.0,124680059
2024-02-02,4.154088020324707,4.699999809265137,0.0,4.760000228881836,4.630000114440918,4.699999809265137,0.0,162281773
2024-02-05,4.207119941711426,4.760000228881836,0.0,4.800000190734863,4.679999828338623,4.699999809265137,0.0,218287182
2024-02-06,4.295504570007324,4.860000133514404,0.0,4.880000114440918,4.75,4.760000228881836,0.0,200782325
2024-02-07,4.207119941711426,4.760000228881836,0.0,4.860000133514404,4.670000076293945,4.849999904632568,0.0,245966237
2024-02-08,4.145249843597412,4.690000057220459,0.0,4.739999771118164,4.590000152587891,4.739999771118164,0.0,219024952
2024-02-19,4.242473602294922,4.800000190734863,0.0,4.800000190734863,4.670000076293945,4.710000038146973,0.0,212866395
2024-02-20,4.277827739715576,4.840000152587891,0.0,4.849999904632568,4.75,4.789999961853027,0.0,151548162
2024-02-21,4.366212368011475,4.940000057220459,0.0,4.989999771118164,4.800000190734863,4.820000171661377,0.0,177550217
2024-02-22,4.366212368011475,4.940000057220459,0.0,4.949999809265137,4.889999866485596,4.909999847412109,0.0,94992886
2024-02-23,4.410404682159424,4.989999771118164,0.0,5.050000190734863,4.940000057220459,4.949999809265137,0.0,117997168
2024-02-26,4.268988132476807,4.829999923706055,0.0,4.989999771118164,4.800000190734863,4.980000019073486,0.0,157439281
2024-02-27,4.286665916442871,4.849999904632568,0.0,4.869999885559082,4.800000190734863,4.800000190734863,0.0,96162490
2024-02-28,4.251311779022217,4.809999942779541,0.0,4.880000114440918,4.78000020980835,4.849999904632568,0.0,120786121
2024-02-29,4.286665916442871,4.849999904632568,0.0,4.849999904632568,4.800000190734863,4.809999942779541,0.0,101779411
2024-03-01,4.277827739715576,4.840000152587891,0.0,4.849999904632568,4.809999942779541,4.829999923706055,0.0,102602793
2024-03-04,4.207119941711426,4.760000228881836,0.0,4.829999923706055,4.739999771118164,4.820000171661377,0.0,159436447
2024-03-05,4.286665916442871,4.849999904632568,0.0,4.849999904632568,4.730000019073486,4.739999771118164,0.0,161339202
2024-03-06,4.260149955749512,4.820000171661377,0.0,4.869999885559082,4.800000190734863,4.840000152587891,0.0,103296514
2024-03-07,4.277827739715576,4.840000152587891,0.0,4.869999885559082,4.800000190734863,4.800000190734863,0.0,81919214
2024-03-08,4.295504570007324,4.860000133514404,0.0,4.869999885559082,4.820000171661377,4.829999923706055,0.0,89970034
2024-03-11,4.295504570007324,4.860000133514404,0.0,4.880000114440918,4.809999942779541,4.860000133514404,0.0,85502522
2024-03-12,4.242473602294922,4.800000190734863,0.0,4.860000133514404,4.789999961853027,4.860000133514404,0.0,108188931
2024-03-13,4.189442157745361,4.739999771118164,0.0,4.800000190734863,4.739999771118164,4.800000190734863,0.0,101583798
2024-03-14,4.189442157745361,4.739999771118164,0.0,4.789999961853027,4.71999979019165,4.739999771118164,0.0,77082201
2024-03-15,4.189442157745361,4.739999771118164,0.0,4.769999980926514,4.710000038146973,4.739999771118164,0.0,85186860
2024-03-18,4.207119941711426,4.760000228881836,0.0,4.769999980926514,4.710000038146973,4.739999771118164,0.0,76386616
2024-03-19,4.162927627563477,4.710000038146973,0.0,4.760000228881836,4.699999809265137,4.760000228881836,0.0,111607999
2024-03-20,4.180603981018066,4.730000019073486,0.0,4.75,4.679999828338623,4.710000038146973,0.0,68870160
2024-03-21,4.207119941711426,4.760000228881836,0.0,4.78000020980835,4.71999979019165,4.730000019073486,0.0,75562397
2024-03-22,4.189442157745361,4.739999771118164,0.0,4.760000228881836,4.699999809265137,4.760000228881836,0.0,74710130
2024-03-25,4.189442157745361,4.739999771118164,0.0,4.78000020980835,4.71999979019165,4.739999771118164,0.0,89346710
2024-03-26,4.260149955749512,4.820000171661377,0.0,4.820000171661377,4.739999771118164,4.75,0.0,107155667
2024-03-27,4.286665916442871,4.849999904632568,0.0,4.880000114440918,4.809999942779541,4.820000171661377,0.0,139706297
2024-03-28,4.207119941711426,4.760000228881836,0.0,4.840000152587891,4.75,4.829999923706055,0.0,129744536
2024-03-29,4.198281288146973,4.75,0.0,4.800000190734863,4.730000019073486,4.739999771118164,0.0,55545253
2024-04-01,4.198281288146973,4.75,0.0,4.769999980926514,4.71999979019165,4.75,0.0,112695689
2024-04-02,4.198281288146973,4.75,0.0,4.769999980926514,4.739999771118164,4.75,0.0,131179167
2024-04-03,4.162927627563477,4.710000038146973,0.0,4.75,4.699999809265137,4.739999771118164,0.0,108283280
2024-04-08,4.198281288146973,4.75,0.0,4.75,4.679999828338623,4.699999809265137,0.0,119654833
2024-04-09,4.145249843597412,4.690000057220459,0.0,4.769999980926514,4.690000057220459,4.75,0.0,140256068
2024-04-10,4.136411190032959,4.679999828338623,0.0,4.71999979019165,4.670000076293945,4.690000057220459,0.0,123870273
2024-04-11,4.101057529449463,4.639999866485596,0.0,4.679999828338623,4.619999885559082,4.670000076293945,0.0,112883368
2024-04-12,4.065703868865967,4.599999904632568,0.0,4.659999847412109,4.579999923706055,4.630000114440918,0.0,141844508
2024-04-15,4.180603981018066,4.730000019073486,0.0,4.739999771118164,4.590000152587891,4.599999904632568,0.0,197355128
2024-04-16,4.233634948730469,4.789999961853027,0.0,4.829999923706055,4.71999979019165,4.730000019073486,0.0,211865643
2024-04-17,4.295504570007324,4.860000133514404,0.0,4.869999885559082,4.71999979019165,4.760000228881836,0.0,209406862
2024-04-18,4.339696407318115,4.909999847412109,0.0,4.96999979019165,4.829999923706055,4.840000152587891,0.0,201388477
2024-04-19,4.313181400299072,4.880000114440918,0.0,4.929999828338623,4.860000133514404,4.889999866485596,0.0,116712466
2024-04-22,4.277827739715576,4.840000152587891,0.0,4.949999809265137,4.820000171661377,4.900000095367432,0.0,140341883
2024-04-23,4.286665916442871,4.849999904632568,0.0,4.909999847412109,4.800000190734863,4.829999923706055,0.0,138563566
2024-04-24,4.251311779022217,4.809999942779541,0.0,4.860000133514404,4.800000190734863,4.840000152587891,0.0,96499881
2024-04-25,4.277827739715576,4.840000152587891,0.0,4.860000133514404,4.78000020980835,4.809999942779541,0.0,158763706
2024-04-26,4.189442157745361,4.739999771118164,0.0,4.860000133514404,4.730000019073486,4.829999923706055,0.0,218082600
2024-04-29,4.189442157745361,4.739999771118164,0.0,4.78000020980835,4.710000038146973,4.739999771118164,0.0,149012587
2024-04-30,4.242473602294922,4.800000190734863,0.0,4.809999942779541,4.730000019073486,4.730000019073486,0.0,130014508
2024-05-06,4.286665916442871,4.849999904632568,0.0,4.880000114440918,4.820000171661377,4.849999904632568,0.0,162675732
2024-05-07,4.295504570007324,4.860000133514404,0.0,4.880000114440918,4.820000171661377,4.849999904632568,0.0,159269142
2024-05-08,4.277827739715576,4.840000152587891,0.0,4.880000114440918,4.840000152587891,4.849999904632568,0.0,79411551
2024-05-09,4.295504570007324,4.860000133514404,0.0,4.880000114440918,4.829999923706055,4.840000152587891,0.0,102505200
2024-05-10,4.419243812561035,5.0,0.0,5.03000020980835,4.840000152587891,4.860000133514404,0.0,253806031
2024-05-13,4.392727851867676,4.96999979019165,0.0,5.0,4.940000057220459,4.980000019073486,0.0,144791331
2024-05-14,4.383889675140381,4.960000038146973,0.0,5.019999980926514,4.940000057220459,4.989999771118164,0.0,111773731
2024-05-15,4.366212368011475,4.940000057220459,0.0,5.0,4.929999828338623,4.949999809265137,0.0,98493358
2024-05-16,4.445758819580078,5.03000020980835,0.0,5.070000171661377,4.949999809265137,4.949999809265137,0.0,162214487
2024-05-17,4.472273826599121,5.059999942779541,0.0,5.070000171661377,4.96999979019165,5.03000020980835,0.0,186231209
2024-05-20,4.489951133728027,5.079999923706055,0.0,5.150000095367432,5.03000020980835,5.050000190734863,0.0,146997021
2024-05-21,4.481112480163574,5.070000171661377,0.0,5.099999904632568,5.050000190734863,5.070000171661377,0.0,96483714
2024-05-22,4.4987897872924805,5.090000152587891,0.0,5.150000095367432,5.059999942779541,5.070000171661377,0.0,127159191
2024-05-23,4.463436126708984,5.050000190734863,0.0,5.090000152587891,5.03000020980835,5.079999923706055,0.0,105216648
2024-05-24,4.463436126708984,5.050000190734863,0.0,5.130000114440918,5.03000020980835,5.050000190734863,0.0,119887271
2024-05-27,4.551820755004883,5.150000095367432,0.0,5.159999847412109,5.059999942779541,5.059999942779541,0.0,145600306
2024-05-28,4.534143924713135,5.130000114440918,0.0,5.179999828338623,5.110000133514404,5.150000095367432,0.0,98827475
2024-05-29,4.481112480163574,5.070000171661377,0.0,5.130000114440918,5.03000020980835,5.119999885559082,0.0,118156543
2024-05-30,4.463436126708984,5.050000190734863,0.0,5.090000152587891,5.019999980926514,5.050000190734863,0.0,97385851
2024-05-31,4.445758819580078,5.03000020980835,0.0,5.099999904632568,5.03000020980835,5.059999942779541,0.0,101993957
2024-06-03,4.436920166015625,5.019999980926514,0.0,5.059999942779541,4.980000019073486,5.050000190734863,0.0,127100510
2024-06-04,4.454597473144531,5.039999961853027,0.0,5.059999942779541,4.980000019073486,5.019999980926514,0.0,125545125
2024-06-05,4.436920166015625,5.019999980926514,0.0,5.070000171661377,5.0,5.039999961853027,0.0,89349294
2024-06-06,4.410404682159424,4.989999771118164,0.0,5.03000020980835,4.96999979019165,5.010000228881836,0.0,103988973
2024-06-07,4.463436126708984,5.050000190734863,0.0,5.050000190734863,4.980000019073486,4.989999771118164,0.0,145613394
2024-06-11,4.348535060882568,4.920000076293945,0.0,5.050000190734863,4.920000076293945,5.03000020980835,0.0,163269517
2024-06-12,4.304342269897461,4.869999885559082,0.0,4.920000076293945,4.820000171661377,4.909999847412109,0.0,162205596
2024-06-13,4.268988132476807,4.829999923706055,0.0,4.889999866485596,4.800000190734863,4.860000133514404,0.0,129051034
2024-06-14,4.198281288146973,4.75,0.0,4.869999885559082,4.75,4.820000171661377,0.0,339752784
2024-06-17,4.180603981018066,4.730000019073486,0.0,4.769999980926514,4.710000038146973,4.75,0.0,191437525
2024-06-18,4.198281288146973,4.75,0.0,4.760000228881836,4.699999809265137,4.730000019073486,0.0,151222938
2024-06-19,4.242473602294922,4.800000190734863,0.0,4.820000171661377,4.739999771118164,4.75,0.0,157971259
2024-06-20,4.242473602294922,4.800000190734863,0.0,4.829999923706055,4.78000020980835,4.800000190734863,0.0,104969670
2024-06-21,4.251311779022217,4.809999942779541,0.0,4.829999923706055,4.789999961853027,4.800000190734863,0.0,114079647
2024-06-24,4.304342269897461,4.869999885559082,0.0,4.889999866485596,4.789999961853027,4.820000171661377,0.0,151788601
2024-06-25,4.304342269897461,4.869999885559082,0.0,4.900000095367432,4.849999904632568,4.869999885559082,0.0,118165884
2024-06-26,4.357373237609863,4.929999828338623,0.0,4.949999809265137,4.869999885559082,4.880000114440918,0.0,130611408
2024-06-27,4.436920166015625,5.019999980926514,0.0,5.039999961853027,4.920000076293945,4.940000057220459,0.0,154809518
2024-06-28,4.481112480163574,5.070000171661377,0.0,5.079999923706055,5.0,5.03000020980835,0.0,130860663
2024-07-01,4.489951133728027,5.079999923706055,0.0,5.130000114440918,5.059999942779541,5.070000171661377,0.0,126996107
2024-07-02,4.5606584548950195,5.159999847412109,0.0,5.179999828338623,5.070000171661377,5.079999923706055,0.0,143910581
2024-07-03,4.525304794311523,5.119999885559082,0.0,5.199999809265137,5.090000152587891,5.170000076293945,0.0,101726299
2024-07-04,4.569497585296631,5.170000076293945,0.0,5.199999809265137,5.119999885559082,5.139999866485596,0.0,105147276
2024-07-05,4.569497585296631,5.170000076293945,0.0,5.170000076293945,5.170000076293945,5.170000076293945,0.0,0
2024-07-08,4.5164666175842285,5.110000133514404,0.0,5.130000114440918,5.010000228881836,5.03000020980835,0.0,123584956
2024-07-09,4.481112480163574,5.070000171661377,0.0,5.110000133514404,5.039999961853027,5.099999904632568,0.0,127293825
2024-07-10,4.534143924713135,5.130000114440918,0.0,5.150000095367432,5.070000171661377,5.079999923706055,0.0,130350090
2024-07-11,4.497825622558594,4.829999923706055,0.261,4.929999828338623,4.769999980926514,4.920000076293945,0.0,206234331
2024-07-12,4.581636428833008,4.920000076293945,0.0,4.929999828338623,4.809999942779541,4.829999923706055,0.0,161942920
2024-07-15,4.6747589111328125,5.019999980926514,0.0,5.03000020980835,4.889999866485596,4.920000076293945,0.0,152037648
2024-07-16,4.656134605407715,5.0,0.0,5.050000190734863,4.960000038146973,5.03000020980835,0.0,116747491
2024-07-17,4.6747589111328125,5.019999980926514,0.0,5.070000171661377,4.980000019073486,5.0,0.0,115780183
2024-07-18,4.656134605407715,5.0,0.0,5.019999980926514,4.949999809265137,5.010000228881836,0.0,104427568
2024-07-19,4.637510299682617,4.980000019073486,0.0,5.0,4.889999866485596,5.0,0.0,141860892
2024-07-22,4.572323322296143,4.909999847412109,0.0,4.960000038146973,4.860000133514404,4.949999809265137,0.0,127090997
2024-07-23,4.646821975708008,4.989999771118164,0.0,5.039999961853027,4.889999866485596,4.900000095367432,0.0,178270556
2024-07-24,4.6840715408325195,5.03000020980835,0.0,5.050000190734863,4.980000019073486,4.989999771118164,0.0,122671025
2024-07-25,4.646821975708008,4.989999771118164,0.0,5.070000171661377,4.920000076293945,5.039999961853027,0.0,134050470
2024-07-26,4.544387340545654,4.880000114440918,0.0,5.010000228881836,4.820000171661377,5.0,0.0,141290287
2024-07-29,4.618885040283203,4.960000038146973,0.0,4.96999979019165,4.829999923706055,4.849999904632568,0.0,108644626
2024-07-30,4.581636428833008,4.920000076293945,0.0,4.989999771118164,4.909999847412109,4.949999809265137,0.0,90720516
2024-07-31,4.497825622558594,4.829999923706055,0.0,4.949999809265137,4.820000171661377,4.929999828338623,0.0,188336522
2024-08-01,4.479200839996338,4.809999942779541,0.0,4.889999866485596,4.769999980926514,4.820000171661377,0.0,151170148
2024-08-02,4.488513469696045,4.820000171661377,0.0,4.840000152587891,4.78000020980835,4.800000190734863,0.0,105311801
2024-08-05,4.46057653427124,4.789999961853027,0.0,4.829999923706055,4.760000228881836,4.800000190734863,0.0,138720121
2024-08-06,4.404703140258789,4.730000019073486,0.0,4.800000190734863,4.710000038146973,4.789999961853027,0.0,112082833
2024-08-07,4.404703140258789,4.730000019073486,0.0,4.769999980926514,4.71999979019165,4.730000019073486,0.0,81176097
2024-08-08,4.386078834533691,4.710000038146973,0.0,4.75,4.710000038146973,4.739999771118164,0.0,63545500
2024-08-09,4.404703140258789,4.730000019073486,0.0,4.769999980926514,4.710000038146973,4.730000019073486,0.0,82107000
2024-08-12,4.39539098739624,4.71999979019165,0.0,4.760000228881836,4.699999809265137,4.730000019073486,0.0,71040683
2024-08-13,4.479200839996338,4.809999942779541,0.0,4.820000171661377,4.710000038146973,4.71999979019165,0.0,142599982
2024-08-14,4.46057653427124,4.789999961853027,0.0,4.849999904632568,4.769999980926514,4.800000190734863,0.0,95277931
2024-08-15,4.51645040512085,4.849999904632568,0.0,4.860000133514404,4.78000020980835,4.789999961853027,0.0,128620637
2024-08-16,4.618885040283203,4.960000038146973,0.0,4.96999979019165,4.840000152587891,4.860000133514404,0.0,162686819
2024-08-19,4.712007522583008,5.059999942779541,0.0,5.059999942779541,4.929999828338623,4.960000038146973,0.0,162078838
2024-08-20,4.721320152282715,5.070000171661377,0.0,5.099999904632568,5.03000020980835,5.059999942779541,0.0,138845023
2024-08-21,4.721320152282715,5.070000171661377,0.0,5.090000152587891,5.0,5.050000190734863,0.0,101899242
2024-08-22,4.777194023132324,5.130000114440918,0.0,5.159999847412109,5.059999942779541,5.070000171661377,0.0,144761346
2024-08-23,4.777194023132324,5.130000114440918,0.0,5.170000076293945,5.079999923706055,5.139999866485596,0.0,114446383
2024-08-26,4.786506175994873,5.139999866485596,0.0,5.159999847412109,5.079999923706055,5.119999885559082,0.0,94161431
2024-08-27,4.823754787445068,5.179999828338623,0.0,5.21999979019165,5.130000114440918,5.139999866485596,0.0,125107722
2024-08-28,4.758569717407227,5.110000133514404,0.0,5.199999809265137,5.079999923706055,5.170000076293945,0.0,96169500
2024-08-29,4.563011646270752,4.900000095367432,0.0,5.119999885559082,4.889999866485596,5.110000133514404,0.0,173825830
2024-08-30,4.404703140258789,4.730000019073486,0.0,4.929999828338623,4.730000019073486,4.889999866485596,0.0,307456038
2024-09-02,4.414015293121338,4.739999771118164,0.0,4.789999961853027,4.690000057220459,4.71999979019165,0.0,212353240
2024-09-03,4.311580657958984,4.630000114440918,0.0,4.739999771118164,4.599999904632568,4.739999771118164,0.0,222445242
2024-09-04,4.302268028259277,4.619999885559082,0.0,4.650000095367432,4.559999942779541,4.610000133514404,0.0,170677816
2024-09-05,4.302268028259277,4.619999885559082,0.0,4.670000076293945,4.599999904632568,4.639999866485596,0.0,131490635
2024-09-06,4.404703140258789,4.730000019073486,0.0,4.769999980926514,4.619999885559082,4.630000114440918,0.0,176142051
2024-09-09,4.311580657958984,4.630000114440918,0.0,4.71999979019165,4.610000133514404,4.71999979019165,0.0,159027800
2024-09-10,4.320892333984375,4.639999866485596,0.0,4.670000076293945,4.590000152587891,4.639999866485596,0.0,134620183
2024-09-11,4.199833393096924,4.510000228881836,0.0,4.630000114440918,4.480000019073486,4.619999885559082,0.0,170632290
2024-09-12,4.22776985168457,4.539999961853027,0.0,4.559999942779541,4.449999809265137,4.510000228881836,0.0,139793383
2024-09-13,4.255706787109375,4.570000171661377,0.0,4.630000114440918,4.53000020980835,4.53000020980835,0.0,134863307
2024-09-18,4.330204963684082,4.650000095367432,0.0,4.659999847412109,4.590000152587891,4.599999904632568,0.0,107427340
2024-09-19,4.311580657958984,4.630000114440918,0.0,4.679999828338623,4.610000133514404,4.659999847412109,0.0,117273955
2024-09-20,4.386078834533691,4.710000038146973,0.0,4.730000019073486,4.619999885559082,4.639999866485596,0.0,147025607
2024-09-23,4.432640552520752,4.760000228881836,0.0,4.78000020980835,4.679999828338623,4.710000038146973,0.0,83463489
2024-09-24,4.6002607345581055,4.940000057220459,0.0,4.949999809265137,4.769999980926514,4.789999961853027,0.0,215408882
2024-09-25,4.665446758270264,5.010000228881836,0.0,5.110000133514404,4.929999828338623,4.989999771118164,0.0,215840283
2024-09-26,4.805130481719971,5.159999847412109,0.0,5.159999847412109,5.0,5.010000228881836,0.0,272632417
2024-09-27,4.702695846557617,5.050000190734863,0.0,5.289999961853027,5.019999980926514,5.199999809265137,0.0,130864086
2024-09-30,4.898253917694092,5.260000228881836,0.0,5.349999904632568,5.0,5.110000133514404,0.0,534112226
2024-10-08,5.056561470031738,5.429999828338623,0.0,5.789999961853027,5.329999923706055,5.78000020980835,0.0,534711176
2024-10-09,4.805130481719971,5.159999847412109,0.0,5.400000095367432,5.139999866485596,5.369999885559082,0.0,342051429
2024-10-10,5.075185775756836,5.449999809265137,0.0,5.53000020980835,5.199999809265137,5.199999809265137,0.0,349996457
2024-10-11,5.075185775756836,5.449999809265137,0.0,5.670000076293945,5.380000114440918,5.400000095367432,0.0,255569539
2024-10-14,5.252119541168213,5.639999866485596,0.0,5.690000057220459,5.480000019073486,5.590000152587891,0.0,346349681
2024-10-15,5.103123188018799,5.480000019073486,0.0,5.630000114440918,5.480000019073486,5.599999904632568,0.0,209730582
2024-10-16,5.280055999755859,5.670000076293945,0.0,5.739999771118164,5.440000057220459,5.440000057220459,0.0,242126428
2024-10-17,5.252119541168213,5.639999866485596,0.0,5.829999923706055,5.639999866485596,5.639999866485596,0.0,193372195
2024-10-18,5.252119541168213,5.639999866485596,0.0,5.71999979019165,5.519999980926514,5.679999828338623,0.0,257503704
2024-10-21,5.15899658203125,5.539999961853027,0.0,5.599999904632568,5.449999809265137,5.599999904632568,0.0,234608664
2024-10-22,5.15899658203125,5.539999961853027,0.0,5.590000152587891,5.5,5.510000228881836,0.0,136156561
2024-10-23,5.168309211730957,5.550000190734863,0.0,5.590000152587891,5.519999980926514,5.550000190734863,0.0,121695145
2024-10-24,5.15899658203125,5.539999961853027,0.0,5.610000133514404,5.510000228881836,5.53000020980835,0.0,96563959
2024-10-25,5.112435340881348,5.489999771118164,0.0,5.550000190734863,5.429999828338623,5.539999961853027,0.0,129829319
2024-10-28,5.047249794006348,5.420000076293945,0.0,5.480000019073486,5.380000114440918,5.460000038146973,0.0,106218318
2024-10-29,5.019312858581543,5.389999866485596,0.0,5.480000019073486,5.369999885559082,5.420000076293945,0.0,118701858
2024-10-30,4.907565593719482,5.269999980926514,0.0,5.409999847412109,5.239999771118164,5.380000114440918,0.0,145774879
2024-10-31,4.851691722869873,5.210000038146973,0.0,5.309999942779541,5.170000076293945,5.289999961853027,0.0,184512557
2024-11-01,4.898253917694092,5.260000228881836,0.0,5.320000171661377,5.199999809265137,5.210000038146973,0.0,183694976
2024-11-04,4.935502052307129,5.300000190734863,0.0,5.300000190734863,5.159999847412109,5.25,0.0,115221994
2024-11-05,4.954126834869385,5.320000171661377,0.0,5.329999923706055,5.25,5.28000020980835,0.0,134223600
2024-11-06,4.879628658294678,5.239999771118164,0.0,5.329999923706055,5.230000019073486,5.309999942779541,0.0,169843274
2024-11-07,4.982063293457031,5.349999904632568,0.0,5.360000133514404,5.210000038146973,5.21999979019165,0.0,153719764
2024-11-08,4.92618989944458,5.289999961853027,0.0,5.400000095367432,5.260000228881836,5.369999885559082,0.0,169123784
2024-11-11,4.842379570007324,5.199999809265137,0.0,5.269999980926514,5.179999828338623,5.230000019073486,0.0,189553836
2024-11-12,4.795818328857422,5.150000095367432,0.0,5.25,5.130000114440918,5.199999809265137,0.0,160210008
2024-11-13,4.833066940307617,5.190000057220459,0.0,5.199999809265137,5.119999885559082,5.130000114440918,0.0,117011372
2024-11-14,4.833066940307617,5.190000057220459,0.0,5.239999771118164,5.139999866485596,5.159999847412109,0.0,155928001
2024-11-15,4.888941287994385,5.25,0.0,5.300000190734863,5.159999847412109,5.190000057220459,0.0,213700687
2024-11-18,4.963438987731934,5.329999923706055,0.0,5.400000095367432,5.28000020980835,5.28000020980835,0.0,272891592
2024-11-19,4.935502052307129,5.300000190734863,0.0,5.389999866485596,5.25,5.340000152587891,0.0,185107763
2024-11-20,4.944814682006836,5.309999942779541,0.0,5.340000152587891,5.269999980926514,5.300000190734863,0.0,114254360
2024-11-21,4.935502052307129,5.300000190734863,0.0,5.320000171661377,5.28000020980835,5.300000190734863,0.0,76691329
2024-11-22,4.842379570007324,5.199999809265137,0.0,5.329999923706055,5.190000057220459,5.300000190734863,0.0,144462701
2024-11-25,4.879628658294678,5.239999771118164,0.0,5.28000020980835,5.190000057220459,5.199999809265137,0.0,148758296
2024-11-26,4.963438987731934,5.329999923706055,0.0,5.340000152587891,5.210000038146973,5.230000019073486,0.0,141089388
2024-11-27,4.972751140594482,5.340000152587891,0.0,5.369999885559082,5.269999980926514,5.309999942779541,0.0,118098478
2024-11-28,4.944814682006836,5.309999942779541,0.0,5.360000133514404,5.289999961853027,5.320000171661377,0.0,117650410
2024-11-29,4.935502052307129,5.300000190734863,0.0,5.360000133514404,5.28000020980835,5.329999923706055,0.0,180687427
2024-12-02,5.000688552856445,5.369999885559082,0.0,5.380000114440918,5.25,5.329999923706055,0.0,210352304
2024-12-03,5.103123188018799,5.480000019073486,0.0,5.480000019073486,5.329999923706055,5.349999904632568,0.0,185643439
2024-12-04,5.103123188018799,5.480000019073486,0.0,5.519999980926514,5.420000076293945,5.460000038146973,0.0,135089399
2024-12-05,5.103123188018799,5.480000019073486,0.0,5.53000020980835,5.429999828338623,5.460000038146973,0.0,112817899
2024-12-06,5.15899658203125,5.539999961853027,0.0,5.570000171661377,5.46999979019165,5.480000019073486,0.0,142965081
2024-12-09,5.168309211730957,5.550000190734863,0.0,5.610000133514404,5.5,5.519999980926514,0.0,117128073
2024-12-10,5.2055583000183105,5.590000152587891,0.0,5.650000095367432,5.539999961853027,5.610000133514404,0.0,137861927
2024-12-11,5.093810558319092,5.46999979019165,0.0,5.610000133514404,5.460000038146973,5.579999923706055,0.0,153665297
2024-12-12,5.15899658203125,5.539999961853027,0.0,5.539999961853027,5.449999809265137,5.460000038146973,0.0,116458010
2024-12-13,5.037937164306641,5.409999847412109,0.0,5.53000020980835,5.400000095367432,5.510000228881836,0.0,166103822
2024-12-16,5.121747970581055,5.5,0.0,5.510000228881836,5.400000095367432,5.409999847412109,0.0,175428900
2024-12-17,5.103123188018799,5.480000019073486,0.0,5.539999961853027,5.460000038146973,5.480000019073486,0.0,127550785
2024-12-18,5.1310601234436035,5.510000228881836,0.0,5.590000152587891,5.489999771118164,5.510000228881836,0.0,158413291
2024-12-19,5.056561470031738,5.429999828338623,0.0,5.53000020980835,5.420000076293945,5.489999771118164,0.0,168450410
2024-12-20,5.047249794006348,5.420000076293945,0.0,5.480000019073486,5.409999847412109,5.429999828338623,0.0,107504602
2024-12-23,5.2055583000183105,5.590000152587891,0.0,5.630000114440918,5.409999847412109,5.420000076293945,0.0,230863321
2024-12-24,5.242807865142822,5.630000114440918,0.0,5.639999866485596,5.539999961853027,5.579999923706055,0.0,225335030
2024-12-25,5.2707438468933105,5.659999847412109,0.0,5.760000228881836,5.610000133514404,5.630000114440918,0.0,196203889
2024-12-26,5.233494758605957,5.619999885559082,0.0,5.670000076293945,5.570000171661377,5.659999847412109,0.0,138871863
2024-12-27,5.2055583000183105,5.590000152587891,0.0,5.650000095367432,5.5,5.610000133514404,0.0,181084108
2024-12-30,5.307992935180664,5.699999809265137,0.0,5.710000038146973,5.550000190734863,5.559999942779541,0.0,192001902
2024-12-31,5.289368152618408,5.679999828338623,0.0,5.769999980926514,5.679999828338623,5.690000057220459,0.0,203856022
2025-01-02,5.1403727531433105,5.519999980926514,0.0,5.760000228881836,5.510000228881836,5.679999828338623,0.0,191977579
2025-01-03,5.112435340881348,5.489999771118164,0.0,5.570000171661377,5.440000057220459,5.539999961853027,0.0,178764814
2025-01-06,5.168309211730957,5.550000190734863,0.0,5.599999904632568,5.429999828338623,5.5,0.0,166693030
2025-01-07,5.2055583000183105,5.590000152587891,0.0,5.599999904632568,5.489999771118164,5.539999961853027,0.0,160012068
2025-01-08,5.212923049926758,5.449999809265137,0.1477,5.53000020980835,5.420000076293945,5.440000057220459,0.0,215159987
2025-01-09,5.136403560638428,5.369999885559082,0.0,5.449999809265137,5.320000171661377,5.440000057220459,0.0,146074458
2025-01-10,5.098143100738525,5.329999923706055,0.0,5.409999847412109,5.28000020980835,5.349999904632568,0.0,126580697
2025-01-13,5.012058258056641,5.239999771118164,0.0,5.320000171661377,5.159999847412109,5.309999942779541,0.0,157853606
2025-01-14,5.021623611450195,5.25,0.0,5.28000020980835,5.210000038146973,5.230000019073486,0.0,182276425
2025-01-15,5.040753364562988,5.269999980926514,0.0,5.329999923706055,5.230000019073486,5.239999771118164,0.0,168938915
2025-01-16,5.088578224182129,5.320000171661377,0.0,5.349999904632568,5.239999771118164,5.28000020980835,0.0,163104502
2025-01-17,5.031188488006592,5.260000228881836,0.0,5.349999904632568,5.260000228881836,5.309999942779541,0.0,127547958
2025-01-20,4.9929280281066895,5.21999979019165,0.0,5.309999942779541,5.21999979019165,5.269999980926514,0.0,155675975
2025-01-21,5.021623611450195,5.25,0.0,5.269999980926514,5.179999828338623,5.239999771118164,0.0,138369404
2025-01-22,4.954668045043945,5.179999828338623,0.0,5.260000228881836,5.159999847412109,5.25,0.0,143533268
2025-01-23,5.126838684082031,5.360000133514404,0.0,5.389999866485596,5.210000038146973,5.210000038146973,0.0,260371180
2025-01-24,5.126838684082031,5.360000133514404,0.0,5.400000095367432,5.28000020980835,5.360000133514404,0.0,143308821
2025-01-27,5.174663066864014,5.409999847412109,0.0,5.440000057220459,5.349999904632568,5.349999904632568,0.0,149928170
2025-02-05,5.050318717956543,5.28000020980835,0.0,5.409999847412109,5.260000228881836,5.400000095367432,0.0,176250026
2025-02-06,5.040753364562988,5.269999980926514,0.0,5.320000171661377,5.230000019073486,5.269999980926514,0.0,133840444
2025-02-07,5.021623611450195,5.25,0.0,5.269999980926514,5.21999979019165,5.260000228881836,0.0,157580838
2025-02-10,5.021623611450195,5.25,0.0,5.28000020980835,5.21999979019165,5.230000019073486,0.0,131227537
2025-02-11,5.040753364562988,5.269999980926514,0.0,5.309999942779541,5.239999771118164,5.260000228881836,0.0,203664768
2025-02-12,5.040753364562988,5.269999980926514,0.0,5.28000020980835,5.210000038146973,5.269999980926514,0.0,219294756
2025-02-13,5.050318717956543,5.28000020980835,0.0,5.309999942779541,5.25,5.269999980926514,0.0,231985848
2025-02-14,5.031188488006592,5.260000228881836,0.0,5.309999942779541,5.239999771118164,5.28000020980835,0.0,178637092
2025-02-17,5.126838684082031,5.360000133514404,0.0,5.369999885559082,5.239999771118164,5.260000228881836,0.0,267647275
2025-02-18,5.2416181564331055,5.480000019073486,0.0,5.5,5.349999904632568,5.349999904632568,0.0,279148980
2025-02-19,5.203358173370361,5.440000057220459,0.0,5.489999771118164,5.420000076293945,5.460000038146973,0.0,164318659
2025-02-20,5.193793296813965,5.429999828338623,0.0,5.460000038146973,5.400000095367432,5.440000057220459,0.0,122666238
2025-02-21,5.117272853851318,5.349999904632568,0.0,5.449999809265137,5.320000171661377,5.440000057220459,0.0,187651521
2025-02-24,5.079013347625732,5.309999942779541,0.0,5.369999885559082,5.300000190734863,5.340000152587891,0.0,174061287
2025-02-25,5.031188488006592,5.260000228881836,0.0,5.320000171661377,5.25,5.309999942779541,0.0,134653301
2025-02-26,5.050318717956543,5.28000020980835,0.0,5.340000152587891,5.260000228881836,5.260000228881836,0.0,173371828
2025-02-27,5.079013347625732,5.309999942779541,0.0,5.329999923706055,5.230000019073486,5.28000020980835,0.0,166130368
2025-02-28,5.088578224182129,5.320000171661377,0.0,5.349999904632568,5.300000190734863,5.300000190734863,0.0,165603216
2025-03-03,5.031188488006592,5.260000228881836,0.0,5.329999923706055,5.25,5.309999942779541,0.0,177440203
2025-03-04,5.021623611450195,5.25,0.0,5.269999980926514,5.239999771118164,5.25,0.0,131622901
2025-03-05,5.10770845413208,5.340000152587891,0.0,5.349999904632568,5.230000019073486,5.25,0.0,229162231
2025-03-06,5.059883117675781,5.289999961853027,0.0,5.349999904632568,5.28000020980835,5.340000152587891,0.0,168078154
2025-03-07,5.079013347625732,5.309999942779541,0.0,5.340000152587891,5.269999980926514,5.300000190734863,0.0,158899105
2025-03-10,5.031188488006592,5.260000228881836,0.0,5.320000171661377,5.25,5.309999942779541,0.0,142080384
2025-03-11,5.040753364562988,5.269999980926514,0.0,5.28000020980835,5.25,5.25,0.0,122151249
2025-03-12,5.012058258056641,5.239999771118164,0.0,5.28000020980835,5.239999771118164,5.269999980926514,0.0,136099121
2025-03-13,5.040753364562988,5.269999980926514,0.0,5.269999980926514,5.230000019073486,5.239999771118164,0.0,164414130
2025-03-14,5.117272853851318,5.349999904632568,0.0,5.409999847412109,5.260000228881836,5.269999980926514,0.0,300080731
2025-03-17,5.145968437194824,5.380000114440918,0.0,5.409999847412109,5.349999904632568,5.369999885559082,0.0,140101808
2025-03-18,5.126838684082031,5.360000133514404,0.0,5.409999847412109,5.329999923706055,5.400000095367432,0.0,111673910
2025-03-19,5.184228420257568,5.420000076293945,0.0,5.440000057220459,5.349999904632568,5.360000133514404,0.0,161750056
2025-03-20,5.136403560638428,5.369999885559082,0.0,5.46999979019165,5.360000133514404,5.429999828338623,0.0,139227694
2025-03-21,5.098143100738525,5.329999923706055,0.0,5.400000095367432,5.320000171661377,5.360000133514404,0.0,150506955
2025-03-24,5.117272853851318,5.349999904632568,0.0,5.380000114440918,5.329999923706055,5.329999923706055,0.0,150452443
2025-03-25,5.145968437194824,5.380000114440918,0.0,5.409999847412109,5.349999904632568,5.349999904632568,0.0,144884330
2025-03-26,5.117272853851318,5.349999904632568,0.0,5.389999866485596,5.329999923706055,5.380000114440918,0.0,142366711
2025-03-27,5.098143100738525,5.329999923706055,0.0,5.380000114440918,5.329999923706055,5.349999904632568,0.0,134429636
2025-03-28,4.973797798156738,5.199999809265137,0.0,5.289999961853027,5.139999866485596,5.28000020980835,0.0,588777941
2025-03-31,4.983363151550293,5.210000038146973,0.0,5.28000020980835,5.179999828338623,5.25,0.0,428016031
2025-04-01,4.935538291931152,5.159999847412109,0.0,5.21999979019165,5.150000095367432,5.199999809265137,0.0,296509477
2025-04-02,4.9642333984375,5.190000057220459,0.0,5.199999809265137,5.150000095367432,5.150000095367432,0.0,192909046
2025-04-03,4.9929280281066895,5.21999979019165,0.0,5.21999979019165,5.159999847412109,5.159999847412109,0.0,174088287
2025-04-07,4.849453449249268,5.070000171661377,0.0,5.159999847412109,4.940000057220459,5.130000114440918,0.0,480821560
2025-04-08,4.897278308868408,5.119999885559082,0.0,5.119999885559082,5.019999980926514,5.03000020980835,0.0,301724867
2025-04-09,4.8685832023620605,5.090000152587891,0.0,5.110000133514404,5.03000020980835,5.079999923706055,0.0,236352063
2025-04-10,4.8685832023620605,5.090000152587891,0.0,5.110000133514404,5.070000171661377,5.110000133514404,0.0,193947300
2025-04-11,4.878148555755615,5.099999904632568,0.0,5.099999904632568,5.059999942779541,5.090000152587891,0.0,157837052
2025-04-14,4.916408538818359,5.139999866485596,0.0,5.150000095367432,5.079999923706055,5.099999904632568,0.0,176672897
2025-04-15,4.9929280281066895,5.21999979019165,0.0,5.230000019073486,5.130000114440918,5.130000114440918,0.0,213902554
2025-04-16,5.040753364562988,5.269999980926514,0.0,5.269999980926514,5.199999809265137,5.21999979019165,0.0,210850737
2025-04-17,5.040753364562988,5.269999980926514,0.0,5.28000020980835,5.21999979019165,5.260000228881836,0.0,122197084
2025-04-18,5.098143100738525,5.329999923706055,0.0,5.329999923706055,5.25,5.269999980926514,0.0,158545900
2025-04-21,5.021623611450195,5.25,0.0,5.389999866485596,5.25,5.320000171661377,0.0,175326362
2025-04-22,5.059883117675781,5.289999961853027,0.0,5.309999942779541,5.21999979019165,5.25,0.0,124490508
2025-04-23,5.040753364562988,5.269999980926514,0.0,5.309999942779541,5.260000228881836,5.289999961853027,0.0,103779695
2025-04-24,5.10770845413208,5.340000152587891,0.0,5.349999904632568,5.28000020980835,5.28000020980835,0.0,138428456
2025-04-25,5.10770845413208,5.340000152587891,0.0,5.389999866485596,5.309999942779541,5.349999904632568,0.0,114237495
2025-04-28,5.145968437194824,5.380000114440918,0.0,5.400000095367432,5.340000152587891,5.349999904632568,0.0,138987035
2025-04-29,5.117272853851318,5.349999904632568,0.0,5.400000095367432,5.329999923706055,5.380000114440918,0.0,136641059
2025-04-30,5.00380802154541,5.119999885559082,0.1139,5.269999980926514,5.070000171661377,5.25,0.0,317759642
2025-05-06,5.00380802154541,5.119999885559082,0.0,5.119999885559082,5.070000171661377,5.099999904632568,0.0,167194192
2025-05-07,5.091765403747559,5.210000038146973,0.0,5.210000038146973,5.119999885559082,5.150000095367432,0.0,205886540
2025-05-08,5.081992149353027,5.199999809265137,0.0,5.25,5.179999828338623,5.190000057220459,0.0,140305438
2025-05-09,5.140631198883057,5.260000228881836,0.0,5.28000020980835,5.199999809265137,5.210000038146973,0.0,184619639
2025-05-12,5.130857944488525,5.25,0.0,5.289999961853027,5.210000038146973,5.25,0.0,184556009
2025-05-13,5.189496040344238,5.309999942779541,0.0,5.320000171661377,5.230000019073486,5.239999771118164,0.0,179395401
2025-05-14,5.238361835479736,5.360000133514404,0.0,5.380000114440918,5.289999961853027,5.300000190734863,0.0,169018619
2025-05-15,5.228588104248047,5.349999904632568,0.0,5.400000095367432,5.340000152587891,5.360000133514404,0.0,120469346
2025-05-16,5.1992692947387695,5.320000171661377,0.0,5.369999885559082,5.28000020980835,5.349999904632568,0.0,125984081
2025-05-19,5.179723262786865,5.300000190734863,0.0,5.349999904632568,5.300000190734863,5.309999942779541,0.0,95053571
2025-05-20,5.189496040344238,5.309999942779541,0.0,5.360000133514404,5.289999961853027,5.320000171661377,0.0,101643908
2025-05-21,5.218815326690674,5.340000152587891,0.0,5.369999885559082,5.300000190734863,5.309999942779541,0.0,106506099
2025-05-22,5.267680644989014,5.389999866485596,0.0,5.389999866485596,5.320000171661377,5.340000152587891,0.0,122409307
2025-05-23,5.238361835479736,5.360000133514404,0.0,5.429999828338623,5.340000152587891,5.429999828338623,0.0,144596849
2025-05-26,5.189496040344238,5.309999942779541,0.0,5.389999866485596,5.300000190734863,5.349999904632568,0.0,112298890
2025-05-27,5.218815326690674,5.340000152587891,0.0,5.369999885559082,5.309999942779541,5.320000171661377,0.0,91497909
2025-05-28,5.189496040344238,5.309999942779541,0.0,5.369999885559082,5.28000020980835,5.349999904632568,0.0,115437989
2025-05-29,5.160177230834961,5.28000020980835,0.0,5.320000171661377,5.28000020980835,5.300000190734863,0.0,114298099
2025-05-30,5.209042072296143,5.329999923706055,0.0,5.349999904632568,5.28000020980835,5.289999961853027,0.0,148143269
2025-06-03,5.287226676940918,5.409999847412109,0.0,5.420000076293945,5.300000190734863,5.300000190734863,0.0,190914663
2025-06-04,5.267680644989014,5.389999866485596,0.0,5.429999828338623,5.369999885559082,5.409999847412109,0.0,114516861
2025-06-05,5.228588104248047,5.349999904632568,0.0,5.409999847412109,5.349999904632568,5.389999866485596,0.0,122475425
2025-06-06,5.238361835479736,5.360000133514404,0.0,5.400000095367432,5.340000152587891,5.369999885559082,0.0,130162725
2025-06-09,5.209042072296143,5.329999923706055,0.0,5.369999885559082,5.320000171661377,5.360000133514404,0.0,153453971
2025-06-10,5.238361835479736,5.360000133514404,0.0,5.429999828338623,5.329999923706055,5.340000152587891,0.0,221867918
2025-06-11,5.238361835479736,5.360000133514404,0.0,5.400000095367432,5.340000152587891,5.369999885559082,0.0,139740079
2025-06-12,5.248134613037109,5.369999885559082,0.0,5.380000114440918,5.340000152587891,5.360000133514404,0.0,149732121
2025-06-13,5.189496040344238,5.309999942779541,0.0,5.380000114440918,5.300000190734863,5.369999885559082,0.0,184481651
2025-06-16,5.296999931335449,5.420000076293945,0.0,5.420000076293945,5.28000020980835,5.309999942779541,0.0,275863369
2025-06-17,5.306772708892822,5.429999828338623,0.0,5.46999979019165,5.400000095367432,5.409999847412109,0.0,168786793
2025-06-18,5.384957790374756,5.510000228881836,0.0,5.519999980926514,5.400000095367432,5.429999828338623,0.0,203140956
2025-06-19,5.394730567932129,5.519999980926514,0.0,5.539999961853027,5.46999979019165,5.510000228881836,0.0,145221182
2025-06-20,5.4240498542785645,5.550000190734863,0.0,5.579999923706055,5.5,5.519999980926514,0.0,191916879
2025-06-23,5.521780490875244,5.650000095367432,0.0,5.679999828338623,5.46999979019165,5.53000020980835,0.0,211457075
2025-06-24,5.482687950134277,5.610000133514404,0.0,5.679999828338623,5.550000190734863,5.650000095367432,0.0,262354070
2025-06-25,5.492461204528809,5.619999885559082,0.0,5.630000114440918,5.539999961853027,5.610000133514404,0.0,256710145
2025-06-26,5.531553268432617,5.659999847412109,0.0,5.670000076293945,5.550000190734863,5.610000133514404,0.0,248556885
2025-06-27,5.355638027191162,5.480000019073486,0.0,5.659999847412109,5.460000038146973,5.639999866485596,0.0,408557781
2025-06-30,5.345864772796631,5.46999979019165,0.0,5.480000019073486,5.420000076293945,5.449999809265137,0.0,204900868
2025-07-01,5.394730567932129,5.519999980926514,0.0,5.539999961853027,5.460000038146973,5.46999979019165,0.0,189718040
2025-07-02,5.394730567932129,5.519999980926514,0.0,5.559999942779541,5.510000228881836,5.53000020980835,0.0,180320963
2025-07-03,5.384957790374756,5.510000228881836,0.0,5.550000190734863,5.480000019073486,5.519999980926514,0.0,163837325
2025-07-04,5.482687950134277,5.610000133514404,0.0,5.639999866485596,5.5,5.510000228881836,0.0,285696312
2025-07-07,5.570645332336426,5.699999809265137,0.0,5.699999809265137,5.590000152587891,5.610000133514404,0.0,185066450
2025-07-08,5.619511127471924,5.75,0.0,5.760000228881836,5.690000057220459,5.699999809265137,0.0,189458586
2025-07-09,5.629284381866455,5.760000228881836,0.0,5.820000171661377,5.739999771118164,5.75,0.0,205807677
2025-07-10,5.658603191375732,5.789999961853027,0.0,5.860000133514404,5.769999980926514,5.769999980926514,0.0,228406023
2025-07-11,5.541326522827148,5.670000076293945,0.0,5.860000133514404,5.670000076293945,5.820000171661377,0.0,304159786
2025-07-14,5.580418586730957,5.710000038146973,0.0,5.809999942779541,5.679999828338623,5.690000057220459,0.0,221701978
2025-07-15,5.531553268432617,5.659999847412109,0.0,5.760000228881836,5.650000095367432,5.730000019073486,0.0,162580625
2025-07-16,5.521780490875244,5.650000095367432,0.0,5.679999828338623,5.610000133514404,5.670000076293945,0.0,172536799
2025-07-17,5.521780490875244,5.650000095367432,0.0,5.670000076293945,5.630000114440918,5.650000095367432,0.0,113869077
2025-07-18,5.560872554779053,5.690000057220459,0.0,5.710000038146973,5.639999866485596,5.650000095367432,0.0,186062518
2025-07-21,5.531553268432617,5.659999847412109,0.0,5.710000038146973,5.639999866485596,5.699999809265137,0.0,164848277
2025-07-22,5.472914695739746,5.599999904632568,0.0,5.659999847412109,5.550000190734863,5.650000095367432,0.0,270923106
2025-07-23,5.521780490875244,5.650000095367432,0.0,5.710000038146973,5.579999923706055,5.599999904632568,0.0,227238192
2025-07-24,5.472914695739746,5.599999904632568,0.0,5.670000076293945,5.579999923706055,5.659999847412109,0.0,213367509
2025-07-25,5.472914695739746,5.599999904632568,0.0,5.639999866485596,5.579999923706055,5.590000152587891,0.0,155719607
2025-07-28,5.50223445892334,5.630000114440918,0.0,5.659999847412109,5.579999923706055,5.599999904632568,0.0,192555237
2025-07-29,5.482687950134277,5.610000133514404,0.0,5.710000038146973,5.599999904632568,5.630000114440918,0.0,237246956
2025-07-30,5.560872554779053,5.690000057220459,0.0,5.800000190734863,5.599999904632568,5.610000133514404,0.0,327796079
2025-07-31,5.609737396240234,5.739999771118164,0.0,5.78000020980835,5.610000133514404,5.690000057220459,0.0,273530678
2025-08-01,5.531553268432617,5.659999847412109,0.0,5.800000190734863,5.650000095367432,5.71999979019165,0.0,301901178
2025-08-04,5.629284381866455,5.760000228881836,0.0,5.769999980926514,5.639999866485596,5.650000095367432,0.0,213641771
2025-08-05,5.717241287231445,5.849999904632568,0.0,5.860000133514404,5.730000019073486,5.739999771118164,0.0,185877099
2025-08-06,5.766107082366943,5.900000095367432,0.0,5.920000076293945,5.849999904632568,5.860000133514404,0.0,163142630
2025-08-07,5.863837242126465,6.0,0.0,6.03000020980835,5.860000133514404,5.889999866485596,0.0,195623048
2025-08-08,5.883383750915527,6.019999980926514,0.0,6.050000190734863,5.940000057220459,6.019999980926514,0.0,142301913
2025-08-11,5.824745178222656,5.960000038146973,0.0,6.019999980926514,5.929999828338623,6.0,0.0,169812037
2025-08-12,5.863837242126465,6.0,0.0,6.079999923706055,5.960000038146973,5.960000038146973,0.0,147051291
2025-08-13,5.893157005310059,6.03000020980835,0.0,6.070000171661377,5.96999979019165,6.03000020980835,0.0,182104195
2025-08-14,5.981113910675049,6.119999885559082,0.0,6.150000095367432,6.010000228881836,6.019999980926514,0.0,188325653
2025-08-15,5.873610973358154,6.010000228881836,0.0,6.150000095367432,5.960000038146973,6.119999885559082,0.0,296116725
2025-08-18,5.912703037261963,6.050000190734863,0.0,6.090000152587891,5.940000057220459,5.980000019073486,0.0,201219695
2025-08-19,6.010433673858643,6.150000095367432,0.0,6.179999828338623,6.050000190734863,6.059999942779541,0.0,163759601
2025-08-20,6.010433673858643,6.150000095367432,0.0,6.210000038146973,6.110000133514404,6.139999866485596,0.0,153501477
2025-08-21,6.08861780166626,6.230000019073486,0.0,6.28000020980835,6.099999904632568,6.119999885559082,0.0,174323657
2025-08-22,6.0788445472717285,6.21999979019165,0.0,6.300000190734863,6.179999828338623,6.239999771118164,0.0,198945647
2025-08-25,6.127710342407227,6.269999980926514,0.0,6.28000020980835,6.110000133514404,6.170000076293945,0.0,197613872
2025-08-26,6.127710342407227,6.269999980926514,0.0,6.400000095367432,6.230000019073486,6.25,0.0,173238643
2025-08-27,5.863837242126465,6.0,0.0,6.260000228881836,5.989999771118164,6.25,0.0,257194324
2025-08-28,5.863837242126465,6.0,0.0,6.039999961853027,5.880000114440918,6.0,0.0,209290770
2025-08-29,5.902929782867432,6.039999961853027,0.0,6.110000133514404,5.980000019073486,5.989999771118164,0.0,191559731
2025-09-01,5.9517951011657715,6.090000152587891,0.0,6.150000095367432,5.989999771118164,6.050000190734863,0.0,195747396
2025-09-02,6.0690717697143555,6.210000038146973,0.0,6.21999979019165,6.070000171661377,6.090000152587891,0.0,207506223
2025-09-03,6.0690717697143555,6.210000038146973,0.0,6.269999980926514,6.179999828338623,6.230000019073486,0.0,176137382
2025-09-04,6.2449870109558105,6.389999866485596,0.0,6.440000057220459,6.110000133514404,6.210000038146973,0.0,319496089
2025-09-05,6.059298515319824,6.199999809265137,0.0,6.369999885559082,6.179999828338623,6.349999904632568,0.0,183063786
2025-09-08,6.08861780166626,6.230000019073486,0.0,6.300000190734863,6.150000095367432,6.170000076293945,0.0,144353266
2025-09-09,6.108163833618164,6.25,0.0,6.300000190734863,6.210000038146973,6.239999771118164,0.0,100370677
2025-09-10,6.108163833618164,6.25,0.0,6.289999961853027,6.190000057220459,6.260000228881836,0.0,112203388
2025-09-11,6.127710342407227,6.269999980926514,0.0,6.289999961853027,6.179999828338623,6.25,0.0,137183227
2025-09-12,6.098390579223633,6.239999771118164,0.0,6.289999961853027,6.210000038146973,6.260000228881836,0.0,93498425
2025-09-15,6.0788445472717285,6.21999979019165,0.0,6.289999961853027,6.170000076293945,6.239999771118164,0.0,105456147
2025-09-16,6.029979705810547,6.170000076293945,0.0,6.25,6.150000095367432,6.21999979019165,0.0,105700474
2025-09-17,6.0690717697143555,6.210000038146973,0.0,6.230000019073486,6.130000114440918,6.150000095367432,0.0,110205246
2025-09-18,5.932249069213867,6.070000171661377,0.0,6.21999979019165,6.039999961853027,6.199999809265137,0.0,155356515
2025-09-19,5.902929782867432,6.039999961853027,0.0,6.110000133514404,6.0,6.039999961853027,0.0,118325836
2025-09-22,5.824745178222656,5.960000038146973,0.0,6.090000152587891,5.940000057220459,6.039999961853027,0.0,103047773
2025-09-23,5.912703037261963,6.050000190734863,0.0,6.099999904632568,5.880000114440918,5.929999828338623,0.0,153816605
2025-09-24,5.922475814819336,6.059999942779541,0.0,6.170000076293945,6.039999961853027,6.070000171661377,0.0,119066775
2025-09-25,5.8442912101745605,5.980000019073486,0.0,6.059999942779541,5.900000095367432,6.050000190734863,0.0,131313561
2025-09-26,5.795425891876221,5.929999828338623,0.0,6.0,5.920000076293945,5.960000038146973,0.0,91980616
2025-09-29,5.697695255279541,5.829999923706055,0.0,5.949999809265137,5.78000020980835,5.940000057220459,0.0,144599131
2025-09-30,5.619511127471924,5.75,0.0,5.849999904632568,5.710000038146973,5.840000152587891,0.0,121157786
2025-10-09,5.570645332336426,5.699999809265137,0.0,5.739999771118164,5.630000114440918,5.730000019073486,0.0,128833567
2025-10-10,5.531553268432617,5.659999847412109,0.0,5.739999771118164,5.650000095367432,5.679999828338623,0.0,132011708
2025-10-13,5.482687950134277,5.610000133514404,0.0,5.650000095367432,5.53000020980835,5.619999885559082,0.0,175229709
2025-10-14,5.570645332336426,5.699999809265137,0.0,5.699999809265137,5.550000190734863,5.610000133514404,0.0,209315815
2025-10-15,5.560872554779053,5.690000057220459,0.0,5.710000038146973,5.619999885559082,5.679999828338623,0.0,168587207
2025-10-16,5.619511127471924,5.75,0.0,5.760000228881836,5.659999847412109,5.679999828338623,0.0,190536094
2025-10-17,5.59019136428833,5.71999979019165,0.0,5.789999961853027,5.690000057220459,5.75,0.0,173510843
2025-10-20,5.5510993003845215,5.679999828338623,0.0,5.710000038146973,5.579999923706055,5.699999809265137,0.0,183867898
2025-10-21,5.541326522827148,5.670000076293945,0.0,5.690000057220459,5.630000114440918,5.679999828338623,0.0,142002487
2025-10-22,5.599964618682861,5.730000019073486,0.0,5.75,5.659999847412109,5.670000076293945,0.0,160355711
2025-10-23,5.863837242126465,6.0,0.0,6.0,5.739999771118164,5.739999771118164,0.0,362298939
2025-10-24,5.854063987731934,5.989999771118164,0.0,6.03000020980835,5.909999847412109,5.989999771118164,0.0,207603776
2025-10-27,5.873610973358154,6.010000228881836,0.0,6.090000152587891,5.849999904632568,5.960000038146973,0.0,185379494
2025-10-28,5.932249069213867,6.070000171661377,0.0,6.130000114440918,5.96999979019165,6.010000228881836,0.0,161202013
2025-10-29,5.805199146270752,5.940000057220459,0.0,6.070000171661377,5.929999828338623,6.070000171661377,0.0,177611252
2025-10-30,5.775879859924316,5.909999847412109,0.0,6.019999980926514,5.889999866485596,5.949999809265137,0.0,138261601
2025-10-31,5.619511127471924,5.75,0.0,5.900000095367432,5.710000038146973,5.869999885559082,0.0,236360316
2025-11-03,5.648830413818359,5.78000020980835,0.0,5.809999942779541,5.730000019073486,5.739999771118164,0.0,188860728
2025-11-04,5.785653114318848,5.920000076293945,0.0,5.940000057220459,5.769999980926514,5.769999980926514,0.0,222202381
2025-11-05,5.775879859924316,5.909999847412109,0.0,5.96999979019165,5.880000114440918,5.920000076293945,0.0,153550164
2025-11-06,5.717241287231445,5.849999904632568,0.0,5.929999828338623,5.840000152587891,5.900000095367432,0.0,146057775
2025-11-07,5.668376445770264,5.800000190734863,0.0,5.900000095367432,5.78000020980835,5.860000133514404,0.0,136695027
2025-11-10,5.697695255279541,5.829999923706055,0.0,5.840000152587891,5.769999980926514,5.78000020980835,0.0,110389471
2025-11-11,5.697695255279541,5.829999923706055,0.0,5.860000133514404,5.800000190734863,5.829999923706055,0.0,91275950
2025-11-12,5.73678731918335,5.869999885559082,0.0,5.929999828338623,5.840000152587891,5.840000152587891,0.0,168569940
2025-11-13,5.678149223327637,5.809999942779541,0.0,5.889999866485596,5.769999980926514,5.869999885559082,0.0,179635293
2025-11-14,5.697695255279541,5.829999923706055,0.0,5.880000114440918,5.789999961853027,5.800000190734863,0.0,193676651
2025-11-17,5.560872554779053,5.690000057220459,0.0,5.829999923706055,5.690000057220459,5.820000171661377,0.0,228884769
2025-11-18,5.531553268432617,5.659999847412109,0.0,5.71999979019165,5.650000095367432,5.699999809265137,0.0,121158200
2025-11-19,5.599964618682861,5.730000019073486,0.0,5.75,5.659999847412109,5.659999847412109,0.0,152298698
2025-11-20,5.775879859924316,5.909999847412109,0.0,5.96999979019165,5.710000038146973,5.71999979019165,0.0,316272312
2025-11-21,5.678149223327637,5.809999942779541,0.0,5.940000057220459,5.809999942779541,5.889999866485596,0.0,211323605
2025-11-24,5.658603191375732,5.789999961853027,0.0,5.900000095367432,5.789999961853027,5.820000171661377,0.0,219416605
2025-11-25,5.746561050415039,5.880000114440918,0.0,5.889999866485596,5.75,5.800000190734863,0.0,203257784
2025-11-26,5.658603191375732,5.789999961853027,0.0,5.920000076293945,5.760000228881836,5.869999885559082,0.0,172897573
2025-11-27,5.658603191375732,5.789999961853027,0.0,5.800000190734863,5.730000019073486,5.78000020980835,0.0,134873229
2025-11-28,5.5510993003845215,5.679999828338623,0.0,5.78000020980835,5.659999847412109,5.769999980926514,0.0,245965697
2025-12-01,5.570645332336426,5.699999809265137,0.0,5.710000038146973,5.650000095367432,5.659999847412109,0.0,153144255
2025-12-02,5.541326522827148,5.670000076293945,0.0,5.71999979019165,5.650000095367432,5.690000057220459,0.0,113725100
2025-12-03,5.472914695739746,5.599999904632568,0.0,5.679999828338623,5.590000152587891,5.659999847412109,0.0,171943775
2025-12-04,5.443595886230469,5.570000171661377,0.0,5.610000133514404,5.550000190734863,5.599999904632568,0.0,107342802
2025-12-05,5.4338226318359375,5.559999942779541,0.0,5.590000152587891,5.519999980926514,5.559999942779541,0.0,125374124
2025-12-08,5.443595886230469,5.570000171661377,0.0,5.590000152587891,5.539999961853027,5.550000190734863,0.0,121695559
2025-12-09,5.414276599884033,5.539999961853027,0.0,5.570000171661377,5.519999980926514,5.570000171661377,0.0,130664171
2025-12-10,5.326318740844727,5.449999809265137,0.0,5.550000190734863,5.440000057220459,5.53000020980835,0.0,155935131
2025-12-11,5.355638027191162,5.480000019073486,0.0,5.480000019073486,5.420000076293945,5.449999809265137,0.0,119184230
2025-12-12,5.287226676940918,5.409999847412109,0.0,5.46999979019165,5.400000095367432,5.460000038146973,0.0,150413301
2025-12-15,5.277453899383545,5.400000095367432,0.0,5.440000057220459,5.389999866485596,5.409999847412109,0.0,112849800
2025-12-16,5.228588104248047,5.349999904632568,0.0,5.420000076293945,5.340000152587891,5.400000095367432,0.0,117874500
2025-12-17,5.257907867431641,5.380000114440918,0.0,5.409999847412109,5.309999942779541,5.340000152587891,0.0,139150600
2025-12-18,5.3165459632873535,5.440000057220459,0.0,5.449999809265137,5.360000133514404,5.369999885559082,0.0,125525803
2025-12-19,5.296999931335449,5.420000076293945,0.0,5.460000038146973,5.400000095367432,5.420000076293945,0.0,129981356
2025-12-22,5.306772708892822,5.429999828338623,0.0,5.449999809265137,5.400000095367432,5.420000076293945,0.0,106572794
2025-12-23,5.326318740844727,5.449999809265137,0.0,5.460000038146973,5.420000076293945,5.429999828338623,0.0,135820000
2025-12-24,5.277453899383545,5.400000095367432,0.0,5.46999979019165,5.380000114440918,5.449999809265137,0.0,143552424
2025-12-25,5.287226676940918,5.409999847412109,0.0,5.440000057220459,5.389999866485596,5.400000095367432,0.0,95521020
2025-12-26,5.277453899383545,5.400000095367432,0.0,5.420000076293945,5.380000114440918,5.409999847412109,0.0,79642258
2025-12-29,5.3165459632873535,5.440000057220459,0.0,5.460000038146973,5.369999885559082,5.400000095367432,0.0,147727999
2025-12-30,5.336091995239258,5.460000038146973,0.0,5.489999771118164,5.409999847412109,5.449999809265137,0.0,143988644
2025-12-31,5.326318740844727,5.449999809265137,0.0,5.480000019073486,5.429999828338623,5.449999809265137,0.0,107640400
2026-01-05,5.326318740844727,5.449999809265137,0.0,5.489999771118164,5.409999847412109,5.460000038146973,0.0,154599700
2026-01-06,5.384957790374756,5.510000228881836,0.0,5.510000228881836,5.420000076293945,5.460000038146973,0.0,143586976
2026-01-07,5.306772708892822,5.429999828338623,0.0,5.519999980926514,5.429999828338623,5.5,0.0,156535459
2026-01-08,5.287226676940918,5.409999847412109,0.0,5.449999809265137,5.400000095367432,5.440000057220459,0.0,117765850
2026-01-09,5.296999931335449,5.420000076293945,0.0,5.429999828338623,5.380000114440918,5.409999847412109,0.0,152938472
2026-01-12,5.340000152587891,5.340000152587891,0.123,5.349999904632568,5.28000020980835,5.320000171661377,0.0,146165688
2026-01-13,5.369999885559082,5.369999885559082,0.0,5.400000095367432,5.329999923706055,5.340000152587891,0.0,158350731
2026-01-14,5.28000020980835,5.28000020980835,0.0,5.360000133514404,5.260000228881836,5.360000133514404,0.0,215286500
2026-01-15,5.179999828338623,5.179999828338623,0.0,5.28000020980835,5.170000076293945,5.269999980926514,0.0,161967392
2026-01-16,5.170000076293945,5.170000076293945,0.0,5.199999809265137,5.139999866485596,5.190000057220459,0.0,152145601
2026-01-19,5.139999866485596,5.139999866485596,0.0,5.170000076293945,5.139999866485596,5.159999847412109,0.0,109127931
2026-01-20,5.190000057220459,5.190000057220459,0.0,5.210000038146973,5.130000114440918,5.150000095367432,0.0,143241907
2026-01-21,5.079999923706055,5.079999923706055,0.0,5.210000038146973,5.070000171661377,5.190000057220459,0.0,201161523
2026-01-22,5.090000152587891,5.090000152587891,0.0,5.139999866485596,5.050000190734863,5.079999923706055,0.0,129332859
2026-01-23,5.050000190734863,5.050000190734863,0.0,5.110000133514404,5.039999961853027,5.099999904632568,0.0,140982956
2026-01-26,5.079999923706055,5.079999923706055,0.0,5.099999904632568,5.010000228881836,5.039999961853027,0.0,178531589
2026-01-27,5.059999942779541,5.059999942779541,0.0,5.130000114440918,5.050000190734863,5.070000171661377,0.0,165001246
2026-01-28,5.039999961853027,5.039999961853027,0.0,5.099999904632568,5.039999961853027,5.050000190734863,0.0,179134602
2026-01-29,5.090000152587891,5.090000152587891,0.0,5.099999904632568,5.010000228881836,5.039999961853027,0.0,192185452
2026-01-30,5.059999942779541,5.059999942779541,0.0,5.130000114440918,5.050000190734863,5.090000152587891,0.0,175652342
2026-02-02,5.099999904632568,5.099999904632568,0.0,5.139999866485596,5.050000190734863,5.070000171661377,0.0,220926494
2026-02-03,5.03000020980835,5.03000020980835,0.0,5.090000152587891,5.010000228881836,5.079999923706055,0.0,190448147
2026-02-04,5.110000133514404,5.110000133514404,0.0,5.119999885559082,5.019999980926514,5.03000020980835,0.0,188830212
2026-02-05,5.190000057220459,5.190000057220459,0.0,5.210000038146973,5.110000133514404,5.119999885559082,0.0,193097930
2026-02-06,5.179999828338623,5.179999828338623,0.0,5.210000038146973,5.130000114440918,5.179999828338623,0.0,130518204
2026-02-09,5.179999828338623,5.179999828338623,0.0,5.190000057220459,5.139999866485596,5.159999847412109,0.0,103248095
2026-02-10,5.199999809265137,5.199999809265137,0.0,5.230000019073486,5.170000076293945,5.179999828338623,0.0,115119108
2026-02-11,5.190000057220459,5.190000057220459,0.0,5.210000038146973,5.150000095367432,5.210000038146973,0.0,95946005
2026-02-12,5.110000133514404,5.110000133514404,0.0,5.199999809265137,5.110000133514404,5.199999809265137,0.0,127778530
2026-02-13,5.070000171661377,5.070000171661377,0.0,5.130000114440918,5.059999942779541,5.119999885559082,0.0,110890357
2026-02-24,5.050000190734863,5.050000190734863,0.0,5.090000152587891,5.03000020980835,5.079999923706055,0.0,138906210
2026-02-25,5.010000228881836,5.010000228881836,0.0,5.059999942779541,5.010000228881836,5.039999961853027,0.0,218603585
2026-02-26,4.980000019073486,4.980000019073486,0.0,5.03000020980835,4.96999979019165,5.019999980926514,0.0,142882205
2026-02-27,4.96999979019165,4.96999979019165,0.0,5.0,4.960000038146973,4.980000019073486,0.0,111965829
2026-03-02,4.989999771118164,4.989999771118164,0.0,5.019999980926514,4.949999809265137,4.960000038146973,0.0,140690781
2026-03-03,5.039999961853027,5.039999961853027,0.0,5.070000171661377,4.96999979019165,4.989999771118164,0.0,233125401
2026-03-04,4.929999828338623,4.929999828338623,0.0,5.039999961853027,4.909999847412109,5.03000020980835,0.0,240432466
2026-03-05,4.980000019073486,4.980000019073486,0.0,4.989999771118164,4.920000076293945,4.920000076293945,0.0,148954732
2026-03-06,5.0,5.0,0.0,5.019999980926514,4.960000038146973,4.980000019073486,0.0,101890612
2026-03-09,4.96999979019165,4.96999979019165,0.0,5.019999980926514,4.949999809265137,4.980000019073486,0.0,174668839
2026-03-10,4.980000019073486,4.980000019073486,0.0,4.989999771118164,4.949999809265137,4.980000019073486,0.0,106968566
2026-03-11,5.03000020980835,5.03000020980835,0.0,5.03000020980835,4.960000038146973,4.980000019073486,0.0,138768749
2026-03-12,5.059999942779541,5.059999942779541,0.0,5.059999942779541,5.010000228881836,5.019999980926514,0.0,168606197
2026-03-13,5.079999923706055,5.079999923706055,0.0,5.119999885559082,5.03000020980835,5.050000190734863,0.0,165637888
2026-03-16,5.110000133514404,5.110000133514404,0.0,5.130000114440918,5.070000171661377,5.079999923706055,0.0,150864000
2026-03-17,5.170000076293945,5.170000076293945,0.0,5.190000057220459,5.090000152587891,5.099999904632568,0.0,185358743
2026-03-18,5.130000114440918,5.130000114440918,0.0,5.170000076293945,5.079999923706055,5.170000076293945,0.0,168187845
2026-03-19,5.099999904632568,5.099999904632568,0.0,5.150000095367432,5.079999923706055,5.099999904632568,0.0,136564057
2026-03-20,5.050000190734863,5.050000190734863,0.0,5.130000114440918,5.050000190734863,5.079999923706055,0.0,125536940
2026-03-23,4.880000114440918,4.880000114440918,0.0,5.050000190734863,4.869999885559082,5.039999961853027,0.0,243137339
2026-03-24,5.019999980926514,5.019999980926514,0.0,5.03000020980835,4.909999847412109,4.920000076293945,0.0,182490601
2026-03-25,5.079999923706055,5.079999923706055,0.0,5.079999923706055,4.960000038146973,5.03000020980835,0.0,127016810
2026-03-26,5.110000133514404,5.110000133514404,0.0,5.130000114440918,5.059999942779541,5.070000171661377,0.0,146832852
2026-03-27,5.059999942779541,5.059999942779541,0.0,5.119999885559082,5.050000190734863,5.099999904632568,0.0,107500316
2026-03-30,5.079999923706055,5.079999923706055,0.0,5.090000152587891,5.0,5.019999980926514,0.0,131010391
2026-03-31,5.130000114440918,5.130000114440918,0.0,5.170000076293945,5.079999923706055,5.090000152587891,0.0,191257340
2026-04-01,5.110000133514404,5.110000133514404,0.0,5.179999828338623,5.090000152587891,5.150000095367432,0.0,130281563
2026-04-02,5.179999828338623,5.179999828338623,0.0,5.190000057220459,5.099999904632568,5.110000133514404,0.0,192230559
2026-04-03,5.119999885559082,5.119999885559082,0.0,5.179999828338623,5.070000171661377,5.179999828338623,0.0,152816581
2026-04-07,5.070000171661377,5.070000171661377,0.0,5.119999885559082,5.019999980926514,5.110000133514404,0.0,135810355
2026-04-08,5.050000190734863,5.050000190734863,0.0,5.059999942779541,5.019999980926514,5.059999942779541,0.0,137903979
2026-04-09,5.019999980926514,5.019999980926514,0.0,5.059999942779541,5.010000228881836,5.039999961853027,0.0,88167655
2026-04-10,5.0,5.0,0.0,5.03000020980835,4.989999771118164,5.019999980926514,0.0,97386704
2026-04-13,4.989999771118164,4.989999771118164,0.0,5.0,4.949999809265137,4.989999771118164,0.0,123498300
2026-04-14,5.050000190734863,5.050000190734863,0.0,5.050000190734863,4.980000019073486,4.989999771118164,0.0,132718231
2026-04-15,5.110000133514404,5.110000133514404,0.0,5.130000114440918,5.039999961853027,5.050000190734863,0.0,171454169
2026-04-16,5.070000171661377,5.070000171661377,0.0,5.139999866485596,5.050000190734863,5.110000133514404,0.0,124408300
2026-04-17,5.070000171661377,5.070000171661377,0.0,5.090000152587891,5.039999961853027,5.059999942779541,0.0,71009382
