Date,Adj Close,Close,Dividends,High,Low,Open,Stock Splits,Volume
2019-01-02,4.2548418045043945,6.25,0.0,6.389999866485596,6.230000019073486,6.369999885559082,0.0,51090055
2019-01-03,4.261650085449219,6.260000228881836,0.0,6.309999942779541,6.21999979019165,6.25,0.0,37558542
2019-01-04,4.3297271728515625,6.360000133514404,0.0,6.369999885559082,6.210000038146973,6.210000038146973,0.0,72729495
2019-01-07,4.316112041473389,6.340000152587891,0.0,6.369999885559082,6.309999942779541,6.210000038146973,0.0,60593977
2019-01-08,4.316112041473389,6.340000152587891,0.0,6.369999885559082,6.289999961853027,6.329999923706055,0.0,45683190
2019-01-09,4.363766670227051,6.409999847412109,0.0,6.46999979019165,6.340000152587891,6.360000133514404,0.0,84075583
2019-01-10,4.316112041473389,6.340000152587891,0.0,6.400000095367432,6.329999923706055,6.389999866485596,0.0,46828645
2019-01-11,4.3297271728515625,6.360000133514404,0.0,6.369999885559082,6.300000190734863,6.349999904632568,0.0,51793011
2019-01-14,4.288880825042725,6.300000190734863,0.0,6.360000133514404,6.289999961853027,6.360000133514404,0.0,37247365
2019-01-15,4.343343257904053,6.380000114440918,0.0,6.400000095367432,6.28000020980835,6.309999942779541,0.0,66864142
2019-01-16,4.363766670227051,6.409999847412109,0.0,6.420000076293945,6.360000133514404,6.380000114440918,0.0,47817444
2019-01-17,4.390996932983398,6.449999809265137,0.0,6.53000020980835,6.369999885559082,6.429999828338623,0.0,100067690
2019-01-18,4.520344257354736,6.639999866485596,0.0,6.659999847412109,6.46999979019165,6.480000019073486,0.0,146663482
2019-01-21,4.540767669677734,6.670000076293945,0.0,6.75,6.630000114440918,6.650000095367432,0.0,98294720
2019-01-22,4.493113040924072,6.599999904632568,0.0,6.699999809265137,6.559999942779541,6.670000076293945,0.0,48731253
2019-01-23,4.527152061462402,6.650000095367432,0.0,6.710000038146973,6.599999904632568,6.610000133514404,0.0,39620412
2019-01-24,4.547574996948242,6.679999828338623,0.0,6.710000038146973,6.630000114440918,6.679999828338623,0.0,44052634
2019-01-25,4.6360764503479,6.809999942779541,0.0,6.840000152587891,6.71999979019165,6.71999979019165,0.0,102973899
2019-01-28,4.608845233917236,6.769999980926514,0.0,6.909999847412109,6.75,6.869999885559082,0.0,68790898
2019-01-29,4.663306713104248,6.849999904632568,0.0,6.880000114440918,6.710000038146973,6.789999961853027,0.0,61726210
2019-01-30,4.6701154708862305,6.860000133514404,0.0,6.929999828338623,6.789999961853027,6.829999923706055,0.0,70571604
2019-01-31,4.813076972961426,7.070000171661377,0.0,7.099999904632568,6.900000095367432,6.900000095367432,0.0,129708824
2019-02-01,4.806270122528076,7.059999942779541,0.0,7.099999904632568,6.96999979019165,7.099999904632568,0.0,79382478
2019-02-11,4.806270122528076,7.059999942779541,0.0,7.090000152587891,6.96999979019165,7.019999980926514,0.0,83390683
2019-02-12,4.79946231842041,7.050000190734863,0.0,7.110000133514404,7.0,7.079999923706055,0.0,54946010
2019-02-13,4.840309143066406,7.110000133514404,0.0,7.159999847412109,7.0,7.059999942779541,0.0,101605677
2019-02-14,4.78584623336792,7.03000020980835,0.0,7.099999904632568,7.0,7.090000152587891,0.0,77092177
2019-02-15,4.65649938583374,6.840000152587891,0.0,7.010000228881836,6.820000171661377,7.010000228881836,0.0,103867070
2019-02-18,4.744999885559082,6.96999979019165,0.0,6.980000019073486,6.880000114440918,6.880000114440918,0.0,104771328
2019-02-19,4.744999885559082,6.96999979019165,0.0,7.079999923706055,6.920000076293945,6.949999809265137,0.0,111733075
2019-02-20,4.744999885559082,6.96999979019165,0.0,7.039999961853027,6.940000057220459,7.0,0.0,58224106
2019-02-21,4.7245774269104,6.940000057220459,0.0,7.03000020980835,6.920000076293945,6.989999771118164,0.0,65659924
2019-02-22,4.73138427734375,6.949999809265137,0.0,6.960000038146973,6.800000190734863,6.920000076293945,0.0,131210702
2019-02-25,5.024117469787598,7.380000114440918,0.0,7.440000057220459,6.96999979019165,7.0,0.0,353290186
2019-02-26,4.894770622253418,7.190000057220459,0.0,7.360000133514404,7.130000114440918,7.300000190734863,0.0,256273227
2019-02-27,4.935616493225098,7.25,0.0,7.449999809265137,7.150000095367432,7.199999809265137,0.0,225990872
2019-02-28,4.887962341308594,7.179999828338623,0.0,7.28000020980835,7.159999847412109,7.239999771118164,0.0,111538823
2019-03-01,4.99688720703125,7.340000152587891,0.0,7.340000152587891,7.159999847412109,7.21999979019165,0.0,169326103
2019-03-04,5.010502338409424,7.360000133514404,0.0,7.550000190734863,7.289999961853027,7.420000076293945,0.0,290704378
2019-03-05,4.969655990600586,7.300000190734863,0.0,7.329999923706055,7.21999979019165,7.300000190734863,0.0,181278296
2019-03-06,4.990078926086426,7.329999923706055,0.0,7.349999904632568,7.25,7.25,0.0,160615875
2019-03-07,4.901577949523926,7.199999809265137,0.0,7.300000190734863,7.179999828338623,7.300000190734863,0.0,175589591
2019-03-08,4.704153537750244,6.909999847412109,0.0,7.119999885559082,6.900000095367432,7.099999904632568,0.0,216825679
2019-03-11,4.744999885559082,6.96999979019165,0.0,6.980000019073486,6.840000152587891,6.909999847412109,0.0,136330728
2019-03-12,4.772231578826904,7.010000228881836,0.0,7.059999942779541,6.960000038146973,6.980000019073486,0.0,143567915
2019-03-13,4.73138427734375,6.949999809265137,0.0,7.0,6.880000114440918,7.0,0.0,134847485
2019-03-14,4.73138427734375,6.949999809265137,0.0,7.019999980926514,6.929999828338623,6.929999828338623,0.0,91739931
2019-03-15,4.78584623336792,7.03000020980835,0.0,7.079999923706055,6.929999828338623,6.940000057220459,0.0,132540485
2019-03-18,4.867539405822754,7.150000095367432,0.0,7.150000095367432,7.010000228881836,7.03000020980835,0.0,135020980
2019-03-19,4.860731601715088,7.139999866485596,0.0,7.179999828338623,7.119999885559082,7.159999847412109,0.0,99548430
2019-03-20,4.860731601715088,7.139999866485596,0.0,7.170000076293945,7.070000171661377,7.130000114440918,0.0,85770554
2019-03-21,4.813076972961426,7.070000171661377,0.0,7.139999866485596,7.059999942779541,7.130000114440918,0.0,104998312
2019-03-22,4.78584623336792,7.03000020980835,0.0,7.090000152587891,6.96999979019165,7.079999923706055,0.0,100406025
2019-03-25,4.65649938583374,6.840000152587891,0.0,6.989999771118164,6.840000152587891,6.960000038146973,0.0,150304511
2019-03-26,4.6360764503479,6.809999942779541,0.0,6.889999866485596,6.800000190734863,6.880000114440918,0.0,102504430
2019-03-27,4.69734525680542,6.900000095367432,0.0,6.940000057220459,6.829999923706055,6.840000152587891,0.0,87771376
2019-03-28,4.642883777618408,6.820000171661377,0.0,6.860000133514404,6.760000228881836,6.860000133514404,0.0,96738151
2019-03-29,4.73138427734375,6.949999809265137,0.0,6.960000038146973,6.820000171661377,6.829999923706055,0.0,194162935
2019-04-01,4.860731601715088,7.139999866485596,0.0,7.150000095367432,6.96999979019165,6.96999979019165,0.0,265386854
2019-04-02,4.874347686767578,7.159999847412109,0.0,7.269999980926514,7.099999904632568,7.159999847412109,0.0,201446080
2019-04-03,4.922001361846924,7.230000019073486,0.0,7.239999771118164,7.050000190734863,7.050000190734863,0.0,168313938
2019-04-04,5.064964294433594,7.440000057220459,0.0,7.460000038146973,7.230000019073486,7.25,0.0,265980243
2019-04-08,5.024117469787598,7.380000114440918,0.0,7.630000114440918,7.340000152587891,7.5,0.0,230807672
2019-04-09,4.990078926086426,7.329999923706055,0.0,7.409999847412109,7.300000190734863,7.340000152587891,0.0,118824183
2019-04-10,4.976463317871094,7.309999942779541,0.0,7.360000133514404,7.21999979019165,7.289999961853027,0.0,128544285
2019-04-11,4.922001361846924,7.230000019073486,0.0,7.400000095367432,7.21999979019165,7.329999923706055,0.0,107559028
2019-04-12,4.915193557739258,7.21999979019165,0.0,7.25,7.179999828338623,7.21999979019165,0.0,85300354
2019-04-15,5.017309188842773,7.369999885559082,0.0,7.550000190734863,7.329999923706055,7.329999923706055,0.0,242884161
2019-04-16,5.262388706207275,7.730000019073486,0.0,7.760000228881836,7.309999942779541,7.329999923706055,0.0,329394039
2019-04-17,5.28281307220459,7.760000228881836,0.0,7.849999904632568,7.670000076293945,7.699999809265137,0.0,220803363
2019-04-18,5.167080879211426,7.590000152587891,0.0,7.739999771118164,7.550000190734863,7.710000038146973,0.0,177692359
2019-04-19,5.187503337860107,7.619999885559082,0.0,7.690000057220459,7.519999980926514,7.599999904632568,0.0,146022622
2019-04-22,5.017309188842773,7.369999885559082,0.0,7.630000114440918,7.349999904632568,7.610000133514404,0.0,209559383
2019-04-23,5.030925750732422,7.389999866485596,0.0,7.449999809265137,7.320000171661377,7.340000152587891,0.0,112769055
2019-04-24,5.044540882110596,7.409999847412109,0.0,7.480000019073486,7.329999923706055,7.409999847412109,0.0,110143470
2019-04-25,4.990078926086426,7.329999923706055,0.0,7.409999847412109,7.300000190734863,7.389999866485596,0.0,83406803
2019-04-26,4.942424774169922,7.260000228881836,0.0,7.349999904632568,7.25,7.300000190734863,0.0,95710102
2019-05-06,4.867539405822754,7.150000095367432,0.0,7.28000020980835,7.059999942779541,7.239999771118164,0.0,177387537
2019-05-07,4.840309143066406,7.110000133514404,0.0,7.199999809265137,7.070000171661377,7.170000076293945,0.0,97083920
2019-05-08,4.772231578826904,7.010000228881836,0.0,7.090000152587891,6.940000057220459,7.019999980926514,0.0,104224090
2019-05-09,4.69734525680542,6.900000095367432,0.0,7.019999980926514,6.860000133514404,6.960000038146973,0.0,106032115
2019-05-10,4.765422821044922,7.0,0.0,7.019999980926514,6.860000133514404,6.929999828338623,0.0,106521195
2019-05-13,4.738192081451416,6.960000038146973,0.0,7.0,6.869999885559082,6.900000095367432,0.0,84305137
2019-05-14,4.71096134185791,6.920000076293945,0.0,6.980000019073486,6.889999866485596,6.909999847412109,0.0,62811031
2019-05-15,4.779038429260254,7.019999980926514,0.0,7.019999980926514,6.920000076293945,6.960000038146973,0.0,74547826
2019-05-16,4.765422821044922,7.0,0.0,7.019999980926514,6.960000038146973,6.989999771118164,0.0,50478722
2019-05-17,4.71096134185791,6.920000076293945,0.0,7.019999980926514,6.920000076293945,7.0,0.0,73482999
2019-05-20,4.738192081451416,6.960000038146973,0.0,6.989999771118164,6.920000076293945,6.920000076293945,0.0,55413439
2019-05-21,4.765422821044922,7.0,0.0,7.050000190734863,6.96999979019165,6.96999979019165,0.0,69926234
2019-05-22,4.751808166503906,6.980000019073486,0.0,7.010000228881836,6.949999809265137,7.010000228881836,0.0,45600303
2019-05-23,4.738192081451416,6.960000038146973,0.0,6.989999771118164,6.920000076293945,6.949999809265137,0.0,60843230
2019-05-24,4.772231578826904,7.010000228881836,0.0,7.03000020980835,6.960000038146973,6.960000038146973,0.0,65102550
2019-05-27,4.758615970611572,6.989999771118164,0.0,7.019999980926514,6.920000076293945,6.989999771118164,0.0,88120253
2019-05-28,4.772231578826904,7.010000228881836,0.0,7.039999961853027,6.96999979019165,6.980000019073486,0.0,63728299
2019-05-29,4.738192081451416,6.960000038146973,0.0,7.019999980926514,6.949999809265137,6.980000019073486,0.0,55788751
2019-05-30,4.758615970611572,6.989999771118164,0.0,7.0,6.949999809265137,6.949999809265137,0.0,60512935
2019-05-31,4.751808166503906,6.980000019073486,0.0,7.010000228881836,6.960000038146973,6.980000019073486,0.0,55565266
2019-06-03,4.772231578826904,7.010000228881836,0.0,7.070000171661377,6.96999979019165,6.989999771118164,0.0,97015518
2019-06-04,4.81988525390625,7.079999923706055,0.0,7.110000133514404,6.989999771118164,7.010000228881836,0.0,110892214
2019-06-05,4.874347686767578,7.159999847412109,0.0,7.230000019073486,7.079999923706055,7.099999904632568,0.0,107438026
2019-06-06,4.874347686767578,7.159999847412109,0.0,7.230000019073486,7.139999866485596,7.179999828338623,0.0,76248528
2019-06-10,4.956040382385254,7.28000020980835,0.0,7.300000190734863,7.179999828338623,7.179999828338623,0.0,87025532
2019-06-11,4.969655990600586,7.300000190734863,0.0,7.329999923706055,7.239999771118164,7.269999980926514,0.0,113964997
2019-06-12,4.935616493225098,7.25,0.0,7.28000020980835,7.21999979019165,7.269999980926514,0.0,81926834
2019-06-13,4.915193557739258,7.21999979019165,0.0,7.260000228881836,7.170000076293945,7.25,0.0,56444522
2019-06-14,4.915193557739258,7.21999979019165,0.0,7.28000020980835,7.210000038146973,7.21999979019165,0.0,63037008
2019-06-17,4.942424774169922,7.260000228881836,0.0,7.28000020980835,7.210000038146973,7.230000019073486,0.0,44197380
2019-06-18,5.0036940574646,7.349999904632568,0.0,7.369999885559082,7.230000019073486,7.25,0.0,90558748
2019-06-19,5.078579902648926,7.460000038146973,0.0,7.489999771118164,7.400000095367432,7.449999809265137,0.0,105384196
2019-06-20,5.133041858673096,7.539999961853027,0.0,7.619999885559082,7.420000076293945,7.449999809265137,0.0,131668980
2019-06-21,5.044540882110596,7.409999847412109,0.0,7.559999942779541,7.380000114440918,7.5,0.0,163176498
2019-06-24,5.064964294433594,7.440000057220459,0.0,7.449999809265137,7.380000114440918,7.409999847412109,0.0,75338003
2019-06-25,4.99688720703125,7.340000152587891,0.0,7.440000057220459,7.25,7.440000057220459,0.0,114291506
2019-06-26,5.024117469787598,7.380000114440918,0.0,7.440000057220459,7.300000190734863,7.309999942779541,0.0,72967064
2019-06-27,5.044540882110596,7.409999847412109,0.0,7.460000038146973,7.380000114440918,7.389999866485596,0.0,78863473
2019-06-28,5.064964294433594,7.440000057220459,0.0,7.440000057220459,7.349999904632568,7.409999847412109,0.0,65499525
2019-07-01,5.078579902648926,7.460000038146973,0.0,7.519999980926514,7.420000076293945,7.5,0.0,133672935
2019-07-02,5.092195510864258,7.480000019073486,0.0,7.480000019073486,7.429999828338623,7.449999809265137,0.0,69594154
2019-07-03,5.112618923187256,7.510000228881836,0.0,7.510000228881836,7.449999809265137,7.460000038146973,0.0,74416187
2019-07-04,5.105810165405273,7.5,0.0,7.550000190734863,7.480000019073486,7.5,0.0,70466708
2019-07-05,5.133041858673096,7.539999961853027,0.0,7.550000190734863,7.480000019073486,7.5,0.0,58394064
2019-07-08,5.078579902648926,7.460000038146973,0.0,7.519999980926514,7.349999904632568,7.519999980926514,0.0,94950186
2019-07-09,5.037733554840088,7.400000095367432,0.0,7.460000038146973,7.389999866485596,7.449999809265137,0.0,62936293
2019-07-10,4.963879108428955,6.989999771118164,0.306,7.110000133514404,6.96999979019165,7.099999904632568,0.0,114972357
2019-07-11,4.999385833740234,7.039999961853027,0.0,7.070000171661377,7.0,7.03000020980835,0.0,101907694
2019-07-12,5.091703414916992,7.170000076293945,0.0,7.199999809265137,7.050000190734863,7.070000171661377,0.0,78462464
2019-07-15,5.098804950714111,7.179999828338623,0.0,7.199999809265137,7.090000152587891,7.159999847412109,0.0,57594491
2019-07-16,5.098804950714111,7.179999828338623,0.0,7.210000038146973,7.159999847412109,7.190000057220459,0.0,46802175
2019-07-17,5.063298225402832,7.130000114440918,0.0,7.199999809265137,7.110000133514404,7.190000057220459,0.0,38642706
2019-07-18,5.134312152862549,7.230000019073486,0.0,7.25,7.110000133514404,7.130000114440918,0.0,93296363
2019-07-19,5.148514747619629,7.25,0.0,7.300000190734863,7.190000057220459,7.230000019073486,0.0,59254632
2019-07-22,5.12721061706543,7.21999979019165,0.0,7.260000228881836,7.179999828338623,7.25,0.0,60843487
2019-07-23,5.1769208908081055,7.289999961853027,0.0,7.309999942779541,7.199999809265137,7.230000019073486,0.0,77678764
2019-07-24,5.233731269836426,7.369999885559082,0.0,7.409999847412109,7.289999961853027,7.309999942779541,0.0,87377917
2019-07-25,5.262137413024902,7.409999847412109,0.0,7.420000076293945,7.320000171661377,7.349999904632568,0.0,61918840
2019-07-26,5.226630687713623,7.360000133514404,0.0,7.449999809265137,7.349999904632568,7.369999885559082,0.0,69205198
2019-07-29,5.233731269836426,7.369999885559082,0.0,7.380000114440918,7.289999961853027,7.360000133514404,0.0,67275206
2019-07-30,5.255036354064941,7.400000095367432,0.0,7.480000019073486,7.380000114440918,7.380000114440918,0.0,64147673
2019-07-31,5.233731269836426,7.369999885559082,0.0,7.420000076293945,7.349999904632568,7.380000114440918,0.0,40432251
2019-08-01,5.205326557159424,7.329999923706055,0.0,7.369999885559082,7.28000020980835,7.349999904632568,0.0,65168083
2019-08-02,5.120110034942627,7.210000038146973,0.0,7.289999961853027,7.170000076293945,7.25,0.0,91861000
2019-08-05,5.041994094848633,7.099999904632568,0.0,7.190000057220459,7.079999923706055,7.170000076293945,0.0,74530321
2019-08-06,4.992284297943115,7.03000020980835,0.0,7.059999942779541,6.960000038146973,7.03000020980835,0.0,99847397
2019-08-07,4.992284297943115,7.03000020980835,0.0,7.090000152587891,7.0,7.070000171661377,0.0,60663711
2019-08-08,5.070399761199951,7.139999866485596,0.0,7.150000095367432,7.039999961853027,7.059999942779541,0.0,53333040
2019-08-09,5.070399761199951,7.139999866485596,0.0,7.199999809265137,7.099999904632568,7.150000095367432,0.0,70943346
2019-08-12,5.105906963348389,7.190000057220459,0.0,7.190000057220459,7.110000133514404,7.130000114440918,0.0,52603765
2019-08-13,5.041994094848633,7.099999904632568,0.0,7.159999847412109,7.059999942779541,7.139999866485596,0.0,53018256
2019-08-14,5.027791500091553,7.079999923706055,0.0,7.170000076293945,7.079999923706055,7.150000095367432,0.0,58405956
2019-08-15,5.041994094848633,7.099999904632568,0.0,7.130000114440918,6.980000019073486,7.0,0.0,49240079
2019-08-16,5.03489351272583,7.090000152587891,0.0,7.139999866485596,7.050000190734863,7.110000133514404,0.0,49354453
2019-08-19,5.020689487457275,7.070000171661377,0.0,7.079999923706055,6.920000076293945,7.010000228881836,0.0,172571642
2019-08-20,4.963879108428955,6.989999771118164,0.0,7.03000020980835,6.980000019073486,7.03000020980835,0.0,94236350
2019-08-21,4.970979690551758,7.0,0.0,7.010000228881836,6.949999809265137,6.980000019073486,0.0,70888960
2019-08-22,4.9354729652404785,6.949999809265137,0.0,7.010000228881836,6.940000057220459,7.0,0.0,65270924
2019-08-23,4.978082180023193,7.010000228881836,0.0,7.019999980926514,6.949999809265137,6.96999979019165,0.0,65933681
2019-08-26,4.921270370483398,6.929999828338623,0.0,6.980000019073486,6.900000095367432,6.940000057220459,0.0,74962459
2019-08-27,4.9354729652404785,6.949999809265137,0.0,6.989999771118164,6.929999828338623,6.949999809265137,0.0,99179493
2019-08-28,4.9354729652404785,6.949999809265137,0.0,6.960000038146973,6.920000076293945,6.929999828338623,0.0,54821970
2019-08-29,4.928372383117676,6.940000057220459,0.0,6.980000019073486,6.920000076293945,6.940000057220459,0.0,67180223
2019-08-30,4.899965763092041,6.900000095367432,0.0,6.980000019073486,6.889999866485596,6.96999979019165,0.0,61106947
2019-09-02,4.885763645172119,6.880000114440918,0.0,6.920000076293945,6.860000133514404,6.900000095367432,0.0,87590766
2019-09-03,4.885763645172119,6.880000114440918,0.0,6.889999866485596,6.849999904632568,6.880000114440918,0.0,66476398
2019-09-04,4.970979690551758,7.0,0.0,7.010000228881836,6.860000133514404,6.860000133514404,0.0,117546765
2019-09-05,5.03489351272583,7.090000152587891,0.0,7.150000095367432,7.019999980926514,7.019999980926514,0.0,117282361
2019-09-06,5.04909610748291,7.110000133514404,0.0,7.130000114440918,7.079999923706055,7.119999885559082,0.0,50833093
2019-09-09,5.03489351272583,7.090000152587891,0.0,7.159999847412109,7.059999942779541,7.139999866485596,0.0,77434274
2019-09-10,5.013588905334473,7.059999942779541,0.0,7.119999885559082,7.03000020980835,7.099999904632568,0.0,57779802
2019-09-11,5.070399761199951,7.139999866485596,0.0,7.150000095367432,7.059999942779541,7.079999923706055,0.0,88213913
2019-09-12,5.070399761199951,7.139999866485596,0.0,7.170000076293945,7.119999885559082,7.159999847412109,0.0,57244948
2019-09-16,5.056196689605713,7.119999885559082,0.0,7.139999866485596,7.079999923706055,7.139999866485596,0.0,37246004
2019-09-17,4.999385833740234,7.039999961853027,0.0,7.119999885559082,7.03000020980835,7.110000133514404,0.0,41962466
2019-09-18,5.0064873695373535,7.050000190734863,0.0,7.090000152587891,7.03000020980835,7.039999961853027,0.0,43048183
2019-09-19,5.0064873695373535,7.050000190734863,0.0,7.079999923706055,7.019999980926514,7.070000171661377,0.0,29962376
2019-09-20,5.027791500091553,7.079999923706055,0.0,7.110000133514404,7.039999961853027,7.070000171661377,0.0,49103748
2019-09-23,4.963879108428955,6.989999771118164,0.0,7.090000152587891,6.949999809265137,7.059999942779541,0.0,80606051
2019-09-24,4.942574501037598,6.960000038146973,0.0,7.010000228881836,6.960000038146973,6.989999771118164,0.0,38433866
2019-09-25,4.956777572631836,6.980000019073486,0.0,7.019999980926514,6.929999828338623,6.949999809265137,0.0,42538832
2019-09-26,5.0064873695373535,7.050000190734863,0.0,7.099999904632568,6.980000019073486,7.0,0.0,82103866
2019-09-27,5.020689487457275,7.070000171661377,0.0,7.079999923706055,6.960000038146973,7.059999942779541,0.0,72706177
2019-09-30,4.963879108428955,6.989999771118164,0.0,7.099999904632568,6.989999771118164,7.03000020980835,0.0,38601356
2019-10-08,5.027791500091553,7.079999923706055,0.0,7.119999885559082,6.980000019073486,6.989999771118164,0.0,67701231
2019-10-09,5.070399761199951,7.139999866485596,0.0,7.170000076293945,7.039999961853027,7.050000190734863,0.0,67450430
2019-10-10,5.070399761199951,7.139999866485596,0.0,7.159999847412109,7.099999904632568,7.139999866485596,0.0,46067145
2019-10-11,5.120110034942627,7.210000038146973,0.0,7.230000019073486,7.130000114440918,7.159999847412109,0.0,77965780
2019-10-14,5.184022426605225,7.300000190734863,0.0,7.420000076293945,7.21999979019165,7.21999979019165,0.0,106448471
2019-10-15,5.226630687713623,7.360000133514404,0.0,7.369999885559082,7.269999980926514,7.300000190734863,0.0,65812672
2019-10-16,5.162717819213867,7.269999980926514,0.0,7.440000057220459,7.239999771118164,7.360000133514404,0.0,79819531
2019-10-17,5.155616760253906,7.260000228881836,0.0,7.320000171661377,7.25,7.28000020980835,0.0,47310679
2019-10-18,5.148514747619629,7.25,0.0,7.360000133514404,7.190000057220459,7.289999961853027,0.0,54240424
2019-10-21,5.226630687713623,7.360000133514404,0.0,7.360000133514404,7.239999771118164,7.25,0.0,57262465
2019-10-22,5.233731269836426,7.369999885559082,0.0,7.380000114440918,7.289999961853027,7.380000114440918,0.0,43975254
2019-10-23,5.240833282470703,7.380000114440918,0.0,7.429999828338623,7.329999923706055,7.329999923706055,0.0,72380761
2019-10-24,5.276340007781982,7.429999828338623,0.0,7.550000190734863,7.380000114440918,7.389999866485596,0.0,101318455
2019-10-25,5.28344202041626,7.440000057220459,0.0,7.449999809265137,7.360000133514404,7.420000076293945,0.0,45597843
2019-10-28,5.226630687713623,7.360000133514404,0.0,7.489999771118164,7.329999923706055,7.449999809265137,0.0,63839431
2019-10-29,5.184022426605225,7.300000190734863,0.0,7.389999866485596,7.260000228881836,7.360000133514404,0.0,66568442
2019-10-30,5.198224067687988,7.320000171661377,0.0,7.349999904632568,7.269999980926514,7.300000190734863,0.0,40361850
2019-10-31,5.1769208908081055,7.289999961853027,0.0,7.360000133514404,7.21999979019165,7.340000152587891,0.0,57705825
2019-11-01,5.184022426605225,7.300000190734863,0.0,7.320000171661377,7.190000057220459,7.289999961853027,0.0,79660260
2019-11-04,5.212428092956543,7.340000152587891,0.0,7.360000133514404,7.269999980926514,7.269999980926514,0.0,77230367
2019-11-05,5.240833282470703,7.380000114440918,0.0,7.449999809265137,7.289999961853027,7.329999923706055,0.0,73593839
2019-11-06,5.318948745727539,7.489999771118164,0.0,7.53000020980835,7.340000152587891,7.369999885559082,0.0,122760623
2019-11-07,5.318948745727539,7.489999771118164,0.0,7.550000190734863,7.449999809265137,7.46999979019165,0.0,59192183
2019-11-08,5.219528675079346,7.349999904632568,0.0,7.550000190734863,7.340000152587891,7.539999961853027,0.0,69622182
2019-11-11,5.12721061706543,7.21999979019165,0.0,7.340000152587891,7.21999979019165,7.340000152587891,0.0,80065992
2019-11-12,5.141414165496826,7.239999771118164,0.0,7.269999980926514,7.199999809265137,7.25,0.0,46371759
2019-11-13,5.105906963348389,7.190000057220459,0.0,7.239999771118164,7.150000095367432,7.21999979019165,0.0,48903880
2019-11-14,5.0846028327941895,7.159999847412109,0.0,7.199999809265137,7.119999885559082,7.190000057220459,0.0,60508763
2019-11-15,5.07750129699707,7.150000095367432,0.0,7.170000076293945,7.110000133514404,7.159999847412109,0.0,53524686
2019-11-18,5.091703414916992,7.170000076293945,0.0,7.190000057220459,7.130000114440918,7.150000095367432,0.0,52313902
2019-11-19,5.105906963348389,7.190000057220459,0.0,7.199999809265137,7.139999866485596,7.170000076293945,0.0,51290190
2019-11-20,5.04909610748291,7.110000133514404,0.0,7.190000057220459,7.059999942779541,7.170000076293945,0.0,85215813
2019-11-21,5.063298225402832,7.130000114440918,0.0,7.130000114440918,7.050000190734863,7.079999923706055,0.0,48053485
2019-11-22,5.070399761199951,7.139999866485596,0.0,7.159999847412109,7.099999904632568,7.139999866485596,0.0,46313862
2019-11-25,5.120110034942627,7.210000038146973,0.0,7.21999979019165,7.139999866485596,7.150000095367432,0.0,38365893
2019-11-26,5.120110034942627,7.210000038146973,0.0,7.269999980926514,7.190000057220459,7.230000019073486,0.0,60203458
2019-11-27,5.12721061706543,7.21999979019165,0.0,7.239999771118164,7.159999847412109,7.230000019073486,0.0,42100896
2019-11-28,5.070399761199951,7.139999866485596,0.0,7.21999979019165,7.099999904632568,7.21999979019165,0.0,63302398
2019-11-29,5.041994094848633,7.099999904632568,0.0,7.170000076293945,7.090000152587891,7.110000133514404,0.0,46018795
2019-12-02,5.056196689605713,7.119999885559082,0.0,7.130000114440918,7.079999923706055,7.099999904632568,0.0,41395789
2019-12-03,5.07750129699707,7.150000095367432,0.0,7.150000095367432,7.099999904632568,7.110000133514404,0.0,33905611
2019-12-04,5.070399761199951,7.139999866485596,0.0,7.159999847412109,7.119999885559082,7.130000114440918,0.0,34187614
2019-12-05,5.070399761199951,7.139999866485596,0.0,7.190000057220459,7.119999885559082,7.179999828338623,0.0,46576317
2019-12-06,5.070399761199951,7.139999866485596,0.0,7.170000076293945,7.099999904632568,7.150000095367432,0.0,47937687
2019-12-09,5.03489351272583,7.090000152587891,0.0,7.139999866485596,7.070000171661377,7.130000114440918,0.0,59056328
2019-12-10,5.020689487457275,7.070000171661377,0.0,7.099999904632568,7.059999942779541,7.079999923706055,0.0,40067809
2019-12-11,5.041994094848633,7.099999904632568,0.0,7.119999885559082,7.050000190734863,7.090000152587891,0.0,45385153
2019-12-12,5.04909610748291,7.110000133514404,0.0,7.119999885559082,7.079999923706055,7.099999904632568,0.0,39595300
2019-12-13,5.11300802230835,7.199999809265137,0.0,7.199999809265137,7.130000114440918,7.139999866485596,0.0,92567388
2019-12-16,5.07750129699707,7.150000095367432,0.0,7.199999809265137,7.119999885559082,7.199999809265137,0.0,91767217
2019-12-17,5.134312152862549,7.230000019073486,0.0,7.260000228881836,7.079999923706055,7.150000095367432,0.0,155634826
2019-12-18,5.141414165496826,7.239999771118164,0.0,7.320000171661377,7.199999809265137,7.199999809265137,0.0,96256691
2019-12-19,5.155616760253906,7.260000228881836,0.0,7.289999961853027,7.21999979019165,7.239999771118164,0.0,49810410
2019-12-20,5.148514747619629,7.25,0.0,7.289999961853027,7.230000019073486,7.260000228881836,0.0,49204400
2019-12-23,5.105906963348389,7.190000057220459,0.0,7.289999961853027,7.179999828338623,7.260000228881836,0.0,66080113
2019-12-24,5.105906963348389,7.190000057220459,0.0,7.21999979019165,7.159999847412109,7.190000057220459,0.0,41199303
2019-12-25,5.091703414916992,7.170000076293945,0.0,7.199999809265137,7.150000095367432,7.179999828338623,0.0,42073274
2019-12-26,5.134312152862549,7.230000019073486,0.0,7.230000019073486,7.159999847412109,7.170000076293945,0.0,47499112
2019-12-27,5.148514747619629,7.25,0.0,7.269999980926514,7.190000057220459,7.21999979019165,0.0,75777506
2019-12-30,5.134312152862549,7.230000019073486,0.0,7.25,7.159999847412109,7.21999979019165,0.0,119030210
2019-12-31,5.134312152862549,7.230000019073486,0.0,7.25,7.199999809265137,7.210000038146973,0.0,57475947
2020-01-02,5.1911234855651855,7.309999942779541,0.0,7.389999866485596,7.289999961853027,7.289999961853027,0.0,119303816
2020-01-03,5.1911234855651855,7.309999942779541,0.0,7.349999904632568,7.289999961853027,7.309999942779541,0.0,70583061
2020-01-06,5.141414165496826,7.239999771118164,0.0,7.320000171661377,7.21999979019165,7.289999961853027,0.0,82871277
2020-01-07,5.134312152862549,7.230000019073486,0.0,7.289999961853027,7.21999979019165,7.260000228881836,0.0,110643565
2020-01-08,5.070399761199951,7.139999866485596,0.0,7.139999866485596,7.139999866485596,7.139999866485596,0.0,97110119
2020-01-09,5.0846028327941895,7.159999847412109,0.0,7.199999809265137,7.130000114440918,7.190000057220459,0.0,84850301
2020-01-10,5.0846028327941895,7.159999847412109,0.0,7.179999828338623,7.139999866485596,7.170000076293945,0.0,53099216
2020-01-13,5.091703414916992,7.170000076293945,0.0,7.170000076293945,7.170000076293945,7.170000076293945,0.0,73576436
2020-01-14,5.0846028327941895,7.159999847412109,0.0,7.159999847412109,7.159999847412109,7.159999847412109,0.0,54632326
2020-01-15,5.070399761199951,7.139999866485596,0.0,7.170000076293945,7.130000114440918,7.170000076293945,0.0,43999214
2020-01-16,5.03489351272583,7.090000152587891,0.0,7.150000095367432,7.079999923706055,7.150000095367432,0.0,94107591
2020-01-17,5.027791500091553,7.079999923706055,0.0,7.130000114440918,7.070000171661377,7.090000152587891,0.0,55320519
2020-01-20,5.041994094848633,7.099999904632568,0.0,7.110000133514404,7.070000171661377,7.090000152587891,0.0,73973111
2020-01-21,4.999385833740234,7.039999961853027,0.0,7.090000152587891,7.03000020980835,7.090000152587891,0.0,89464895
2020-01-22,5.0064873695373535,7.050000190734863,0.0,7.059999942779541,6.989999771118164,7.019999980926514,0.0,87063279
2020-01-23,4.949675559997559,6.96999979019165,0.0,7.03000020980835,6.920000076293945,7.019999980926514,0.0,125598990
2020-02-03,4.573301792144775,6.440000057220459,0.0,6.659999847412109,6.329999923706055,6.420000076293945,0.0,193661464
2020-02-04,4.743734836578369,6.679999828338623,0.0,6.739999771118164,6.429999828338623,6.429999828338623,0.0,165419471
2020-02-05,4.765039920806885,6.710000038146973,0.0,6.769999980926514,6.610000133514404,6.679999828338623,0.0,103625238
2020-02-06,4.750837326049805,6.690000057220459,0.0,6.739999771118164,6.630000114440918,6.739999771118164,0.0,143935209
2020-02-07,4.708228588104248,6.630000114440918,0.0,6.650000095367432,6.570000171661377,6.650000095367432,0.0,108238428
2020-02-10,4.701127052307129,6.619999885559082,0.0,6.630000114440918,6.559999942779541,6.599999904632568,0.0,69871729
2020-02-11,4.750837326049805,6.690000057220459,0.0,6.690000057220459,6.599999904632568,6.630000114440918,0.0,94884207
2020-02-12,4.750837326049805,6.690000057220459,0.0,6.690000057220459,6.639999866485596,6.679999828338623,0.0,63123380
2020-02-13,4.701127052307129,6.619999885559082,0.0,6.690000057220459,6.599999904632568,6.690000057220459,0.0,91953637
2020-02-14,4.722431182861328,6.650000095367432,0.0,6.670000076293945,6.579999923706055,6.599999904632568,0.0,68854935
2020-02-17,4.786344051361084,6.739999771118164,0.0,6.739999771118164,6.619999885559082,6.639999866485596,0.0,90992821
2020-02-18,4.757937908172607,6.699999809265137,0.0,6.739999771118164,6.679999828338623,6.730000019073486,0.0,84400248
2020-02-19,4.765039920806885,6.710000038146973,0.0,6.739999771118164,6.679999828338623,6.690000057220459,0.0,90909186
2020-02-20,4.800546646118164,6.760000228881836,0.0,6.769999980926514,6.639999866485596,6.710000038146973,0.0,122763401
2020-02-21,4.807648181915283,6.769999980926514,0.0,6.820000171661377,6.699999809265137,6.730000019073486,0.0,92576405
2020-02-24,4.765039920806885,6.710000038146973,0.0,6.769999980926514,6.699999809265137,6.769999980926514,0.0,88049784
2020-02-25,4.715329647064209,6.639999866485596,0.0,6.679999828338623,6.610000133514404,6.650000095367432,0.0,88927576
2020-02-26,4.722431182861328,6.650000095367432,0.0,6.690000057220459,6.550000190734863,6.590000152587891,0.0,83820260
2020-02-27,4.736633777618408,6.670000076293945,0.0,6.670000076293945,6.619999885559082,6.650000095367432,0.0,72598342
2020-02-28,4.615910053253174,6.5,0.0,6.639999866485596,6.5,6.610000133514404,0.0,127946382
2020-03-02,4.679823398590088,6.590000152587891,0.0,6.610000133514404,6.510000228881836,6.510000228881836,0.0,80439213
2020-03-03,4.686923980712891,6.599999904632568,0.0,6.670000076293945,6.590000152587891,6.630000114440918,0.0,90153524
2020-03-04,4.686923980712891,6.599999904632568,0.0,6.630000114440918,6.570000171661377,6.599999904632568,0.0,87990524
2020-03-05,4.765039920806885,6.710000038146973,0.0,6.71999979019165,6.579999923706055,6.619999885559082,0.0,166622327
2020-03-06,4.708228588104248,6.630000114440918,0.0,6.699999809265137,6.619999885559082,6.659999847412109,0.0,83512044
2020-03-09,4.601707458496094,6.480000019073486,0.0,6.570000171661377,6.46999979019165,6.570000171661377,0.0,163968778
2020-03-10,4.637214660644531,6.53000020980835,0.0,6.550000190734863,6.449999809265137,6.449999809265137,0.0,122794471
2020-03-11,4.630112648010254,6.519999980926514,0.0,6.590000152587891,6.510000228881836,6.539999961853027,0.0,77763752
2020-03-12,4.644315719604492,6.539999961853027,0.0,6.550000190734863,6.449999809265137,6.489999771118164,0.0,102085127
2020-03-13,4.6088080406188965,6.489999771118164,0.0,6.53000020980835,6.340000152587891,6.369999885559082,0.0,115368859
2020-03-16,4.559099197387695,6.420000076293945,0.0,6.539999961853027,6.380000114440918,6.489999771118164,0.0,138662141
2020-03-17,4.580402851104736,6.449999809265137,0.0,6.46999979019165,6.309999942779541,6.389999866485596,0.0,121200343
2020-03-18,4.537795066833496,6.389999866485596,0.0,6.489999771118164,6.380000114440918,6.440000057220459,0.0,88296423
2020-03-19,4.409969329833984,6.210000038146973,0.0,6.389999866485596,6.159999847412109,6.349999904632568,0.0,156342078
2020-03-20,4.4880852699279785,6.320000171661377,0.0,6.389999866485596,6.190000057220459,6.260000228881836,0.0,120448361
2020-03-23,4.381564140319824,6.170000076293945,0.0,6.230000019073486,6.130000114440918,6.190000057220459,0.0,95281504
2020-03-24,4.5235915184021,6.369999885559082,0.0,6.380000114440918,6.230000019073486,6.230000019073486,0.0,104887555
2020-03-25,4.530693531036377,6.380000114440918,0.0,6.449999809265137,6.360000133514404,6.429999828338623,0.0,112985481
2020-03-26,4.544895172119141,6.400000095367432,0.0,6.449999809265137,6.320000171661377,6.320000171661377,0.0,101523045
2020-03-27,4.594605922698975,6.46999979019165,0.0,6.5,6.429999828338623,6.429999828338623,0.0,75930244
2020-03-30,4.594605922698975,6.46999979019165,0.0,6.489999771118164,6.400000095367432,6.420000076293945,0.0,76898304
2020-03-31,4.502287864685059,6.340000152587891,0.0,6.510000228881836,6.320000171661377,6.489999771118164,0.0,98983311
2020-04-01,4.530693531036377,6.380000114440918,0.0,6.400000095367432,6.320000171661377,6.329999923706055,0.0,43243222
2020-04-02,4.56619930267334,6.429999828338623,0.0,6.429999828338623,6.340000152587891,6.349999904632568,0.0,36627994
2020-04-03,4.544895172119141,6.400000095367432,0.0,6.440000057220459,6.369999885559082,6.400000095367432,0.0,40748743
2020-04-07,4.559099197387695,6.420000076293945,0.0,6.480000019073486,6.389999866485596,6.46999979019165,0.0,92580536
2020-04-08,4.5235915184021,6.369999885559082,0.0,6.409999847412109,6.349999904632568,6.400000095367432,0.0,52712476
2020-04-09,4.544895172119141,6.400000095367432,0.0,6.400000095367432,6.360000133514404,6.389999866485596,0.0,35855750
2020-04-10,4.5235915184021,6.369999885559082,0.0,6.400000095367432,6.349999904632568,6.400000095367432,0.0,43371570
2020-04-13,4.4880852699279785,6.320000171661377,0.0,6.360000133514404,6.309999942779541,6.340000152587891,0.0,39199447
2020-04-14,4.516490459442139,6.360000133514404,0.0,6.360000133514404,6.309999942779541,6.309999942779541,0.0,45282712
2020-04-15,4.502287864685059,6.340000152587891,0.0,6.369999885559082,6.329999923706055,6.340000152587891,0.0,34207632
2020-04-16,4.502287864685059,6.340000152587891,0.0,6.360000133514404,6.320000171661377,6.329999923706055,0.0,34828014
2020-04-17,4.5093889236450195,6.349999904632568,0.0,6.369999885559082,6.320000171661377,6.360000133514404,0.0,83799802
2020-04-20,4.480982780456543,6.309999942779541,0.0,6.349999904632568,6.309999942779541,6.340000152587891,0.0,49051290
2020-04-21,4.4383745193481445,6.25,0.0,6.320000171661377,6.230000019073486,6.320000171661377,0.0,48393684
2020-04-22,4.445476531982422,6.260000228881836,0.0,6.260000228881836,6.199999809265137,6.230000019073486,0.0,38164446
2020-04-23,4.409969329833984,6.210000038146973,0.0,6.260000228881836,6.199999809265137,6.260000228881836,0.0,48279509
2020-04-24,4.402868270874023,6.199999809265137,0.0,6.21999979019165,6.179999828338623,6.21999979019165,0.0,30728017
2020-04-27,4.445476531982422,6.260000228881836,0.0,6.300000190734863,6.199999809265137,6.199999809265137,0.0,68570875
2020-04-28,4.452578067779541,6.269999980926514,0.0,6.300000190734863,6.199999809265137,6.260000228881836,0.0,64716661
2020-04-29,4.559099197387695,6.420000076293945,0.0,6.420000076293945,6.28000020980835,6.28000020980835,0.0,103120718
2020-04-30,4.56619930267334,6.429999828338623,0.0,6.46999979019165,6.409999847412109,6.420000076293945,0.0,51089825
2020-05-06,4.502287864685059,6.340000152587891,0.0,6.369999885559082,6.309999942779541,6.360000133514404,0.0,68585204
2020-05-07,4.480982780456543,6.309999942779541,0.0,6.340000152587891,6.300000190734863,6.320000171661377,0.0,53424259
2020-05-08,4.5093889236450195,6.349999904632568,0.0,6.360000133514404,6.320000171661377,6.329999923706055,0.0,61514104
2020-05-11,4.537795066833496,6.389999866485596,0.0,6.400000095367432,6.349999904632568,6.360000133514404,0.0,58023510
2020-05-12,4.5093889236450195,6.349999904632568,0.0,6.429999828338623,6.329999923706055,6.389999866485596,0.0,48662901
2020-05-13,4.530693531036377,6.380000114440918,0.0,6.389999866485596,6.320000171661377,6.340000152587891,0.0,35654245
2020-05-14,4.4880852699279785,6.320000171661377,0.0,6.369999885559082,6.320000171661377,6.369999885559082,0.0,32952700
2020-05-15,4.480982780456543,6.309999942779541,0.0,6.349999904632568,6.309999942779541,6.349999904632568,0.0,37046133
2020-05-18,4.4880852699279785,6.320000171661377,0.0,6.349999904632568,6.289999961853027,6.329999923706055,0.0,46842742
2020-05-19,4.537795066833496,6.389999866485596,0.0,6.409999847412109,6.340000152587891,6.360000133514404,0.0,90566886
2020-05-20,4.551998138427734,6.409999847412109,0.0,6.440000057220459,6.369999885559082,6.400000095367432,0.0,56138043
2020-05-21,4.56619930267334,6.429999828338623,0.0,6.460000038146973,6.400000095367432,6.400000095367432,0.0,58249844
2020-05-22,4.4880852699279785,6.320000171661377,0.0,6.460000038146973,6.309999942779541,6.429999828338623,0.0,91066804
2020-05-25,4.495185852050781,6.329999923706055,0.0,6.360000133514404,6.300000190734863,6.320000171661377,0.0,44170170
2020-05-26,4.502287864685059,6.340000152587891,0.0,6.369999885559082,6.329999923706055,6.349999904632568,0.0,41220734
2020-05-27,4.5235915184021,6.369999885559082,0.0,6.409999847412109,6.340000152587891,6.349999904632568,0.0,45633033
2020-05-28,4.559099197387695,6.420000076293945,0.0,6.5,6.389999866485596,6.400000095367432,0.0,76503542
2020-05-29,4.5235915184021,6.369999885559082,0.0,6.429999828338623,6.360000133514404,6.409999847412109,0.0,45138741
2020-06-01,4.544895172119141,6.400000095367432,0.0,6.440000057220459,6.380000114440918,6.400000095367432,0.0,54227179
2020-06-02,4.551998138427734,6.409999847412109,0.0,6.420000076293945,6.380000114440918,6.389999866485596,0.0,87134941
2020-06-03,4.56619930267334,6.429999828338623,0.0,6.46999979019165,6.409999847412109,6.429999828338623,0.0,76167455
2020-06-04,4.544895172119141,6.400000095367432,0.0,6.449999809265137,6.400000095367432,6.449999809265137,0.0,42813356
2020-06-05,4.56619930267334,6.429999828338623,0.0,6.440000057220459,6.389999866485596,6.409999847412109,0.0,46514886
2020-06-08,4.544895172119141,6.400000095367432,0.0,6.440000057220459,6.389999866485596,6.420000076293945,0.0,91696039
2020-06-09,4.56619930267334,6.429999828338623,0.0,6.429999828338623,6.380000114440918,6.400000095367432,0.0,72764832
2020-06-10,4.544895172119141,6.400000095367432,0.0,6.429999828338623,6.389999866485596,6.429999828338623,0.0,53731556
2020-06-11,4.5093889236450195,6.349999904632568,0.0,6.420000076293945,6.340000152587891,6.400000095367432,0.0,89894606
2020-06-12,4.530693531036377,6.380000114440918,0.0,6.380000114440918,6.300000190734863,6.309999942779541,0.0,89559569
2020-06-15,4.452578067779541,6.269999980926514,0.0,6.340000152587891,6.260000228881836,6.329999923706055,0.0,93762002
2020-06-16,4.480982780456543,6.309999942779541,0.0,6.340000152587891,6.28000020980835,6.309999942779541,0.0,51717257
2020-06-17,4.480982780456543,6.309999942779541,0.0,6.349999904632568,6.289999961853027,6.300000190734863,0.0,41831653
2020-06-18,4.459679126739502,6.28000020980835,0.0,6.300000190734863,6.25,6.28000020980835,0.0,85707101
2020-06-19,4.459679126739502,6.28000020980835,0.0,6.300000190734863,6.25,6.28000020980835,0.0,71803561
2020-06-22,4.47388219833374,6.300000190734863,0.0,6.340000152587891,6.269999980926514,6.28000020980835,0.0,77732667
2020-06-23,4.452578067779541,6.269999980926514,0.0,6.309999942779541,6.260000228881836,6.289999961853027,0.0,54872662
2020-06-24,4.4880852699279785,6.320000171661377,0.0,6.329999923706055,6.269999980926514,6.269999980926514,0.0,68015306
2020-06-29,4.459679126739502,6.28000020980835,0.0,6.400000095367432,6.25,6.380000114440918,0.0,113183120
2020-06-30,4.480982780456543,6.309999942779541,0.0,6.329999923706055,6.28000020980835,6.300000190734863,0.0,72609624
2020-07-01,4.516490459442139,6.360000133514404,0.0,6.369999885559082,6.28000020980835,6.309999942779541,0.0,96127655
2020-07-02,4.601707458496094,6.480000019073486,0.0,6.539999961853027,6.349999904632568,6.360000133514404,0.0,215993087
2020-07-03,4.743734836578369,6.679999828338623,0.0,6.690000057220459,6.489999771118164,6.489999771118164,0.0,202862600
2020-07-06,5.148514747619629,7.25,0.0,7.28000020980835,6.739999771118164,6.739999771118164,0.0,383175220
2020-07-07,5.148514747619629,7.25,0.0,7.559999942779541,7.059999942779541,7.300000190734863,0.0,322148399
2020-07-08,5.134312152862549,7.230000019073486,0.0,7.289999961853027,7.079999923706055,7.179999828338623,0.0,205258699
2020-07-09,5.091703414916992,7.170000076293945,0.0,7.21999979019165,7.079999923706055,7.179999828338623,0.0,167854049
2020-07-10,4.868709087371826,6.550000190734863,0.32,6.860000133514404,6.519999980926514,6.849999904632568,0.0,231199968
2020-07-13,4.831543922424316,6.5,0.0,6.550000190734863,6.46999979019165,6.510000228881836,0.0,259124395
2020-07-14,4.772078990936279,6.420000076293945,0.0,6.510000228881836,6.369999885559082,6.480000019073486,0.0,170016228
2020-07-15,4.690313339233398,6.309999942779541,0.0,6.460000038146973,6.300000190734863,6.429999828338623,0.0,137133675
2020-07-16,4.682880878448486,6.300000190734863,0.0,6.389999866485596,6.28000020980835,6.340000152587891,0.0,158936811
2020-07-17,4.675448417663574,6.289999961853027,0.0,6.349999904632568,6.260000228881836,6.340000152587891,0.0,102994848
2020-07-20,4.757211685180664,6.400000095367432,0.0,6.420000076293945,6.289999961853027,6.309999942779541,0.0,129321880
2020-07-21,4.734912395477295,6.369999885559082,0.0,6.440000057220459,6.329999923706055,6.420000076293945,0.0,92717719
2020-07-22,4.712613582611084,6.340000152587891,0.0,6.429999828338623,6.329999923706055,6.360000133514404,0.0,104218516
2020-07-23,4.660581588745117,6.269999980926514,0.0,6.340000152587891,6.25,6.309999942779541,0.0,134702902
2020-07-24,4.549084186553955,6.119999885559082,0.0,6.260000228881836,6.079999923706055,6.260000228881836,0.0,188491331
2020-07-27,4.504485607147217,6.059999942779541,0.0,6.139999866485596,6.039999961853027,6.139999866485596,0.0,137949717
2020-07-28,4.519351482391357,6.079999923706055,0.0,6.110000133514404,6.039999961853027,6.090000152587891,0.0,100137177
2020-07-29,4.563951015472412,6.139999866485596,0.0,6.139999866485596,6.050000190734863,6.070000171661377,0.0,90518548
2020-07-30,4.549084186553955,6.119999885559082,0.0,6.159999847412109,6.099999904632568,6.139999866485596,0.0,74057521
2020-07-31,4.549084186553955,6.119999885559082,0.0,6.179999828338623,6.090000152587891,6.110000133514404,0.0,85267692
2020-08-03,4.571383953094482,6.150000095367432,0.0,6.159999847412109,6.110000133514404,6.119999885559082,0.0,103907415
2020-08-04,4.64571475982666,6.25,0.0,6.269999980926514,6.130000114440918,6.159999847412109,0.0,161780230
2020-08-05,4.615982532501221,6.210000038146973,0.0,6.239999771118164,6.170000076293945,6.21999979019165,0.0,84226643
2020-08-06,4.601116180419922,6.190000057220459,0.0,6.25,6.150000095367432,6.210000038146973,0.0,74481825
2020-08-07,4.593683242797852,6.179999828338623,0.0,6.21999979019165,6.150000095367432,6.190000057220459,0.0,65143605
2020-08-10,4.615982532501221,6.210000038146973,0.0,6.239999771118164,6.139999866485596,6.170000076293945,0.0,74466758
2020-08-11,4.60854959487915,6.199999809265137,0.0,6.269999980926514,6.190000057220459,6.210000038146973,0.0,91468403
2020-08-12,4.615982532501221,6.210000038146973,0.0,6.21999979019165,6.159999847412109,6.159999847412109,0.0,82367803
2020-08-13,4.60854959487915,6.199999809265137,0.0,6.239999771118164,6.190000057220459,6.210000038146973,0.0,43797623
2020-08-14,4.630849361419678,6.230000019073486,0.0,6.239999771118164,6.179999828338623,6.210000038146973,0.0,66380599
2020-08-17,4.734912395477295,6.369999885559082,0.0,6.420000076293945,6.230000019073486,6.230000019073486,0.0,218170643
2020-08-18,4.697747707366943,6.320000171661377,0.0,6.369999885559082,6.300000190734863,6.369999885559082,0.0,98754592
2020-08-19,4.660581588745117,6.269999980926514,0.0,6.329999923706055,6.269999980926514,6.329999923706055,0.0,65140050
2020-08-20,4.60854959487915,6.199999809265137,0.0,6.28000020980835,6.190000057220459,6.28000020980835,0.0,84019731
2020-08-21,4.623415470123291,6.21999979019165,0.0,6.239999771118164,6.199999809265137,6.230000019073486,0.0,44669980
2020-08-24,4.623415470123291,6.21999979019165,0.0,6.260000228881836,6.210000038146973,6.230000019073486,0.0,48965648
2020-08-25,4.615982532501221,6.210000038146973,0.0,6.25,6.199999809265137,6.230000019073486,0.0,42609369
2020-08-26,4.578816890716553,6.159999847412109,0.0,6.21999979019165,6.150000095367432,6.210000038146973,0.0,57902921
2020-08-27,4.571383953094482,6.150000095367432,0.0,6.179999828338623,6.130000114440918,6.170000076293945,0.0,59913844
2020-08-28,4.615982532501221,6.210000038146973,0.0,6.210000038146973,6.130000114440918,6.139999866485596,0.0,62830435
2020-08-31,4.60854959487915,6.199999809265137,0.0,6.260000228881836,6.179999828338623,6.21999979019165,0.0,123651057
2020-09-01,4.60854959487915,6.199999809265137,0.0,6.210000038146973,6.159999847412109,6.190000057220459,0.0,66114658
2020-09-02,4.586250305175781,6.170000076293945,0.0,6.190000057220459,6.139999866485596,6.179999828338623,0.0,74584841
2020-09-03,4.556517601013184,6.130000114440918,0.0,6.179999828338623,6.099999904632568,6.159999847412109,0.0,79726674
2020-09-04,4.541651725769043,6.110000133514404,0.0,6.139999866485596,6.090000152587891,6.099999904632568,0.0,58605625
2020-09-07,4.541651725769043,6.110000133514404,0.0,6.150000095367432,6.090000152587891,6.110000133514404,0.0,56111389
2020-09-08,4.623415470123291,6.21999979019165,0.0,6.230000019073486,6.119999885559082,6.139999866485596,0.0,93553747
2020-09-09,4.593683242797852,6.179999828338623,0.0,6.25,6.159999847412109,6.190000057220459,0.0,65387190
2020-09-10,4.563951015472412,6.139999866485596,0.0,6.21999979019165,6.119999885559082,6.199999809265137,0.0,66209728
2020-09-11,4.571383953094482,6.150000095367432,0.0,6.199999809265137,6.110000133514404,6.150000095367432,0.0,56662390
2020-09-14,4.556517601013184,6.130000114440918,0.0,6.159999847412109,6.110000133514404,6.150000095367432,0.0,52997826
2020-09-15,4.549084186553955,6.119999885559082,0.0,6.150000095367432,6.110000133514404,6.130000114440918,0.0,34416362
2020-09-16,4.556517601013184,6.130000114440918,0.0,6.170000076293945,6.110000133514404,6.119999885559082,0.0,49398724
2020-09-17,4.571383953094482,6.150000095367432,0.0,6.159999847412109,6.110000133514404,6.130000114440918,0.0,52418473
2020-09-18,4.638282299041748,6.239999771118164,0.0,6.25,6.119999885559082,6.139999866485596,0.0,108166179
2020-09-21,4.615982532501221,6.210000038146973,0.0,6.260000228881836,6.179999828338623,6.239999771118164,0.0,56074279
2020-09-22,4.601116180419922,6.190000057220459,0.0,6.239999771118164,6.170000076293945,6.179999828338623,0.0,53503746
2020-09-23,4.586250305175781,6.170000076293945,0.0,6.199999809265137,6.170000076293945,6.190000057220459,0.0,39903631
2020-09-24,4.556517601013184,6.130000114440918,0.0,6.170000076293945,6.110000133514404,6.170000076293945,0.0,49089905
2020-09-25,4.563951015472412,6.139999866485596,0.0,6.170000076293945,6.119999885559082,6.119999885559082,0.0,47155291
2020-09-28,4.601116180419922,6.190000057220459,0.0,6.210000038146973,6.110000133514404,6.139999866485596,0.0,73086930
2020-09-29,4.563951015472412,6.139999866485596,0.0,6.199999809265137,6.139999866485596,6.190000057220459,0.0,43619288
2020-09-30,4.571383953094482,6.150000095367432,0.0,6.199999809265137,6.119999885559082,6.139999866485596,0.0,58398855
2020-10-09,4.563951015472412,6.139999866485596,0.0,6.199999809265137,6.130000114440918,6.199999809265137,0.0,68461246
2020-10-12,4.630849361419678,6.230000019073486,0.0,6.239999771118164,6.130000114440918,6.130000114440918,0.0,121608144
2020-10-13,4.586250305175781,6.170000076293945,0.0,6.230000019073486,6.150000095367432,6.199999809265137,0.0,103045954
2020-10-14,4.586250305175781,6.170000076293945,0.0,6.179999828338623,6.139999866485596,6.170000076293945,0.0,62499758
2020-10-15,4.630849361419678,6.230000019073486,0.0,6.239999771118164,6.150000095367432,6.170000076293945,0.0,119091909
2020-10-16,4.757211685180664,6.400000095367432,0.0,6.440000057220459,6.210000038146973,6.230000019073486,0.0,316793069
2020-10-19,4.846409797668457,6.519999980926514,0.0,6.639999866485596,6.420000076293945,6.429999828338623,0.0,249065042
2020-10-20,4.720046520233154,6.349999904632568,0.0,6.5,6.309999942779541,6.5,0.0,171524891
2020-10-21,4.779510974884033,6.429999828338623,0.0,6.46999979019165,6.309999942779541,6.349999904632568,0.0,107857573
2020-10-22,4.809244632720947,6.46999979019165,0.0,6.510000228881836,6.400000095367432,6.440000057220459,0.0,98489309
2020-10-23,4.809244632720947,6.46999979019165,0.0,6.550000190734863,6.420000076293945,6.440000057220459,0.0,109730081
2020-10-26,4.786945343017578,6.440000057220459,0.0,6.510000228881836,6.389999866485596,6.480000019073486,0.0,88851943
2020-10-27,4.74977970123291,6.389999866485596,0.0,6.440000057220459,6.369999885559082,6.420000076293945,0.0,77686086
2020-10-28,4.675448417663574,6.289999961853027,0.0,6.389999866485596,6.260000228881836,6.380000114440918,0.0,78691581
2020-10-29,4.675448417663574,6.289999961853027,0.0,6.329999923706055,6.230000019073486,6.25,0.0,72525436
2020-10-30,4.675448417663574,6.289999961853027,0.0,6.389999866485596,6.25,6.269999980926514,0.0,83592549
2020-11-02,4.638282299041748,6.239999771118164,0.0,6.309999942779541,6.210000038146973,6.269999980926514,0.0,91313807
2020-11-03,4.660581588745117,6.269999980926514,0.0,6.380000114440918,6.25,6.269999980926514,0.0,81207869
2020-11-04,4.720046520233154,6.349999904632568,0.0,6.380000114440918,6.289999961853027,6.329999923706055,0.0,72448755
2020-11-05,4.727479934692383,6.360000133514404,0.0,6.420000076293945,6.320000171661377,6.420000076293945,0.0,88280724
2020-11-06,4.74977970123291,6.389999866485596,0.0,6.409999847412109,6.300000190734863,6.360000133514404,0.0,92425300
2020-11-09,4.757211685180664,6.400000095367432,0.0,6.429999828338623,6.360000133514404,6.420000076293945,0.0,95050398
2020-11-10,4.79437780380249,6.449999809265137,0.0,6.570000171661377,6.429999828338623,6.440000057220459,0.0,130952679
2020-11-11,4.8910088539123535,6.579999923706055,0.0,6.619999885559082,6.429999828338623,6.449999809265137,0.0,171022783
2020-11-12,4.853843688964844,6.53000020980835,0.0,6.599999904632568,6.5,6.579999923706055,0.0,66053832
2020-11-13,4.757211685180664,6.400000095367432,0.0,6.519999980926514,6.380000114440918,6.5,0.0,79007537
2020-11-16,4.772078990936279,6.420000076293945,0.0,6.429999828338623,6.369999885559082,6.400000095367432,0.0,67980872
2020-11-17,4.816677570343018,6.480000019073486,0.0,6.519999980926514,6.409999847412109,6.420000076293945,0.0,64655586
2020-11-18,4.883576393127441,6.570000171661377,0.0,6.619999885559082,6.46999979019165,6.480000019073486,0.0,124421380
2020-11-19,4.9430413246154785,6.650000095367432,0.0,6.659999847412109,6.539999961853027,6.559999942779541,0.0,140495067
2020-11-20,4.883576393127441,6.570000171661377,0.0,6.630000114440918,6.53000020980835,6.619999885559082,0.0,64883754
2020-11-23,4.987640380859375,6.710000038146973,0.0,6.730000019073486,6.53000020980835,6.539999961853027,0.0,120170956
2020-11-24,4.93560791015625,6.639999866485596,0.0,6.760000228881836,6.630000114440918,6.690000057220459,0.0,94273599
2020-11-25,4.920741558074951,6.619999885559082,0.0,6.760000228881836,6.619999885559082,6.690000057220459,0.0,96244272
2020-11-26,5.009939670562744,6.739999771118164,0.0,6.75,6.599999904632568,6.650000095367432,0.0,108596641
2020-11-27,5.225500583648682,7.03000020980835,0.0,7.03000020980835,6.739999771118164,6.739999771118164,0.0,314683169
2020-11-30,5.314698696136475,7.150000095367432,0.0,7.550000190734863,7.150000095367432,7.170000076293945,0.0,544102409
2020-12-01,5.4261956214904785,7.300000190734863,0.0,7.369999885559082,7.070000171661377,7.179999828338623,0.0,242532635
2020-12-02,5.433628559112549,7.309999942779541,0.0,7.380000114440918,7.130000114440918,7.289999961853027,0.0,178157794
2020-12-03,5.4261956214904785,7.300000190734863,0.0,7.380000114440918,7.210000038146973,7.340000152587891,0.0,104884241
2020-12-04,5.307265281677246,7.139999866485596,0.0,7.289999961853027,7.059999942779541,7.260000228881836,0.0,132734643
2020-12-07,5.180901527404785,6.96999979019165,0.0,7.170000076293945,6.960000038146973,7.139999866485596,0.0,109831126
2020-12-08,5.032238960266113,6.769999980926514,0.0,7.0,6.71999979019165,6.96999979019165,0.0,179035362
2020-12-09,4.995072841644287,6.71999979019165,0.0,6.829999923706055,6.71999979019165,6.769999980926514,0.0,119461605
2020-12-10,4.8910088539123535,6.579999923706055,0.0,6.710000038146973,6.519999980926514,6.659999847412109,0.0,169056423
2020-12-11,4.82411003112793,6.489999771118164,0.0,6.599999904632568,6.460000038146973,6.579999923706055,0.0,152931865
2020-12-14,4.853843688964844,6.53000020980835,0.0,6.579999923706055,6.46999979019165,6.519999980926514,0.0,119467271
2020-12-15,4.779510974884033,6.429999828338623,0.0,6.519999980926514,6.360000133514404,6.510000228881836,0.0,167889052
2020-12-16,4.779510974884033,6.429999828338623,0.0,6.480000019073486,6.369999885559082,6.429999828338623,0.0,161375222
2020-12-17,4.79437780380249,6.449999809265137,0.0,6.460000038146973,6.320000171661377,6.429999828338623,0.0,147317472
2020-12-18,4.764646053314209,6.409999847412109,0.0,6.440000057220459,6.369999885559082,6.409999847412109,0.0,119173257
2020-12-21,4.727479934692383,6.360000133514404,0.0,6.440000057220459,6.329999923706055,6.400000095367432,0.0,150622019
2020-12-22,4.630849361419678,6.230000019073486,0.0,6.349999904632568,6.210000038146973,6.340000152587891,0.0,222533332
2020-12-23,4.638282299041748,6.239999771118164,0.0,6.260000228881836,6.179999828338623,6.21999979019165,0.0,147259490
2020-12-24,4.660581588745117,6.269999980926514,0.0,6.300000190734863,6.239999771118164,6.260000228881836,0.0,82402623
2020-12-25,4.660581588745117,6.269999980926514,0.0,6.300000190734863,6.25,6.269999980926514,0.0,61414322
2020-12-28,4.638282299041748,6.239999771118164,0.0,6.300000190734863,6.210000038146973,6.25,0.0,126705894
2020-12-29,4.64571475982666,6.25,0.0,6.28000020980835,6.21999979019165,6.269999980926514,0.0,118443086
2020-12-30,4.623415470123291,6.21999979019165,0.0,6.269999980926514,6.199999809265137,6.260000228881836,0.0,133344049
2020-12-31,4.6680145263671875,6.28000020980835,0.0,6.320000171661377,6.210000038146973,6.230000019073486,0.0,182475675
2021-01-04,4.64571475982666,6.25,0.0,6.269999980926514,6.199999809265137,6.239999771118164,0.0,195559681
2021-01-05,4.60854959487915,6.199999809265137,0.0,6.239999771118164,6.159999847412109,6.21999979019165,0.0,181662875
2021-01-06,4.653148651123047,6.260000228881836,0.0,6.260000228881836,6.179999828338623,6.190000057220459,0.0,134654394
2021-01-07,4.690313339233398,6.309999942779541,0.0,6.380000114440918,6.239999771118164,6.28000020980835,0.0,179860737
2021-01-08,4.712613582611084,6.340000152587891,0.0,6.400000095367432,6.300000190734863,6.309999942779541,0.0,183619260
2021-01-11,4.79437780380249,6.449999809265137,0.0,6.5,6.349999904632568,6.360000133514404,0.0,268447356
2021-01-12,4.82411003112793,6.489999771118164,0.0,6.5,6.380000114440918,6.449999809265137,0.0,182731811
2021-01-13,4.8910088539123535,6.579999923706055,0.0,6.599999904632568,6.46999979019165,6.480000019073486,0.0,153775528
2021-01-14,4.868709087371826,6.550000190734863,0.0,6.690000057220459,6.539999961853027,6.590000152587891,0.0,150028042
2021-01-15,4.972774028778076,6.690000057220459,0.0,6.829999923706055,6.619999885559082,6.619999885559082,0.0,291458989
2021-01-18,5.024806022644043,6.760000228881836,0.0,6.800000190734863,6.659999847412109,6.75,0.0,178620262
2021-01-19,5.166035175323486,6.949999809265137,0.0,7.03000020980835,6.699999809265137,6.75,0.0,260777117
2021-01-20,5.039672374725342,6.78000020980835,0.0,6.989999771118164,6.739999771118164,6.929999828338623,0.0,184621220
2021-01-21,5.009939670562744,6.739999771118164,0.0,6.880000114440918,6.679999828338623,6.829999923706055,0.0,163653478
2021-01-22,4.8910088539123535,6.579999923706055,0.0,6.710000038146973,6.510000228881836,6.710000038146973,0.0,177598912
2021-01-25,4.913308143615723,6.610000133514404,0.0,6.639999866485596,6.460000038146973,6.519999980926514,0.0,152869097
2021-01-26,4.957907199859619,6.670000076293945,0.0,6.710000038146973,6.579999923706055,6.599999904632568,0.0,109744112
2021-01-27,5.002506256103516,6.730000019073486,0.0,6.860000133514404,6.639999866485596,6.650000095367432,0.0,146314098
2021-01-28,4.950474262237549,6.659999847412109,0.0,6.78000020980835,6.610000133514404,6.690000057220459,0.0,130642751
2021-01-29,5.024806022644043,6.760000228881836,0.0,6.840000152587891,6.619999885559082,6.690000057220459,0.0,189463191
2021-02-01,5.024806022644043,6.760000228881836,0.0,6.800000190734863,6.599999904632568,6.699999809265137,0.0,161704624
2021-02-02,4.995072841644287,6.71999979019165,0.0,6.809999942779541,6.659999847412109,6.739999771118164,0.0,106160268
2021-02-03,4.957907199859619,6.670000076293945,0.0,6.75,6.610000133514404,6.699999809265137,0.0,123751878
2021-02-04,4.92817497253418,6.630000114440918,0.0,6.769999980926514,6.610000133514404,6.650000095367432,0.0,164010476
2021-02-05,5.143735885620117,6.920000076293945,0.0,6.960000038146973,6.619999885559082,6.630000114440918,0.0,350270645
2021-02-08,5.158602714538574,6.940000057220459,0.0,7.019999980926514,6.820000171661377,6.96999979019165,0.0,223848348
2021-02-09,5.128869533538818,6.900000095367432,0.0,6.96999979019165,6.809999942779541,6.900000095367432,0.0,151509690
2021-02-10,5.322131633758545,7.159999847412109,0.0,7.360000133514404,7.039999961853027,7.130000114440918,0.0,355816523
2021-02-18,5.277532577514648,7.099999904632568,0.0,7.239999771118164,7.079999923706055,7.230000019073486,0.0,215297542
2021-02-19,5.284966468811035,7.110000133514404,0.0,7.170000076293945,7.050000190734863,7.079999923706055,0.0,147792322
2021-02-22,5.418762683868408,7.289999961853027,0.0,7.300000190734863,7.039999961853027,7.079999923706055,0.0,222151156
2021-02-23,5.485660552978516,7.380000114440918,0.0,7.480000019073486,7.269999980926514,7.289999961853027,0.0,229230426
2021-02-24,5.314698696136475,7.150000095367432,0.0,7.400000095367432,7.099999904632568,7.400000095367432,0.0,169187705
2021-02-25,5.470794677734375,7.360000133514404,0.0,7.449999809265137,7.150000095367432,7.179999828338623,0.0,197964902
2021-02-26,5.396462917327881,7.260000228881836,0.0,7.519999980926514,7.199999809265137,7.269999980926514,0.0,246577711
2021-03-01,5.403895854949951,7.269999980926514,0.0,7.300000190734863,7.179999828338623,7.25,0.0,107780448
2021-03-02,5.2403669357299805,7.050000190734863,0.0,7.25,6.980000019073486,7.25,0.0,167406030
2021-03-03,5.56742525100708,7.489999771118164,0.0,7.489999771118164,7.0,7.03000020980835,0.0,272206580
2021-03-04,5.537692546844482,7.449999809265137,0.0,7.53000020980835,7.389999866485596,7.429999828338623,0.0,163670760
2021-03-05,5.545125961303711,7.460000038146973,0.0,7.539999961853027,7.21999979019165,7.400000095367432,0.0,184972358
2021-03-08,5.455928325653076,7.340000152587891,0.0,7.599999904632568,7.289999961853027,7.5,0.0,179147495
2021-03-09,5.366729736328125,7.21999979019165,0.0,7.460000038146973,7.199999809265137,7.369999885559082,0.0,173335568
2021-03-10,5.366729736328125,7.21999979019165,0.0,7.320000171661377,7.099999904632568,7.21999979019165,0.0,122490683
2021-03-11,5.507959842681885,7.409999847412109,0.0,7.409999847412109,7.28000020980835,7.289999961853027,0.0,123425785
2021-03-12,5.448494911193848,7.329999923706055,0.0,7.420000076293945,7.300000190734863,7.369999885559082,0.0,96130370
2021-03-15,5.537692546844482,7.449999809265137,0.0,7.539999961853027,7.309999942779541,7.329999923706055,0.0,137211246
2021-03-16,5.634323596954346,7.579999923706055,0.0,7.630000114440918,7.420000076293945,7.5,0.0,134548249
2021-03-17,5.537692546844482,7.449999809265137,0.0,7.53000020980835,7.380000114440918,7.53000020980835,0.0,108270857
2021-03-18,5.515392780303955,7.420000076293945,0.0,7.5,7.380000114440918,7.420000076293945,0.0,78068321
2021-03-19,5.359297752380371,7.210000038146973,0.0,7.449999809265137,7.199999809265137,7.440000057220459,0.0,131545509
2021-03-22,5.448494911193848,7.329999923706055,0.0,7.349999904632568,7.170000076293945,7.190000057220459,0.0,101715849
2021-03-23,5.403895854949951,7.269999980926514,0.0,7.380000114440918,7.199999809265137,7.300000190734863,0.0,100063815
2021-03-24,5.314698696136475,7.150000095367432,0.0,7.28000020980835,7.059999942779541,7.260000228881836,0.0,117753311
2021-03-25,5.247800350189209,7.059999942779541,0.0,7.190000057220459,7.059999942779541,7.159999847412109,0.0,82060735
2021-03-26,5.270100116729736,7.090000152587891,0.0,7.110000133514404,7.019999980926514,7.079999923706055,0.0,89785330
2021-03-29,5.359297752380371,7.210000038146973,0.0,7.21999979019165,7.070000171661377,7.110000133514404,0.0,132872486
2021-03-30,5.38159704208374,7.239999771118164,0.0,7.25,7.139999866485596,7.199999809265137,0.0,100338784
2021-03-31,5.463360786437988,7.349999904632568,0.0,7.349999904632568,7.199999809265137,7.210000038146973,0.0,104418737
2021-04-01,5.4261956214904785,7.300000190734863,0.0,7.389999866485596,7.289999961853027,7.320000171661377,0.0,55874082
2021-04-02,5.322131633758545,7.159999847412109,0.0,7.329999923706055,7.110000133514404,7.300000190734863,0.0,108923424
2021-04-06,5.3741631507873535,7.230000019073486,0.0,7.230000019073486,7.119999885559082,7.159999847412109,0.0,57429777
2021-04-07,5.38159704208374,7.239999771118164,0.0,7.289999961853027,7.199999809265137,7.239999771118164,0.0,62889638
2021-04-08,5.389029502868652,7.25,0.0,7.28000020980835,7.199999809265137,7.239999771118164,0.0,62735163
2021-04-09,5.3369975090026855,7.179999828338623,0.0,7.25,7.150000095367432,7.25,0.0,78650111
2021-04-12,5.41132926940918,7.28000020980835,0.0,7.329999923706055,7.150000095367432,7.190000057220459,0.0,114896859
2021-04-13,5.455928325653076,7.340000152587891,0.0,7.389999866485596,7.239999771118164,7.309999942779541,0.0,102344710
2021-04-14,5.38159704208374,7.239999771118164,0.0,7.340000152587891,7.199999809265137,7.329999923706055,0.0,73927378
2021-04-15,5.396462917327881,7.260000228881836,0.0,7.269999980926514,7.179999828338623,7.210000038146973,0.0,72349144
2021-04-16,5.396462917327881,7.260000228881836,0.0,7.28000020980835,7.210000038146973,7.239999771118164,0.0,61185593
2021-04-19,5.403895854949951,7.269999980926514,0.0,7.289999961853027,7.210000038146973,7.230000019073486,0.0,72190231
2021-04-20,5.329564094543457,7.170000076293945,0.0,7.25,7.150000095367432,7.230000019073486,0.0,97016266
2021-04-21,5.314698696136475,7.150000095367432,0.0,7.210000038146973,7.139999866485596,7.150000095367432,0.0,74628386
2021-04-22,5.292398452758789,7.119999885559082,0.0,7.170000076293945,7.079999923706055,7.170000076293945,0.0,73601445
2021-04-23,5.26266622543335,7.079999923706055,0.0,7.139999866485596,7.0,7.119999885559082,0.0,95398358
2021-04-26,5.225500583648682,7.03000020980835,0.0,7.130000114440918,7.010000228881836,7.110000133514404,0.0,87545871
2021-04-27,5.188334941864014,6.980000019073486,0.0,7.03000020980835,6.96999979019165,7.03000020980835,0.0,53491540
2021-04-28,5.158602714538574,6.940000057220459,0.0,6.989999771118164,6.920000076293945,6.989999771118164,0.0,66565160
2021-04-29,5.166035175323486,6.949999809265137,0.0,6.96999979019165,6.900000095367432,6.940000057220459,0.0,103087400
2021-04-30,5.002506256103516,6.730000019073486,0.0,6.940000057220459,6.699999809265137,6.929999828338623,0.0,198235923
2021-05-06,5.002506256103516,6.730000019073486,0.0,6.800000190734863,6.71999979019165,6.739999771118164,0.0,93786328
2021-05-07,5.106570243835449,6.869999885559082,0.0,6.920000076293945,6.690000057220459,6.75,0.0,117094777
2021-05-10,5.158602714538574,6.940000057220459,0.0,6.940000057220459,6.849999904632568,6.869999885559082,0.0,79637408
2021-05-11,5.136302471160889,6.909999847412109,0.0,6.960000038146973,6.869999885559082,6.909999847412109,0.0,51451813
2021-05-12,5.195768356323242,6.989999771118164,0.0,7.0,6.849999904632568,6.849999904632568,0.0,96909077
2021-05-13,5.166035175323486,6.949999809265137,0.0,7.010000228881836,6.900000095367432,6.96999979019165,0.0,61020635
2021-05-14,5.188334941864014,6.980000019073486,0.0,7.0,6.900000095367432,6.949999809265137,0.0,81495116
2021-05-17,5.195768356323242,6.989999771118164,0.0,7.070000171661377,6.940000057220459,6.960000038146973,0.0,85950093
2021-05-18,5.180901527404785,6.96999979019165,0.0,7.0,6.949999809265137,7.0,0.0,36126428
2021-05-19,5.151169300079346,6.929999828338623,0.0,6.96999979019165,6.900000095367432,6.96999979019165,0.0,44126294
2021-05-20,5.158602714538574,6.940000057220459,0.0,6.980000019073486,6.900000095367432,6.920000076293945,0.0,43586915
2021-05-21,5.106570243835449,6.869999885559082,0.0,6.960000038146973,6.849999904632568,6.940000057220459,0.0,58429825
2021-05-24,5.091703414916992,6.849999904632568,0.0,6.909999847412109,6.829999923706055,6.880000114440918,0.0,47624273
2021-05-25,5.203200817108154,7.0,0.0,7.0,6.78000020980835,6.840000152587891,0.0,128932318
2021-05-26,5.218067169189453,7.019999980926514,0.0,7.070000171661377,6.960000038146973,6.989999771118164,0.0,102177610
2021-05-27,5.180901527404785,6.96999979019165,0.0,7.019999980926514,6.949999809265137,7.0,0.0,89402925
2021-05-28,5.218067169189453,7.019999980926514,0.0,7.039999961853027,6.949999809265137,6.96999979019165,0.0,86510687
2021-05-31,5.151169300079346,6.929999828338623,0.0,7.019999980926514,6.860000133514404,7.019999980926514,0.0,117881868
2021-06-01,5.099137783050537,6.860000133514404,0.0,6.920000076293945,6.829999923706055,6.920000076293945,0.0,90760806
2021-06-02,5.07683801651001,6.829999923706055,0.0,6.869999885559082,6.760000228881836,6.860000133514404,0.0,115209763
2021-06-03,5.032238960266113,6.769999980926514,0.0,6.849999904632568,6.760000228881836,6.809999942779541,0.0,94778099
2021-06-04,5.061971664428711,6.809999942779541,0.0,6.849999904632568,6.75,6.769999980926514,0.0,79502072
2021-06-07,5.039672374725342,6.78000020980835,0.0,6.800000190734863,6.760000228881836,6.789999961853027,0.0,67073223
2021-06-08,5.061971664428711,6.809999942779541,0.0,6.809999942779541,6.75,6.78000020980835,0.0,86475767
2021-06-09,5.047105312347412,6.789999961853027,0.0,6.840000152587891,6.78000020980835,6.78000020980835,0.0,71099671
2021-06-10,5.047105312347412,6.789999961853027,0.0,6.829999923706055,6.769999980926514,6.78000020980835,0.0,78030972
2021-06-11,5.024806022644043,6.760000228881836,0.0,6.809999942779541,6.730000019073486,6.789999961853027,0.0,85234670
2021-06-15,4.980206489562988,6.699999809265137,0.0,6.760000228881836,6.679999828338623,6.75,0.0,68836961
2021-06-16,4.995072841644287,6.71999979019165,0.0,6.760000228881836,6.670000076293945,6.699999809265137,0.0,68426076
2021-06-17,4.995072841644287,6.71999979019165,0.0,6.800000190734863,6.690000057220459,6.71999979019165,0.0,91433302
2021-06-18,4.9653401374816895,6.679999828338623,0.0,6.71999979019165,6.670000076293945,6.699999809265137,0.0,71586487
2021-06-21,4.9430413246154785,6.650000095367432,0.0,6.699999809265137,6.639999866485596,6.670000076293945,0.0,68428675
2021-06-22,4.957907199859619,6.670000076293945,0.0,6.699999809265137,6.650000095367432,6.670000076293945,0.0,57888995
2021-06-23,4.920741558074951,6.619999885559082,0.0,6.670000076293945,6.599999904632568,6.650000095367432,0.0,95673467
2021-06-24,4.957907199859619,6.670000076293945,0.0,6.690000057220459,6.599999904632568,6.630000114440918,0.0,84127194
2021-06-25,5.009939670562744,6.739999771118164,0.0,6.75,6.650000095367432,6.659999847412109,0.0,88190760
2021-06-28,4.93560791015625,6.639999866485596,0.0,6.739999771118164,6.630000114440918,6.739999771118164,0.0,97915910
2021-06-29,4.89844274520874,6.590000152587891,0.0,6.639999866485596,6.590000152587891,6.639999866485596,0.0,89323967
2021-06-30,4.9430413246154785,6.650000095367432,0.0,6.650000095367432,6.590000152587891,6.610000133514404,0.0,61928345
2021-07-01,5.0173726081848145,6.75,0.0,6.75,6.630000114440918,6.650000095367432,0.0,108754260
2021-07-02,4.9653401374816895,6.679999828338623,0.0,6.699999809265137,6.630000114440918,6.699999809265137,0.0,76840690
2021-07-05,4.93560791015625,6.639999866485596,0.0,6.670000076293945,6.579999923706055,6.659999847412109,0.0,89786249
2021-07-06,4.972774028778076,6.690000057220459,0.0,6.699999809265137,6.599999904632568,6.630000114440918,0.0,72213326
2021-07-07,4.957907199859619,6.670000076293945,0.0,6.730000019073486,6.639999866485596,6.699999809265137,0.0,63002656
2021-07-08,4.883576393127441,6.570000171661377,0.0,6.679999828338623,6.550000190734863,6.659999847412109,0.0,142634148
2021-07-09,4.816677570343018,6.480000019073486,0.0,6.570000171661377,6.449999809265137,6.550000190734863,0.0,121347712
2021-07-12,4.742346286773682,6.380000114440918,0.0,6.539999961853027,6.360000133514404,6.519999980926514,0.0,162291628
2021-07-13,4.74977970123291,6.389999866485596,0.0,6.409999847412109,6.340000152587891,6.389999866485596,0.0,122634546
2021-07-14,4.682880878448486,6.300000190734863,0.0,6.389999866485596,6.300000190734863,6.389999866485596,0.0,133666432
2021-07-15,4.750294208526611,6.059999942779541,0.326,6.079999923706055,5.960000038146973,5.989999771118164,0.0,137156676
2021-07-16,4.750294208526611,6.059999942779541,0.0,6.079999923706055,6.010000228881836,6.050000190734863,0.0,67596758
2021-07-19,4.72677755355835,6.03000020980835,0.0,6.059999942779541,5.980000019073486,6.050000190734863,0.0,72965885
2021-07-20,4.695423126220703,5.989999771118164,0.0,6.03000020980835,5.980000019073486,6.019999980926514,0.0,69457092
2021-07-21,4.648390293121338,5.929999828338623,0.0,6.019999980926514,5.909999847412109,6.0,0.0,111632192
2021-07-22,4.66406774520874,5.949999809265137,0.0,5.980000019073486,5.900000095367432,5.929999828338623,0.0,91218608
2021-07-23,4.640551567077637,5.920000076293945,0.0,5.949999809265137,5.900000095367432,5.949999809265137,0.0,92311549
2021-07-26,4.5935187339782715,5.860000133514404,0.0,5.920000076293945,5.829999923706055,5.909999847412109,0.0,96866639
2021-07-27,4.5464863777160645,5.800000190734863,0.0,5.869999885559082,5.78000020980835,5.860000133514404,0.0,92664165
2021-07-28,4.609196662902832,5.880000114440918,0.0,5.880000114440918,5.78000020980835,5.800000190734863,0.0,107066884
2021-07-29,4.562164306640625,5.820000171661377,0.0,5.900000095367432,5.800000190734863,5.880000114440918,0.0,77367366
2021-07-30,4.51513147354126,5.760000228881836,0.0,5.809999942779541,5.730000019073486,5.800000190734863,0.0,90801015
2021-08-02,4.538647174835205,5.789999961853027,0.0,5.809999942779541,5.679999828338623,5.739999771118164,0.0,92101748
2021-08-03,4.499453067779541,5.739999771118164,0.0,5.789999961853027,5.71999979019165,5.78000020980835,0.0,64432317
2021-08-04,4.4759368896484375,5.710000038146973,0.0,5.769999980926514,5.710000038146973,5.739999771118164,0.0,69940754
2021-08-05,4.4680986404418945,5.699999809265137,0.0,5.739999771118164,5.690000057220459,5.710000038146973,0.0,63652722
2021-08-06,4.452421188354492,5.679999828338623,0.0,5.699999809265137,5.639999866485596,5.699999809265137,0.0,70467514
2021-08-09,4.499453067779541,5.739999771118164,0.0,5.800000190734863,5.659999847412109,5.679999828338623,0.0,106524686
2021-08-10,4.570002555847168,5.829999923706055,0.0,5.840000152587891,5.71999979019165,5.75,0.0,90477655
2021-08-11,4.695423126220703,5.989999771118164,0.0,6.050000190734863,5.849999904632568,5.860000133514404,0.0,181694886
2021-08-12,4.648390293121338,5.929999828338623,0.0,5.989999771118164,5.920000076293945,5.960000038146973,0.0,60843056
2021-08-13,4.632712364196777,5.909999847412109,0.0,5.949999809265137,5.900000095367432,5.940000057220459,0.0,45154159
2021-08-16,4.624874114990234,5.900000095367432,0.0,5.960000038146973,5.889999866485596,5.929999828338623,0.0,59315931
2021-08-17,4.632712364196777,5.909999847412109,0.0,5.949999809265137,5.869999885559082,5.909999847412109,0.0,86991844
2021-08-18,4.695423126220703,5.989999771118164,0.0,6.010000228881836,5.880000114440918,5.889999866485596,0.0,140286186
2021-08-19,4.648390293121338,5.929999828338623,0.0,5.96999979019165,5.900000095367432,5.96999979019165,0.0,87504502
2021-08-20,4.648390293121338,5.929999828338623,0.0,5.960000038146973,5.900000095367432,5.929999828338623,0.0,101372192
2021-08-23,4.640551567077637,5.920000076293945,0.0,5.949999809265137,5.900000095367432,5.920000076293945,0.0,52952400
2021-08-24,4.648390293121338,5.929999828338623,0.0,5.949999809265137,5.909999847412109,5.920000076293945,0.0,57825969
2021-08-25,4.617035388946533,5.889999866485596,0.0,5.940000057220459,5.880000114440918,5.940000057220459,0.0,62663507
2021-08-26,4.601357936859131,5.869999885559082,0.0,5.900000095367432,5.849999904632568,5.880000114440918,0.0,54940619
2021-08-27,4.585679531097412,5.849999904632568,0.0,5.889999866485596,5.849999904632568,5.860000133514404,0.0,56617061
2021-08-30,4.522970199584961,5.769999980926514,0.0,5.869999885559082,5.75,5.869999885559082,0.0,91450667
2021-08-31,4.585679531097412,5.849999904632568,0.0,5.849999904632568,5.760000228881836,5.78000020980835,0.0,90441376
2021-09-01,4.66406774520874,5.949999809265137,0.0,5.989999771118164,5.840000152587891,5.840000152587891,0.0,146335993
2021-09-02,4.671906471252441,5.960000038146973,0.0,5.980000019073486,5.920000076293945,5.940000057220459,0.0,71793027
2021-09-03,4.7111005783081055,6.010000228881836,0.0,6.039999961853027,5.920000076293945,5.960000038146973,0.0,116685574
2021-09-06,4.703261852264404,6.0,0.0,6.03000020980835,5.980000019073486,6.0,0.0,72174559
2021-09-07,4.758133411407471,6.070000171661377,0.0,6.099999904632568,5.980000019073486,6.0,0.0,121528379
2021-09-08,4.875714302062988,6.21999979019165,0.0,6.239999771118164,6.059999942779541,6.070000171661377,0.0,209514625
2021-09-09,4.883553504943848,6.230000019073486,0.0,6.289999961853027,6.119999885559082,6.179999828338623,0.0,165714130
2021-09-10,4.914908409118652,6.269999980926514,0.0,6.349999904632568,6.21999979019165,6.230000019073486,0.0,175959423
2021-09-13,4.930586338043213,6.289999961853027,0.0,6.300000190734863,6.190000057220459,6.260000228881836,0.0,142208550
2021-09-14,4.82084321975708,6.150000095367432,0.0,6.309999942779541,6.130000114440918,6.28000020980835,0.0,134764141
2021-09-15,4.797327041625977,6.119999885559082,0.0,6.179999828338623,6.110000133514404,6.150000095367432,0.0,67027949
2021-09-16,4.742455959320068,6.050000190734863,0.0,6.190000057220459,6.050000190734863,6.139999866485596,0.0,98654734
2021-09-17,4.758133411407471,6.070000171661377,0.0,6.090000152587891,6.019999980926514,6.070000171661377,0.0,84533341
2021-09-22,4.66406774520874,5.949999809265137,0.0,5.989999771118164,5.880000114440918,5.949999809265137,0.0,128779960
2021-09-23,4.695423126220703,5.989999771118164,0.0,6.059999942779541,5.960000038146973,5.980000019073486,0.0,74026698
2021-09-24,4.648390293121338,5.929999828338623,0.0,6.0,5.929999828338623,5.989999771118164,0.0,61846162
2021-09-27,4.624874114990234,5.900000095367432,0.0,5.960000038146973,5.900000095367432,5.940000057220459,0.0,70116777
2021-09-28,4.679745197296143,5.96999979019165,0.0,5.980000019073486,5.889999866485596,5.909999847412109,0.0,74859552
2021-09-29,4.703261852264404,6.0,0.0,6.050000190734863,5.909999847412109,5.940000057220459,0.0,108228725
2021-09-30,4.679745197296143,5.96999979019165,0.0,6.010000228881836,5.949999809265137,5.980000019073486,0.0,57994872
2021-10-08,4.734617233276367,6.039999961853027,0.0,6.050000190734863,5.96999979019165,5.980000019073486,0.0,71201261
2021-10-11,4.789488315582275,6.110000133514404,0.0,6.139999866485596,6.039999961853027,6.039999961853027,0.0,92298526
2021-10-12,4.773810863494873,6.090000152587891,0.0,6.130000114440918,6.059999942779541,6.090000152587891,0.0,64108837
2021-10-13,4.742455959320068,6.050000190734863,0.0,6.110000133514404,6.0,6.090000152587891,0.0,63725920
2021-10-14,4.734617233276367,6.039999961853027,0.0,6.070000171661377,6.019999980926514,6.050000190734863,0.0,38116674
2021-10-15,4.734617233276367,6.039999961853027,0.0,6.070000171661377,6.010000228881836,6.039999961853027,0.0,53882747
2021-10-18,4.703261852264404,6.0,0.0,6.059999942779541,5.989999771118164,6.039999961853027,0.0,68014372
2021-10-19,4.734617233276367,6.039999961853027,0.0,6.050000190734863,5.980000019073486,6.0,0.0,48286041
2021-10-20,4.7111005783081055,6.010000228881836,0.0,6.059999942779541,5.980000019073486,6.039999961853027,0.0,48694649
2021-10-21,4.7659711837768555,6.079999923706055,0.0,6.079999923706055,6.010000228881836,6.019999980926514,0.0,76387164
2021-10-22,4.758133411407471,6.070000171661377,0.0,6.119999885559082,6.039999961853027,6.070000171661377,0.0,69753938
2021-10-25,4.742455959320068,6.050000190734863,0.0,6.070000171661377,6.010000228881836,6.03000020980835,0.0,50925988
2021-10-26,4.72677755355835,6.03000020980835,0.0,6.059999942779541,6.010000228881836,6.050000190734863,0.0,51424230
2021-10-27,4.7111005783081055,6.010000228881836,0.0,6.019999980926514,5.96999979019165,6.019999980926514,0.0,61936942
2021-10-28,4.679745197296143,5.96999979019165,0.0,6.010000228881836,5.960000038146973,5.989999771118164,0.0,37013570
2021-10-29,4.648390293121338,5.929999828338623,0.0,5.989999771118164,5.900000095367432,5.980000019073486,0.0,94430629
2021-11-01,4.695423126220703,5.989999771118164,0.0,6.010000228881836,5.909999847412109,5.929999828338623,0.0,106524145
2021-11-02,4.624874114990234,5.900000095367432,0.0,6.0,5.869999885559082,5.980000019073486,0.0,122893480
2021-11-03,4.5935187339782715,5.860000133514404,0.0,5.909999847412109,5.860000133514404,5.909999847412109,0.0,71133670
2021-11-04,4.577841281890869,5.840000152587891,0.0,5.869999885559082,5.820000171661377,5.869999885559082,0.0,66869579
2021-11-05,4.5464863777160645,5.800000190734863,0.0,5.840000152587891,5.789999961853027,5.829999923706055,0.0,62008120
2021-11-08,4.554325103759766,5.809999942779541,0.0,5.829999923706055,5.78000020980835,5.800000190734863,0.0,38027914
2021-11-09,4.577841281890869,5.840000152587891,0.0,5.840000152587891,5.800000190734863,5.820000171661377,0.0,35133311
2021-11-10,4.562164306640625,5.820000171661377,0.0,5.840000152587891,5.78000020980835,5.840000152587891,0.0,57396873
2021-11-11,4.601357936859131,5.869999885559082,0.0,5.880000114440918,5.800000190734863,5.820000171661377,0.0,56216602
2021-11-12,4.585679531097412,5.849999904632568,0.0,5.869999885559082,5.820000171661377,5.869999885559082,0.0,47810978
2021-11-15,4.570002555847168,5.829999923706055,0.0,5.849999904632568,5.809999942779541,5.829999923706055,0.0,59755263
2021-11-16,4.577841281890869,5.840000152587891,0.0,5.840000152587891,5.809999942779541,5.829999923706055,0.0,59942205
2021-11-17,4.570002555847168,5.829999923706055,0.0,5.840000152587891,5.809999942779541,5.829999923706055,0.0,63723481
2021-11-18,4.570002555847168,5.829999923706055,0.0,5.840000152587891,5.800000190734863,5.820000171661377,0.0,56313819
2021-11-19,4.577841281890869,5.840000152587891,0.0,5.860000133514404,5.800000190734863,5.820000171661377,0.0,67439734
2021-11-22,4.554325103759766,5.809999942779541,0.0,5.840000152587891,5.809999942779541,5.840000152587891,0.0,60938702
2021-11-23,4.562164306640625,5.820000171661377,0.0,5.829999923706055,5.800000190734863,5.820000171661377,0.0,53565415
2021-11-24,4.562164306640625,5.820000171661377,0.0,5.840000152587891,5.800000190734863,5.820000171661377,0.0,52624948
2021-11-25,4.554325103759766,5.809999942779541,0.0,5.820000171661377,5.800000190734863,5.809999942779541,0.0,45478816
2021-11-26,4.538647174835205,5.789999961853027,0.0,5.809999942779541,5.769999980926514,5.800000190734863,0.0,76828814
2021-11-29,4.51513147354126,5.760000228881836,0.0,5.78000020980835,5.739999771118164,5.760000228881836,0.0,73776640
2021-11-30,4.51513147354126,5.760000228881836,0.0,5.769999980926514,5.739999771118164,5.760000228881836,0.0,52007649
2021-12-01,4.538647174835205,5.789999961853027,0.0,5.789999961853027,5.739999771118164,5.75,0.0,49591175
2021-12-02,4.5464863777160645,5.800000190734863,0.0,5.809999942779541,5.760000228881836,5.769999980926514,0.0,57186602
2021-12-03,4.554325103759766,5.809999942779541,0.0,5.820000171661377,5.760000228881836,5.800000190734863,0.0,65875045
2021-12-06,4.585679531097412,5.849999904632568,0.0,5.869999885559082,5.800000190734863,5.809999942779541,0.0,94270243
2021-12-07,4.617035388946533,5.889999866485596,0.0,5.909999847412109,5.849999904632568,5.889999866485596,0.0,94587885
2021-12-08,4.601357936859131,5.869999885559082,0.0,5.900000095367432,5.849999904632568,5.889999866485596,0.0,55954421
2021-12-09,4.632712364196777,5.909999847412109,0.0,5.940000057220459,5.849999904632568,5.880000114440918,0.0,93233306
2021-12-10,4.609196662902832,5.880000114440918,0.0,5.900000095367432,5.840000152587891,5.880000114440918,0.0,85486973
2021-12-13,4.609196662902832,5.880000114440918,0.0,5.920000076293945,5.869999885559082,5.880000114440918,0.0,63285395
2021-12-14,4.570002555847168,5.829999923706055,0.0,5.880000114440918,5.820000171661377,5.869999885559082,0.0,60670042
2021-12-15,4.570002555847168,5.829999923706055,0.0,5.840000152587891,5.809999942779541,5.809999942779541,0.0,38018322
2021-12-16,4.577841281890869,5.840000152587891,0.0,5.840000152587891,5.809999942779541,5.820000171661377,0.0,53249786
2021-12-17,4.570002555847168,5.829999923706055,0.0,5.849999904632568,5.820000171661377,5.820000171661377,0.0,42311129
2021-12-20,4.570002555847168,5.829999923706055,0.0,5.829999923706055,5.809999942779541,5.829999923706055,0.0,63387451
2021-12-21,4.601357936859131,5.869999885559082,0.0,5.909999847412109,5.800000190734863,5.809999942779541,0.0,106762844
2021-12-22,4.609196662902832,5.880000114440918,0.0,5.900000095367432,5.860000133514404,5.880000114440918,0.0,57370431
2021-12-23,4.617035388946533,5.889999866485596,0.0,5.900000095367432,5.849999904632568,5.889999866485596,0.0,57441356
2021-12-24,4.632712364196777,5.909999847412109,0.0,5.909999847412109,5.860000133514404,5.880000114440918,0.0,59574164
2021-12-27,4.601357936859131,5.869999885559082,0.0,5.900000095367432,5.869999885559082,5.889999866485596,0.0,47805891
2021-12-28,4.632712364196777,5.909999847412109,0.0,5.920000076293945,5.869999885559082,5.880000114440918,0.0,59356965
2021-12-29,4.601357936859131,5.869999885559082,0.0,5.909999847412109,5.860000133514404,5.889999866485596,0.0,47637464
2021-12-30,4.601357936859131,5.869999885559082,0.0,5.880000114440918,5.849999904632568,5.869999885559082,0.0,47158395
2021-12-31,4.5935187339782715,5.860000133514404,0.0,5.869999885559082,5.840000152587891,5.860000133514404,0.0,49095391
2022-01-04,4.632712364196777,5.909999847412109,0.0,5.920000076293945,5.849999904632568,5.849999904632568,0.0,117036735
2022-01-05,4.72677755355835,6.03000020980835,0.0,6.039999961853027,5.900000095367432,5.909999847412109,0.0,195597828
2022-01-06,4.742455959320068,6.050000190734863,0.0,6.090000152587891,6.0,6.0,0.0,153867183
2022-01-07,4.813004493713379,6.139999866485596,0.0,6.150000095367432,6.010000228881836,6.059999942779541,0.0,141718307
2022-01-10,4.797327041625977,6.119999885559082,0.0,6.179999828338623,6.079999923706055,6.130000114440918,0.0,112844779
2022-01-11,4.813004493713379,6.139999866485596,0.0,6.170000076293945,6.090000152587891,6.110000133514404,0.0,71682786
2022-01-12,4.7659711837768555,6.079999923706055,0.0,6.139999866485596,6.03000020980835,6.139999866485596,0.0,107026338
2022-01-13,4.789488315582275,6.110000133514404,0.0,6.159999847412109,6.059999942779541,6.079999923706055,0.0,107062247
2022-01-14,4.718939304351807,6.019999980926514,0.0,6.119999885559082,5.980000019073486,6.090000152587891,0.0,118637110
2022-01-17,4.687583923339844,5.980000019073486,0.0,6.050000190734863,5.960000038146973,6.0,0.0,72034721
2022-01-18,4.758133411407471,6.070000171661377,0.0,6.070000171661377,5.960000038146973,5.980000019073486,0.0,112733865
2022-01-19,4.742455959320068,6.050000190734863,0.0,6.079999923706055,6.03000020980835,6.039999961853027,0.0,72430393
2022-01-20,4.805165767669678,6.130000114440918,0.0,6.150000095367432,6.039999961853027,6.050000190734863,0.0,127875369
2022-01-21,4.758133411407471,6.070000171661377,0.0,6.119999885559082,6.050000190734863,6.110000133514404,0.0,76722285
2022-01-24,4.7659711837768555,6.079999923706055,0.0,6.110000133514404,6.019999980926514,6.079999923706055,0.0,85954618
2022-01-25,4.703261852264404,6.0,0.0,6.070000171661377,6.0,6.059999942779541,0.0,67131304
2022-01-26,4.734617233276367,6.039999961853027,0.0,6.059999942779541,5.980000019073486,5.989999771118164,0.0,64755898
2022-01-27,4.734617233276367,6.039999961853027,0.0,6.070000171661377,6.0,6.019999980926514,0.0,73611916
2022-01-28,4.695423126220703,5.989999771118164,0.0,6.079999923706055,5.989999771118164,6.050000190734863,0.0,85010812
2022-02-07,4.805165767669678,6.130000114440918,0.0,6.159999847412109,6.019999980926514,6.03000020980835,0.0,148000595
2022-02-08,4.961941242218018,6.329999923706055,0.0,6.340000152587891,6.130000114440918,6.130000114440918,0.0,254623169
2022-02-09,4.930586338043213,6.289999961853027,0.0,6.369999885559082,6.239999771118164,6.329999923706055,0.0,140860200
2022-02-10,4.961941242218018,6.329999923706055,0.0,6.349999904632568,6.25,6.289999961853027,0.0,127601435
2022-02-11,4.993295669555664,6.369999885559082,0.0,6.440000057220459,6.300000190734863,6.300000190734863,0.0,125807547
2022-02-14,4.907069683074951,6.260000228881836,0.0,6.369999885559082,6.239999771118164,6.349999904632568,0.0,123220300
2022-02-15,4.867876052856445,6.210000038146973,0.0,6.320000171661377,6.190000057220459,6.269999980926514,0.0,101825221
2022-02-16,4.883553504943848,6.230000019073486,0.0,6.289999961853027,6.179999828338623,6.210000038146973,0.0,70619622
2022-02-17,4.899230480194092,6.25,0.0,6.28000020980835,6.21999979019165,6.230000019073486,0.0,70371411
2022-02-18,4.938425064086914,6.300000190734863,0.0,6.300000190734863,6.21999979019165,6.239999771118164,0.0,75699483
2022-02-21,4.914908409118652,6.269999980926514,0.0,6.289999961853027,6.179999828338623,6.28000020980835,0.0,82140743
2022-02-22,4.875714302062988,6.21999979019165,0.0,6.260000228881836,6.199999809265137,6.230000019073486,0.0,65248069
2022-02-23,4.82084321975708,6.150000095367432,0.0,6.239999771118164,6.130000114440918,6.230000019073486,0.0,103418583
2022-02-24,4.750294208526611,6.059999942779541,0.0,6.139999866485596,6.050000190734863,6.130000114440918,0.0,95492006
2022-02-25,4.7111005783081055,6.010000228881836,0.0,6.090000152587891,6.0,6.059999942779541,0.0,106315057
2022-02-28,4.72677755355835,6.03000020980835,0.0,6.039999961853027,5.96999979019165,6.019999980926514,0.0,85427824
2022-03-01,4.781649589538574,6.099999904632568,0.0,6.119999885559082,6.019999980926514,6.050000190734863,0.0,98939603
2022-03-02,4.7659711837768555,6.079999923706055,0.0,6.119999885559082,6.059999942779541,6.079999923706055,0.0,53556620
2022-03-03,4.836520671844482,6.170000076293945,0.0,6.179999828338623,6.079999923706055,6.079999923706055,0.0,90359591
2022-03-04,4.813004493713379,6.139999866485596,0.0,6.170000076293945,6.059999942779541,6.150000095367432,0.0,102531962
2022-03-07,4.758133411407471,6.070000171661377,0.0,6.130000114440918,6.050000190734863,6.090000152587891,0.0,95023924
2022-03-08,4.703261852264404,6.0,0.0,6.099999904632568,5.989999771118164,6.059999942779541,0.0,109106610
2022-03-09,4.66406774520874,5.949999809265137,0.0,6.050000190734863,5.78000020980835,6.0,0.0,157397497
2022-03-10,4.695423126220703,5.989999771118164,0.0,6.019999980926514,5.929999828338623,6.0,0.0,92127793
2022-03-11,4.742455959320068,6.050000190734863,0.0,6.050000190734863,5.900000095367432,5.96999979019165,0.0,103246851
2022-03-14,4.671906471252441,5.960000038146973,0.0,6.059999942779541,5.949999809265137,5.980000019073486,0.0,105002685
2022-03-15,4.562164306640625,5.820000171661377,0.0,5.949999809265137,5.800000190734863,5.940000057220459,0.0,196285419
2022-03-16,4.617035388946533,5.889999866485596,0.0,5.900000095367432,5.760000228881836,5.820000171661377,0.0,132235742
2022-03-17,4.601357936859131,5.869999885559082,0.0,5.940000057220459,5.829999923706055,5.920000076293945,0.0,134890000
2022-03-18,4.695423126220703,5.989999771118164,0.0,6.010000228881836,5.840000152587891,5.860000133514404,0.0,145861263
2022-03-21,4.66406774520874,5.949999809265137,0.0,6.0,5.929999828338623,5.989999771118164,0.0,69176285
2022-03-22,4.718939304351807,6.019999980926514,0.0,6.039999961853027,5.929999828338623,5.949999809265137,0.0,98331648
2022-03-23,4.72677755355835,6.03000020980835,0.0,6.03000020980835,5.989999771118164,6.019999980926514,0.0,61110272
2022-03-24,4.7659711837768555,6.079999923706055,0.0,6.099999904632568,5.989999771118164,6.0,0.0,89182059
2022-03-25,4.773810863494873,6.090000152587891,0.0,6.119999885559082,6.03000020980835,6.059999942779541,0.0,87597289
2022-03-28,4.836520671844482,6.170000076293945,0.0,6.199999809265137,6.019999980926514,6.070000171661377,0.0,128578144
2022-03-29,4.883553504943848,6.230000019073486,0.0,6.239999771118164,6.139999866485596,6.190000057220459,0.0,115875461
2022-03-30,4.852198123931885,6.190000057220459,0.0,6.239999771118164,6.159999847412109,6.239999771118164,0.0,104357034
2022-03-31,4.930586338043213,6.289999961853027,0.0,6.289999961853027,6.159999847412109,6.170000076293945,0.0,133049504
2022-04-01,4.938425064086914,6.300000190734863,0.0,6.340000152587891,6.239999771118164,6.239999771118164,0.0,141931589
2022-04-06,4.97761869430542,6.349999904632568,0.0,6.349999904632568,6.25,6.28000020980835,0.0,116255577
2022-04-07,4.899230480194092,6.25,0.0,6.360000133514404,6.21999979019165,6.340000152587891,0.0,109384557
2022-04-08,4.9227471351623535,6.28000020980835,0.0,6.300000190734863,6.21999979019165,6.260000228881836,0.0,75469406
2022-04-11,4.899230480194092,6.25,0.0,6.28000020980835,6.230000019073486,6.28000020980835,0.0,74241341
2022-04-12,4.899230480194092,6.25,0.0,6.289999961853027,6.190000057220459,6.239999771118164,0.0,78907890
2022-04-13,4.891392230987549,6.239999771118164,0.0,6.300000190734863,6.230000019073486,6.239999771118164,0.0,57621837
2022-04-14,4.907069683074951,6.260000228881836,0.0,6.300000190734863,6.239999771118164,6.260000228881836,0.0,66516769
2022-04-15,4.883553504943848,6.230000019073486,0.0,6.269999980926514,6.21999979019165,6.269999980926514,0.0,70350417
2022-04-18,4.781649589538574,6.099999904632568,0.0,6.21999979019165,6.079999923706055,6.210000038146973,0.0,104390538
2022-04-19,4.797327041625977,6.119999885559082,0.0,6.150000095367432,6.050000190734863,6.099999904632568,0.0,79831584
2022-04-20,4.773810863494873,6.090000152587891,0.0,6.139999866485596,6.079999923706055,6.119999885559082,0.0,63304359
2022-04-21,4.789488315582275,6.110000133514404,0.0,6.159999847412109,6.070000171661377,6.090000152587891,0.0,106671049
2022-04-22,4.891392230987549,6.239999771118164,0.0,6.260000228881836,6.099999904632568,6.110000133514404,0.0,136336705
2022-04-25,4.781649589538574,6.099999904632568,0.0,6.230000019073486,6.099999904632568,6.190000057220459,0.0,137319137
2022-04-26,4.750294208526611,6.059999942779541,0.0,6.130000114440918,6.039999961853027,6.099999904632568,0.0,98050808
2022-04-27,4.703261852264404,6.0,0.0,6.070000171661377,5.929999828338623,6.050000190734863,0.0,130953810
2022-04-28,4.742455959320068,6.050000190734863,0.0,6.079999923706055,5.96999979019165,5.980000019073486,0.0,88501327
2022-04-29,4.758133411407471,6.070000171661377,0.0,6.090000152587891,5.980000019073486,6.059999942779541,0.0,98344776
2022-05-05,4.750294208526611,6.059999942779541,0.0,6.110000133514404,6.019999980926514,6.079999923706055,0.0,107285790
2022-05-06,4.7111005783081055,6.010000228881836,0.0,6.050000190734863,5.980000019073486,6.019999980926514,0.0,68318934
2022-05-09,4.687583923339844,5.980000019073486,0.0,6.010000228881836,5.960000038146973,5.989999771118164,0.0,55251769
2022-05-10,4.703261852264404,6.0,0.0,6.0,5.929999828338623,5.960000038146973,0.0,65868223
2022-05-11,4.671906471252441,5.960000038146973,0.0,6.0,5.940000057220459,6.0,0.0,90965930
2022-05-12,4.671906471252441,5.960000038146973,0.0,5.96999979019165,5.940000057220459,5.949999809265137,0.0,52150858
2022-05-13,4.703261852264404,6.0,0.0,6.010000228881836,5.949999809265137,5.960000038146973,0.0,59832557
2022-05-16,4.703261852264404,6.0,0.0,6.010000228881836,5.940000057220459,6.0,0.0,70227375
2022-05-17,4.671906471252441,5.960000038146973,0.0,6.019999980926514,5.949999809265137,5.980000019073486,0.0,79995091
2022-05-18,4.687583923339844,5.980000019073486,0.0,5.980000019073486,5.940000057220459,5.96999979019165,0.0,71264693
2022-05-19,4.671906471252441,5.960000038146973,0.0,5.96999979019165,5.929999828338623,5.960000038146973,0.0,51385233
2022-05-20,4.687583923339844,5.980000019073486,0.0,6.010000228881836,5.940000057220459,5.96999979019165,0.0,87123017
2022-05-23,4.679745197296143,5.96999979019165,0.0,5.989999771118164,5.949999809265137,5.980000019073486,0.0,47917575
2022-05-24,4.671906471252441,5.960000038146973,0.0,5.989999771118164,5.949999809265137,5.96999979019165,0.0,77856451
2022-05-25,4.703261852264404,6.0,0.0,6.0,5.949999809265137,5.96999979019165,0.0,59155058
2022-05-26,4.72677755355835,6.03000020980835,0.0,6.03000020980835,5.980000019073486,5.989999771118164,0.0,63270435
2022-05-27,4.718939304351807,6.019999980926514,0.0,6.050000190734863,6.010000228881836,6.03000020980835,0.0,54277555
2022-05-30,4.718939304351807,6.019999980926514,0.0,6.050000190734863,6.0,6.039999961853027,0.0,54881523
2022-05-31,4.687583923339844,5.980000019073486,0.0,6.03000020980835,5.980000019073486,6.019999980926514,0.0,81106906
2022-06-01,4.679745197296143,5.96999979019165,0.0,6.0,5.949999809265137,5.989999771118164,0.0,80067139
2022-06-02,4.679745197296143,5.96999979019165,0.0,5.980000019073486,5.949999809265137,5.96999979019165,0.0,46114669
2022-06-06,4.640551567077637,5.920000076293945,0.0,5.96999979019165,5.889999866485596,5.96999979019165,0.0,136824546
2022-06-07,4.648390293121338,5.929999828338623,0.0,5.949999809265137,5.900000095367432,5.920000076293945,0.0,67043102
2022-06-08,4.656229019165039,5.940000057220459,0.0,5.949999809265137,5.929999828338623,5.940000057220459,0.0,58813118
2022-06-09,4.679745197296143,5.96999979019165,0.0,5.989999771118164,5.920000076293945,5.940000057220459,0.0,112282423
2022-06-10,4.703261852264404,6.0,0.0,6.019999980926514,5.949999809265137,5.960000038146973,0.0,103371496
2022-06-13,4.671906471252441,5.960000038146973,0.0,5.989999771118164,5.929999828338623,5.980000019073486,0.0,80578173
2022-06-14,4.7111005783081055,6.010000228881836,0.0,6.03000020980835,5.940000057220459,5.940000057220459,0.0,92012155
2022-06-15,4.742455959320068,6.050000190734863,0.0,6.110000133514404,6.0,6.010000228881836,0.0,127447486
2022-06-16,4.703261852264404,6.0,0.0,6.070000171661377,6.0,6.050000190734863,0.0,97852914
2022-06-17,4.7111005783081055,6.010000228881836,0.0,6.03000020980835,5.980000019073486,5.989999771118164,0.0,63263870
2022-06-20,4.695423126220703,5.989999771118164,0.0,6.010000228881836,5.96999979019165,6.010000228881836,0.0,75336522
2022-06-21,4.72677755355835,6.03000020980835,0.0,6.050000190734863,5.980000019073486,5.989999771118164,0.0,88925568
2022-06-22,4.703261852264404,6.0,0.0,6.059999942779541,5.989999771118164,6.03000020980835,0.0,83925654
2022-06-23,4.734617233276367,6.039999961853027,0.0,6.050000190734863,6.0,6.010000228881836,0.0,58771529
2022-06-24,4.7111005783081055,6.010000228881836,0.0,6.059999942779541,6.0,6.050000190734863,0.0,82754142
2022-06-27,4.703261852264404,6.0,0.0,6.03000020980835,5.980000019073486,6.010000228881836,0.0,139984145
2022-06-28,4.718939304351807,6.019999980926514,0.0,6.03000020980835,5.989999771118164,6.0,0.0,111392252
2022-06-29,4.742455959320068,6.050000190734863,0.0,6.059999942779541,6.0,6.010000228881836,0.0,108542279
2022-06-30,4.750294208526611,6.059999942779541,0.0,6.079999923706055,6.039999961853027,6.050000190734863,0.0,76371534
2022-07-01,4.7659711837768555,6.079999923706055,0.0,6.099999904632568,6.059999942779541,6.070000171661377,0.0,70856777
2022-07-04,4.773810863494873,6.090000152587891,0.0,6.119999885559082,6.079999923706055,6.090000152587891,0.0,92228215
2022-07-05,4.789488315582275,6.110000133514404,0.0,6.130000114440918,6.099999904632568,6.110000133514404,0.0,102679933
2022-07-06,4.7659711837768555,6.079999923706055,0.0,6.119999885559082,6.050000190734863,6.119999885559082,0.0,106951178
2022-07-07,4.773810863494873,6.090000152587891,0.0,6.110000133514404,6.070000171661377,6.099999904632568,0.0,140077470
2022-07-08,4.760470867156982,5.710000038146973,0.364,5.760000228881836,5.699999809265137,5.75,0.0,148446569
2022-07-11,4.8104939460754395,5.769999980926514,0.0,5.789999961853027,5.699999809265137,5.710000038146973,0.0,118234317
2022-07-12,4.793819427490234,5.75,0.0,5.820000171661377,5.75,5.78000020980835,0.0,73999678
2022-07-13,4.727123260498047,5.670000076293945,0.0,5.760000228881836,5.659999847412109,5.75,0.0,94306424
2022-07-14,4.652089595794678,5.579999923706055,0.0,5.650000095367432,5.550000190734863,5.650000095367432,0.0,127452058
2022-07-15,4.577055931091309,5.489999771118164,0.0,5.579999923706055,5.489999771118164,5.579999923706055,0.0,156915868
2022-07-18,4.643751621246338,5.570000171661377,0.0,5.570000171661377,5.5,5.510000228881836,0.0,87469815
2022-07-19,4.660426616668701,5.590000152587891,0.0,5.610000133514404,5.53000020980835,5.550000190734863,0.0,63366642
2022-07-20,4.710448741912842,5.650000095367432,0.0,5.670000076293945,5.579999923706055,5.590000152587891,0.0,68918673
2022-07-21,4.652089595794678,5.579999923706055,0.0,5.659999847412109,5.570000171661377,5.639999866485596,0.0,44725831
2022-07-22,4.668763160705566,5.599999904632568,0.0,5.619999885559082,5.579999923706055,5.579999923706055,0.0,30543608
2022-07-25,4.6854376792907715,5.619999885559082,0.0,5.639999866485596,5.579999923706055,5.599999904632568,0.0,37871181
2022-07-26,4.6854376792907715,5.619999885559082,0.0,5.650000095367432,5.619999885559082,5.630000114440918,0.0,39374752
2022-07-27,4.67710018157959,5.610000133514404,0.0,5.630000114440918,5.599999904632568,5.619999885559082,0.0,22766166
2022-07-28,4.67710018157959,5.610000133514404,0.0,5.630000114440918,5.599999904632568,5.619999885559082,0.0,27720426
2022-07-29,4.643751621246338,5.570000171661377,0.0,5.619999885559082,5.570000171661377,5.610000133514404,0.0,38999382
2022-08-01,4.618741035461426,5.539999961853027,0.0,5.570000171661377,5.53000020980835,5.570000171661377,0.0,35602074
2022-08-02,4.577055931091309,5.489999771118164,0.0,5.53000020980835,5.480000019073486,5.53000020980835,0.0,76953424
2022-08-03,4.527032852172852,5.429999828338623,0.0,5.510000228881836,5.420000076293945,5.5,0.0,84005236
2022-08-04,4.55204439163208,5.460000038146973,0.0,5.480000019073486,5.429999828338623,5.440000057220459,0.0,47170171
2022-08-05,4.585392951965332,5.5,0.0,5.510000228881836,5.449999809265137,5.46999979019165,0.0,38611312
2022-08-08,4.568717956542969,5.480000019073486,0.0,5.510000228881836,5.480000019073486,5.5,0.0,27298244
2022-08-09,4.577055931091309,5.489999771118164,0.0,5.510000228881836,5.460000038146973,5.480000019073486,0.0,30161739
2022-08-10,4.55204439163208,5.460000038146973,0.0,5.510000228881836,5.460000038146973,5.5,0.0,23035736
2022-08-11,4.585392951965332,5.5,0.0,5.510000228881836,5.460000038146973,5.46999979019165,0.0,42069522
2022-08-12,4.602066516876221,5.519999980926514,0.0,5.519999980926514,5.480000019073486,5.5,0.0,39604160
2022-08-15,4.568717956542969,5.480000019073486,0.0,5.519999980926514,5.480000019073486,5.5,0.0,35385047
2022-08-16,4.5603814125061035,5.46999979019165,0.0,5.510000228881836,5.46999979019165,5.480000019073486,0.0,31243051
2022-08-17,4.585392951965332,5.5,0.0,5.510000228881836,5.460000038146973,5.480000019073486,0.0,46245724
2022-08-18,4.5603814125061035,5.46999979019165,0.0,5.5,5.460000038146973,5.489999771118164,0.0,27162664
2022-08-19,4.5603814125061035,5.46999979019165,0.0,5.489999771118164,5.460000038146973,5.46999979019165,0.0,24803117
2022-08-22,4.55204439163208,5.460000038146973,0.0,5.480000019073486,5.449999809265137,5.460000038146973,0.0,31618558
2022-08-23,4.535370826721191,5.440000057220459,0.0,5.46999979019165,5.440000057220459,5.460000038146973,0.0,45266593
2022-08-24,4.527032852172852,5.429999828338623,0.0,5.460000038146973,5.429999828338623,5.440000057220459,0.0,35920585
2022-08-25,4.543706893920898,5.449999809265137,0.0,5.460000038146973,5.420000076293945,5.440000057220459,0.0,35927256
2022-08-26,4.5603814125061035,5.46999979019165,0.0,5.46999979019165,5.429999828338623,5.460000038146973,0.0,35688259
2022-08-29,4.543706893920898,5.449999809265137,0.0,5.460000038146973,5.429999828338623,5.449999809265137,0.0,30849715
2022-08-30,4.5603814125061035,5.46999979019165,0.0,5.480000019073486,5.440000057220459,5.449999809265137,0.0,28707949
2022-08-31,4.602066516876221,5.519999980926514,0.0,5.53000020980835,5.460000038146973,5.46999979019165,0.0,84509573
2022-09-01,4.577055931091309,5.489999771118164,0.0,5.519999980926514,5.489999771118164,5.510000228881836,0.0,24770044
2022-09-02,4.568717956542969,5.480000019073486,0.0,5.510000228881836,5.46999979019165,5.489999771118164,0.0,23835762
2022-09-05,4.577055931091309,5.489999771118164,0.0,5.5,5.449999809265137,5.480000019073486,0.0,44447149
2022-09-06,4.585392951965332,5.5,0.0,5.53000020980835,5.480000019073486,5.489999771118164,0.0,53073585
2022-09-07,4.577055931091309,5.489999771118164,0.0,5.510000228881836,5.480000019073486,5.5,0.0,20987775
2022-09-08,4.585392951965332,5.5,0.0,5.510000228881836,5.480000019073486,5.489999771118164,0.0,24152719
2022-09-09,4.618741035461426,5.539999961853027,0.0,5.550000190734863,5.5,5.510000228881836,0.0,53878493
2022-09-13,4.627078056335449,5.550000190734863,0.0,5.579999923706055,5.510000228881836,5.539999961853027,0.0,48044383
2022-09-14,4.610404014587402,5.53000020980835,0.0,5.550000190734863,5.510000228881836,5.53000020980835,0.0,35775901
2022-09-15,4.643751621246338,5.570000171661377,0.0,5.579999923706055,5.539999961853027,5.550000190734863,0.0,57776763
2022-09-16,4.602066516876221,5.519999980926514,0.0,5.559999942779541,5.519999980926514,5.550000190734863,0.0,56920680
2022-09-19,4.635415077209473,5.559999942779541,0.0,5.559999942779541,5.5,5.510000228881836,0.0,48315753
2022-09-20,4.627078056335449,5.550000190734863,0.0,5.570000171661377,5.53000020980835,5.559999942779541,0.0,34838007
2022-09-21,4.643751621246338,5.570000171661377,0.0,5.579999923706055,5.519999980926514,5.550000190734863,0.0,35916028
2022-09-22,4.643751621246338,5.570000171661377,0.0,5.579999923706055,5.53000020980835,5.550000190734863,0.0,41348648
2022-09-23,4.6854376792907715,5.619999885559082,0.0,5.630000114440918,5.550000190734863,5.550000190734863,0.0,83990666
2022-09-26,4.618741035461426,5.539999961853027,0.0,5.619999885559082,5.53000020980835,5.610000133514404,0.0,52813481
2022-09-27,4.610404014587402,5.53000020980835,0.0,5.550000190734863,5.510000228881836,5.539999961853027,0.0,31795526
2022-09-28,4.643751621246338,5.570000171661377,0.0,5.590000152587891,5.510000228881836,5.539999961853027,0.0,56033495
2022-09-29,4.593729496002197,5.510000228881836,0.0,5.590000152587891,5.510000228881836,5.570000171661377,0.0,36797073
2022-09-30,4.602066516876221,5.519999980926514,0.0,5.559999942779541,5.5,5.519999980926514,0.0,34209680
2022-10-10,4.602066516876221,5.519999980926514,0.0,5.550000190734863,5.5,5.5,0.0,51765600
2022-10-11,4.602066516876221,5.519999980926514,0.0,5.53000020980835,5.5,5.519999980926514,0.0,55494325
2022-10-12,4.618741035461426,5.539999961853027,0.0,5.539999961853027,5.489999771118164,5.519999980926514,0.0,49428725
2022-10-13,4.585392951965332,5.5,0.0,5.53000020980835,5.46999979019165,5.53000020980835,0.0,48866100
2022-10-14,4.577055931091309,5.489999771118164,0.0,5.519999980926514,5.480000019073486,5.489999771118164,0.0,53080664
2022-10-17,4.585392951965332,5.5,0.0,5.510000228881836,5.46999979019165,5.489999771118164,0.0,40664756
2022-10-18,4.585392951965332,5.5,0.0,5.519999980926514,5.480000019073486,5.5,0.0,43193968
2022-10-19,4.577055931091309,5.489999771118164,0.0,5.510000228881836,5.480000019073486,5.489999771118164,0.0,23738945
2022-10-20,4.602066516876221,5.519999980926514,0.0,5.519999980926514,5.480000019073486,5.480000019073486,0.0,62053268
2022-10-21,4.618741035461426,5.539999961853027,0.0,5.550000190734863,5.5,5.510000228881836,0.0,54167191
2022-10-24,4.593729496002197,5.510000228881836,0.0,5.539999961853027,5.5,5.53000020980835,0.0,99085969
2022-10-25,4.585392951965332,5.5,0.0,5.519999980926514,5.489999771118164,5.5,0.0,47593228
2022-10-26,4.543706893920898,5.449999809265137,0.0,5.510000228881836,5.440000057220459,5.5,0.0,70126995
2022-10-27,4.518695831298828,5.420000076293945,0.0,5.449999809265137,5.420000076293945,5.449999809265137,0.0,56079222
2022-10-28,4.518695831298828,5.420000076293945,0.0,5.429999828338623,5.400000095367432,5.420000076293945,0.0,41545712
2022-10-31,4.451999187469482,5.340000152587891,0.0,5.420000076293945,5.320000171661377,5.409999847412109,0.0,72817111
2022-11-01,4.410314083099365,5.289999961853027,0.0,5.340000152587891,5.21999979019165,5.329999923706055,0.0,119867745
2022-11-02,4.385303497314453,5.260000228881836,0.0,5.269999980926514,5.179999828338623,5.260000228881836,0.0,71315425
2022-11-03,4.368628025054932,5.239999771118164,0.0,5.25,5.21999979019165,5.230000019073486,0.0,34708479
2022-11-04,4.410314083099365,5.289999961853027,0.0,5.349999904632568,5.230000019073486,5.230000019073486,0.0,76008920
2022-11-07,4.401977062225342,5.28000020980835,0.0,5.289999961853027,5.25,5.28000020980835,0.0,81867327
2022-11-08,4.376965522766113,5.25,0.0,5.289999961853027,5.230000019073486,5.28000020980835,0.0,67025402
2022-11-09,4.39363956451416,5.269999980926514,0.0,5.289999961853027,5.239999771118164,5.25,0.0,42038687
2022-11-10,4.42698860168457,5.309999942779541,0.0,5.320000171661377,5.239999771118164,5.260000228881836,0.0,47478255
2022-11-11,4.477010726928711,5.369999885559082,0.0,5.389999866485596,5.309999942779541,5.320000171661377,0.0,85526608
2022-11-14,4.4936842918396,5.389999866485596,0.0,5.429999828338623,5.380000114440918,5.380000114440918,0.0,74586240
2022-11-15,4.4936842918396,5.389999866485596,0.0,5.420000076293945,5.369999885559082,5.380000114440918,0.0,52909582
2022-11-16,4.4686737060546875,5.360000133514404,0.0,5.389999866485596,5.360000133514404,5.380000114440918,0.0,31909385
2022-11-17,4.451999187469482,5.340000152587891,0.0,5.369999885559082,5.329999923706055,5.360000133514404,0.0,37883373
2022-11-18,4.477010726928711,5.369999885559082,0.0,5.409999847412109,5.329999923706055,5.349999904632568,0.0,66393357
2022-11-21,4.4686737060546875,5.360000133514404,0.0,5.369999885559082,5.329999923706055,5.360000133514404,0.0,29640345
2022-11-22,4.535370826721191,5.440000057220459,0.0,5.480000019073486,5.360000133514404,5.360000133514404,0.0,113058826
2022-11-23,4.5603814125061035,5.46999979019165,0.0,5.510000228881836,5.429999828338623,5.429999828338623,0.0,82513535
2022-11-24,4.55204439163208,5.460000038146973,0.0,5.5,5.440000057220459,5.46999979019165,0.0,35547011
2022-11-25,4.635415077209473,5.559999942779541,0.0,5.579999923706055,5.449999809265137,5.449999809265137,0.0,128743711
2022-11-28,4.568717956542969,5.480000019073486,0.0,5.559999942779541,5.449999809265137,5.519999980926514,0.0,70832708
2022-11-29,4.668763160705566,5.599999904632568,0.0,5.610000133514404,5.5,5.510000228881836,0.0,118541629
2022-11-30,4.660426616668701,5.590000152587891,0.0,5.630000114440918,5.570000171661377,5.590000152587891,0.0,57719165
2022-12-01,4.585392951965332,5.5,0.0,5.639999866485596,5.5,5.610000133514404,0.0,95923803
2022-12-02,4.5603814125061035,5.46999979019165,0.0,5.539999961853027,5.460000038146973,5.510000228881836,0.0,62494077
2022-12-05,4.6854376792907715,5.619999885559082,0.0,5.619999885559082,5.5,5.5,0.0,110097070
2022-12-06,4.702111721038818,5.639999866485596,0.0,5.650000095367432,5.570000171661377,5.599999904632568,0.0,64913423
2022-12-07,4.660426616668701,5.590000152587891,0.0,5.659999847412109,5.590000152587891,5.639999866485596,0.0,70780764
2022-12-08,4.6854376792907715,5.619999885559082,0.0,5.630000114440918,5.570000171661377,5.599999904632568,0.0,40476107
2022-12-09,4.668763160705566,5.599999904632568,0.0,5.639999866485596,5.590000152587891,5.610000133514404,0.0,46400851
2022-12-12,4.618741035461426,5.539999961853027,0.0,5.610000133514404,5.539999961853027,5.590000152587891,0.0,50213446
2022-12-13,4.693774700164795,5.630000114440918,0.0,5.630000114440918,5.539999961853027,5.539999961853027,0.0,63422453
2022-12-14,4.67710018157959,5.610000133514404,0.0,5.639999866485596,5.579999923706055,5.630000114440918,0.0,32383327
2022-12-15,4.635415077209473,5.559999942779541,0.0,5.610000133514404,5.550000190734863,5.579999923706055,0.0,32515685
2022-12-16,4.702111721038818,5.639999866485596,0.0,5.650000095367432,5.550000190734863,5.550000190734863,0.0,73454717
2022-12-19,4.652089595794678,5.579999923706055,0.0,5.659999847412109,5.570000171661377,5.639999866485596,0.0,44642150
2022-12-20,4.568717956542969,5.480000019073486,0.0,5.590000152587891,5.46999979019165,5.570000171661377,0.0,77130338
2022-12-21,4.618741035461426,5.539999961853027,0.0,5.579999923706055,5.480000019073486,5.489999771118164,0.0,41496172
2022-12-22,4.610404014587402,5.53000020980835,0.0,5.579999923706055,5.510000228881836,5.570000171661377,0.0,30519116
2022-12-23,4.610404014587402,5.53000020980835,0.0,5.550000190734863,5.5,5.519999980926514,0.0,23014050
2022-12-26,4.585392951965332,5.5,0.0,5.539999961853027,5.489999771118164,5.519999980926514,0.0,36955294
2022-12-27,4.652089595794678,5.579999923706055,0.0,5.599999904632568,5.510000228881836,5.519999980926514,0.0,48639520
2022-12-28,4.67710018157959,5.610000133514404,0.0,5.639999866485596,5.559999942779541,5.570000171661377,0.0,59497315
2022-12-29,4.660426616668701,5.590000152587891,0.0,5.610000133514404,5.570000171661377,5.599999904632568,0.0,53935071
2022-12-30,4.693774700164795,5.630000114440918,0.0,5.650000095367432,5.590000152587891,5.619999885559082,0.0,40296614
2023-01-03,4.693774700164795,5.630000114440918,0.0,5.630000114440918,5.559999942779541,5.619999885559082,0.0,63841061
2023-01-04,4.73546028137207,5.679999828338623,0.0,5.690000057220459,5.619999885559082,5.630000114440918,0.0,74360194
2023-01-05,4.73546028137207,5.679999828338623,0.0,5.699999809265137,5.650000095367432,5.699999809265137,0.0,47514034
2023-01-06,4.727123260498047,5.670000076293945,0.0,5.690000057220459,5.630000114440918,5.670000076293945,0.0,53021915
2023-01-09,4.693774700164795,5.630000114440918,0.0,5.670000076293945,5.619999885559082,5.659999847412109,0.0,47080665
2023-01-10,4.668763160705566,5.599999904632568,0.0,5.639999866485596,5.590000152587891,5.639999866485596,0.0,32341890
2023-01-11,4.702111721038818,5.639999866485596,0.0,5.650000095367432,5.590000152587891,5.599999904632568,0.0,36548794
2023-01-12,4.67710018157959,5.610000133514404,0.0,5.639999866485596,5.590000152587891,5.639999866485596,0.0,42928114
2023-01-13,4.702111721038818,5.639999866485596,0.0,5.639999866485596,5.590000152587891,5.599999904632568,0.0,35608511
2023-01-16,4.6854376792907715,5.619999885559082,0.0,5.670000076293945,5.610000133514404,5.650000095367432,0.0,58767284
2023-01-17,4.668763160705566,5.599999904632568,0.0,5.630000114440918,5.590000152587891,5.630000114440918,0.0,47480103
2023-01-18,4.67710018157959,5.610000133514404,0.0,5.630000114440918,5.599999904632568,5.610000133514404,0.0,34862490
2023-01-19,4.6854376792907715,5.619999885559082,0.0,5.630000114440918,5.590000152587891,5.619999885559082,0.0,35639883
2023-01-20,4.693774700164795,5.630000114440918,0.0,5.639999866485596,5.610000133514404,5.630000114440918,0.0,30903620
2023-01-30,4.693774700164795,5.630000114440918,0.0,5.670000076293945,5.619999885559082,5.659999847412109,0.0,50795081
2023-01-31,4.67710018157959,5.610000133514404,0.0,5.639999866485596,5.610000133514404,5.639999866485596,0.0,45789927
2023-02-01,4.6854376792907715,5.619999885559082,0.0,5.630000114440918,5.590000152587891,5.610000133514404,0.0,49811667
2023-02-02,4.67710018157959,5.610000133514404,0.0,5.630000114440918,5.590000152587891,5.619999885559082,0.0,46161826
2023-02-03,4.668763160705566,5.599999904632568,0.0,5.610000133514404,5.579999923706055,5.599999904632568,0.0,58112635
2023-02-06,4.660426616668701,5.590000152587891,0.0,5.599999904632568,5.570000171661377,5.599999904632568,0.0,47060601
2023-02-07,4.660426616668701,5.590000152587891,0.0,5.610000133514404,5.579999923706055,5.599999904632568,0.0,23040339
2023-02-08,4.660426616668701,5.590000152587891,0.0,5.610000133514404,5.579999923706055,5.599999904632568,0.0,23786550
2023-02-09,4.67710018157959,5.610000133514404,0.0,5.610000133514404,5.579999923706055,5.590000152587891,0.0,29277768
2023-02-10,4.67710018157959,5.610000133514404,0.0,5.610000133514404,5.579999923706055,5.610000133514404,0.0,33502147
2023-02-13,4.660426616668701,5.590000152587891,0.0,5.610000133514404,5.570000171661377,5.599999904632568,0.0,44978968
2023-02-14,4.668763160705566,5.599999904632568,0.0,5.599999904632568,5.579999923706055,5.590000152587891,0.0,26917178
2023-02-15,4.643751621246338,5.570000171661377,0.0,5.599999904632568,5.570000171661377,5.599999904632568,0.0,46851432
2023-02-16,4.643751621246338,5.570000171661377,0.0,5.590000152587891,5.559999942779541,5.579999923706055,0.0,48128947
2023-02-17,4.635415077209473,5.559999942779541,0.0,5.590000152587891,5.559999942779541,5.570000171661377,0.0,53512286
2023-02-20,4.6854376792907715,5.619999885559082,0.0,5.619999885559082,5.559999942779541,5.559999942779541,0.0,52161105
2023-02-21,4.702111721038818,5.639999866485596,0.0,5.650000095367432,5.599999904632568,5.619999885559082,0.0,57450868
2023-02-22,4.6854376792907715,5.619999885559082,0.0,5.639999866485596,5.619999885559082,5.639999866485596,0.0,31903159
2023-02-23,4.67710018157959,5.610000133514404,0.0,5.650000095367432,5.610000133514404,5.630000114440918,0.0,27086768
2023-02-24,4.668763160705566,5.599999904632568,0.0,5.630000114440918,5.599999904632568,5.619999885559082,0.0,35085586
2023-02-27,4.660426616668701,5.590000152587891,0.0,5.610000133514404,5.590000152587891,5.599999904632568,0.0,29608785
2023-02-28,4.702111721038818,5.639999866485596,0.0,5.639999866485596,5.590000152587891,5.599999904632568,0.0,34995106
2023-03-01,4.702111721038818,5.639999866485596,0.0,5.659999847412109,5.619999885559082,5.639999866485596,0.0,57209547
2023-03-02,4.727123260498047,5.670000076293945,0.0,5.679999828338623,5.619999885559082,5.630000114440918,0.0,59444476
2023-03-03,4.86051607131958,5.829999923706055,0.0,5.849999904632568,5.670000076293945,5.679999828338623,0.0,166766785
2023-03-06,4.843842506408691,5.809999942779541,0.0,5.920000076293945,5.800000190734863,5.840000152587891,0.0,131213653
2023-03-07,4.885527610778809,5.860000133514404,0.0,6.090000152587891,5.800000190734863,5.809999942779541,0.0,298790328
2023-03-08,4.885527610778809,5.860000133514404,0.0,5.900000095367432,5.789999961853027,5.860000133514404,0.0,119939755
2023-03-09,4.86051607131958,5.829999923706055,0.0,5.900000095367432,5.820000171661377,5.860000133514404,0.0,94039782
2023-03-10,4.802156925201416,5.760000228881836,0.0,5.809999942779541,5.760000228881836,5.800000190734863,0.0,87459954
2023-03-13,4.86051607131958,5.829999923706055,0.0,5.840000152587891,5.730000019073486,5.739999771118164,0.0,73427925
2023-03-14,4.86051607131958,5.829999923706055,0.0,5.880000114440918,5.789999961853027,5.809999942779541,0.0,69697013
2023-03-15,4.960561275482178,5.949999809265137,0.0,5.960000038146973,5.820000171661377,5.869999885559082,0.0,99068662
2023-03-16,4.99390983581543,5.989999771118164,0.0,6.050000190734863,5.909999847412109,5.909999847412109,0.0,158236294
2023-03-17,5.018920421600342,6.019999980926514,0.0,6.070000171661377,5.960000038146973,6.019999980926514,0.0,135422582
2023-03-20,5.018920421600342,6.019999980926514,0.0,6.099999904632568,6.010000228881836,6.019999980926514,0.0,135284468
2023-03-21,4.952223777770996,5.940000057220459,0.0,6.059999942779541,5.909999847412109,6.019999980926514,0.0,98263953
2023-03-22,5.027257442474365,6.03000020980835,0.0,6.039999961853027,5.929999828338623,5.940000057220459,0.0,87340207
2023-03-23,5.052268981933594,6.059999942779541,0.0,6.090000152587891,6.0,6.010000228881836,0.0,85178844
2023-03-24,4.99390983581543,5.989999771118164,0.0,6.059999942779541,5.96999979019165,6.059999942779541,0.0,65567179
2023-03-27,4.952223777770996,5.940000057220459,0.0,6.010000228881836,5.880000114440918,5.96999979019165,0.0,90681353
2023-03-28,4.960561275482178,5.949999809265137,0.0,6.0,5.909999847412109,5.940000057220459,0.0,55454423
2023-03-29,4.952223777770996,5.940000057220459,0.0,6.0,5.940000057220459,5.980000019073486,0.0,57903478
2023-03-30,4.968898296356201,5.960000038146973,0.0,6.050000190734863,5.920000076293945,5.960000038146973,0.0,88468081
2023-03-31,4.952223777770996,5.940000057220459,0.0,6.010000228881836,5.909999847412109,5.980000019073486,0.0,81049397
2023-04-03,4.960561275482178,5.949999809265137,0.0,5.96999979019165,5.909999847412109,5.929999828338623,0.0,67619045
2023-04-04,5.0439324378967285,6.050000190734863,0.0,6.050000190734863,5.940000057220459,5.949999809265137,0.0,106699448
2023-04-06,5.035595417022705,6.039999961853027,0.0,6.079999923706055,6.019999980926514,6.039999961853027,0.0,58706338
2023-04-07,5.052268981933594,6.059999942779541,0.0,6.059999942779541,6.019999980926514,6.039999961853027,0.0,44697065
2023-04-10,5.0439324378967285,6.050000190734863,0.0,6.070000171661377,6.0,6.059999942779541,0.0,57440869
2023-04-11,5.060606002807617,6.070000171661377,0.0,6.079999923706055,6.03000020980835,6.070000171661377,0.0,53317667
2023-04-12,5.135639667510986,6.159999847412109,0.0,6.170000076293945,6.059999942779541,6.070000171661377,0.0,132933725
2023-04-13,5.16898775100708,6.199999809265137,0.0,6.239999771118164,6.119999885559082,6.139999866485596,0.0,120155623
2023-04-14,5.160650730133057,6.190000057220459,0.0,6.21999979019165,6.130000114440918,6.179999828338623,0.0,80066660
2023-04-17,5.252358913421631,6.300000190734863,0.0,6.320000171661377,6.170000076293945,6.190000057220459,0.0,117110624
2023-04-18,5.277369976043701,6.329999923706055,0.0,6.389999866485596,6.28000020980835,6.289999961853027,0.0,105304833
2023-04-19,5.277369976043701,6.329999923706055,0.0,6.400000095367432,6.300000190734863,6.329999923706055,0.0,109911387
2023-04-20,5.260695457458496,6.309999942779541,0.0,6.349999904632568,6.25,6.329999923706055,0.0,103127280
2023-04-21,5.219010353088379,6.260000228881836,0.0,6.360000133514404,6.239999771118164,6.309999942779541,0.0,110724033
2023-04-24,5.235684871673584,6.28000020980835,0.0,6.320000171661377,6.239999771118164,6.260000228881836,0.0,127582948
2023-04-25,5.319055557250977,6.380000114440918,0.0,6.429999828338623,6.269999980926514,6.28000020980835,0.0,200105360
2023-04-26,5.294044017791748,6.349999904632568,0.0,6.400000095367432,6.199999809265137,6.369999885559082,0.0,153729725
2023-04-27,5.269033432006836,6.320000171661377,0.0,6.360000133514404,6.260000228881836,6.329999923706055,0.0,168890490
2023-04-28,5.260695457458496,6.309999942779541,0.0,6.360000133514404,6.25,6.320000171661377,0.0,114023082
2023-05-04,5.460785865783691,6.550000190734863,0.0,6.590000152587891,6.230000019073486,6.269999980926514,0.0,316158316
2023-05-05,5.569167613983154,6.679999828338623,0.0,6.78000020980835,6.559999942779541,6.570000171661377,0.0,261463659
2023-05-08,5.860965251922607,7.03000020980835,0.0,7.260000228881836,6.690000057220459,6.710000038146973,0.0,504439027
2023-05-09,5.827617168426514,6.989999771118164,0.0,7.28000020980835,6.929999828338623,7.190000057220459,0.0,367262544
2023-05-10,5.5191450119018555,6.619999885559082,0.0,7.0,6.570000171661377,6.989999771118164,0.0,274723322
2023-05-11,5.452448844909668,6.539999961853027,0.0,6.690000057220459,6.519999980926514,6.639999866485596,0.0,151352950
2023-05-12,5.427438259124756,6.510000228881836,0.0,6.599999904632568,6.389999866485596,6.510000228881836,0.0,147275948
2023-05-15,5.5191450119018555,6.619999885559082,0.0,6.639999866485596,6.349999904632568,6.480000019073486,0.0,190970631
2023-05-16,5.544157028198242,6.650000095367432,0.0,6.889999866485596,6.599999904632568,6.630000114440918,0.0,151208472
2023-05-17,5.4857964515686035,6.579999923706055,0.0,6.650000095367432,6.53000020980835,6.619999885559082,0.0,75238326
2023-05-18,5.602515697479248,6.71999979019165,0.0,6.820000171661377,6.610000133514404,6.619999885559082,0.0,132006121
2023-05-19,5.544157028198242,6.650000095367432,0.0,6.739999771118164,6.579999923706055,6.699999809265137,0.0,91783297
2023-05-22,5.577505588531494,6.690000057220459,0.0,6.800000190734863,6.619999885559082,6.619999885559082,0.0,99315131
2023-05-23,5.419100761413574,6.5,0.0,6.730000019073486,6.460000038146973,6.659999847412109,0.0,154208716
2023-05-24,5.252358913421631,6.300000190734863,0.0,6.510000228881836,6.269999980926514,6.510000228881836,0.0,186194543
2023-05-25,5.1773247718811035,6.210000038146973,0.0,6.300000190734863,6.150000095367432,6.269999980926514,0.0,146668685
2023-05-26,5.294044017791748,6.349999904632568,0.0,6.389999866485596,6.179999828338623,6.210000038146973,0.0,90923788
2023-05-29,5.410762310028076,6.489999771118164,0.0,6.53000020980835,6.340000152587891,6.360000133514404,0.0,107819679
2023-05-30,5.385752201080322,6.460000038146973,0.0,6.510000228881836,6.380000114440918,6.489999771118164,0.0,69753040
2023-05-31,5.335729122161865,6.400000095367432,0.0,6.46999979019165,6.369999885559082,6.420000076293945,0.0,46741587
2023-06-01,5.319055557250977,6.380000114440918,0.0,6.440000057220459,6.289999961853027,6.389999866485596,0.0,71149401
2023-06-02,5.285706996917725,6.340000152587891,0.0,6.420000076293945,6.320000171661377,6.360000133514404,0.0,68220012
2023-06-05,5.410762310028076,6.489999771118164,0.0,6.510000228881836,6.340000152587891,6.349999904632568,0.0,85821970
2023-06-06,5.402426242828369,6.480000019073486,0.0,6.590000152587891,6.449999809265137,6.46999979019165,0.0,78918114
2023-06-07,5.4857964515686035,6.579999923706055,0.0,6.590000152587891,6.480000019073486,6.489999771118164,0.0,80765027
2023-06-08,5.544157028198242,6.650000095367432,0.0,6.699999809265137,6.53000020980835,6.579999923706055,0.0,92274656
2023-06-09,5.4857964515686035,6.579999923706055,0.0,6.659999847412109,6.570000171661377,6.650000095367432,0.0,90323363
2023-06-12,5.402426242828369,6.480000019073486,0.0,6.599999904632568,6.449999809265137,6.599999904632568,0.0,102872111
2023-06-13,5.427438259124756,6.510000228881836,0.0,6.53000020980835,6.449999809265137,6.460000038146973,0.0,66816990
2023-06-14,5.285706996917725,6.340000152587891,0.0,6.559999942779541,6.329999923706055,6.510000228881836,0.0,151896611
2023-06-15,5.30238151550293,6.360000133514404,0.0,6.400000095367432,6.320000171661377,6.349999904632568,0.0,101459841
2023-06-16,5.252358913421631,6.300000190734863,0.0,6.380000114440918,6.300000190734863,6.369999885559082,0.0,102502129
2023-06-19,5.193999767303467,6.230000019073486,0.0,6.320000171661377,6.21999979019165,6.309999942779541,0.0,86850463
2023-06-20,5.135639667510986,6.159999847412109,0.0,6.239999771118164,6.150000095367432,6.21999979019165,0.0,90871248
2023-06-21,5.185662269592285,6.21999979019165,0.0,6.329999923706055,6.130000114440918,6.159999847412109,0.0,102902302
2023-06-26,5.1189656257629395,6.139999866485596,0.0,6.230000019073486,6.119999885559082,6.21999979019165,0.0,89070591
2023-06-27,5.202336311340332,6.239999771118164,0.0,6.25,6.130000114440918,6.139999866485596,0.0,64073516
2023-06-28,5.16898775100708,6.199999809265137,0.0,6.269999980926514,6.199999809265137,6.239999771118164,0.0,45004078
2023-06-29,5.16898775100708,6.199999809265137,0.0,6.239999771118164,6.170000076293945,6.210000038146973,0.0,60405387
2023-06-30,5.219010353088379,6.260000228881836,0.0,6.269999980926514,6.179999828338623,6.230000019073486,0.0,59081431
2023-07-03,5.285706996917725,6.340000152587891,0.0,6.369999885559082,6.239999771118164,6.260000228881836,0.0,85364025
2023-07-04,5.235684871673584,6.28000020980835,0.0,6.349999904632568,6.269999980926514,6.320000171661377,0.0,58331707
2023-07-05,5.219010353088379,6.260000228881836,0.0,6.289999961853027,6.230000019073486,6.269999980926514,0.0,50934992
2023-07-06,5.16898775100708,6.199999809265137,0.0,6.28000020980835,6.190000057220459,6.239999771118164,0.0,67011283
2023-07-07,5.160650730133057,6.190000057220459,0.0,6.25,6.179999828338623,6.190000057220459,0.0,65404631
2023-07-10,5.185662269592285,6.21999979019165,0.0,6.239999771118164,6.190000057220459,6.21999979019165,0.0,43400893
2023-07-11,5.244021892547607,6.289999961853027,0.0,6.289999961853027,6.210000038146973,6.21999979019165,0.0,67496649
2023-07-12,5.202336311340332,6.239999771118164,0.0,6.340000152587891,6.239999771118164,6.289999961853027,0.0,98838773
2023-07-13,5.319055557250977,6.380000114440918,0.0,6.400000095367432,6.260000228881836,6.28000020980835,0.0,158087657
2023-07-14,5.291532516479492,5.960000038146973,0.389,6.039999961853027,5.920000076293945,6.03000020980835,0.0,152385467
2023-07-17,5.247140407562256,5.909999847412109,0.0,5.960000038146973,5.880000114440918,5.960000038146973,0.0,90058640
2023-07-18,5.220505237579346,5.880000114440918,0.0,5.929999828338623,5.860000133514404,5.929999828338623,0.0,54910187
2023-07-19,5.229383945465088,5.889999866485596,0.0,5.900000095367432,5.849999904632568,5.869999885559082,0.0,47644713
2023-07-20,5.247140407562256,5.909999847412109,0.0,5.949999809265137,5.889999866485596,5.889999866485596,0.0,65422603
2023-07-21,5.238262176513672,5.900000095367432,0.0,5.929999828338623,5.880000114440918,5.900000095367432,0.0,42612308
2023-07-24,5.220505237579346,5.880000114440918,0.0,5.909999847412109,5.869999885559082,5.900000095367432,0.0,39223855
2023-07-25,5.309289455413818,5.980000019073486,0.0,5.980000019073486,5.889999866485596,5.889999866485596,0.0,75992214
2023-07-26,5.273775100708008,5.940000057220459,0.0,5.980000019073486,5.929999828338623,5.980000019073486,0.0,47124184
2023-07-27,5.371438503265381,6.050000190734863,0.0,6.079999923706055,5.929999828338623,5.949999809265137,0.0,108281104
2023-07-28,5.4602227210998535,6.150000095367432,0.0,6.199999809265137,6.010000228881836,6.03000020980835,0.0,96344379
2023-07-31,5.4691009521484375,6.159999847412109,0.0,6.269999980926514,6.099999904632568,6.179999828338623,0.0,103960083
2023-08-01,5.4779791831970215,6.170000076293945,0.0,6.210000038146973,6.110000133514404,6.139999866485596,0.0,61446133
2023-08-02,5.318167209625244,5.989999771118164,0.0,6.130000114440918,5.980000019073486,6.110000133514404,0.0,143827630
2023-08-03,5.353682041168213,6.03000020980835,0.0,6.070000171661377,5.940000057220459,5.989999771118164,0.0,82333976
2023-08-04,5.371438503265381,6.050000190734863,0.0,6.110000133514404,6.019999980926514,6.059999942779541,0.0,97262640
2023-08-07,5.318167209625244,5.989999771118164,0.0,6.039999961853027,5.980000019073486,6.039999961853027,0.0,62545520
2023-08-08,5.300410747528076,5.96999979019165,0.0,6.019999980926514,5.960000038146973,5.980000019073486,0.0,50159234
2023-08-09,5.309289455413818,5.980000019073486,0.0,5.989999771118164,5.949999809265137,5.96999979019165,0.0,52033447
2023-08-10,5.309289455413818,5.980000019073486,0.0,5.989999771118164,5.960000038146973,5.96999979019165,0.0,45666027
2023-08-11,5.264897346496582,5.929999828338623,0.0,6.019999980926514,5.920000076293945,5.980000019073486,0.0,74505373
2023-08-14,5.220505237579346,5.880000114440918,0.0,5.909999847412109,5.840000152587891,5.900000095367432,0.0,78411384
2023-08-15,5.28265380859375,5.949999809265137,0.0,5.980000019073486,5.869999885559082,5.880000114440918,0.0,73622388
2023-08-16,5.264897346496582,5.929999828338623,0.0,5.960000038146973,5.900000095367432,5.949999809265137,0.0,43175033
2023-08-17,5.247140407562256,5.909999847412109,0.0,5.949999809265137,5.869999885559082,5.920000076293945,0.0,62904414
2023-08-18,5.291532516479492,5.960000038146973,0.0,6.03000020980835,5.900000095367432,5.909999847412109,0.0,98456540
2023-08-21,5.256019115447998,5.920000076293945,0.0,5.989999771118164,5.909999847412109,5.960000038146973,0.0,68838151
2023-08-22,5.318167209625244,5.989999771118164,0.0,6.0,5.920000076293945,5.949999809265137,0.0,67218412
2023-08-23,5.362559795379639,6.039999961853027,0.0,6.050000190734863,5.960000038146973,5.980000019073486,0.0,78019199
2023-08-24,5.28265380859375,5.949999809265137,0.0,6.050000190734863,5.940000057220459,6.03000020980835,0.0,95918923
2023-08-25,5.362559795379639,6.039999961853027,0.0,6.050000190734863,5.929999828338623,5.940000057220459,0.0,81236171
2023-08-28,5.451343536376953,6.139999866485596,0.0,6.289999961853027,6.070000171661377,6.25,0.0,142865971
2023-08-29,5.353682041168213,6.03000020980835,0.0,6.130000114440918,6.0,6.110000133514404,0.0,89729845
2023-08-30,5.309289455413818,5.980000019073486,0.0,6.039999961853027,5.949999809265137,6.010000228881836,0.0,92068898
2023-08-31,5.327045917510986,6.0,0.0,6.03000020980835,5.960000038146973,5.989999771118164,0.0,49283107
2023-09-01,5.327045917510986,6.0,0.0,6.039999961853027,5.980000019073486,6.019999980926514,0.0,60606412
2023-09-04,5.389194965362549,6.070000171661377,0.0,6.079999923706055,6.010000228881836,6.03000020980835,0.0,68796365
2023-09-05,5.353682041168213,6.03000020980835,0.0,6.059999942779541,6.010000228881836,6.059999942779541,0.0,39560306
2023-09-06,5.371438503265381,6.050000190734863,0.0,6.059999942779541,6.0,6.03000020980835,0.0,28647235
2023-09-07,5.371438503265381,6.050000190734863,0.0,6.079999923706055,6.019999980926514,6.03000020980835,0.0,52422210
2023-09-08,5.380316257476807,6.059999942779541,0.0,6.079999923706055,6.019999980926514,6.039999961853027,0.0,44810546
2023-09-11,5.362559795379639,6.039999961853027,0.0,6.090000152587891,6.019999980926514,6.059999942779541,0.0,52718772
2023-09-12,5.362559795379639,6.039999961853027,0.0,6.059999942779541,6.03000020980835,6.039999961853027,0.0,28021779
2023-09-13,5.398073196411133,6.079999923706055,0.0,6.079999923706055,6.03000020980835,6.050000190734863,0.0,49164096
2023-09-14,5.4691009521484375,6.159999847412109,0.0,6.179999828338623,6.070000171661377,6.090000152587891,0.0,93392383
2023-09-15,5.433587074279785,6.119999885559082,0.0,6.190000057220459,6.099999904632568,6.159999847412109,0.0,78951701
2023-09-18,5.4602227210998535,6.150000095367432,0.0,6.159999847412109,6.070000171661377,6.119999885559082,0.0,56470659
2023-09-19,5.4868574142456055,6.179999828338623,0.0,6.199999809265137,6.119999885559082,6.130000114440918,0.0,57042703
2023-09-20,5.540127754211426,6.239999771118164,0.0,6.260000228881836,6.170000076293945,6.179999828338623,0.0,93568019
2023-09-21,5.549006462097168,6.25,0.0,6.28000020980835,6.199999809265137,6.25,0.0,70822367
2023-09-22,5.575641632080078,6.28000020980835,0.0,6.309999942779541,6.170000076293945,6.269999980926514,0.0,102215700
2023-09-25,5.593398571014404,6.300000190734863,0.0,6.340000152587891,6.260000228881836,6.28000020980835,0.0,70198891
2023-09-26,5.602276802062988,6.309999942779541,0.0,6.329999923706055,6.260000228881836,6.309999942779541,0.0,49350997
2023-09-27,5.4957356452941895,6.190000057220459,0.0,6.329999923706055,6.179999828338623,6.309999942779541,0.0,86216142
2023-09-28,5.593398571014404,6.300000190734863,0.0,6.300000190734863,6.199999809265137,6.210000038146973,0.0,86619840
2023-10-09,5.584519863128662,6.289999961853027,0.0,6.300000190734863,6.199999809265137,6.269999980926514,0.0,63410143
2023-10-10,5.55788516998291,6.260000228881836,0.0,6.329999923706055,6.25,6.28000020980835,0.0,46260200
2023-10-11,5.628911972045898,6.340000152587891,0.0,6.349999904632568,6.260000228881836,6.289999961853027,0.0,110398081
2023-10-12,5.779845237731934,6.510000228881836,0.0,6.570000171661377,6.429999828338623,6.510000228881836,0.0,227898508
2023-10-13,5.966291427612305,6.71999979019165,0.0,6.760000228881836,6.460000038146973,6.489999771118164,0.0,270673056
2023-10-16,5.948534965515137,6.699999809265137,0.0,6.760000228881836,6.610000133514404,6.699999809265137,0.0,129220685
2023-10-17,5.975170135498047,6.730000019073486,0.0,6.739999771118164,6.659999847412109,6.710000038146973,0.0,78089563
2023-10-18,5.992927074432373,6.75,0.0,6.800000190734863,6.690000057220459,6.71999979019165,0.0,91005625
2023-10-19,5.877507209777832,6.619999885559082,0.0,6.730000019073486,6.599999904632568,6.71999979019165,0.0,111243919
2023-10-20,5.815359115600586,6.550000190734863,0.0,6.610000133514404,6.480000019073486,6.590000152587891,0.0,91743640
2023-10-23,5.77096700668335,6.5,0.0,6.570000171661377,6.460000038146973,6.53000020980835,0.0,81549568
2023-10-24,5.699939250946045,6.420000076293945,0.0,6.53000020980835,6.389999866485596,6.510000228881836,0.0,99677872
2023-10-25,5.664425849914551,6.380000114440918,0.0,6.510000228881836,6.349999904632568,6.46999979019165,0.0,100893409
2023-10-26,5.77096700668335,6.5,0.0,6.519999980926514,6.340000152587891,6.360000133514404,0.0,81579883
2023-10-27,5.726574420928955,6.449999809265137,0.0,6.539999961853027,6.420000076293945,6.489999771118164,0.0,99201851
2023-10-30,5.531249523162842,6.230000019073486,0.0,6.420000076293945,6.210000038146973,6.400000095367432,0.0,166045785
2023-10-31,5.566763401031494,6.269999980926514,0.0,6.289999961853027,6.179999828338623,6.230000019073486,0.0,119208624
2023-11-01,5.575641632080078,6.28000020980835,0.0,6.300000190734863,6.210000038146973,6.25,0.0,85772567
2023-11-02,5.628911972045898,6.340000152587891,0.0,6.380000114440918,6.269999980926514,6.28000020980835,0.0,102515904
2023-11-03,5.593398571014404,6.300000190734863,0.0,6.360000133514404,6.269999980926514,6.340000152587891,0.0,91697018
2023-11-06,5.504613876342773,6.199999809265137,0.0,6.300000190734863,6.179999828338623,6.289999961853027,0.0,168683094
2023-11-07,5.549006462097168,6.25,0.0,6.269999980926514,6.179999828338623,6.199999809265137,0.0,109757519
2023-11-08,5.55788516998291,6.260000228881836,0.0,6.289999961853027,6.21999979019165,6.21999979019165,0.0,69508191
2023-11-09,5.664425849914551,6.380000114440918,0.0,6.420000076293945,6.25,6.25,0.0,145469733
2023-11-10,5.691061019897461,6.409999847412109,0.0,6.510000228881836,6.329999923706055,6.380000114440918,0.0,88888982
2023-11-13,5.655547618865967,6.369999885559082,0.0,6.400000095367432,6.300000190734863,6.400000095367432,0.0,60381486
2023-11-14,5.655547618865967,6.369999885559082,0.0,6.400000095367432,6.340000152587891,6.360000133514404,0.0,49206478
2023-11-15,5.646669387817383,6.360000133514404,0.0,6.400000095367432,6.320000171661377,6.380000114440918,0.0,81991306
2023-11-16,5.682182312011719,6.400000095367432,0.0,6.429999828338623,6.340000152587891,6.360000133514404,0.0,70789184
2023-11-17,5.664425849914551,6.380000114440918,0.0,6.420000076293945,6.340000152587891,6.389999866485596,0.0,44761530
2023-11-20,5.673304080963135,6.389999866485596,0.0,6.409999847412109,6.349999904632568,6.380000114440918,0.0,37948738
2023-11-21,5.682182312011719,6.400000095367432,0.0,6.429999828338623,6.369999885559082,6.400000095367432,0.0,55883582
2023-11-22,5.655547618865967,6.369999885559082,0.0,6.400000095367432,6.349999904632568,6.389999866485596,0.0,55240836
2023-11-23,5.646669387817383,6.360000133514404,0.0,6.380000114440918,6.329999923706055,6.380000114440918,0.0,57700144
2023-11-24,5.682182312011719,6.400000095367432,0.0,6.409999847412109,6.349999904632568,6.369999885559082,0.0,70576220
2023-11-27,5.646669387817383,6.360000133514404,0.0,6.409999847412109,6.309999942779541,6.389999866485596,0.0,90177144
2023-11-28,5.655547618865967,6.369999885559082,0.0,6.380000114440918,6.329999923706055,6.349999904632568,0.0,56741630
2023-11-29,5.628911972045898,6.340000152587891,0.0,6.369999885559082,6.320000171661377,6.360000133514404,0.0,59791206
2023-11-30,5.682182312011719,6.400000095367432,0.0,6.400000095367432,6.320000171661377,6.329999923706055,0.0,87820507
2023-12-01,5.664425849914551,6.380000114440918,0.0,6.429999828338623,6.360000133514404,6.389999866485596,0.0,72732519
2023-12-04,5.699939250946045,6.420000076293945,0.0,6.440000057220459,6.380000114440918,6.380000114440918,0.0,61761176
2023-12-05,5.646669387817383,6.360000133514404,0.0,6.429999828338623,6.360000133514404,6.420000076293945,0.0,62494111
2023-12-06,5.584519863128662,6.289999961853027,0.0,6.349999904632568,6.21999979019165,6.349999904632568,0.0,86146091
2023-12-07,5.593398571014404,6.300000190734863,0.0,6.329999923706055,6.230000019073486,6.289999961853027,0.0,65023230
2023-12-08,5.637790679931641,6.349999904632568,0.0,6.380000114440918,6.260000228881836,6.289999961853027,0.0,81638306
2023-12-11,5.655547618865967,6.369999885559082,0.0,6.380000114440918,6.21999979019165,6.329999923706055,0.0,78264135
2023-12-12,5.735453128814697,6.460000038146973,0.0,6.460000038146973,6.309999942779541,6.349999904632568,0.0,85334647
2023-12-13,5.717696189880371,6.440000057220459,0.0,6.480000019073486,6.420000076293945,6.449999809265137,0.0,49798457
2023-12-14,5.708817481994629,6.429999828338623,0.0,6.46999979019165,6.389999866485596,6.440000057220459,0.0,38590831
2023-12-15,5.655547618865967,6.369999885559082,0.0,6.429999828338623,6.360000133514404,6.429999828338623,0.0,60614284
2023-12-18,5.699939250946045,6.420000076293945,0.0,6.449999809265137,6.320000171661377,6.340000152587891,0.0,74863784
2023-12-19,5.717696189880371,6.440000057220459,0.0,6.46999979019165,6.389999866485596,6.420000076293945,0.0,57664126
2023-12-20,5.691061019897461,6.409999847412109,0.0,6.489999771118164,6.409999847412109,6.449999809265137,0.0,52060331
2023-12-21,5.682182312011719,6.400000095367432,0.0,6.429999828338623,6.360000133514404,6.380000114440918,0.0,67821585
2023-12-22,5.682182312011719,6.400000095367432,0.0,6.429999828338623,6.360000133514404,6.400000095367432,0.0,65934635
2023-12-25,5.717696189880371,6.440000057220459,0.0,6.440000057220459,6.380000114440918,6.400000095367432,0.0,38187932
2023-12-26,5.744330883026123,6.46999979019165,0.0,6.480000019073486,6.420000076293945,6.429999828338623,0.0,46176035
2023-12-27,5.815359115600586,6.550000190734863,0.0,6.599999904632568,6.429999828338623,6.460000038146973,0.0,102285875
2023-12-28,5.753210067749023,6.480000019073486,0.0,6.619999885559082,6.460000038146973,6.550000190734863,0.0,114056786
2023-12-29,5.779845237731934,6.510000228881836,0.0,6.550000190734863,6.440000057220459,6.460000038146973,0.0,74136677
2024-01-02,5.815359115600586,6.550000190734863,0.0,6.599999904632568,6.5,6.510000228881836,0.0,63272611
2024-01-03,5.877507209777832,6.619999885559082,0.0,6.630000114440918,6.550000190734863,6.550000190734863,0.0,55367906
2024-01-04,5.921899795532227,6.670000076293945,0.0,6.679999828338623,6.590000152587891,6.599999904632568,0.0,67567951
2024-01-05,5.9041428565979,6.650000095367432,0.0,6.730000019073486,6.619999885559082,6.659999847412109,0.0,101625448
2024-01-08,5.913021087646484,6.659999847412109,0.0,6.699999809265137,6.610000133514404,6.650000095367432,0.0,82947495
2024-01-09,5.913021087646484,6.659999847412109,0.0,6.690000057220459,6.570000171661377,6.650000095367432,0.0,66942291
2024-01-10,5.841993808746338,6.579999923706055,0.0,6.690000057220459,6.550000190734863,6.650000095367432,0.0,58523724
2024-01-11,5.77096700668335,6.5,0.0,6.579999923706055,6.5,6.550000190734863,0.0,64224407
2024-01-12,5.815359115600586,6.550000190734863,0.0,6.579999923706055,6.489999771118164,6.5,0.0,48970201
2024-01-15,5.841993808746338,6.579999923706055,0.0,6.599999904632568,6.519999980926514,6.550000190734863,0.0,53845857
2024-01-16,5.8686299324035645,6.610000133514404,0.0,6.619999885559082,6.539999961853027,6.570000171661377,0.0,76452765
2024-01-17,5.815359115600586,6.550000190734863,0.0,6.630000114440918,6.550000190734863,6.590000152587891,0.0,83958886
2024-01-18,5.788722991943359,6.519999980926514,0.0,6.539999961853027,6.349999904632568,6.539999961853027,0.0,121123235
2024-01-19,5.753210067749023,6.480000019073486,0.0,6.519999980926514,6.429999828338623,6.5,0.0,78074400
2024-01-22,5.762088298797607,6.489999771118164,0.0,6.539999961853027,6.440000057220459,6.46999979019165,0.0,111986567
2024-01-23,5.779845237731934,6.510000228881836,0.0,6.539999961853027,6.400000095367432,6.46999979019165,0.0,83067176
2024-01-24,5.895264148712158,6.639999866485596,0.0,6.639999866485596,6.5,6.510000228881836,0.0,82565847
2024-01-25,5.948534965515137,6.699999809265137,0.0,6.71999979019165,6.639999866485596,6.659999847412109,0.0,94741460
2024-01-26,6.072833061218262,6.840000152587891,0.0,6.849999904632568,6.679999828338623,6.690000057220459,0.0,119049381
2024-01-29,6.126103401184082,6.900000095367432,0.0,6.949999809265137,6.820000171661377,6.860000133514404,0.0,126809677
2024-01-30,6.046197414398193,6.809999942779541,0.0,6.940000057220459,6.800000190734863,6.869999885559082,0.0,75773661
2024-01-31,6.0905890464782715,6.860000133514404,0.0,6.920000076293945,6.769999980926514,6.820000171661377,0.0,85500788
2024-02-01,6.072833061218262,6.840000152587891,0.0,6.889999866485596,6.809999942779541,6.829999923706055,0.0,77795299
2024-02-02,6.14385986328125,6.920000076293945,0.0,6.940000057220459,6.78000020980835,6.849999904632568,0.0,104498363
2024-02-05,6.241522789001465,7.03000020980835,0.0,7.03000020980835,6.869999885559082,6.900000095367432,0.0,163874276
2024-02-06,6.259279251098633,7.050000190734863,0.0,7.150000095367432,6.989999771118164,7.019999980926514,0.0,151849617
2024-02-07,6.108346462249756,6.880000114440918,0.0,7.039999961853027,6.739999771118164,7.039999961853027,0.0,220185897
2024-02-08,6.037319660186768,6.800000190734863,0.0,6.849999904632568,6.650000095367432,6.849999904632568,0.0,173853051
2024-02-19,6.250401020050049,7.039999961853027,0.0,7.050000190734863,6.730000019073486,6.75,0.0,184699156
2024-02-20,6.312549591064453,7.110000133514404,0.0,7.130000114440918,6.960000038146973,7.039999961853027,0.0,102237710
2024-02-21,6.3569416999816895,7.159999847412109,0.0,7.230000019073486,7.070000171661377,7.090000152587891,0.0,109033758
2024-02-22,6.3480634689331055,7.150000095367432,0.0,7.170000076293945,7.079999923706055,7.150000095367432,0.0,96966302
2024-02-23,6.3835768699646,7.190000057220459,0.0,7.289999961853027,7.130000114440918,7.139999866485596,0.0,116322848
2024-02-26,6.179373264312744,6.960000038146973,0.0,7.190000057220459,6.949999809265137,7.179999828338623,0.0,135897961
2024-02-27,6.206008434295654,6.989999771118164,0.0,7.019999980926514,6.929999828338623,6.940000057220459,0.0,71674617
2024-02-28,6.17049503326416,6.949999809265137,0.0,7.0,6.900000095367432,6.949999809265137,0.0,110069298
2024-02-29,6.2148871421813965,7.0,0.0,7.0,6.920000076293945,6.940000057220459,0.0,83588616
2024-03-01,6.241522789001465,7.03000020980835,0.0,7.059999942779541,6.96999979019165,6.989999771118164,0.0,70047748
2024-03-04,6.2148871421813965,7.0,0.0,7.039999961853027,6.960000038146973,7.019999980926514,0.0,73943368
2024-03-05,6.3391852378845215,7.139999866485596,0.0,7.179999828338623,6.96999979019165,6.980000019073486,0.0,111647973
2024-03-06,6.268157958984375,7.059999942779541,0.0,7.21999979019165,7.050000190734863,7.139999866485596,0.0,74707986
2024-03-07,6.303670883178711,7.099999904632568,0.0,7.139999866485596,7.059999942779541,7.059999942779541,0.0,57851017
2024-03-08,6.312549591064453,7.110000133514404,0.0,7.139999866485596,7.050000190734863,7.099999904632568,0.0,56995296
2024-03-11,6.277036190032959,7.070000171661377,0.0,7.139999866485596,7.050000190734863,7.099999904632568,0.0,68800383
2024-03-12,6.099467754364014,6.869999885559082,0.0,7.070000171661377,6.869999885559082,7.059999942779541,0.0,162067629
2024-03-13,6.0905890464782715,6.860000133514404,0.0,6.889999866485596,6.820000171661377,6.869999885559082,0.0,89654827
2024-03-14,6.0905890464782715,6.860000133514404,0.0,6.909999847412109,6.829999923706055,6.849999904632568,0.0,69904065
2024-03-15,6.0639543533325195,6.829999923706055,0.0,6.880000114440918,6.829999923706055,6.869999885559082,0.0,62833586
2024-03-18,6.019562244415283,6.78000020980835,0.0,6.840000152587891,6.75,6.829999923706055,0.0,109598161
2024-03-19,5.966291427612305,6.71999979019165,0.0,6.78000020980835,6.690000057220459,6.769999980926514,0.0,109007601
2024-03-20,5.984048366546631,6.739999771118164,0.0,6.78000020980835,6.670000076293945,6.699999809265137,0.0,89088582
2024-03-21,6.001805305480957,6.760000228881836,0.0,6.789999961853027,6.71999979019165,6.75,0.0,70912374
2024-03-22,6.0905890464782715,6.860000133514404,0.0,6.889999866485596,6.739999771118164,6.769999980926514,0.0,131996657
2024-03-25,6.0817108154296875,6.849999904632568,0.0,6.889999866485596,6.829999923706055,6.840000152587891,0.0,87846219
2024-03-26,6.161617279052734,6.940000057220459,0.0,6.949999809265137,6.829999923706055,6.869999885559082,0.0,101001695
2024-03-27,6.17049503326416,6.949999809265137,0.0,6.980000019073486,6.909999847412109,6.929999828338623,0.0,105175174
2024-03-28,6.0639543533325195,6.829999923706055,0.0,6.940000057220459,6.78000020980835,6.920000076293945,0.0,123085853
2024-03-29,6.099467754364014,6.869999885559082,0.0,6.980000019073486,6.820000171661377,6.840000152587891,0.0,61868291
2024-04-01,6.134981155395508,6.909999847412109,0.0,6.920000076293945,6.849999904632568,6.860000133514404,0.0,69844058
2024-04-02,6.179373264312744,6.960000038146973,0.0,6.96999979019165,6.900000095367432,6.909999847412109,0.0,71925515
2024-04-03,6.17049503326416,6.949999809265137,0.0,6.989999771118164,6.929999828338623,6.96999979019165,0.0,51186591
2024-04-08,6.250401020050049,7.039999961853027,0.0,7.079999923706055,6.909999847412109,6.940000057220459,0.0,97564586
2024-04-09,6.223765850067139,7.010000228881836,0.0,7.090000152587891,6.980000019073486,7.039999961853027,0.0,68320684
2024-04-10,6.241522789001465,7.03000020980835,0.0,7.099999904632568,7.0,7.0,0.0,87983700
2024-04-11,6.19713020324707,6.980000019073486,0.0,7.039999961853027,6.949999809265137,7.010000228881836,0.0,53369942
2024-04-12,6.241522789001465,7.03000020980835,0.0,7.03000020980835,6.940000057220459,6.980000019073486,0.0,64949710
2024-04-15,6.3391852378845215,7.139999866485596,0.0,7.139999866485596,7.019999980926514,7.019999980926514,0.0,100061446
2024-04-16,6.365820407867432,7.170000076293945,0.0,7.230000019073486,7.079999923706055,7.119999885559082,0.0,132891268
2024-04-17,6.4634833335876465,7.28000020980835,0.0,7.28000020980835,7.079999923706055,7.139999866485596,0.0,126944665
2024-04-18,6.481239318847656,7.300000190734863,0.0,7.389999866485596,7.239999771118164,7.25,0.0,122876599
2024-04-19,6.525631427764893,7.349999904632568,0.0,7.369999885559082,7.269999980926514,7.269999980926514,0.0,67037996
2024-04-22,6.481239318847656,7.300000190734863,0.0,7.449999809265137,7.21999979019165,7.349999904632568,0.0,95036838
2024-04-23,6.49011754989624,7.309999942779541,0.0,7.380000114440918,7.230000019073486,7.289999961853027,0.0,82585747
2024-04-24,6.427968502044678,7.239999771118164,0.0,7.309999942779541,7.21999979019165,7.309999942779541,0.0,77352103
2024-04-25,6.427968502044678,7.239999771118164,0.0,7.28000020980835,7.199999809265137,7.230000019073486,0.0,62416881
2024-04-26,6.321427822113037,7.119999885559082,0.0,7.269999980926514,7.090000152587891,7.239999771118164,0.0,128284768
2024-04-29,6.277036190032959,7.070000171661377,0.0,7.130000114440918,7.0,7.099999904632568,0.0,157750907
2024-04-30,6.321427822113037,7.119999885559082,0.0,7.139999866485596,7.039999961853027,7.039999961853027,0.0,100045956
2024-05-06,6.277036190032959,7.070000171661377,0.0,7.179999828338623,7.050000190734863,7.150000095367432,0.0,144458144
2024-05-07,6.321427822113037,7.119999885559082,0.0,7.130000114440918,7.03000020980835,7.070000171661377,0.0,110505854
2024-05-08,6.3391852378845215,7.139999866485596,0.0,7.190000057220459,7.110000133514404,7.119999885559082,0.0,119688989
2024-05-09,6.294793128967285,7.090000152587891,0.0,7.139999866485596,7.070000171661377,7.139999866485596,0.0,87089976
2024-05-10,6.277036190032959,7.070000171661377,0.0,7.110000133514404,7.059999942779541,7.090000152587891,0.0,129077600
2024-05-13,6.294793128967285,7.090000152587891,0.0,7.090000152587891,7.050000190734863,7.070000171661377,0.0,87914541
2024-05-14,6.250401020050049,7.039999961853027,0.0,7.090000152587891,7.03000020980835,7.079999923706055,0.0,91463098
2024-05-15,6.250401020050049,7.039999961853027,0.0,7.059999942779541,7.019999980926514,7.039999961853027,0.0,67777620
2024-05-16,6.365820407867432,7.170000076293945,0.0,7.179999828338623,7.03000020980835,7.039999961853027,0.0,184276081
2024-05-17,6.3391852378845215,7.139999866485596,0.0,7.179999828338623,7.079999923706055,7.159999847412109,0.0,126519522
2024-05-20,6.312549591064453,7.110000133514404,0.0,7.190000057220459,7.099999904632568,7.150000095367432,0.0,127751267
2024-05-21,6.3391852378845215,7.139999866485596,0.0,7.150000095367432,7.090000152587891,7.110000133514404,0.0,111694537
2024-05-22,6.3569416999816895,7.159999847412109,0.0,7.190000057220459,7.119999885559082,7.139999866485596,0.0,132924416
2024-05-23,6.312549591064453,7.110000133514404,0.0,7.170000076293945,7.099999904632568,7.150000095367432,0.0,110068322
2024-05-24,6.277036190032959,7.070000171661377,0.0,7.150000095367432,7.059999942779541,7.110000133514404,0.0,117914529
2024-05-27,6.312549591064453,7.110000133514404,0.0,7.119999885559082,7.070000171661377,7.070000171661377,0.0,91296757
2024-05-28,6.312549591064453,7.110000133514404,0.0,7.139999866485596,7.079999923706055,7.110000133514404,0.0,89978302
2024-05-29,6.277036190032959,7.070000171661377,0.0,7.110000133514404,7.050000190734863,7.099999904632568,0.0,95554695
2024-05-30,6.241522789001465,7.03000020980835,0.0,7.090000152587891,7.0,7.070000171661377,0.0,109854812
2024-05-31,6.250401020050049,7.039999961853027,0.0,7.059999942779541,7.019999980926514,7.019999980926514,0.0,83562789
2024-06-03,6.268157958984375,7.059999942779541,0.0,7.090000152587891,7.010000228881836,7.039999961853027,0.0,91090881
2024-06-04,6.268157958984375,7.059999942779541,0.0,7.070000171661377,7.03000020980835,7.070000171661377,0.0,75128793
2024-06-05,6.277036190032959,7.070000171661377,0.0,7.079999923706055,7.050000190734863,7.059999942779541,0.0,81948788
2024-06-06,6.294793128967285,7.090000152587891,0.0,7.119999885559082,7.050000190734863,7.059999942779541,0.0,98110224
2024-06-07,6.392455101013184,7.199999809265137,0.0,7.199999809265137,7.090000152587891,7.099999904632568,0.0,138286110
2024-06-11,6.321427822113037,7.119999885559082,0.0,7.28000020980835,7.119999885559082,7.210000038146973,0.0,110066512
2024-06-12,6.3391852378845215,7.139999866485596,0.0,7.150000095367432,7.059999942779541,7.119999885559082,0.0,82454706
2024-06-13,6.3480634689331055,7.150000095367432,0.0,7.170000076293945,7.110000133514404,7.139999866485596,0.0,63100745
2024-06-14,6.3303070068359375,7.130000114440918,0.0,7.179999828338623,7.110000133514404,7.139999866485596,0.0,88095427
2024-06-17,6.277036190032959,7.070000171661377,0.0,7.130000114440918,7.039999961853027,7.119999885559082,0.0,96824183
2024-06-18,6.303670883178711,7.099999904632568,0.0,7.119999885559082,7.03000020980835,7.070000171661377,0.0,68454438
2024-06-19,6.3835768699646,7.190000057220459,0.0,7.199999809265137,7.090000152587891,7.099999904632568,0.0,116763707
2024-06-20,6.419090747833252,7.230000019073486,0.0,7.239999771118164,7.150000095367432,7.190000057220459,0.0,116443872
2024-06-21,6.41021203994751,7.21999979019165,0.0,7.239999771118164,7.190000057220459,7.210000038146973,0.0,88380535
2024-06-24,6.43684720993042,7.25,0.0,7.260000228881836,7.199999809265137,7.21999979019165,0.0,91860924
2024-06-25,6.4634833335876465,7.28000020980835,0.0,7.28000020980835,7.230000019073486,7.239999771118164,0.0,77693765
2024-06-26,6.49011754989624,7.309999942779541,0.0,7.329999923706055,7.25,7.269999980926514,0.0,91317008
2024-06-27,6.570024013519287,7.400000095367432,0.0,7.420000076293945,7.289999961853027,7.309999942779541,0.0,126758938
2024-06-28,6.570024013519287,7.400000095367432,0.0,7.429999828338623,7.340000152587891,7.400000095367432,0.0,87514528
2024-07-01,6.720956802368164,7.570000171661377,0.0,7.599999904632568,7.389999866485596,7.400000095367432,0.0,133302244
2024-07-02,6.836375713348389,7.699999809265137,0.0,7.710000038146973,7.550000190734863,7.550000190734863,0.0,123300323
2024-07-03,6.756470680236816,7.610000133514404,0.0,7.75,7.579999923706055,7.679999828338623,0.0,89100990
2024-07-04,6.827497482299805,7.690000057220459,0.0,7.71999979019165,7.610000133514404,7.610000133514404,0.0,89918953
2024-07-05,6.827497482299805,7.690000057220459,0.0,7.690000057220459,7.690000057220459,7.690000057220459,0.0,0
2024-07-08,6.8008623123168945,7.659999847412109,0.0,7.710000038146973,7.53000020980835,7.559999942779541,0.0,111451764
2024-07-09,6.809741020202637,7.670000076293945,0.0,7.699999809265137,7.619999885559082,7.659999847412109,0.0,84730949
2024-07-10,6.871889591217041,7.739999771118164,0.0,7.75,7.670000076293945,7.690000057220459,0.0,112761272
2024-07-11,6.827497482299805,7.690000057220459,0.0,7.78000020980835,7.610000133514404,7.730000019073486,0.0,136227677
2024-07-12,6.902421951293945,7.369999885559082,0.4,7.409999847412109,7.289999961853027,7.300000190734863,0.0,157229320
2024-07-15,7.108464241027832,7.590000152587891,0.0,7.610000133514404,7.360000133514404,7.369999885559082,0.0,139364606
2024-07-16,7.080367565155029,7.559999942779541,0.0,7.679999828338623,7.489999771118164,7.590000152587891,0.0,109253999
2024-07-17,7.089733600616455,7.570000171661377,0.0,7.610000133514404,7.510000228881836,7.550000190734863,0.0,91129676
2024-07-18,7.127195835113525,7.610000133514404,0.0,7.619999885559082,7.480000019073486,7.550000190734863,0.0,95138840
2024-07-19,7.07100248336792,7.550000190734863,0.0,7.599999904632568,7.440000057220459,7.579999923706055,0.0,117968795
2024-07-22,6.958614826202393,7.429999828338623,0.0,7.5,7.349999904632568,7.5,0.0,140418479
2024-07-23,7.0990986824035645,7.579999923706055,0.0,7.639999866485596,7.389999866485596,7.400000095367432,0.0,157241988
2024-07-24,7.108464241027832,7.590000152587891,0.0,7.639999866485596,7.53000020980835,7.559999942779541,0.0,101866840
2024-07-25,7.1178297996521,7.599999904632568,0.0,7.619999885559082,7.460000038146973,7.590000152587891,0.0,130551830
2024-07-26,6.949249744415283,7.420000076293945,0.0,7.599999904632568,7.369999885559082,7.579999923706055,0.0,124987180
2024-07-29,7.080367565155029,7.559999942779541,0.0,7.579999923706055,7.360000133514404,7.440000057220459,0.0,97083135
2024-07-30,7.089733600616455,7.570000171661377,0.0,7.619999885559082,7.510000228881836,7.570000171661377,0.0,69097100
2024-07-31,6.967981338500977,7.440000057220459,0.0,7.610000133514404,7.400000095367432,7.599999904632568,0.0,107472505
2024-08-01,7.005443096160889,7.480000019073486,0.0,7.579999923706055,7.349999904632568,7.420000076293945,0.0,105230754
2024-08-02,7.024174213409424,7.5,0.0,7.550000190734863,7.440000057220459,7.460000038146973,0.0,71186569
2024-08-05,7.042905330657959,7.519999980926514,0.0,7.579999923706055,7.420000076293945,7.489999771118164,0.0,109101207
2024-08-06,6.958614826202393,7.429999828338623,0.0,7.519999980926514,7.400000095367432,7.489999771118164,0.0,96365299
2024-08-07,6.9867119789123535,7.460000038146973,0.0,7.550000190734863,7.389999866485596,7.409999847412109,0.0,86554372
2024-08-08,6.9867119789123535,7.460000038146973,0.0,7.5,7.429999828338623,7.460000038146973,0.0,59993637
2024-08-09,7.042905330657959,7.519999980926514,0.0,7.53000020980835,7.440000057220459,7.460000038146973,0.0,72002972
2024-08-12,7.1178297996521,7.599999904632568,0.0,7.619999885559082,7.46999979019165,7.510000228881836,0.0,87585917
2024-08-13,7.174023151397705,7.659999847412109,0.0,7.699999809265137,7.579999923706055,7.599999904632568,0.0,84531019
2024-08-14,7.15529203414917,7.639999866485596,0.0,7.699999809265137,7.630000114440918,7.650000095367432,0.0,46579096
2024-08-15,7.220851421356201,7.710000038146973,0.0,7.71999979019165,7.619999885559082,7.650000095367432,0.0,69237289
2024-08-16,7.380065441131592,7.880000114440918,0.0,7.880000114440918,7.690000057220459,7.699999809265137,0.0,106325727
2024-08-19,7.539280414581299,8.050000190734863,0.0,8.079999923706055,7.829999923706055,7.880000114440918,0.0,131720127
2024-08-20,7.6610331535339355,8.180000305175781,0.0,8.1899995803833,8.010000228881836,8.0600004196167,0.0,142235443
2024-08-21,7.595473289489746,8.109999656677246,0.0,8.170000076293945,8.010000228881836,8.130000114440918,0.0,108366260
2024-08-22,7.698494911193848,8.220000267028809,0.0,8.260000228881836,8.079999923706055,8.100000381469727,0.0,98384368
2024-08-23,7.717226505279541,8.239999771118164,0.0,8.270000457763672,8.130000114440918,8.220000267028809,0.0,79349450
2024-08-26,7.717226505279541,8.239999771118164,0.0,8.270000457763672,8.109999656677246,8.229999542236328,0.0,76198102
2024-08-27,7.829612731933594,8.359999656677246,0.0,8.399999618530273,8.210000038146973,8.229999542236328,0.0,116970071
2024-08-28,7.735957622528076,8.260000228881836,0.0,8.40999984741211,8.199999809265137,8.359999656677246,0.0,114900576
2024-08-29,7.408162593841553,7.909999847412109,0.0,8.279999732971191,7.889999866485596,8.239999771118164,0.0,196040274
2024-08-30,7.052270889282227,7.53000020980835,0.0,7.900000095367432,7.5,7.869999885559082,0.0,338553552
2024-09-02,7.005443096160889,7.480000019073486,0.0,7.570000171661377,7.409999847412109,7.449999809265137,0.0,208152482
2024-09-03,6.855594158172607,7.320000171661377,0.0,7.5,7.210000038146973,7.489999771118164,0.0,187187718
2024-09-04,6.836863040924072,7.300000190734863,0.0,7.369999885559082,7.21999979019165,7.28000020980835,0.0,109918535
2024-09-05,6.7432074546813965,7.199999809265137,0.0,7.340000152587891,7.139999866485596,7.309999942779541,0.0,143851145
2024-09-06,6.724475860595703,7.179999828338623,0.0,7.300000190734863,7.170000076293945,7.190000057220459,0.0,102216342
2024-09-09,6.668282985687256,7.119999885559082,0.0,7.170000076293945,7.019999980926514,7.150000095367432,0.0,131046362
2024-09-10,6.836863040924072,7.300000190734863,0.0,7.329999923706055,7.099999904632568,7.119999885559082,0.0,158092571
2024-09-11,6.668282985687256,7.119999885559082,0.0,7.289999961853027,7.079999923706055,7.289999961853027,0.0,126441669
2024-09-12,6.640186309814453,7.090000152587891,0.0,7.130000114440918,6.96999979019165,7.090000152587891,0.0,111633141
2024-09-13,6.668282985687256,7.119999885559082,0.0,7.150000095367432,7.050000190734863,7.059999942779541,0.0,89796494
2024-09-18,6.771304130554199,7.230000019073486,0.0,7.239999771118164,7.119999885559082,7.130000114440918,0.0,78516420
2024-09-19,6.724475860595703,7.179999828338623,0.0,7.25,7.110000133514404,7.25,0.0,94224167
2024-09-20,6.771304130554199,7.230000019073486,0.0,7.260000228881836,7.150000095367432,7.170000076293945,0.0,87531924
2024-09-23,6.874325752258301,7.340000152587891,0.0,7.360000133514404,7.179999828338623,7.21999979019165,0.0,87917935
2024-09-24,7.19275426864624,7.679999828338623,0.0,7.690000057220459,7.320000171661377,7.369999885559082,0.0,193522414
2024-09-25,7.248947620391846,7.739999771118164,0.0,7.96999979019165,7.639999866485596,7.800000190734863,0.0,178667911
2024-09-26,7.454990386962891,7.960000038146973,0.0,7.960000038146973,7.690000057220459,7.75,0.0,143249175
2024-09-27,7.164658069610596,7.650000095367432,0.0,8.039999961853027,7.599999904632568,7.960000038146973,0.0,232311545
2024-09-30,7.426893711090088,7.929999828338623,0.0,8.0,7.46999979019165,7.650000095367432,0.0,518292714
2024-10-08,7.5018181800842285,8.010000228881836,0.0,8.65999984741211,7.730000019073486,8.350000381469727,0.0,505289710
2024-10-09,7.34260368347168,7.840000152587891,0.0,8.039999961853027,7.78000020980835,7.909999847412109,0.0,309874911
2024-10-10,7.586108684539795,8.100000381469727,0.0,8.279999732971191,7.849999904632568,7.849999904632568,0.0,281893830
2024-10-11,7.642301559448242,8.15999984741211,0.0,8.279999732971191,8.010000228881836,8.100000381469727,0.0,190855809
2024-10-14,8.007558822631836,8.550000190734863,0.0,8.630000114440918,8.25,8.25,0.0,277890589
2024-10-15,7.698494911193848,8.220000267028809,0.0,8.510000228881836,8.199999809265137,8.510000228881836,0.0,221988510
2024-10-16,7.829612731933594,8.359999656677246,0.0,8.380000114440918,8.119999885559082,8.15999984741211,0.0,133541745
2024-10-17,7.754687786102295,8.279999732971191,0.0,8.460000038146973,8.279999732971191,8.319999694824219,0.0,109947378
2024-10-18,7.782785892486572,8.3100004196167,0.0,8.359999656677246,8.130000114440918,8.260000228881836,0.0,127077649
2024-10-21,7.632935523986816,8.149999618530273,0.0,8.289999961853027,8.079999923706055,8.260000228881836,0.0,169310312
2024-10-22,7.623570442199707,8.140000343322754,0.0,8.199999809265137,8.100000381469727,8.149999618530273,0.0,73639952
2024-10-23,7.623570442199707,8.140000343322754,0.0,8.170000076293945,8.100000381469727,8.140000343322754,0.0,68606958
2024-10-24,7.642301559448242,8.15999984741211,0.0,8.180000305175781,8.079999923706055,8.130000114440918,0.0,65719976
2024-10-25,7.595473289489746,8.109999656677246,0.0,8.149999618530273,8.039999961853027,8.140000343322754,0.0,95311500
2024-10-28,7.5018181800842285,8.010000228881836,0.0,8.100000381469727,7.960000038146973,8.100000381469727,0.0,98887131
2024-10-29,7.5018181800842285,8.010000228881836,0.0,8.0600004196167,7.96999979019165,8.0,0.0,73260197
2024-10-30,7.41752815246582,7.920000076293945,0.0,8.020000457763672,7.829999923706055,7.980000019073486,0.0,138866147
2024-10-31,7.426893711090088,7.929999828338623,0.0,8.050000190734863,7.909999847412109,7.980000019073486,0.0,94401104
2024-11-01,7.548646450042725,8.0600004196167,0.0,8.140000343322754,7.929999828338623,7.949999809265137,0.0,135178826
2024-11-04,7.567377090454102,8.079999923706055,0.0,8.09000015258789,7.920000076293945,8.069999694824219,0.0,97159821
2024-11-05,7.595473289489746,8.109999656677246,0.0,8.109999656677246,8.039999961853027,8.0600004196167,0.0,92306726
2024-11-06,7.492452621459961,8.0,0.0,8.100000381469727,7.96999979019165,8.09000015258789,0.0,129377828
2024-11-07,7.567377090454102,8.079999923706055,0.0,8.079999923706055,7.949999809265137,7.989999771118164,0.0,94833167
2024-11-08,7.492452621459961,8.0,0.0,8.130000114440918,7.980000019073486,8.069999694824219,0.0,129317982
2024-11-11,7.398796558380127,7.900000095367432,0.0,7.96999979019165,7.860000133514404,7.949999809265137,0.0,134297955
2024-11-12,7.351968765258789,7.849999904632568,0.0,7.929999828338623,7.829999923706055,7.900000095367432,0.0,128231233
2024-11-13,7.370699882507324,7.869999885559082,0.0,7.920000076293945,7.809999942779541,7.840000152587891,0.0,82123776
2024-11-14,7.41752815246582,7.920000076293945,0.0,7.960000038146973,7.820000171661377,7.849999904632568,0.0,107084814
2024-11-15,7.41752815246582,7.920000076293945,0.0,8.0,7.860000133514404,7.909999847412109,0.0,154750853
2024-11-18,7.492452621459961,8.0,0.0,8.109999656677246,7.960000038146973,7.960000038146973,0.0,195082393
2024-11-19,7.445624351501465,7.949999809265137,0.0,8.0600004196167,7.869999885559082,8.0,0.0,120671248
2024-11-20,7.445624351501465,7.949999809265137,0.0,7.989999771118164,7.920000076293945,7.940000057220459,0.0,74048389
2024-11-21,7.4362592697143555,7.940000057220459,0.0,7.96999979019165,7.920000076293945,7.949999809265137,0.0,63167561
2024-11-22,7.34260368347168,7.840000152587891,0.0,7.980000019073486,7.840000152587891,7.929999828338623,0.0,90287400
2024-11-25,7.380065441131592,7.880000114440918,0.0,7.900000095367432,7.829999923706055,7.840000152587891,0.0,83548735
2024-11-26,7.473721504211426,7.980000019073486,0.0,8.0,7.840000152587891,7.869999885559082,0.0,99756077
2024-11-27,7.548646450042725,8.0600004196167,0.0,8.0600004196167,7.960000038146973,7.989999771118164,0.0,123685310
2024-11-28,7.529914855957031,8.039999961853027,0.0,8.09000015258789,8.0,8.050000190734863,0.0,61802708
2024-11-29,7.473721504211426,7.980000019073486,0.0,8.09000015258789,7.980000019073486,8.0600004196167,0.0,87523273
2024-12-02,7.4362592697143555,7.940000057220459,0.0,7.989999771118164,7.880000114440918,7.96999979019165,0.0,94342346
2024-12-03,7.558011531829834,8.069999694824219,0.0,8.079999923706055,7.929999828338623,7.940000057220459,0.0,117188094
2024-12-04,7.670398235321045,8.1899995803833,0.0,8.220000267028809,8.029999732971191,8.0600004196167,0.0,134146980
2024-12-05,7.707859992980957,8.229999542236328,0.0,8.289999961853027,8.15999984741211,8.180000305175781,0.0,76095333
2024-12-06,7.745323181152344,8.270000457763672,0.0,8.300000190734863,8.1899995803833,8.229999542236328,0.0,90255215
2024-12-09,7.72659158706665,8.25,0.0,8.289999961853027,8.1899995803833,8.260000228881836,0.0,78936726
2024-12-10,7.838978290557861,8.369999885559082,0.0,8.420000076293945,8.1899995803833,8.279999732971191,0.0,150460675
2024-12-11,7.68912935256958,8.210000038146973,0.0,8.380000114440918,8.199999809265137,8.319999694824219,0.0,124035589
2024-12-12,7.782785892486572,8.3100004196167,0.0,8.34000015258789,8.180000305175781,8.220000267028809,0.0,108877479
2024-12-13,7.7734198570251465,8.300000190734863,0.0,8.390000343322754,8.260000228881836,8.289999961853027,0.0,113895808
2024-12-16,7.913903713226318,8.449999809265137,0.0,8.550000190734863,8.300000190734863,8.3100004196167,0.0,123926379
2024-12-17,7.951364994049072,8.489999771118164,0.0,8.569999694824219,8.4399995803833,8.449999809265137,0.0,88793759
2024-12-18,8.007558822631836,8.550000190734863,0.0,8.649999618530273,8.489999771118164,8.520000457763672,0.0,100293834
2024-12-19,7.9419989585876465,8.479999542236328,0.0,8.579999923706055,8.399999618530273,8.520000457763672,0.0,90249313
2024-12-20,7.9419989585876465,8.479999542236328,0.0,8.600000381469727,8.460000038146973,8.470000267028809,0.0,80162761
2024-12-23,8.07311725616455,8.619999885559082,0.0,8.729999542236328,8.449999809265137,8.449999809265137,0.0,149968780
2024-12-24,8.222966194152832,8.779999732971191,0.0,8.779999732971191,8.59000015258789,8.600000381469727,0.0,129414826
2024-12-25,8.316622734069824,8.880000114440918,0.0,9.020000457763672,8.770000457763672,8.779999732971191,0.0,145346804
2024-12-26,8.269794464111328,8.829999923706055,0.0,8.899999618530273,8.710000038146973,8.850000381469727,0.0,97405665
2024-12-27,8.213602066040039,8.770000457763672,0.0,8.829999923706055,8.579999923706055,8.779999732971191,0.0,143495307
2024-12-30,8.241698265075684,8.800000190734863,0.0,8.84000015258789,8.729999542236328,8.75,0.0,98392436
2024-12-31,8.232332229614258,8.789999961853027,0.0,8.850000381469727,8.75,8.800000190734863,0.0,120456894
2025-01-02,8.045021057128906,8.59000015258789,0.0,8.850000381469727,8.529999732971191,8.779999732971191,0.0,122309209
2025-01-03,7.932634353637695,8.470000267028809,0.0,8.710000038146973,8.40999984741211,8.59000015258789,0.0,140113214
2025-01-06,7.9419989585876465,8.479999542236328,0.0,8.520000457763672,8.25,8.4399995803833,0.0,139656361
2025-01-07,8.101213455200195,8.649999618530273,0.0,8.680000305175781,8.430000305175781,8.470000267028809,0.0,122334267
2025-01-08,8.279160499572754,8.84000015258789,0.0,8.850000381469727,8.640000343322754,8.640000343322754,0.0,143687713
2025-01-09,8.204235076904297,8.760000228881836,0.0,8.850000381469727,8.680000305175781,8.850000381469727,0.0,124593604
2025-01-10,8.095970153808594,8.449999809265137,0.197,8.59000015258789,8.319999694824219,8.579999923706055,0.0,138275896
2025-01-13,7.942673683166504,8.289999961853027,0.0,8.399999618530273,8.199999809265137,8.369999885559082,0.0,105285257
2025-01-14,7.971416473388672,8.319999694824219,0.0,8.369999885559082,8.25,8.270000457763672,0.0,92420507
2025-01-15,7.971416473388672,8.319999694824219,0.0,8.430000305175781,8.289999961853027,8.300000190734863,0.0,103044898
2025-01-16,8.105551719665527,8.460000038146973,0.0,8.460000038146973,8.260000228881836,8.34000015258789,0.0,111944973
2025-01-17,7.990578651428223,8.34000015258789,0.0,8.470000267028809,8.319999694824219,8.420000076293945,0.0,86433421
2025-01-20,7.942673683166504,8.289999961853027,0.0,8.369999885559082,8.279999732971191,8.34000015258789,0.0,67661651
2025-01-21,7.923511981964111,8.270000457763672,0.0,8.329999923706055,8.220000267028809,8.300000190734863,0.0,68671437
2025-01-22,7.827701091766357,8.170000076293945,0.0,8.270000457763672,8.140000343322754,8.270000457763672,0.0,85487282
2025-01-23,8.08638858795166,8.4399995803833,0.0,8.460000038146973,8.220000267028809,8.229999542236328,0.0,155117934
2025-01-24,8.057645797729492,8.40999984741211,0.0,8.470000267028809,8.300000190734863,8.4399995803833,0.0,76283955
2025-01-27,8.182199478149414,8.539999961853027,0.0,8.579999923706055,8.4399995803833,8.4399995803833,0.0,81441633
2025-02-05,8.028903007507324,8.380000114440918,0.0,8.550000190734863,8.369999885559082,8.529999732971191,0.0,96277424
2025-02-06,7.990578651428223,8.34000015258789,0.0,8.470000267028809,8.300000190734863,8.420000076293945,0.0,84708703
2025-02-07,7.952254772186279,8.300000190734863,0.0,8.350000381469727,8.25,8.350000381469727,0.0,100781793
2025-02-10,7.952254772186279,8.300000190734863,0.0,8.359999656677246,8.260000228881836,8.279999732971191,0.0,77330972
2025-02-11,8.23010540008545,8.59000015258789,0.0,8.59000015258789,8.300000190734863,8.3100004196167,0.0,196404721
2025-02-12,8.354658126831055,8.720000267028809,0.0,8.739999771118164,8.529999732971191,8.59000015258789,0.0,123538713
2025-02-13,8.402563095092773,8.770000457763672,0.0,8.800000190734863,8.670000076293945,8.710000038146973,0.0,94232304
2025-02-14,8.39298152923584,8.760000228881836,0.0,8.800000190734863,8.699999809265137,8.779999732971191,0.0,64268670
2025-02-17,8.373819351196289,8.739999771118164,0.0,8.800000190734863,8.640000343322754,8.779999732971191,0.0,79059495
2025-02-18,8.440887451171875,8.8100004196167,0.0,8.920000076293945,8.739999771118164,8.75,0.0,115833503
2025-02-19,8.41214370727539,8.779999732971191,0.0,8.850000381469727,8.760000228881836,8.779999732971191,0.0,64611064
2025-02-20,8.41214370727539,8.779999732971191,0.0,8.84000015258789,8.75,8.779999732971191,0.0,56387782
2025-02-21,8.278009414672852,8.640000343322754,0.0,8.760000228881836,8.619999885559082,8.75,0.0,90401850
2025-02-24,8.220523834228516,8.579999923706055,0.0,8.640000343322754,8.5,8.619999885559082,0.0,104905899
2025-02-25,8.143875122070312,8.5,0.0,8.640000343322754,8.479999542236328,8.579999923706055,0.0,104748193
2025-02-26,8.182199478149414,8.539999961853027,0.0,8.630000114440918,8.5,8.510000228881836,0.0,94863337
2025-02-27,8.220523834228516,8.579999923706055,0.0,8.609999656677246,8.460000038146973,8.539999961853027,0.0,99906210
2025-02-28,8.153456687927246,8.510000228881836,0.0,8.640000343322754,8.510000228881836,8.569999694824219,0.0,108379201
2025-03-03,8.143875122070312,8.5,0.0,8.550000190734863,8.40999984741211,8.510000228881836,0.0,90178840
2025-03-04,8.095970153808594,8.449999809265137,0.0,8.510000228881836,8.430000305175781,8.479999542236328,0.0,75412909
2025-03-05,8.278009414672852,8.640000343322754,0.0,8.680000305175781,8.4399995803833,8.460000038146973,0.0,138646503
2025-03-06,8.17261791229248,8.529999732971191,0.0,8.630000114440918,8.520000457763672,8.619999885559082,0.0,101504206
2025-03-07,8.143875122070312,8.5,0.0,8.5600004196167,8.470000267028809,8.520000457763672,0.0,93650298
2025-03-10,8.095970153808594,8.449999809265137,0.0,8.510000228881836,8.430000305175781,8.489999771118164,0.0,62822398
2025-03-11,8.134294509887695,8.489999771118164,0.0,8.489999771118164,8.399999618530273,8.430000305175781,0.0,89360526
2025-03-12,8.095970153808594,8.449999809265137,0.0,8.5,8.420000076293945,8.460000038146973,0.0,56720943
2025-03-13,8.105551719665527,8.460000038146973,0.0,8.510000228881836,8.4399995803833,8.449999809265137,0.0,66895524
2025-03-14,8.124712944030762,8.479999542236328,0.0,8.529999732971191,8.449999809265137,8.470000267028809,0.0,110929155
2025-03-17,8.17261791229248,8.529999732971191,0.0,8.5600004196167,8.470000267028809,8.5,0.0,94138432
2025-03-18,8.143875122070312,8.5,0.0,8.550000190734863,8.479999542236328,8.529999732971191,0.0,68427903
2025-03-19,8.220523834228516,8.579999923706055,0.0,8.609999656677246,8.489999771118164,8.5,0.0,90860527
2025-03-20,8.182199478149414,8.539999961853027,0.0,8.619999885559082,8.520000457763672,8.569999694824219,0.0,59291251
2025-03-21,8.134294509887695,8.489999771118164,0.0,8.569999694824219,8.449999809265137,8.539999961853027,0.0,80868317
2025-03-24,8.220523834228516,8.579999923706055,0.0,8.59000015258789,8.489999771118164,8.489999771118164,0.0,83675463
2025-03-25,8.287590026855469,8.649999618530273,0.0,8.670000076293945,8.569999694824219,8.59000015258789,0.0,74181532
2025-03-26,8.23010540008545,8.59000015258789,0.0,8.640000343322754,8.5600004196167,8.630000114440918,0.0,63285626
2025-03-27,8.268428802490234,8.630000114440918,0.0,8.640000343322754,8.579999923706055,8.59000015258789,0.0,50359946
2025-03-28,8.16303825378418,8.520000457763672,0.0,8.630000114440918,8.510000228881836,8.619999885559082,0.0,73021155
2025-03-31,8.46004867553711,8.829999923706055,0.0,8.850000381469727,8.479999542236328,8.59000015258789,0.0,255041524
2025-04-01,8.30675220489502,8.670000076293945,0.0,8.819999694824219,8.630000114440918,8.760000228881836,0.0,148485721
2025-04-02,8.402563095092773,8.770000457763672,0.0,8.789999961853027,8.649999618530273,8.65999984741211,0.0,92171300
2025-04-03,8.54627799987793,8.920000076293945,0.0,8.920000076293945,8.699999809265137,8.720000267028809,0.0,135155542
2025-04-07,8.507954597473145,8.880000114440918,0.0,8.989999771118164,8.609999656677246,8.829999923706055,0.0,253628365
2025-04-08,8.594183921813965,8.970000267028809,0.0,9.029999732971191,8.6899995803833,8.800000190734863,0.0,249345941
2025-04-09,8.431305885314941,8.800000190734863,0.0,9.010000228881836,8.770000457763672,8.890000343322754,0.0,197517744
2025-04-10,8.373819351196289,8.739999771118164,0.0,8.819999694824219,8.699999809265137,8.819999694824219,0.0,125034022
2025-04-11,8.421724319458008,8.789999961853027,0.0,8.789999961853027,8.680000305175781,8.75,0.0,113868150
2025-04-14,8.555859565734863,8.930000305175781,0.0,8.9399995803833,8.729999542236328,8.760000228881836,0.0,144830978
2025-04-15,8.603764533996582,8.979999542236328,0.0,9.010000228881836,8.880000114440918,8.899999618530273,0.0,99233966
2025-04-16,8.689993858337402,9.069999694824219,0.0,9.069999694824219,8.9399995803833,9.0,0.0,114706681
2025-04-17,8.699575424194336,9.079999923706055,0.0,9.100000381469727,8.949999809265137,9.0600004196167,0.0,80668550
2025-04-18,8.833709716796875,9.220000267028809,0.0,9.239999771118164,9.050000190734863,9.050000190734863,0.0,99711969
2025-04-21,8.699575424194336,9.079999923706055,0.0,9.350000381469727,9.069999694824219,9.199999809265137,0.0,123618097
2025-04-22,8.80496597290039,9.1899995803833,0.0,9.279999732971191,9.050000190734863,9.050000190734863,0.0,100589991
2025-04-23,8.737898826599121,9.119999885559082,0.0,9.220000267028809,9.100000381469727,9.1899995803833,0.0,67336541
2025-04-24,8.88161563873291,9.270000457763672,0.0,9.300000190734863,9.109999656677246,9.119999885559082,0.0,86067231
2025-04-25,8.824129104614258,9.210000038146973,0.0,9.350000381469727,9.15999984741211,9.279999732971191,0.0,80189448
2025-04-28,8.996586799621582,9.390000343322754,0.0,9.399999618530273,9.180000305175781,9.220000267028809,0.0,109845386
2025-04-29,8.967843055725098,9.359999656677246,0.0,9.470000267028809,9.329999923706055,9.380000114440918,0.0,73879273
2025-04-30,8.680413246154785,9.0600004196167,0.0,9.329999923706055,9.020000457763672,9.289999961853027,0.0,224442063
2025-05-06,8.670831680297852,9.050000190734863,0.0,9.109999656677246,8.890000343322754,9.0600004196167,0.0,104628705
2025-05-07,8.843290328979492,9.229999542236328,0.0,9.25,9.0,9.109999656677246,0.0,126553839
2025-05-08,8.919938087463379,9.3100004196167,0.0,9.369999885559082,9.210000038146973,9.210000038146973,0.0,110091592
2025-05-09,9.05318832397461,9.239999771118164,0.206,9.329999923706055,9.140000343322754,9.140000343322754,0.0,78306022
2025-05-12,8.984603881835938,9.170000076293945,0.0,9.270000457763672,9.140000343322754,9.229999542236328,0.0,102370513
2025-05-13,9.072784423828125,9.260000228881836,0.0,9.270000457763672,9.100000381469727,9.199999809265137,0.0,83239010
2025-05-14,9.062986373901367,9.25,0.0,9.329999923706055,9.199999809265137,9.220000267028809,0.0,105650918
2025-05-15,9.043390274047852,9.229999542236328,0.0,9.319999694824219,9.220000267028809,9.229999542236328,0.0,69990147
2025-05-16,8.994401931762695,9.180000305175781,0.0,9.260000228881836,9.109999656677246,9.25,0.0,76393654
2025-05-19,8.97480583190918,9.15999984741211,0.0,9.229999542236328,9.149999618530273,9.180000305175781,0.0,60833970
2025-05-20,8.97480583190918,9.15999984741211,0.0,9.220000267028809,9.119999885559082,9.170000076293945,0.0,60579973
2025-05-21,8.984603881835938,9.170000076293945,0.0,9.199999809265137,9.109999656677246,9.149999618530273,0.0,65820234
2025-05-22,8.984603881835938,9.170000076293945,0.0,9.199999809265137,9.109999656677246,9.15999984741211,0.0,57281293
2025-05-23,8.89642333984375,9.079999923706055,0.0,9.180000305175781,9.069999694824219,9.180000305175781,0.0,92033633
2025-05-26,8.857232093811035,9.039999961853027,0.0,9.100000381469727,9.020000457763672,9.09000015258789,0.0,61521062
2025-05-27,8.886625289916992,9.069999694824219,0.0,9.119999885559082,9.039999961853027,9.050000190734863,0.0,53177228
2025-05-28,8.867030143737793,9.050000190734863,0.0,9.09000015258789,9.029999732971191,9.069999694824219,0.0,34660086
2025-05-29,8.827838897705078,9.010000228881836,0.0,9.0600004196167,8.970000267028809,9.050000190734863,0.0,61510089
2025-05-30,8.847434043884277,9.029999732971191,0.0,9.079999923706055,8.989999771118164,9.010000228881836,0.0,67020608
2025-06-03,8.87682819366455,9.0600004196167,0.0,9.109999656677246,8.989999771118164,9.029999732971191,0.0,85030803
2025-06-04,8.827838897705078,9.010000228881836,0.0,9.079999923706055,9.010000228881836,9.069999694824219,0.0,73511656
2025-06-05,8.81804084777832,9.0,0.0,9.029999732971191,8.979999542236328,9.010000228881836,0.0,57857850
2025-06-06,8.81804084777832,9.0,0.0,9.039999961853027,8.979999542236328,9.010000228881836,0.0,49928376
2025-06-09,8.778849601745605,8.960000038146973,0.0,9.0,8.930000305175781,9.0,0.0,69611862
2025-06-10,8.788647651672363,8.970000267028809,0.0,9.050000190734863,8.930000305175781,8.960000038146973,0.0,100513669
2025-06-11,8.73965835571289,8.920000076293945,0.0,8.970000267028809,8.899999618530273,8.960000038146973,0.0,129914667
2025-06-12,8.710265159606934,8.890000343322754,0.0,8.930000305175781,8.890000343322754,8.930000305175781,0.0,65963814
2025-06-13,8.68087100982666,8.859999656677246,0.0,8.920000076293945,8.829999923706055,8.899999618530273,0.0,91468960
2025-06-16,8.81804084777832,9.0,0.0,9.0,8.800000190734863,8.859999656677246,0.0,131562010
2025-06-17,8.837636947631836,9.020000457763672,0.0,9.029999732971191,8.949999809265137,8.979999542236328,0.0,67264377
2025-06-18,9.03359317779541,9.220000267028809,0.0,9.220000267028809,9.010000228881836,9.020000457763672,0.0,150450692
2025-06-19,9.03359317779541,9.220000267028809,0.0,9.239999771118164,9.140000343322754,9.1899995803833,0.0,84863642
2025-06-20,9.121773719787598,9.3100004196167,0.0,9.3100004196167,9.180000305175781,9.220000267028809,0.0,93553318
2025-06-23,9.258942604064941,9.449999809265137,0.0,9.470000267028809,9.239999771118164,9.300000190734863,0.0,109912185
2025-06-24,9.288335800170898,9.479999542236328,0.0,9.5,9.350000381469727,9.399999618530273,0.0,101286161
2025-06-25,9.356921195983887,9.550000190734863,0.0,9.5600004196167,9.359999656677246,9.449999809265137,0.0,98412972
2025-06-26,9.376516342163086,9.569999694824219,0.0,9.600000381469727,9.460000038146973,9.520000457763672,0.0,88944565
2025-06-27,9.180560111999512,9.369999885559082,0.0,9.670000076293945,9.34000015258789,9.5600004196167,0.0,173022147
2025-06-30,9.249144554138184,9.4399995803833,0.0,9.539999961853027,9.3100004196167,9.329999923706055,0.0,156346612
2025-07-01,9.513686180114746,9.710000038146973,0.0,9.75,9.449999809265137,9.470000267028809,0.0,139220518
2025-07-02,9.562675476074219,9.760000228881836,0.0,9.890000343322754,9.710000038146973,9.75,0.0,100781207
2025-07-03,9.484292984008789,9.680000305175781,0.0,9.880000114440918,9.680000305175781,9.770000457763672,0.0,82149220
2025-07-04,9.601866722106934,9.800000190734863,0.0,9.850000381469727,9.699999809265137,9.739999771118164,0.0,78126970
2025-07-07,9.552877426147461,9.75,0.0,9.8100004196167,9.729999542236328,9.789999961853027,0.0,66111073
2025-07-08,9.543079376220703,9.739999771118164,0.0,9.8100004196167,9.710000038146973,9.760000228881836,0.0,64953720
2025-07-09,9.621461868286133,9.819999694824219,0.0,9.880000114440918,9.720000267028809,9.729999542236328,0.0,76889988
2025-07-10,9.670451164245605,9.869999885559082,0.0,9.970000267028809,9.829999923706055,9.850000381469727,0.0,84822975
2025-07-11,9.552877426147461,9.75,0.0,10.029999732971191,9.75,9.899999618530273,0.0,150228839
2025-07-14,9.572473526000977,9.770000457763672,0.0,9.899999618530273,9.770000457763672,9.789999961853027,0.0,89953890
2025-07-15,9.503888130187988,9.699999809265137,0.0,9.829999923706055,9.6899995803833,9.800000190734863,0.0,83525441
2025-07-16,9.523484230041504,9.720000267028809,0.0,9.720000267028809,9.59000015258789,9.699999809265137,0.0,95433295
2025-07-17,9.464696884155273,9.65999984741211,0.0,9.729999542236328,9.630000114440918,9.699999809265137,0.0,75020481
2025-07-18,9.464696884155273,9.65999984741211,0.0,9.699999809265137,9.609999656677246,9.65999984741211,0.0,52675518
2025-07-21,9.376516342163086,9.569999694824219,0.0,9.65999984741211,9.529999732971191,9.649999618530273,0.0,83180742
2025-07-22,9.239347457885742,9.430000305175781,0.0,9.5600004196167,9.380000114440918,9.539999961853027,0.0,141530614
2025-07-23,9.307931900024414,9.5,0.0,9.569999694824219,9.399999618530273,9.399999618530273,0.0,121191864
2025-07-24,9.19035816192627,9.380000114440918,0.0,9.520000457763672,9.369999885559082,9.5,0.0,126176424
2025-07-25,9.160964965820312,9.350000381469727,0.0,9.430000305175781,9.34000015258789,9.359999656677246,0.0,78894141
2025-07-28,9.180560111999512,9.369999885559082,0.0,9.430000305175781,9.34000015258789,9.350000381469727,0.0,88892172
2025-07-29,9.05318832397461,9.239999771118164,0.0,9.449999809265137,9.220000267028809,9.369999885559082,0.0,127116279
2025-07-30,9.131570816040039,9.319999694824219,0.0,9.390000343322754,9.1899995803833,9.210000038146973,0.0,114950271
2025-07-31,9.219751358032227,9.40999984741211,0.0,9.420000076293945,9.220000267028809,9.329999923706055,0.0,147431073
2025-08-01,9.229549407958984,9.420000076293945,0.0,9.470000267028809,9.279999732971191,9.399999618530273,0.0,135778358
2025-08-04,9.356921195983887,9.550000190734863,0.0,9.5600004196167,9.390000343322754,9.399999618530273,0.0,142987988
2025-08-05,9.445101737976074,9.640000343322754,0.0,9.649999618530273,9.5,9.529999732971191,0.0,98223045
2025-08-06,9.386314392089844,9.579999923706055,0.0,9.680000305175781,9.550000190734863,9.640000343322754,0.0,122407182
2025-08-07,9.435303688049316,9.630000114440918,0.0,9.699999809265137,9.449999809265137,9.569999694824219,0.0,126616201
2025-08-08,9.40591049194336,9.600000381469727,0.0,9.739999771118164,9.59000015258789,9.630000114440918,0.0,111033811
2025-08-11,9.278538703918457,9.470000267028809,0.0,9.609999656677246,9.449999809265137,9.59000015258789,0.0,134584552
2025-08-12,9.317729949951172,9.510000228881836,0.0,9.529999732971191,9.449999809265137,9.470000267028809,0.0,109813600
2025-08-13,9.160964965820312,9.350000381469727,0.0,9.550000190734863,9.34000015258789,9.510000228881836,0.0,179971713
2025-08-14,9.160964965820312,9.350000381469727,0.0,9.4399995803833,9.34000015258789,9.350000381469727,0.0,137298769
2025-08-15,8.984603881835938,9.170000076293945,0.0,9.380000114440918,9.109999656677246,9.369999885559082,0.0,219493123
2025-08-18,8.95521068572998,9.140000343322754,0.0,9.1899995803833,9.079999923706055,9.1899995803833,0.0,136011353
2025-08-19,8.97480583190918,9.15999984741211,0.0,9.210000038146973,9.109999656677246,9.140000343322754,0.0,136496836
2025-08-20,8.984603881835938,9.170000076293945,0.0,9.25,9.140000343322754,9.15999984741211,0.0,122280346
2025-08-21,9.05318832397461,9.239999771118164,0.0,9.260000228881836,9.109999656677246,9.170000076293945,0.0,133602640
2025-08-22,9.023795127868652,9.210000038146973,0.0,9.270000457763672,9.140000343322754,9.25,0.0,127690659
2025-08-25,9.004199028015137,9.1899995803833,0.0,9.229999542236328,9.130000114440918,9.1899995803833,0.0,135347903
2025-08-26,8.965007781982422,9.149999618530273,0.0,9.239999771118164,9.140000343322754,9.1899995803833,0.0,126364068
2025-08-27,8.847434043884277,9.029999732971191,0.0,9.140000343322754,9.029999732971191,9.130000114440918,0.0,170541732
2025-08-28,8.847434043884277,9.029999732971191,0.0,9.0600004196167,8.9399995803833,9.029999732971191,0.0,128215446
2025-08-29,8.81804084777832,9.0,0.0,9.140000343322754,9.0,9.010000228881836,0.0,150882298
2025-09-01,8.857232093811035,9.039999961853027,0.0,9.149999618530273,8.960000038146973,9.069999694824219,0.0,176306830
2025-09-02,9.03359317779541,9.220000267028809,0.0,9.25,9.010000228881836,9.039999961853027,0.0,248023784
2025-09-03,8.945412635803223,9.130000114440918,0.0,9.239999771118164,9.079999923706055,9.220000267028809,0.0,137230617
2025-09-04,9.013997077941895,9.199999809265137,0.0,9.220000267028809,8.930000305175781,9.100000381469727,0.0,197531969
2025-09-05,8.867030143737793,9.050000190734863,0.0,9.180000305175781,9.029999732971191,9.170000076293945,0.0,136755013
2025-09-08,8.81804084777832,9.0,0.0,9.069999694824219,8.979999542236328,9.020000457763672,0.0,102563250
2025-09-09,8.827838897705078,9.010000228881836,0.0,9.039999961853027,8.979999542236328,8.979999542236328,0.0,64904889
2025-09-10,8.965007781982422,9.149999618530273,0.0,9.15999984741211,8.970000267028809,9.010000228881836,0.0,156905269
2025-09-11,8.97480583190918,9.15999984741211,0.0,9.210000038146973,9.020000457763672,9.119999885559082,0.0,146115588
2025-09-12,8.935614585876465,9.119999885559082,0.0,9.180000305175781,9.09000015258789,9.15999984741211,0.0,91518582
2025-09-15,8.857232093811035,9.039999961853027,0.0,9.130000114440918,9.010000228881836,9.109999656677246,0.0,112924166
2025-09-16,8.827838897705078,9.010000228881836,0.0,9.079999923706055,8.979999542236328,9.020000457763672,0.0,99844179
2025-09-17,8.81804084777832,9.0,0.0,9.050000190734863,8.979999542236328,9.0,0.0,82959474
2025-09-18,8.592691421508789,8.770000457763672,0.0,9.0,8.75,8.989999771118164,0.0,181545104
2025-09-19,8.700467109680176,8.880000114440918,0.0,8.880000114440918,8.65999984741211,8.739999771118164,0.0,150920709
2025-09-22,8.416330337524414,8.59000015258789,0.0,8.819999694824219,8.579999923706055,8.800000190734863,0.0,145596961
2025-09-23,8.671073913574219,8.850000381469727,0.0,8.899999618530273,8.5,8.5600004196167,0.0,206230393
2025-09-24,8.573095321655273,8.75,0.0,8.960000038146973,8.739999771118164,8.829999923706055,0.0,141477646
2025-09-25,8.553499221801758,8.729999542236328,0.0,8.770000457763672,8.619999885559082,8.739999771118164,0.0,115537218
2025-09-26,8.484914779663086,8.65999984741211,0.0,8.720000267028809,8.619999885559082,8.710000038146973,0.0,78104491
2025-09-29,8.426128387451172,8.600000381469727,0.0,8.680000305175781,8.539999961853027,8.640000343322754,0.0,122138312
2025-09-30,8.435925483703613,8.609999656677246,0.0,8.619999885559082,8.550000190734863,8.609999656677246,0.0,91724556
2025-10-09,8.494712829589844,8.670000076293945,0.0,8.670000076293945,8.5,8.5600004196167,0.0,108777082
2025-10-10,8.5241060256958,8.699999809265137,0.0,8.720000267028809,8.619999885559082,8.640000343322754,0.0,116609658
2025-10-13,8.5241060256958,8.699999809265137,0.0,8.819999694824219,8.619999885559082,8.6899995803833,0.0,145101800
2025-10-14,8.710265159606934,8.890000343322754,0.0,8.899999618530273,8.619999885559082,8.680000305175781,0.0,191055008
2025-10-15,8.769051551818848,8.949999809265137,0.0,8.979999542236328,8.850000381469727,8.890000343322754,0.0,129122339
2025-10-16,9.004199028015137,9.1899995803833,0.0,9.210000038146973,8.930000305175781,8.930000305175781,0.0,202012221
2025-10-17,9.03359317779541,9.220000267028809,0.0,9.34000015258789,9.140000343322754,9.180000305175781,0.0,170179695
2025-10-20,9.062986373901367,9.25,0.0,9.289999961853027,9.039999961853027,9.130000114440918,0.0,142435331
2025-10-21,9.102177619934082,9.289999961853027,0.0,9.289999961853027,9.180000305175781,9.199999809265137,0.0,112889082
2025-10-22,9.19035816192627,9.380000114440918,0.0,9.390000343322754,9.260000228881836,9.260000228881836,0.0,115887500
2025-10-23,9.170762062072754,9.359999656677246,0.0,9.489999771118164,9.270000457763672,9.380000114440918,0.0,119715210
2025-10-24,9.170762062072754,9.359999656677246,0.0,9.420000076293945,9.279999732971191,9.350000381469727,0.0,91867532
2025-10-27,9.239347457885742,9.430000305175781,0.0,9.5,9.220000267028809,9.350000381469727,0.0,142234294
2025-10-28,9.200156211853027,9.390000343322754,0.0,9.489999771118164,9.3100004196167,9.420000076293945,0.0,79145453
2025-10-29,9.043390274047852,9.229999542236328,0.0,9.390000343322754,9.199999809265137,9.369999885559082,0.0,111712666
2025-10-30,9.05318832397461,9.239999771118164,0.0,9.380000114440918,9.210000038146973,9.220000267028809,0.0,116333886
2025-10-31,8.945412635803223,9.130000114440918,0.0,9.289999961853027,9.0600004196167,9.289999961853027,0.0,130003612
2025-11-03,9.151166915893555,9.34000015258789,0.0,9.350000381469727,9.130000114440918,9.140000343322754,0.0,134267083
2025-11-04,9.356921195983887,9.550000190734863,0.0,9.550000190734863,9.329999923706055,9.34000015258789,0.0,158653100
2025-11-05,9.288335800170898,9.479999542236328,0.0,9.600000381469727,9.460000038146973,9.5600004196167,0.0,85426584
2025-11-06,9.249144554138184,9.4399995803833,0.0,9.479999542236328,9.390000343322754,9.449999809265137,0.0,72520659
2025-11-07,9.200156211853027,9.390000343322754,0.0,9.520000457763672,9.369999885559082,9.449999809265137,0.0,62126434
2025-11-10,9.307931900024414,9.5,0.0,9.520000457763672,9.3100004196167,9.369999885559082,0.0,83703686
2025-11-11,9.347123146057129,9.539999961853027,0.0,9.550000190734863,9.449999809265137,9.489999771118164,0.0,71433714
2025-11-12,9.396112442016602,9.59000015258789,0.0,9.710000038146973,9.550000190734863,9.550000190734863,0.0,103183465
2025-11-13,9.347123146057129,9.539999961853027,0.0,9.710000038146973,9.430000305175781,9.600000381469727,0.0,90488291
2025-11-14,9.366719245910645,9.5600004196167,0.0,9.670000076293945,9.529999732971191,9.529999732971191,0.0,71523002
2025-11-17,9.249144554138184,9.4399995803833,0.0,9.550000190734863,9.390000343322754,9.539999961853027,0.0,76952686
2025-11-18,9.219751358032227,9.40999984741211,0.0,9.470000267028809,9.359999656677246,9.430000305175781,0.0,60951733
2025-11-19,9.32752799987793,9.520000457763672,0.0,9.579999923706055,9.390000343322754,9.399999618530273,0.0,83845387
2025-11-20,9.621461868286133,9.819999694824219,0.0,9.970000267028809,9.449999809265137,9.479999542236328,0.0,224166351
2025-11-21,9.592068672180176,9.789999961853027,0.0,9.899999618530273,9.720000267028809,9.789999961853027,0.0,180011031
2025-11-24,9.552877426147461,9.75,0.0,9.84000015258789,9.649999618530273,9.770000457763672,0.0,129023148
2025-11-25,9.650856018066406,9.850000381469727,0.0,9.880000114440918,9.619999885559082,9.729999542236328,0.0,128907244
2025-11-26,9.523484230041504,9.720000267028809,0.0,9.899999618530273,9.649999618530273,9.850000381469727,0.0,122197193
2025-11-27,9.513686180114746,9.710000038146973,0.0,9.739999771118164,9.5600004196167,9.720000267028809,0.0,97523255
2025-11-28,9.464696884155273,9.65999984741211,0.0,9.75,9.609999656677246,9.6899995803833,0.0,109700741
2025-12-01,9.454898834228516,9.649999618530273,0.0,9.670000076293945,9.550000190734863,9.609999656677246,0.0,86845538
2025-12-02,9.40591049194336,9.600000381469727,0.0,9.710000038146973,9.520000457763672,9.640000343322754,0.0,87704653
2025-12-03,9.249144554138184,9.4399995803833,0.0,9.649999618530273,9.420000076293945,9.550000190734863,0.0,101250922
2025-12-04,9.200156211853027,9.390000343322754,0.0,9.460000038146973,9.359999656677246,9.430000305175781,0.0,60113730
2025-12-05,9.121773719787598,9.3100004196167,0.0,9.4399995803833,9.270000457763672,9.369999885559082,0.0,81103747
2025-12-08,9.121773719787598,9.3100004196167,0.0,9.369999885559082,9.270000457763672,9.319999694824219,0.0,79054654
2025-12-09,9.151166915893555,9.34000015258789,0.0,9.359999656677246,9.25,9.289999961853027,0.0,90012433
2025-12-10,9.004199028015137,9.1899995803833,0.0,9.350000381469727,9.15999984741211,9.34000015258789,0.0,110363181
2025-12-11,8.9399995803833,8.9399995803833,0.1858,9.050000190734863,8.899999618530273,9.029999732971191,0.0,105700260
2025-12-12,8.880000114440918,8.880000114440918,0.0,8.949999809265137,8.800000190734863,8.949999809265137,0.0,145719977
2025-12-15,8.880000114440918,8.880000114440918,0.0,8.960000038146973,8.859999656677246,8.890000343322754,0.0,78222197
2025-12-16,8.84000015258789,8.84000015258789,0.0,8.899999618530273,8.800000190734863,8.869999885559082,0.0,76407603
2025-12-17,8.930000305175781,8.930000305175781,0.0,8.989999771118164,8.8100004196167,8.850000381469727,0.0,98108213
2025-12-18,9.15999984741211,9.15999984741211,0.0,9.170000076293945,8.9399995803833,8.949999809265137,0.0,127118175
2025-12-19,9.170000076293945,9.170000076293945,0.0,9.229999542236328,9.069999694824219,9.140000343322754,0.0,94392386
2025-12-22,9.1899995803833,9.1899995803833,0.0,9.210000038146973,9.069999694824219,9.119999885559082,0.0,63096224
2025-12-23,9.220000267028809,9.220000267028809,0.0,9.270000457763672,9.149999618530273,9.170000076293945,0.0,74910278
2025-12-24,9.170000076293945,9.170000076293945,0.0,9.25,9.15999984741211,9.220000267028809,0.0,57003338
2025-12-25,9.199999809265137,9.199999809265137,0.0,9.229999542236328,9.140000343322754,9.149999618530273,0.0,50256074
2025-12-26,9.09000015258789,9.09000015258789,0.0,9.199999809265137,9.079999923706055,9.1899995803833,0.0,70103183
2025-12-29,9.270000457763672,9.270000457763672,0.0,9.279999732971191,9.050000190734863,9.09000015258789,0.0,104342642
2025-12-30,9.220000267028809,9.220000267028809,0.0,9.289999961853027,9.180000305175781,9.25,0.0,63775044
2025-12-31,9.279999732971191,9.279999732971191,0.0,9.329999923706055,9.199999809265137,9.220000267028809,0.0,66914753
2026-01-05,9.25,9.25,0.0,9.3100004196167,9.119999885559082,9.289999961853027,0.0,99863449
2026-01-06,9.15999984741211,9.15999984741211,0.0,9.25,9.130000114440918,9.239999771118164,0.0,84488561
2026-01-07,9.039999961853027,9.039999961853027,0.0,9.149999618530273,9.0,9.140000343322754,0.0,134353747
2026-01-08,9.09000015258789,9.09000015258789,0.0,9.100000381469727,8.989999771118164,9.039999961853027,0.0,90501953
2026-01-09,9.0600004196167,9.0600004196167,0.0,9.079999923706055,8.979999542236328,9.079999923706055,0.0,92617812
2026-01-12,9.109999656677246,9.109999656677246,0.0,9.140000343322754,8.949999809265137,9.010000228881836,0.0,118583955
2026-01-13,9.199999809265137,9.199999809265137,0.0,9.25,9.130000114440918,9.130000114440918,0.0,120998869
2026-01-14,9.069999694824219,9.069999694824219,0.0,9.199999809265137,9.0600004196167,9.1899995803833,0.0,109802452
2026-01-15,9.029999732971191,9.029999732971191,0.0,9.100000381469727,9.010000228881836,9.039999961853027,0.0,85097634
2026-01-16,8.949999809265137,8.949999809265137,0.0,9.0600004196167,8.9399995803833,9.050000190734863,0.0,121943341
2026-01-19,8.9399995803833,8.9399995803833,0.0,9.0,8.899999618530273,8.949999809265137,0.0,96014541
2026-01-20,9.020000457763672,9.020000457763672,0.0,9.069999694824219,8.90999984741211,8.9399995803833,0.0,91773725
2026-01-21,8.859999656677246,8.859999656677246,0.0,9.0600004196167,8.850000381469727,9.029999732971191,0.0,126118624
2026-01-22,8.6899995803833,8.6899995803833,0.0,8.890000343322754,8.670000076293945,8.869999885559082,0.0,138525875
2026-01-23,8.649999618530273,8.649999618530273,0.0,8.720000267028809,8.619999885559082,8.699999809265137,0.0,84651898
2026-01-26,8.6899995803833,8.6899995803833,0.0,8.75,8.600000381469727,8.649999618530273,0.0,121676894
2026-01-27,8.720000267028809,8.720000267028809,0.0,8.869999885559082,8.670000076293945,8.680000305175781,0.0,137679582
2026-01-28,8.710000038146973,8.710000038146973,0.0,8.819999694824219,8.670000076293945,8.729999542236328,0.0,136963930
2026-01-29,8.770000457763672,8.770000457763672,0.0,8.789999961853027,8.619999885559082,8.729999542236328,0.0,128091498
2026-01-30,8.720000267028809,8.720000267028809,0.0,8.84000015258789,8.710000038146973,8.770000457763672,0.0,112362106
2026-02-02,8.789999961853027,8.789999961853027,0.0,8.850000381469727,8.710000038146973,8.729999542236328,0.0,138618017
2026-02-03,8.649999618530273,8.649999618530273,0.0,8.779999732971191,8.619999885559082,8.779999732971191,0.0,123177435
2026-02-04,8.720000267028809,8.720000267028809,0.0,8.800000190734863,8.640000343322754,8.649999618530273,0.0,108373213
2026-02-05,8.829999923706055,8.829999923706055,0.0,8.859999656677246,8.710000038146973,8.729999542236328,0.0,122345086
2026-02-06,8.84000015258789,8.84000015258789,0.0,8.890000343322754,8.75,8.84000015258789,0.0,99958205
2026-02-09,8.859999656677246,8.859999656677246,0.0,8.880000114440918,8.760000228881836,8.8100004196167,0.0,85806148
2026-02-10,8.970000267028809,8.970000267028809,0.0,9.0,8.850000381469727,8.859999656677246,0.0,108946499
2026-02-11,8.960000038146973,8.960000038146973,0.0,8.979999542236328,8.90999984741211,8.979999542236328,0.0,50915765
2026-02-12,8.8100004196167,8.8100004196167,0.0,8.949999809265137,8.779999732971191,8.930000305175781,0.0,94679071
2026-02-13,8.699999809265137,8.699999809265137,0.0,8.84000015258789,8.6899995803833,8.829999923706055,0.0,99439397
2026-02-24,8.680000305175781,8.680000305175781,0.0,8.760000228881836,8.670000076293945,8.729999542236328,0.0,64124269
2026-02-25,8.649999618530273,8.649999618530273,0.0,8.710000038146973,8.630000114440918,8.699999809265137,0.0,95790331
2026-02-26,8.619999885559082,8.619999885559082,0.0,8.6899995803833,8.600000381469727,8.670000076293945,0.0,86270568
2026-02-27,8.59000015258789,8.59000015258789,0.0,8.649999618530273,8.59000015258789,8.619999885559082,0.0,88645425
2026-03-02,8.710000038146973,8.710000038146973,0.0,8.739999771118164,8.520000457763672,8.600000381469727,0.0,112005072
2026-03-03,8.899999618530273,8.899999618530273,0.0,8.949999809265137,8.649999618530273,8.699999809265137,0.0,206203235
2026-03-04,8.899999618530273,8.899999618530273,0.0,8.90999984741211,8.729999542236328,8.880000114440918,0.0,154756093
2026-03-05,8.9399995803833,8.9399995803833,0.0,8.970000267028809,8.8100004196167,8.84000015258789,0.0,97708509
2026-03-06,8.970000267028809,8.970000267028809,0.0,9.020000457763672,8.930000305175781,8.9399995803833,0.0,84773065
2026-03-09,9.0600004196167,9.0600004196167,0.0,9.140000343322754,8.930000305175781,8.960000038146973,0.0,152815331
2026-03-10,8.9399995803833,8.9399995803833,0.0,9.039999961853027,8.930000305175781,9.010000228881836,0.0,83402353
2026-03-11,9.050000190734863,9.050000190734863,0.0,9.050000190734863,8.890000343322754,8.9399995803833,0.0,86050618
2026-03-12,9.100000381469727,9.100000381469727,0.0,9.140000343322754,9.0,9.039999961853027,0.0,92179992
2026-03-13,9.149999618530273,9.149999618530273,0.0,9.1899995803833,9.039999961853027,9.100000381469727,0.0,94155509
2026-03-16,9.180000305175781,9.180000305175781,0.0,9.199999809265137,9.100000381469727,9.149999618530273,0.0,71882909
2026-03-17,9.260000228881836,9.260000228881836,0.0,9.3100004196167,9.149999618530273,9.180000305175781,0.0,90909972
2026-03-18,9.229999542236328,9.229999542236328,0.0,9.289999961853027,9.170000076293945,9.25,0.0,76703178
2026-03-19,9.34000015258789,9.34000015258789,0.0,9.380000114440918,9.210000038146973,9.220000267028809,0.0,125644697
2026-03-20,9.380000114440918,9.380000114440918,0.0,9.399999618530273,9.270000457763672,9.329999923706055,0.0,95039548
2026-03-23,9.15999984741211,9.15999984741211,0.0,9.369999885559082,9.109999656677246,9.319999694824219,0.0,152465295
2026-03-24,9.319999694824219,9.319999694824219,0.0,9.369999885559082,9.149999618530273,9.15999984741211,0.0,110897176
2026-03-25,9.390000343322754,9.390000343322754,0.0,9.40999984741211,9.15999984741211,9.319999694824219,0.0,100644243
2026-03-26,9.4399995803833,9.4399995803833,0.0,9.489999771118164,9.34000015258789,9.359999656677246,0.0,89586757
2026-03-27,9.420000076293945,9.420000076293945,0.0,9.489999771118164,9.34000015258789,9.420000076293945,0.0,79316605
2026-03-30,9.510000228881836,9.510000228881836,0.0,9.569999694824219,9.3100004196167,9.329999923706055,0.0,118637842
2026-03-31,9.649999618530273,9.649999618530273,0.0,9.680000305175781,9.510000228881836,9.539999961853027,0.0,101959537
2026-04-01,9.449999809265137,9.449999809265137,0.0,9.670000076293945,9.430000305175781,9.579999923706055,0.0,122939013
2026-04-02,9.579999923706055,9.579999923706055,0.0,9.619999885559082,9.420000076293945,9.449999809265137,0.0,86416345
2026-04-03,9.399999618530273,9.399999618530273,0.0,9.550000190734863,9.329999923706055,9.529999732971191,0.0,86898360
2026-04-07,9.210000038146973,9.210000038146973,0.0,9.399999618530273,9.180000305175781,9.390000343322754,0.0,80287722
2026-04-08,9.300000190734863,9.300000190734863,0.0,9.300000190734863,9.109999656677246,9.25,0.0,92107091
2026-04-09,9.270000457763672,9.270000457763672,0.0,9.3100004196167,9.180000305175781,9.289999961853027,0.0,53952141
2026-04-10,9.239999771118164,9.239999771118164,0.0,9.260000228881836,9.1899995803833,9.239999771118164,0.0,49353786
2026-04-13,9.319999694824219,9.319999694824219,0.0,9.329999923706055,9.15999984741211,9.229999542236328,0.0,69286978
2026-04-14,9.359999656677246,9.359999656677246,0.0,9.380000114440918,9.270000457763672,9.289999961853027,0.0,53115274
2026-04-15,9.460000038146973,9.460000038146973,0.0,9.520000457763672,9.300000190734863,9.319999694824219,0.0,97753155
2026-04-16,9.449999809265137,9.449999809265137,0.0,9.579999923706055,9.399999618530273,9.449999809265137,0.0,105981947
2026-04-17,9.40999984741211,9.40999984741211,0.0,9.5,9.369999885559082,9.470000267028809,0.0,63882312
