Date,Adj Close,Close,Dividends,High,Low,Open,Stock Splits,Volume
2019-01-02,2.3578639030456543,3.5399999618530273,0.0,3.630000114440918,3.5299999713897705,3.619999885559082,0.0,122878994
2019-01-03,2.3645248413085938,3.549999952316284,0.0,3.569999933242798,3.5199999809265137,3.5399999618530273,0.0,97030394
2019-01-04,2.3845067024230957,3.5799999237060547,0.0,3.5899999141693115,3.5199999809265137,3.5299999713897705,0.0,123496514
2019-01-07,2.3778457641601562,3.569999933242798,0.0,3.5899999141693115,3.549999952316284,3.5299999713897705,0.0,119228983
2019-01-08,2.3578639030456543,3.5399999618530273,0.0,3.569999933242798,3.5199999809265137,3.569999933242798,0.0,116524413
2019-01-09,2.3645248413085938,3.549999952316284,0.0,3.5799999237060547,3.5399999618530273,3.5399999618530273,0.0,132123727
2019-01-10,2.3445427417755127,3.5199999809265137,0.0,3.549999952316284,3.509999990463257,3.5399999618530273,0.0,117058162
2019-01-11,2.351203680038452,3.5299999713897705,0.0,3.5399999618530273,3.5199999809265137,3.5299999713897705,0.0,77248902
2019-01-14,2.331221580505371,3.5,0.0,3.5399999618530273,3.490000009536743,3.5299999713897705,0.0,110368569
2019-01-15,2.3445427417755127,3.5199999809265137,0.0,3.5299999713897705,3.5,3.509999990463257,0.0,98282606
2019-01-16,2.3445427417755127,3.5199999809265137,0.0,3.5299999713897705,3.5,3.5199999809265137,0.0,86618476
2019-01-17,2.351203680038452,3.5299999713897705,0.0,3.549999952316284,3.509999990463257,3.5299999713897705,0.0,123676248
2019-01-18,2.371185302734375,3.559999942779541,0.0,3.5799999237060547,3.5299999713897705,3.5399999618530273,0.0,168732641
2019-01-21,2.3778457641601562,3.569999933242798,0.0,3.5899999141693115,3.559999942779541,3.569999933242798,0.0,147846941
2019-01-22,2.371185302734375,3.559999942779541,0.0,3.5799999237060547,3.549999952316284,3.569999933242798,0.0,105596634
2019-01-23,2.3778457641601562,3.569999933242798,0.0,3.5799999237060547,3.549999952316284,3.559999942779541,0.0,67818276
2019-01-24,2.391166925430298,3.5899999141693115,0.0,3.5899999141693115,3.559999942779541,3.569999933242798,0.0,98673994
2019-01-25,2.411149024963379,3.619999885559082,0.0,3.630000114440918,3.5899999141693115,3.5999999046325684,0.0,152447063
2019-01-28,2.4044883251190186,3.609999895095825,0.0,3.6600000858306885,3.609999895095825,3.630000114440918,0.0,124104874
2019-01-29,2.4244704246520996,3.640000104904175,0.0,3.6500000953674316,3.5999999046325684,3.619999885559082,0.0,131001095
2019-01-30,2.4178099632263184,3.630000114440918,0.0,3.6500000953674316,3.619999885559082,3.640000104904175,0.0,90165061
2019-01-31,2.451112985610962,3.680000066757202,0.0,3.700000047683716,3.630000114440918,3.640000104904175,0.0,164124822
2019-02-01,2.451112985610962,3.680000066757202,0.0,3.690000057220459,3.6500000953674316,3.690000057220459,0.0,126516336
2019-02-11,2.4444522857666016,3.6700000762939453,0.0,3.6700000762939453,3.630000114440918,3.6600000858306885,0.0,113443769
2019-02-12,2.451112985610962,3.680000066757202,0.0,3.700000047683716,3.6600000858306885,3.6700000762939453,0.0,127368146
2019-02-13,2.477755308151245,3.7200000286102295,0.0,3.7200000286102295,3.680000066757202,3.690000057220459,0.0,185743678
2019-02-14,2.4644341468811035,3.700000047683716,0.0,3.7200000286102295,3.690000057220459,3.7200000286102295,0.0,122324084
2019-02-15,2.431130886077881,3.6500000953674316,0.0,3.700000047683716,3.640000104904175,3.690000057220459,0.0,122834771
2019-02-18,2.4644341468811035,3.700000047683716,0.0,3.7100000381469727,3.6500000953674316,3.6700000762939453,0.0,153724349
2019-02-19,2.451112985610962,3.680000066757202,0.0,3.7200000286102295,3.6700000762939453,3.690000057220459,0.0,148027179
2019-02-20,2.451112985610962,3.680000066757202,0.0,3.700000047683716,3.6600000858306885,3.690000057220459,0.0,101399406
2019-02-21,2.4444522857666016,3.6700000762939453,0.0,3.700000047683716,3.6600000858306885,3.680000066757202,0.0,125340312
2019-02-22,2.457773447036743,3.690000057220459,0.0,3.700000047683716,3.640000104904175,3.6600000858306885,0.0,144160667
2019-02-25,2.5843253135681152,3.880000114440918,0.0,3.9000000953674316,3.700000047683716,3.700000047683716,0.0,460836863
2019-02-26,2.557683229446411,3.8399999141693115,0.0,3.9000000953674316,3.819999933242798,3.869999885559082,0.0,354221869
2019-02-27,2.5843253135681152,3.880000114440918,0.0,3.940000057220459,3.8299999237060547,3.8399999141693115,0.0,331536962
2019-02-28,2.557683229446411,3.8399999141693115,0.0,3.880000114440918,3.8299999237060547,3.880000114440918,0.0,182378553
2019-03-01,2.597646713256836,3.9000000953674316,0.0,3.9100000858306885,3.819999933242798,3.8499999046325684,0.0,215845872
2019-03-04,2.6109681129455566,3.9200000762939453,0.0,4.0,3.9200000762939453,3.9200000762939453,0.0,386545488
2019-03-05,2.597646713256836,3.9000000953674316,0.0,3.9200000762939453,3.880000114440918,3.9000000953674316,0.0,225733760
2019-03-06,2.617628574371338,3.930000066757202,0.0,3.930000066757202,3.880000114440918,3.890000104904175,0.0,219450431
2019-03-07,2.590986490249634,3.890000104904175,0.0,3.930000066757202,3.880000114440918,3.930000066757202,0.0,251371617
2019-03-08,2.497737407684326,3.75,0.0,3.869999885559082,3.75,3.869999885559082,0.0,302637264
2019-03-11,2.5243799686431885,3.7899999618530273,0.0,3.809999942779541,3.740000009536743,3.740000009536743,0.0,198105836
2019-03-12,2.5510222911834717,3.8299999237060547,0.0,3.869999885559082,3.7899999618530273,3.7899999618530273,0.0,247338281
2019-03-13,2.531040668487549,3.799999952316284,0.0,3.8299999237060547,3.7799999713897705,3.8299999237060547,0.0,159160939
2019-03-14,2.5243799686431885,3.7899999618530273,0.0,3.8299999237060547,3.7699999809265137,3.799999952316284,0.0,127184389
2019-03-15,2.5243799686431885,3.7899999618530273,0.0,3.819999933242798,3.7799999713897705,3.7899999618530273,0.0,151803477
2019-03-18,2.557683229446411,3.8399999141693115,0.0,3.8399999141693115,3.7699999809265137,3.7899999618530273,0.0,213022125
2019-03-19,2.53770112991333,3.809999942779541,0.0,3.8499999046325684,3.799999952316284,3.8399999141693115,0.0,160159930
2019-03-20,2.5243799686431885,3.7899999618530273,0.0,3.819999933242798,3.7699999809265137,3.809999942779541,0.0,164894157
2019-03-21,2.5243799686431885,3.7899999618530273,0.0,3.819999933242798,3.7899999618530273,3.799999952316284,0.0,171372357
2019-03-22,2.531040668487549,3.799999952316284,0.0,3.819999933242798,3.7799999713897705,3.799999952316284,0.0,141956123
2019-03-25,2.4844160079956055,3.7300000190734863,0.0,3.7899999618530273,3.7300000190734863,3.7799999713897705,0.0,188080678
2019-03-26,2.477755308151245,3.7200000286102295,0.0,3.75,3.7100000381469727,3.75,0.0,125003507
2019-03-27,2.4844160079956055,3.7300000190734863,0.0,3.75,3.7200000286102295,3.7300000190734863,0.0,105866045
2019-03-28,2.471094846725464,3.7100000381469727,0.0,3.7300000190734863,3.690000057220459,3.7200000286102295,0.0,108703118
2019-03-29,2.511058807373047,3.7699999809265137,0.0,3.7899999618530273,3.7100000381469727,3.7100000381469727,0.0,179117495
2019-04-01,2.5510222911834717,3.8299999237060547,0.0,3.8499999046325684,3.7799999713897705,3.7899999618530273,0.0,258230672
2019-04-02,2.5510222911834717,3.8299999237060547,0.0,3.859999895095825,3.809999942779541,3.8399999141693115,0.0,189184488
2019-04-03,2.557683229446411,3.8399999141693115,0.0,3.8499999046325684,3.7899999618530273,3.809999942779541,0.0,160388263
2019-04-04,2.590986490249634,3.890000104904175,0.0,3.890000104904175,3.8399999141693115,3.8499999046325684,0.0,227900778
2019-04-08,2.597646713256836,3.9000000953674316,0.0,3.9600000381469727,3.869999885559082,3.9100000858306885,0.0,257090796
2019-04-09,2.577664852142334,3.869999885559082,0.0,3.9000000953674316,3.859999895095825,3.890000104904175,0.0,144118101
2019-04-10,2.5710041522979736,3.859999895095825,0.0,3.880000114440918,3.8299999237060547,3.859999895095825,0.0,153702132
2019-04-11,2.5710041522979736,3.859999895095825,0.0,3.880000114440918,3.8399999141693115,3.859999895095825,0.0,167400036
2019-04-12,2.577664852142334,3.869999885559082,0.0,3.890000104904175,3.8499999046325684,3.869999885559082,0.0,120418218
2019-04-15,2.590986490249634,3.890000104904175,0.0,3.9700000286102295,3.890000104904175,3.9100000858306885,0.0,252187409
2019-04-16,2.6642532348632812,4.0,0.0,4.010000228881836,3.859999895095825,3.880000114440918,0.0,415015277
2019-04-17,2.6842353343963623,4.03000020980835,0.0,4.059999942779541,3.9600000381469727,4.0,0.0,265886153
2019-04-18,2.6642532348632812,4.0,0.0,4.050000190734863,3.9800000190734863,4.019999980926514,0.0,132160415
2019-04-19,2.6842353343963623,4.03000020980835,0.0,4.039999961853027,4.0,4.010000228881836,0.0,140395222
2019-04-22,2.617628574371338,3.930000066757202,0.0,4.050000190734863,3.9200000762939453,4.039999961853027,0.0,196012726
2019-04-23,2.6309499740600586,3.950000047683716,0.0,3.9700000286102295,3.9200000762939453,3.930000066757202,0.0,179567175
2019-04-24,2.6043076515197754,3.9100000858306885,0.0,3.9600000381469727,3.880000114440918,3.9600000381469727,0.0,158482961
2019-04-25,2.590986490249634,3.890000104904175,0.0,3.9100000858306885,3.869999885559082,3.9000000953674316,0.0,180265999
2019-04-26,2.5710041522979736,3.859999895095825,0.0,3.890000104904175,3.8399999141693115,3.869999885559082,0.0,188107819
2019-05-06,2.517719268798828,3.7799999713897705,0.0,3.8499999046325684,3.75,3.8499999046325684,0.0,279492783
2019-05-07,2.517719268798828,3.7799999713897705,0.0,3.799999952316284,3.75,3.7899999618530273,0.0,160177514
2019-05-08,2.477755308151245,3.7200000286102295,0.0,3.75,3.7100000381469727,3.740000009536743,0.0,140695378
2019-05-09,2.457773447036743,3.690000057220459,0.0,3.7300000190734863,3.690000057220459,3.7100000381469727,0.0,131393019
2019-05-10,2.497737407684326,3.75,0.0,3.7699999809265137,3.700000047683716,3.7100000381469727,0.0,133876563
2019-05-13,2.471094846725464,3.7100000381469727,0.0,3.7799999713897705,3.6500000953674316,3.7200000286102295,0.0,299116010
2019-05-14,2.451112985610962,3.680000066757202,0.0,3.7100000381469727,3.680000066757202,3.680000066757202,0.0,124221343
2019-05-15,2.497737407684326,3.75,0.0,3.799999952316284,3.690000057220459,3.700000047683716,0.0,238268485
2019-05-16,2.517719268798828,3.7799999713897705,0.0,3.809999942779541,3.7100000381469727,3.7300000190734863,0.0,270499185
2019-05-17,2.4844160079956055,3.7300000190734863,0.0,3.7799999713897705,3.7300000190734863,3.7699999809265137,0.0,130094799
2019-05-20,2.5443618297576904,3.819999933242798,0.0,3.869999885559082,3.7100000381469727,3.7300000190734863,0.0,441253911
2019-05-21,2.531040668487549,3.799999952316284,0.0,3.8299999237060547,3.7799999713897705,3.7799999713897705,0.0,139061949
2019-05-22,2.53770112991333,3.809999942779541,0.0,3.8299999237060547,3.7899999618530273,3.799999952316284,0.0,105388637
2019-05-23,2.5243799686431885,3.7899999618530273,0.0,3.8399999141693115,3.740000009536743,3.799999952316284,0.0,328154095
2019-05-24,2.5243799686431885,3.7899999618530273,0.0,3.809999942779541,3.759999990463257,3.7799999713897705,0.0,177698771
2019-05-27,2.53770112991333,3.809999942779541,0.0,3.8299999237060547,3.7799999713897705,3.7899999618530273,0.0,133006018
2019-05-28,2.557683229446411,3.8399999141693115,0.0,3.8499999046325684,3.809999942779541,3.809999942779541,0.0,145516106
2019-05-29,2.557683229446411,3.8399999141693115,0.0,3.869999885559082,3.819999933242798,3.8299999237060547,0.0,139384388
2019-05-30,2.590986490249634,3.890000104904175,0.0,3.890000104904175,3.8399999141693115,3.8499999046325684,0.0,170193780
2019-05-31,2.5843253135681152,3.880000114440918,0.0,3.9100000858306885,3.859999895095825,3.890000104904175,0.0,173862812
2019-06-03,2.5871222019195557,3.700000047683716,0.184,3.7100000381469727,3.6700000762939453,3.7100000381469727,0.0,146338600
2019-06-04,2.5871222019195557,3.700000047683716,0.0,3.700000047683716,3.680000066757202,3.700000047683716,0.0,74396506
2019-06-05,2.601106882095337,3.7200000286102295,0.0,3.740000009536743,3.700000047683716,3.7100000381469727,0.0,92962232
2019-06-06,2.601106882095337,3.7200000286102295,0.0,3.740000009536743,3.7100000381469727,3.7300000190734863,0.0,81681595
2019-06-10,2.61509108543396,3.740000009536743,0.0,3.759999990463257,3.7200000286102295,3.7200000286102295,0.0,96124288
2019-06-11,2.629075527191162,3.759999990463257,0.0,3.7699999809265137,3.740000009536743,3.75,0.0,120278728
2019-06-12,2.6080989837646484,3.7300000190734863,0.0,3.75,3.7200000286102295,3.75,0.0,86914650
2019-06-13,2.6080989837646484,3.7300000190734863,0.0,3.75,3.7100000381469727,3.7300000190734863,0.0,77923154
2019-06-14,2.6080989837646484,3.7300000190734863,0.0,3.740000009536743,3.7200000286102295,3.740000009536743,0.0,67299789
2019-06-17,2.61509108543396,3.740000009536743,0.0,3.75,3.7200000286102295,3.740000009536743,0.0,59317441
2019-06-18,2.629075527191162,3.759999990463257,0.0,3.759999990463257,3.7300000190734863,3.75,0.0,66274063
2019-06-19,2.6430602073669434,3.7799999713897705,0.0,3.809999942779541,3.7699999809265137,3.7899999618530273,0.0,136494225
2019-06-20,2.664036750793457,3.809999942779541,0.0,3.819999933242798,3.7699999809265137,3.7799999713897705,0.0,162854955
2019-06-21,2.636068105697632,3.7699999809265137,0.0,3.819999933242798,3.7699999809265137,3.799999952316284,0.0,170551338
2019-06-24,2.6430602073669434,3.7799999713897705,0.0,3.7799999713897705,3.75,3.7699999809265137,0.0,80072015
2019-06-25,2.6220836639404297,3.75,0.0,3.7899999618530273,3.740000009536743,3.7799999713897705,0.0,112023253
2019-06-26,2.61509108543396,3.740000009536743,0.0,3.75,3.7300000190734863,3.75,0.0,78718333
2019-06-27,2.6220836639404297,3.75,0.0,3.7699999809265137,3.740000009536743,3.75,0.0,101014091
2019-06-28,2.61509108543396,3.740000009536743,0.0,3.75,3.7200000286102295,3.75,0.0,74833318
2019-07-01,2.629075527191162,3.759999990463257,0.0,3.7799999713897705,3.75,3.7699999809265137,0.0,120910317
2019-07-02,2.636068105697632,3.7699999809265137,0.0,3.7699999809265137,3.75,3.75,0.0,96159565
2019-07-03,2.636068105697632,3.7699999809265137,0.0,3.7799999713897705,3.75,3.7699999809265137,0.0,107708784
2019-07-04,2.636068105697632,3.7699999809265137,0.0,3.7799999713897705,3.75,3.7699999809265137,0.0,86753502
2019-07-05,2.6220836639404297,3.75,0.0,3.7699999809265137,3.7200000286102295,3.759999990463257,0.0,130696774
2019-07-08,2.5941145420074463,3.7100000381469727,0.0,3.75,3.700000047683716,3.740000009536743,0.0,145783199
2019-07-09,2.5941145420074463,3.7100000381469727,0.0,3.7200000286102295,3.700000047683716,3.7100000381469727,0.0,70448639
2019-07-10,2.5871222019195557,3.700000047683716,0.0,3.7100000381469727,3.690000057220459,3.7100000381469727,0.0,59344976
2019-07-11,2.5941145420074463,3.7100000381469727,0.0,3.7200000286102295,3.700000047683716,3.7100000381469727,0.0,53431974
2019-07-12,2.601106882095337,3.7200000286102295,0.0,3.7200000286102295,3.700000047683716,3.7100000381469727,0.0,87635209
2019-07-15,2.5871222019195557,3.700000047683716,0.0,3.7200000286102295,3.6700000762939453,3.7100000381469727,0.0,102349661
2019-07-16,2.580130100250244,3.690000057220459,0.0,3.700000047683716,3.680000066757202,3.700000047683716,0.0,62744974
2019-07-17,2.5661461353302,3.6700000762939453,0.0,3.690000057220459,3.6700000762939453,3.680000066757202,0.0,60406641
2019-07-18,2.552161455154419,3.6500000953674316,0.0,3.6700000762939453,3.6500000953674316,3.6600000858306885,0.0,64286242
2019-07-19,2.5661461353302,3.6700000762939453,0.0,3.680000066757202,3.6500000953674316,3.6600000858306885,0.0,86278289
2019-07-22,2.5661461353302,3.6700000762939453,0.0,3.690000057220459,3.6600000858306885,3.680000066757202,0.0,88148597
2019-07-23,2.580130100250244,3.690000057220459,0.0,3.700000047683716,3.6600000858306885,3.6700000762939453,0.0,81869420
2019-07-24,2.580130100250244,3.690000057220459,0.0,3.7100000381469727,3.690000057220459,3.700000047683716,0.0,71884541
2019-07-25,2.5871222019195557,3.700000047683716,0.0,3.7100000381469727,3.690000057220459,3.700000047683716,0.0,82325055
2019-07-26,2.5871222019195557,3.700000047683716,0.0,3.7100000381469727,3.690000057220459,3.690000057220459,0.0,58545225
2019-07-29,2.5871222019195557,3.700000047683716,0.0,3.7100000381469727,3.690000057220459,3.700000047683716,0.0,60386308
2019-07-30,2.601106882095337,3.7200000286102295,0.0,3.7200000286102295,3.690000057220459,3.700000047683716,0.0,83479350
2019-07-31,2.5941145420074463,3.7100000381469727,0.0,3.7100000381469727,3.700000047683716,3.7100000381469727,0.0,57045671
2019-08-01,2.5731379985809326,3.680000066757202,0.0,3.7100000381469727,3.6700000762939453,3.700000047683716,0.0,99103831
2019-08-02,2.545168876647949,3.640000104904175,0.0,3.6500000953674316,3.630000114440918,3.6500000953674316,0.0,101216389
2019-08-05,2.5032155513763428,3.5799999237060547,0.0,3.630000114440918,3.569999933242798,3.630000114440918,0.0,118093792
2019-08-06,2.468254566192627,3.5299999713897705,0.0,3.549999952316284,3.509999990463257,3.5399999618530273,0.0,134882201
2019-08-07,2.4612624645233154,3.5199999809265137,0.0,3.549999952316284,3.5199999809265137,3.5399999618530273,0.0,79794815
2019-08-08,2.4752466678619385,3.5399999618530273,0.0,3.549999952316284,3.5199999809265137,3.5299999713897705,0.0,95153569
2019-08-09,2.4892311096191406,3.559999942779541,0.0,3.569999933242798,3.5399999618530273,3.549999952316284,0.0,80175899
2019-08-12,2.5032155513763428,3.5799999237060547,0.0,3.5899999141693115,3.549999952316284,3.559999942779541,0.0,58497319
2019-08-13,2.5032155513763428,3.5799999237060547,0.0,3.5799999237060547,3.559999942779541,3.569999933242798,0.0,52308971
2019-08-14,2.496223211288452,3.569999933242798,0.0,3.609999895095825,3.569999933242798,3.5999999046325684,0.0,49395414
2019-08-15,2.5032155513763428,3.5799999237060547,0.0,3.5799999237060547,3.5299999713897705,3.5399999618530273,0.0,61462098
2019-08-16,2.496223211288452,3.569999933242798,0.0,3.5799999237060547,3.549999952316284,3.5799999237060547,0.0,52767073
2019-08-19,2.5032155513763428,3.5799999237060547,0.0,3.5799999237060547,3.5199999809265137,3.569999933242798,0.0,123136396
2019-08-20,2.4892311096191406,3.559999942779541,0.0,3.5799999237060547,3.549999952316284,3.569999933242798,0.0,75211957
2019-08-21,2.48223876953125,3.549999952316284,0.0,3.559999942779541,3.5399999618530273,3.559999942779541,0.0,35047992
2019-08-22,2.4752466678619385,3.5399999618530273,0.0,3.569999933242798,3.5399999618530273,3.559999942779541,0.0,37705060
2019-08-23,2.4752466678619385,3.5399999618530273,0.0,3.549999952316284,3.5299999713897705,3.549999952316284,0.0,56802281
2019-08-26,2.4612624645233154,3.5199999809265137,0.0,3.5399999618530273,3.509999990463257,3.509999990463257,0.0,100693444
2019-08-27,2.496223211288452,3.569999933242798,0.0,3.569999933242798,3.5199999809265137,3.5299999713897705,0.0,107435695
2019-08-28,2.4752466678619385,3.5399999618530273,0.0,3.559999942779541,3.5299999713897705,3.559999942779541,0.0,57789435
2019-08-29,2.468254566192627,3.5299999713897705,0.0,3.549999952316284,3.5199999809265137,3.5399999618530273,0.0,57765111
2019-08-30,2.468254566192627,3.5299999713897705,0.0,3.549999952316284,3.5199999809265137,3.549999952316284,0.0,71807855
2019-09-02,2.4752466678619385,3.5399999618530273,0.0,3.549999952316284,3.5299999713897705,3.5299999713897705,0.0,81675660
2019-09-03,2.48223876953125,3.549999952316284,0.0,3.559999942779541,3.5399999618530273,3.5399999618530273,0.0,81668623
2019-09-04,2.517200231552124,3.5999999046325684,0.0,3.5999999046325684,3.5399999618530273,3.549999952316284,0.0,134434142
2019-09-05,2.531184434890747,3.619999885559082,0.0,3.6500000953674316,3.5999999046325684,3.5999999046325684,0.0,131523688
2019-09-06,2.5381767749786377,3.630000114440918,0.0,3.640000104904175,3.609999895095825,3.640000104904175,0.0,67689681
2019-09-09,2.5381767749786377,3.630000114440918,0.0,3.6600000858306885,3.619999885559082,3.6500000953674316,0.0,87435328
2019-09-10,2.531184434890747,3.619999885559082,0.0,3.640000104904175,3.5999999046325684,3.630000114440918,0.0,69503426
2019-09-11,2.5591535568237305,3.6600000858306885,0.0,3.6600000858306885,3.619999885559082,3.630000114440918,0.0,101453382
2019-09-12,2.5591535568237305,3.6600000858306885,0.0,3.6700000762939453,3.6500000953674316,3.6700000762939453,0.0,68494513
2019-09-16,2.5591535568237305,3.6600000858306885,0.0,3.6600000858306885,3.640000104904175,3.6600000858306885,0.0,65908033
2019-09-17,2.531184434890747,3.619999885559082,0.0,3.6600000858306885,3.609999895095825,3.6500000953674316,0.0,74391925
2019-09-18,2.517200231552124,3.5999999046325684,0.0,3.630000114440918,3.5999999046325684,3.630000114440918,0.0,66258757
2019-09-19,2.5241923332214355,3.609999895095825,0.0,3.619999885559082,3.5899999141693115,3.609999895095825,0.0,65529753
2019-09-20,2.5241923332214355,3.609999895095825,0.0,3.630000114440918,3.5999999046325684,3.619999885559082,0.0,110878048
2019-09-23,2.517200231552124,3.5999999046325684,0.0,3.619999885559082,3.5899999141693115,3.609999895095825,0.0,59755386
2019-09-24,2.517200231552124,3.5999999046325684,0.0,3.619999885559082,3.5999999046325684,3.609999895095825,0.0,45802034
2019-09-25,2.510207414627075,3.5899999141693115,0.0,3.609999895095825,3.5799999237060547,3.5999999046325684,0.0,57636691
2019-09-26,2.5241923332214355,3.609999895095825,0.0,3.630000114440918,3.5899999141693115,3.5999999046325684,0.0,105534969
2019-09-27,2.517200231552124,3.5999999046325684,0.0,3.609999895095825,3.569999933242798,3.609999895095825,0.0,96375888
2019-09-30,2.5032155513763428,3.5799999237060547,0.0,3.609999895095825,3.5799999237060547,3.5899999141693115,0.0,75877957
2019-10-08,2.517200231552124,3.5999999046325684,0.0,3.609999895095825,3.5799999237060547,3.5799999237060547,0.0,80046740
2019-10-09,2.531184434890747,3.619999885559082,0.0,3.630000114440918,3.5799999237060547,3.5799999237060547,0.0,80175291
2019-10-10,2.517200231552124,3.5999999046325684,0.0,3.619999885559082,3.5899999141693115,3.609999895095825,0.0,77403361
2019-10-11,2.545168876647949,3.640000104904175,0.0,3.640000104904175,3.5999999046325684,3.609999895095825,0.0,94323806
2019-10-14,2.5661461353302,3.6700000762939453,0.0,3.7200000286102295,3.640000104904175,3.6500000953674316,0.0,230123803
2019-10-15,2.5731379985809326,3.680000066757202,0.0,3.700000047683716,3.6600000858306885,3.680000066757202,0.0,147314161
2019-10-16,2.580130100250244,3.690000057220459,0.0,3.740000009536743,3.680000066757202,3.700000047683716,0.0,129162795
2019-10-17,2.5731379985809326,3.680000066757202,0.0,3.700000047683716,3.680000066757202,3.690000057220459,0.0,60614155
2019-10-18,2.5591535568237305,3.6600000858306885,0.0,3.7100000381469727,3.6500000953674316,3.690000057220459,0.0,85352927
2019-10-21,2.580130100250244,3.690000057220459,0.0,3.690000057220459,3.6500000953674316,3.6500000953674316,0.0,72708059
2019-10-22,2.580130100250244,3.690000057220459,0.0,3.700000047683716,3.6700000762939453,3.700000047683716,0.0,60662989
2019-10-23,2.5941145420074463,3.7100000381469727,0.0,3.7200000286102295,3.680000066757202,3.690000057220459,0.0,108846633
2019-10-24,2.6220836639404297,3.75,0.0,3.7699999809265137,3.700000047683716,3.7100000381469727,0.0,160378562
2019-10-25,2.6080989837646484,3.7300000190734863,0.0,3.75,3.700000047683716,3.75,0.0,99577223
2019-10-28,2.5941145420074463,3.7100000381469727,0.0,3.75,3.700000047683716,3.7300000190734863,0.0,87077379
2019-10-29,2.580130100250244,3.690000057220459,0.0,3.7200000286102295,3.680000066757202,3.7100000381469727,0.0,81634177
2019-10-30,2.580130100250244,3.690000057220459,0.0,3.700000047683716,3.680000066757202,3.690000057220459,0.0,61038410
2019-10-31,2.5871222019195557,3.700000047683716,0.0,3.700000047683716,3.6700000762939453,3.690000057220459,0.0,95024015
2019-11-01,2.5871222019195557,3.700000047683716,0.0,3.7100000381469727,3.6700000762939453,3.700000047683716,0.0,94679745
2019-11-04,2.5871222019195557,3.700000047683716,0.0,3.7200000286102295,3.680000066757202,3.700000047683716,0.0,117974302
2019-11-05,2.601106882095337,3.7200000286102295,0.0,3.740000009536743,3.680000066757202,3.700000047683716,0.0,165559807
2019-11-06,2.61509108543396,3.740000009536743,0.0,3.75,3.700000047683716,3.7100000381469727,0.0,128984628
2019-11-07,2.6080989837646484,3.7300000190734863,0.0,3.75,3.7200000286102295,3.740000009536743,0.0,86378235
2019-11-08,2.5731379985809326,3.680000066757202,0.0,3.740000009536743,3.6700000762939453,3.740000009536743,0.0,133310111
2019-11-11,2.545168876647949,3.640000104904175,0.0,3.6700000762939453,3.640000104904175,3.6700000762939453,0.0,101767899
2019-11-12,2.5591535568237305,3.6600000858306885,0.0,3.6600000858306885,3.630000114440918,3.6500000953674316,0.0,65733057
2019-11-13,2.552161455154419,3.6500000953674316,0.0,3.6600000858306885,3.630000114440918,3.6500000953674316,0.0,77263350
2019-11-14,2.531184434890747,3.619999885559082,0.0,3.6500000953674316,3.609999895095825,3.6500000953674316,0.0,77996463
2019-11-15,2.5241923332214355,3.609999895095825,0.0,3.630000114440918,3.5999999046325684,3.619999885559082,0.0,89514014
2019-11-18,2.531184434890747,3.619999885559082,0.0,3.630000114440918,3.5899999141693115,3.609999895095825,0.0,77563849
2019-11-19,2.5381767749786377,3.630000114440918,0.0,3.640000104904175,3.609999895095825,3.609999895095825,0.0,80867714
2019-11-20,2.531184434890747,3.619999885559082,0.0,3.630000114440918,3.619999885559082,3.619999885559082,0.0,58736559
2019-11-21,2.5381767749786377,3.630000114440918,0.0,3.630000114440918,3.5999999046325684,3.619999885559082,0.0,72167234
2019-11-22,2.5241923332214355,3.609999895095825,0.0,3.640000104904175,3.609999895095825,3.630000114440918,0.0,90147950
2019-11-25,2.552161455154419,3.6500000953674316,0.0,3.6600000858306885,3.609999895095825,3.609999895095825,0.0,85133202
2019-11-26,2.5661461353302,3.6700000762939453,0.0,3.680000066757202,3.640000104904175,3.6600000858306885,0.0,149997057
2019-11-27,2.5591535568237305,3.6600000858306885,0.0,3.6700000762939453,3.6500000953674316,3.6700000762939453,0.0,47606200
2019-11-28,2.552161455154419,3.6500000953674316,0.0,3.6600000858306885,3.640000104904175,3.6600000858306885,0.0,52741532
2019-11-29,2.5381767749786377,3.630000114440918,0.0,3.6500000953674316,3.619999885559082,3.6500000953674316,0.0,80189816
2019-12-02,2.531184434890747,3.619999885559082,0.0,3.640000104904175,3.619999885559082,3.640000104904175,0.0,61565545
2019-12-03,2.5241923332214355,3.609999895095825,0.0,3.619999885559082,3.5999999046325684,3.619999885559082,0.0,80111213
2019-12-04,2.517200231552124,3.5999999046325684,0.0,3.609999895095825,3.5999999046325684,3.5999999046325684,0.0,61316940
2019-12-05,2.531184434890747,3.619999885559082,0.0,3.619999885559082,3.5999999046325684,3.609999895095825,0.0,39001453
2019-12-06,2.531184434890747,3.619999885559082,0.0,3.630000114440918,3.609999895095825,3.619999885559082,0.0,48199679
2019-12-09,2.531184434890747,3.619999885559082,0.0,3.630000114440918,3.609999895095825,3.630000114440918,0.0,65100323
2019-12-10,2.5241923332214355,3.609999895095825,0.0,3.619999885559082,3.5999999046325684,3.609999895095825,0.0,62571833
2019-12-11,2.5241923332214355,3.609999895095825,0.0,3.619999885559082,3.609999895095825,3.619999885559082,0.0,43595774
2019-12-12,2.5241923332214355,3.609999895095825,0.0,3.619999885559082,3.5999999046325684,3.619999885559082,0.0,59741958
2019-12-13,2.552161455154419,3.6500000953674316,0.0,3.6600000858306885,3.609999895095825,3.619999885559082,0.0,132599689
2019-12-16,2.552161455154419,3.6500000953674316,0.0,3.6600000858306885,3.630000114440918,3.6500000953674316,0.0,92863947
2019-12-17,2.5731379985809326,3.680000066757202,0.0,3.7200000286102295,3.630000114440918,3.6500000953674316,0.0,178951710
2019-12-18,2.5661461353302,3.6700000762939453,0.0,3.700000047683716,3.6700000762939453,3.690000057220459,0.0,85297452
2019-12-19,2.580130100250244,3.690000057220459,0.0,3.700000047683716,3.6600000858306885,3.6700000762939453,0.0,79690380
2019-12-20,2.5871222019195557,3.700000047683716,0.0,3.700000047683716,3.680000066757202,3.680000066757202,0.0,67926405
2019-12-23,2.5661461353302,3.6700000762939453,0.0,3.700000047683716,3.6600000858306885,3.700000047683716,0.0,84147646
2019-12-24,2.5661461353302,3.6700000762939453,0.0,3.680000066757202,3.6600000858306885,3.6700000762939453,0.0,34121262
2019-12-25,2.5591535568237305,3.6600000858306885,0.0,3.680000066757202,3.6500000953674316,3.6700000762939453,0.0,59704346
2019-12-26,2.5731379985809326,3.680000066757202,0.0,3.680000066757202,3.6500000953674316,3.6600000858306885,0.0,60351624
2019-12-27,2.580130100250244,3.690000057220459,0.0,3.700000047683716,3.6700000762939453,3.6700000762939453,0.0,97404129
2019-12-30,2.5941145420074463,3.7100000381469727,0.0,3.7100000381469727,3.6600000858306885,3.680000066757202,0.0,130539870
2019-12-31,2.580130100250244,3.690000057220459,0.0,3.700000047683716,3.680000066757202,3.690000057220459,0.0,74262419
2020-01-02,2.601106882095337,3.7200000286102295,0.0,3.740000009536743,3.700000047683716,3.7100000381469727,0.0,138990999
2020-01-03,2.5941145420074463,3.7100000381469727,0.0,3.7300000190734863,3.700000047683716,3.7300000190734863,0.0,85738414
2020-01-06,2.580130100250244,3.690000057220459,0.0,3.7200000286102295,3.680000066757202,3.700000047683716,0.0,137108515
2020-01-07,2.601106882095337,3.7200000286102295,0.0,3.740000009536743,3.690000057220459,3.690000057220459,0.0,156523820
2020-01-08,2.580130100250244,3.690000057220459,0.0,3.690000057220459,3.690000057220459,3.690000057220459,0.0,104278756
2020-01-09,2.580130100250244,3.690000057220459,0.0,3.7100000381469727,3.680000066757202,3.7100000381469727,0.0,74971443
2020-01-10,2.580130100250244,3.690000057220459,0.0,3.700000047683716,3.680000066757202,3.690000057220459,0.0,53833454
2020-01-13,2.5871222019195557,3.700000047683716,0.0,3.700000047683716,3.700000047683716,3.700000047683716,0.0,53730488
2020-01-14,2.580130100250244,3.690000057220459,0.0,3.690000057220459,3.690000057220459,3.690000057220459,0.0,73315614
2020-01-15,2.5661461353302,3.6700000762939453,0.0,3.700000047683716,3.6600000858306885,3.700000047683716,0.0,67766272
2020-01-16,2.552161455154419,3.6500000953674316,0.0,3.680000066757202,3.6500000953674316,3.680000066757202,0.0,88394109
2020-01-17,2.552161455154419,3.6500000953674316,0.0,3.6700000762939453,3.6500000953674316,3.6500000953674316,0.0,64248573
2020-01-20,2.5591535568237305,3.6600000858306885,0.0,3.6700000762939453,3.640000104904175,3.6500000953674316,0.0,67632656
2020-01-21,2.545168876647949,3.640000104904175,0.0,3.6600000858306885,3.640000104904175,3.6500000953674316,0.0,103256946
2020-01-22,2.545168876647949,3.640000104904175,0.0,3.6500000953674316,3.619999885559082,3.640000104904175,0.0,99882026
2020-01-23,2.5241923332214355,3.609999895095825,0.0,3.640000104904175,3.5999999046325684,3.640000104904175,0.0,141334873
2020-02-03,2.398332357406616,3.430000066757202,0.0,3.5199999809265137,3.359999895095825,3.4100000858306885,0.0,261517422
2020-02-04,2.4472782611846924,3.5,0.0,3.5299999713897705,3.4200000762939453,3.4200000762939453,0.0,170584498
2020-02-05,2.4472782611846924,3.5,0.0,3.5199999809265137,3.4700000286102295,3.5,0.0,108677726
2020-02-06,2.454270362854004,3.509999990463257,0.0,3.5199999809265137,3.4800000190734863,3.5199999809265137,0.0,112348585
2020-02-07,2.454270362854004,3.509999990463257,0.0,3.509999990463257,3.4800000190734863,3.490000009536743,0.0,74715352
2020-02-10,2.4472782611846924,3.5,0.0,3.509999990463257,3.4800000190734863,3.490000009536743,0.0,77310678
2020-02-11,2.468254566192627,3.5299999713897705,0.0,3.5399999618530273,3.5,3.509999990463257,0.0,100772033
2020-02-12,2.4752466678619385,3.5399999618530273,0.0,3.549999952316284,3.5199999809265137,3.5299999713897705,0.0,76960659
2020-02-13,2.468254566192627,3.5299999713897705,0.0,3.549999952316284,3.5299999713897705,3.5399999618530273,0.0,74629671
2020-02-14,2.4892311096191406,3.559999942779541,0.0,3.569999933242798,3.5199999809265137,3.5199999809265137,0.0,65554028
2020-02-17,2.517200231552124,3.5999999046325684,0.0,3.609999895095825,3.549999952316284,3.559999942779541,0.0,91339330
2020-02-18,2.5032155513763428,3.5799999237060547,0.0,3.609999895095825,3.5799999237060547,3.5899999141693115,0.0,80301140
2020-02-19,2.517200231552124,3.5999999046325684,0.0,3.630000114440918,3.5799999237060547,3.5899999141693115,0.0,92675106
2020-02-20,2.5381767749786377,3.630000114440918,0.0,3.640000104904175,3.5899999141693115,3.609999895095825,0.0,94257861
2020-02-21,2.531184434890747,3.619999885559082,0.0,3.630000114440918,3.609999895095825,3.609999895095825,0.0,79939218
2020-02-24,2.510207414627075,3.5899999141693115,0.0,3.609999895095825,3.5899999141693115,3.5999999046325684,0.0,77909432
2020-02-25,2.496223211288452,3.569999933242798,0.0,3.5799999237060547,3.559999942779541,3.569999933242798,0.0,95682939
2020-02-26,2.517200231552124,3.5999999046325684,0.0,3.609999895095825,3.5399999618530273,3.549999952316284,0.0,120176823
2020-02-27,2.531184434890747,3.619999885559082,0.0,3.619999885559082,3.5899999141693115,3.5999999046325684,0.0,68080008
2020-02-28,2.48223876953125,3.549999952316284,0.0,3.619999885559082,3.549999952316284,3.5899999141693115,0.0,114983662
2020-03-02,2.517200231552124,3.5999999046325684,0.0,3.619999885559082,3.559999942779541,3.559999942779541,0.0,101095557
2020-03-03,2.531184434890747,3.619999885559082,0.0,3.630000114440918,3.5999999046325684,3.609999895095825,0.0,111473890
2020-03-04,2.5381767749786377,3.630000114440918,0.0,3.640000104904175,3.609999895095825,3.609999895095825,0.0,70154642
2020-03-05,2.5591535568237305,3.6600000858306885,0.0,3.6700000762939453,3.640000104904175,3.640000104904175,0.0,119456342
2020-03-06,2.5381767749786377,3.630000114440918,0.0,3.6600000858306885,3.630000114440918,3.6500000953674316,0.0,80870306
2020-03-09,2.496223211288452,3.569999933242798,0.0,3.619999885559082,3.559999942779541,3.609999895095825,0.0,103516539
2020-03-10,2.510207414627075,3.5899999141693115,0.0,3.609999895095825,3.559999942779541,3.559999942779541,0.0,96838783
2020-03-11,2.510207414627075,3.5899999141693115,0.0,3.619999885559082,3.5799999237060547,3.5999999046325684,0.0,90647927
2020-03-12,2.5032155513763428,3.5799999237060547,0.0,3.5899999141693115,3.559999942779541,3.5799999237060547,0.0,72289223
2020-03-13,2.4892311096191406,3.559999942779541,0.0,3.5799999237060547,3.509999990463257,3.5199999809265137,0.0,117275453
2020-03-16,2.4752466678619385,3.5399999618530273,0.0,3.5799999237060547,3.5199999809265137,3.569999933242798,0.0,109570081
2020-03-17,2.4892311096191406,3.559999942779541,0.0,3.569999933242798,3.509999990463257,3.5299999713897705,0.0,120205933
2020-03-18,2.4472782611846924,3.5,0.0,3.559999942779541,3.5,3.549999952316284,0.0,83510050
2020-03-19,2.419309616088867,3.4600000381469727,0.0,3.509999990463257,3.4100000858306885,3.4800000190734863,0.0,120518665
2020-03-20,2.4472782611846924,3.5,0.0,3.5299999713897705,3.450000047683716,3.4800000190734863,0.0,102147700
2020-03-23,2.405324697494507,3.440000057220459,0.0,3.4800000190734863,3.430000066757202,3.4800000190734863,0.0,82294152
2020-03-24,2.433293581008911,3.4800000190734863,0.0,3.5,3.4600000381469727,3.4700000286102295,0.0,93739416
2020-03-25,2.454270362854004,3.509999990463257,0.0,3.5299999713897705,3.5,3.509999990463257,0.0,85786722
2020-03-26,2.454270362854004,3.509999990463257,0.0,3.5299999713897705,3.490000009536743,3.5,0.0,85418999
2020-03-27,2.4612624645233154,3.5199999809265137,0.0,3.5399999618530273,3.509999990463257,3.5299999713897705,0.0,70252329
2020-03-30,2.4612624645233154,3.5199999809265137,0.0,3.5199999809265137,3.5,3.509999990463257,0.0,81439044
2020-03-31,2.433293581008911,3.4800000190734863,0.0,3.5399999618530273,3.4800000190734863,3.5299999713897705,0.0,69618442
2020-04-01,2.433293581008911,3.4800000190734863,0.0,3.509999990463257,3.4800000190734863,3.490000009536743,0.0,66160346
2020-04-02,2.4472782611846924,3.5,0.0,3.5,3.4600000381469727,3.4700000286102295,0.0,74938267
2020-04-03,2.4402856826782227,3.490000009536743,0.0,3.5,3.4800000190734863,3.490000009536743,0.0,56193251
2020-04-07,2.454270362854004,3.509999990463257,0.0,3.5299999713897705,3.5,3.5199999809265137,0.0,82141037
2020-04-08,2.4402856826782227,3.490000009536743,0.0,3.5,3.4800000190734863,3.5,0.0,55274495
2020-04-09,2.4402856826782227,3.490000009536743,0.0,3.5,3.490000009536743,3.5,0.0,35858062
2020-04-10,2.4472782611846924,3.5,0.0,3.509999990463257,3.4800000190734863,3.490000009536743,0.0,65451423
2020-04-13,2.4612624645233154,3.5199999809265137,0.0,3.5299999713897705,3.490000009536743,3.5,0.0,59815474
2020-04-14,2.468254566192627,3.5299999713897705,0.0,3.5399999618530273,3.509999990463257,3.5199999809265137,0.0,60784073
2020-04-15,2.4752466678619385,3.5399999618530273,0.0,3.5399999618530273,3.5199999809265137,3.5299999713897705,0.0,57569868
2020-04-16,2.48223876953125,3.549999952316284,0.0,3.559999942779541,3.5199999809265137,3.5199999809265137,0.0,57943532
2020-04-17,2.5032155513763428,3.5799999237060547,0.0,3.5899999141693115,3.5399999618530273,3.559999942779541,0.0,86726327
2020-04-20,2.48223876953125,3.549999952316284,0.0,3.5799999237060547,3.5399999618530273,3.569999933242798,0.0,77429141
2020-04-21,2.4892311096191406,3.559999942779541,0.0,3.559999942779541,3.5299999713897705,3.5399999618530273,0.0,58982165
2020-04-22,2.468254566192627,3.5299999713897705,0.0,3.5799999237060547,3.5199999809265137,3.549999952316284,0.0,111362252
2020-04-23,2.419309616088867,3.4600000381469727,0.0,3.490000009536743,3.4200000762939453,3.490000009536743,0.0,180405386
2020-04-24,2.398332357406616,3.430000066757202,0.0,3.450000047683716,3.430000066757202,3.450000047683716,0.0,81085443
2020-04-27,2.405324697494507,3.440000057220459,0.0,3.4600000381469727,3.430000066757202,3.430000066757202,0.0,86038852
2020-04-28,2.398332357406616,3.430000066757202,0.0,3.440000057220459,3.4100000858306885,3.440000057220459,0.0,65041282
2020-04-29,2.419309616088867,3.4600000381469727,0.0,3.4600000381469727,3.430000066757202,3.440000057220459,0.0,51577184
2020-04-30,2.433293581008911,3.4800000190734863,0.0,3.490000009536743,3.4600000381469727,3.4600000381469727,0.0,79563490
2020-05-06,2.4123167991638184,3.450000047683716,0.0,3.4600000381469727,3.430000066757202,3.440000057220459,0.0,94794563
2020-05-07,2.405324697494507,3.440000057220459,0.0,3.450000047683716,3.430000066757202,3.440000057220459,0.0,61224695
2020-05-08,2.419309616088867,3.4600000381469727,0.0,3.4700000286102295,3.440000057220459,3.450000047683716,0.0,55756586
2020-05-11,2.419309616088867,3.4600000381469727,0.0,3.4700000286102295,3.450000047683716,3.4600000381469727,0.0,42554298
2020-05-12,2.405324697494507,3.440000057220459,0.0,3.4700000286102295,3.440000057220459,3.4600000381469727,0.0,57850857
2020-05-13,2.419309616088867,3.4600000381469727,0.0,3.4700000286102295,3.440000057220459,3.450000047683716,0.0,49438260
2020-05-14,2.4123167991638184,3.450000047683716,0.0,3.4600000381469727,3.440000057220459,3.4600000381469727,0.0,35151270
2020-05-15,2.4123167991638184,3.450000047683716,0.0,3.4600000381469727,3.440000057220459,3.4600000381469727,0.0,32432594
2020-05-18,2.4123167991638184,3.450000047683716,0.0,3.4700000286102295,3.440000057220459,3.450000047683716,0.0,43838709
2020-05-19,2.419309616088867,3.4600000381469727,0.0,3.4700000286102295,3.450000047683716,3.4700000286102295,0.0,42277683
2020-05-20,2.4263012409210205,3.4700000286102295,0.0,3.4700000286102295,3.450000047683716,3.4600000381469727,0.0,40840082
2020-05-21,2.4123167991638184,3.450000047683716,0.0,3.4700000286102295,3.450000047683716,3.4700000286102295,0.0,41472120
2020-05-22,2.3913400173187256,3.4200000762939453,0.0,3.4600000381469727,3.4200000762939453,3.450000047683716,0.0,70889911
2020-05-25,2.405324697494507,3.440000057220459,0.0,3.440000057220459,3.4200000762939453,3.430000066757202,0.0,39081355
2020-05-26,2.398332357406616,3.430000066757202,0.0,3.450000047683716,3.430000066757202,3.440000057220459,0.0,38100641
2020-05-27,2.4123167991638184,3.450000047683716,0.0,3.450000047683716,3.430000066757202,3.430000066757202,0.0,52754270
2020-05-28,2.4263012409210205,3.4700000286102295,0.0,3.4800000190734863,3.440000057220459,3.450000047683716,0.0,66290671
2020-05-29,2.4123167991638184,3.450000047683716,0.0,3.4700000286102295,3.450000047683716,3.4600000381469727,0.0,50177909
2020-06-01,2.4263012409210205,3.4700000286102295,0.0,3.4800000190734863,3.450000047683716,3.4600000381469727,0.0,55659719
2020-06-02,2.433293581008911,3.4800000190734863,0.0,3.5,3.4600000381469727,3.4700000286102295,0.0,60918670
2020-06-03,2.4472782611846924,3.5,0.0,3.5199999809265137,3.490000009536743,3.5,0.0,67851720
2020-06-04,2.4472782611846924,3.5,0.0,3.5199999809265137,3.5,3.5199999809265137,0.0,49464355
2020-06-05,2.4472782611846924,3.5,0.0,3.509999990463257,3.490000009536743,3.5,0.0,53564321
2020-06-08,2.454270362854004,3.509999990463257,0.0,3.509999990463257,3.490000009536743,3.5,0.0,56278174
2020-06-09,2.454270362854004,3.509999990463257,0.0,3.509999990463257,3.490000009536743,3.509999990463257,0.0,41745151
2020-06-10,2.4472782611846924,3.5,0.0,3.509999990463257,3.490000009536743,3.509999990463257,0.0,48180227
2020-06-11,2.433293581008911,3.4800000190734863,0.0,3.5,3.4800000190734863,3.5,0.0,56823996
2020-06-12,2.433293581008911,3.4800000190734863,0.0,3.4800000190734863,3.450000047683716,3.4700000286102295,0.0,61006426
2020-06-15,2.405324697494507,3.440000057220459,0.0,3.4700000286102295,3.440000057220459,3.4600000381469727,0.0,66882557
2020-06-16,2.4263012409210205,3.4700000286102295,0.0,3.4700000286102295,3.440000057220459,3.4600000381469727,0.0,50479094
2020-06-17,2.419309616088867,3.4600000381469727,0.0,3.4700000286102295,3.450000047683716,3.4600000381469727,0.0,35250694
2020-06-18,2.419309616088867,3.4600000381469727,0.0,3.4700000286102295,3.450000047683716,3.450000047683716,0.0,47671003
2020-06-19,2.4263012409210205,3.4700000286102295,0.0,3.4800000190734863,3.450000047683716,3.4700000286102295,0.0,108288414
2020-06-22,2.419309616088867,3.4600000381469727,0.0,3.4800000190734863,3.450000047683716,3.4600000381469727,0.0,59935549
2020-06-23,2.405324697494507,3.440000057220459,0.0,3.4600000381469727,3.440000057220459,3.450000047683716,0.0,64958382
2020-06-24,2.419309616088867,3.4600000381469727,0.0,3.4700000286102295,3.440000057220459,3.450000047683716,0.0,60827131
2020-06-29,2.4263012409210205,3.4700000286102295,0.0,3.4800000190734863,3.4600000381469727,3.4600000381469727,0.0,67279410
2020-06-30,2.433293581008911,3.4800000190734863,0.0,3.490000009536743,3.4600000381469727,3.4800000190734863,0.0,67655015
2020-07-01,2.4472782611846924,3.5,0.0,3.509999990463257,3.4700000286102295,3.4800000190734863,0.0,77164171
2020-07-02,2.5032155513763428,3.5799999237060547,0.0,3.5799999237060547,3.5,3.509999990463257,0.0,147455929
2020-07-03,2.5381767749786377,3.630000114440918,0.0,3.640000104904175,3.569999933242798,3.5799999237060547,0.0,160693547
2020-07-06,2.7059898376464844,3.869999885559082,0.0,3.890000104904175,3.640000104904175,3.640000104904175,0.0,355984906
2020-07-07,2.6710288524627686,3.819999933242798,0.0,3.9600000381469727,3.809999942779541,3.9000000953674316,0.0,274816789
2020-07-08,2.6710288524627686,3.819999933242798,0.0,3.869999885559082,3.7899999618530273,3.819999933242798,0.0,251922427
2020-07-09,2.636068105697632,3.7699999809265137,0.0,3.819999933242798,3.75,3.809999942779541,0.0,200180201
2020-07-10,2.5661461353302,3.6700000762939453,0.0,3.7699999809265137,3.6500000953674316,3.7699999809265137,0.0,243875216
2020-07-13,2.580130100250244,3.690000057220459,0.0,3.740000009536743,3.6500000953674316,3.6600000858306885,0.0,276432404
2020-07-14,2.5661461353302,3.6700000762939453,0.0,3.7100000381469727,3.6600000858306885,3.690000057220459,0.0,215297409
2020-07-15,2.5300028324127197,3.430000066757202,0.191,3.509999990463257,3.4200000762939453,3.5,0.0,211630819
2020-07-16,2.5078747272491455,3.4000000953674316,0.0,3.4600000381469727,3.390000104904175,3.430000066757202,0.0,174466021
2020-07-17,2.5152506828308105,3.4100000858306885,0.0,3.4200000762939453,3.390000104904175,3.4100000858306885,0.0,120005163
2020-07-20,2.552131414413452,3.4600000381469727,0.0,3.4700000286102295,3.4000000953674316,3.4200000762939453,0.0,129333886
2020-07-21,2.5300028324127197,3.430000066757202,0.0,3.4700000286102295,3.430000066757202,3.4600000381469727,0.0,77379908
2020-07-22,2.5300028324127197,3.430000066757202,0.0,3.4700000286102295,3.430000066757202,3.430000066757202,0.0,121308265
2020-07-23,2.5152506828308105,3.4100000858306885,0.0,3.430000066757202,3.390000104904175,3.430000066757202,0.0,120013104
2020-07-24,2.470993995666504,3.3499999046325684,0.0,3.4000000953674316,3.3399999141693115,3.4000000953674316,0.0,153250595
2020-07-27,2.456242084503174,3.3299999237060547,0.0,3.369999885559082,3.3299999237060547,3.359999895095825,0.0,100620712
2020-07-28,2.456242084503174,3.3299999237060547,0.0,3.359999895095825,3.3299999237060547,3.3499999046325684,0.0,83658842
2020-07-29,2.485746145248413,3.369999885559082,0.0,3.369999885559082,3.319999933242798,3.3299999237060547,0.0,109951775
2020-07-30,2.463618278503418,3.3399999141693115,0.0,3.369999885559082,3.3399999141693115,3.359999895095825,0.0,76850300
2020-07-31,2.456242084503174,3.3299999237060547,0.0,3.369999885559082,3.319999933242798,3.3399999141693115,0.0,142703375
2020-08-03,2.463618278503418,3.3399999141693115,0.0,3.359999895095825,3.3299999237060547,3.3399999141693115,0.0,146513007
2020-08-04,2.4931225776672363,3.380000114440918,0.0,3.390000104904175,3.3299999237060547,3.3499999046325684,0.0,186109599
2020-08-05,2.470993995666504,3.3499999046325684,0.0,3.380000114440918,3.3399999141693115,3.380000114440918,0.0,89857385
2020-08-06,2.478369951248169,3.359999895095825,0.0,3.369999885559082,3.3299999237060547,3.359999895095825,0.0,103473816
2020-08-07,2.463618278503418,3.3399999141693115,0.0,3.359999895095825,3.3299999237060547,3.359999895095825,0.0,100998478
2020-08-10,2.470993995666504,3.3499999046325684,0.0,3.369999885559082,3.3299999237060547,3.3499999046325684,0.0,119202465
2020-08-11,2.470993995666504,3.3499999046325684,0.0,3.369999885559082,3.3399999141693115,3.359999895095825,0.0,195479858
2020-08-12,2.463618278503418,3.3399999141693115,0.0,3.3499999046325684,3.319999933242798,3.3499999046325684,0.0,159124383
2020-08-13,2.456242084503174,3.3299999237060547,0.0,3.3399999141693115,3.3299999237060547,3.3399999141693115,0.0,84830065
2020-08-14,2.470993995666504,3.3499999046325684,0.0,3.359999895095825,3.3299999237060547,3.3399999141693115,0.0,89299678
2020-08-17,2.5078747272491455,3.4000000953674316,0.0,3.4100000858306885,3.3399999141693115,3.3499999046325684,0.0,289881629
2020-08-18,2.478369951248169,3.359999895095825,0.0,3.4000000953674316,3.3499999046325684,3.390000104904175,0.0,154734704
2020-08-19,2.463618278503418,3.3399999141693115,0.0,3.369999885559082,3.3399999141693115,3.369999885559082,0.0,107304332
2020-08-20,2.456242084503174,3.3299999237060547,0.0,3.3499999046325684,3.319999933242798,3.3399999141693115,0.0,160997897
2020-08-21,2.456242084503174,3.3299999237060547,0.0,3.3399999141693115,3.319999933242798,3.3399999141693115,0.0,89542600
2020-08-24,2.4488658905029297,3.319999933242798,0.0,3.3399999141693115,3.319999933242798,3.3299999237060547,0.0,147133322
2020-08-25,2.4488658905029297,3.319999933242798,0.0,3.3299999237060547,3.309999942779541,3.3299999237060547,0.0,119539791
2020-08-26,2.4267375469207764,3.2899999618530273,0.0,3.319999933242798,3.2899999618530273,3.309999942779541,0.0,136767907
2020-08-27,2.4193615913391113,3.2799999713897705,0.0,3.2899999618530273,3.259999990463257,3.2899999618530273,0.0,120898008
2020-08-28,2.4341137409210205,3.299999952316284,0.0,3.299999952316284,3.259999990463257,3.2699999809265137,0.0,166296547
2020-08-31,2.4193615913391113,3.2799999713897705,0.0,3.299999952316284,3.259999990463257,3.299999952316284,0.0,223749448
2020-09-01,2.397233009338379,3.25,0.0,3.2699999809265137,3.240000009536743,3.259999990463257,0.0,186980766
2020-09-02,2.3751046657562256,3.2200000286102295,0.0,3.259999990463257,3.2100000381469727,3.25,0.0,166473835
2020-09-03,2.3751046657562256,3.2200000286102295,0.0,3.2300000190734863,3.2100000381469727,3.2300000190734863,0.0,120957181
2020-09-04,2.3603525161743164,3.200000047683716,0.0,3.2100000381469727,3.180000066757202,3.200000047683716,0.0,138006084
2020-09-07,2.3529765605926514,3.190000057220459,0.0,3.2100000381469727,3.180000066757202,3.200000047683716,0.0,137981221
2020-09-08,2.3677287101745605,3.2100000381469727,0.0,3.2200000286102295,3.180000066757202,3.190000057220459,0.0,109557383
2020-09-09,2.3677287101745605,3.2100000381469727,0.0,3.2200000286102295,3.200000047683716,3.200000047683716,0.0,103586855
2020-09-10,2.3603525161743164,3.200000047683716,0.0,3.2200000286102295,3.190000057220459,3.2200000286102295,0.0,112616710
2020-09-11,2.3603525161743164,3.200000047683716,0.0,3.2100000381469727,3.190000057220459,3.190000057220459,0.0,93280521
2020-09-14,2.3677287101745605,3.2100000381469727,0.0,3.2100000381469727,3.190000057220459,3.200000047683716,0.0,54172056
2020-09-15,2.3677287101745605,3.2100000381469727,0.0,3.2200000286102295,3.200000047683716,3.200000047683716,0.0,76982603
2020-09-16,2.3677287101745605,3.2100000381469727,0.0,3.2200000286102295,3.200000047683716,3.200000047683716,0.0,63813775
2020-09-17,2.3677287101745605,3.2100000381469727,0.0,3.2200000286102295,3.200000047683716,3.2100000381469727,0.0,63005025
2020-09-18,2.389857053756714,3.240000009536743,0.0,3.240000009536743,3.200000047683716,3.2100000381469727,0.0,164056824
2020-09-21,2.3751046657562256,3.2200000286102295,0.0,3.240000009536743,3.2200000286102295,3.2300000190734863,0.0,88551066
2020-09-22,2.3603525161743164,3.200000047683716,0.0,3.2300000190734863,3.200000047683716,3.2200000286102295,0.0,110676084
2020-09-23,2.3677287101745605,3.2100000381469727,0.0,3.2200000286102295,3.200000047683716,3.2100000381469727,0.0,74147845
2020-09-24,2.3603525161743164,3.200000047683716,0.0,3.2100000381469727,3.180000066757202,3.2100000381469727,0.0,90728299
2020-09-25,2.3529765605926514,3.190000057220459,0.0,3.200000047683716,3.190000057220459,3.200000047683716,0.0,59145325
2020-09-28,2.389857053756714,3.240000009536743,0.0,3.259999990463257,3.190000057220459,3.200000047683716,0.0,166977117
2020-09-29,2.3603525161743164,3.200000047683716,0.0,3.25,3.200000047683716,3.240000009536743,0.0,95013773
2020-09-30,2.3603525161743164,3.200000047683716,0.0,3.2100000381469727,3.190000057220459,3.2100000381469727,0.0,97704238
2020-10-09,2.3677287101745605,3.2100000381469727,0.0,3.2200000286102295,3.200000047683716,3.2100000381469727,0.0,87632941
2020-10-12,2.3824808597564697,3.2300000190734863,0.0,3.25,3.2100000381469727,3.2200000286102295,0.0,139367144
2020-10-13,2.3677287101745605,3.2100000381469727,0.0,3.240000009536743,3.200000047683716,3.2300000190734863,0.0,177298009
2020-10-14,2.3603525161743164,3.200000047683716,0.0,3.2100000381469727,3.190000057220459,3.2100000381469727,0.0,90442493
2020-10-15,2.3677287101745605,3.2100000381469727,0.0,3.2200000286102295,3.190000057220459,3.200000047683716,0.0,93539149
2020-10-16,2.3824808597564697,3.2300000190734863,0.0,3.240000009536743,3.2100000381469727,3.2100000381469727,0.0,164966453
2020-10-19,2.389857053756714,3.240000009536743,0.0,3.2799999713897705,3.2200000286102295,3.240000009536743,0.0,246212241
2020-10-20,2.3677287101745605,3.2100000381469727,0.0,3.240000009536743,3.200000047683716,3.240000009536743,0.0,122163813
2020-10-21,2.389857053756714,3.240000009536743,0.0,3.240000009536743,3.200000047683716,3.2100000381469727,0.0,118911800
2020-10-22,2.3824808597564697,3.2300000190734863,0.0,3.240000009536743,3.2200000286102295,3.2300000190734863,0.0,86357390
2020-10-23,2.389857053756714,3.240000009536743,0.0,3.25,3.2100000381469727,3.2300000190734863,0.0,119921494
2020-10-26,2.389857053756714,3.240000009536743,0.0,3.240000009536743,3.2200000286102295,3.240000009536743,0.0,111092135
2020-10-27,2.3824808597564697,3.2300000190734863,0.0,3.240000009536743,3.2200000286102295,3.2300000190734863,0.0,102382986
2020-10-28,2.3677287101745605,3.2100000381469727,0.0,3.2300000190734863,3.200000047683716,3.2300000190734863,0.0,93867763
2020-10-29,2.3529765605926514,3.190000057220459,0.0,3.200000047683716,3.190000057220459,3.200000047683716,0.0,106362978
2020-10-30,2.3456003665924072,3.180000066757202,0.0,3.2100000381469727,3.180000066757202,3.200000047683716,0.0,97525022
2020-11-02,2.3529765605926514,3.190000057220459,0.0,3.200000047683716,3.180000066757202,3.190000057220459,0.0,80071998
2020-11-03,2.3603525161743164,3.200000047683716,0.0,3.2100000381469727,3.190000057220459,3.190000057220459,0.0,76821176
2020-11-04,2.3603525161743164,3.200000047683716,0.0,3.2100000381469727,3.190000057220459,3.2100000381469727,0.0,77483051
2020-11-05,2.3603525161743164,3.200000047683716,0.0,3.2200000286102295,3.200000047683716,3.2100000381469727,0.0,83329171
2020-11-06,2.3677287101745605,3.2100000381469727,0.0,3.2200000286102295,3.200000047683716,3.2100000381469727,0.0,87720100
2020-11-09,2.3751046657562256,3.2200000286102295,0.0,3.2300000190734863,3.2100000381469727,3.2200000286102295,0.0,112521171
2020-11-10,2.3751046657562256,3.2200000286102295,0.0,3.240000009536743,3.2200000286102295,3.2200000286102295,0.0,119914573
2020-11-11,2.389857053756714,3.240000009536743,0.0,3.25,3.2200000286102295,3.2200000286102295,0.0,134703168
2020-11-12,2.3824808597564697,3.2300000190734863,0.0,3.240000009536743,3.2200000286102295,3.240000009536743,0.0,97048759
2020-11-13,2.3751046657562256,3.2200000286102295,0.0,3.2300000190734863,3.2100000381469727,3.2200000286102295,0.0,78547647
2020-11-16,2.3824808597564697,3.2300000190734863,0.0,3.2300000190734863,3.2100000381469727,3.2200000286102295,0.0,70930904
2020-11-17,2.3824808597564697,3.2300000190734863,0.0,3.240000009536743,3.2200000286102295,3.2200000286102295,0.0,77142625
2020-11-18,2.389857053756714,3.240000009536743,0.0,3.259999990463257,3.2200000286102295,3.2300000190734863,0.0,135110129
2020-11-19,2.389857053756714,3.240000009536743,0.0,3.25,3.2300000190734863,3.240000009536743,0.0,75105495
2020-11-20,2.3824808597564697,3.2300000190734863,0.0,3.240000009536743,3.2200000286102295,3.240000009536743,0.0,80095486
2020-11-23,2.397233009338379,3.25,0.0,3.259999990463257,3.2300000190734863,3.240000009536743,0.0,143927372
2020-11-24,2.404609203338623,3.259999990463257,0.0,3.2799999713897705,3.25,3.25,0.0,144481833
2020-11-25,2.389857053756714,3.240000009536743,0.0,3.2799999713897705,3.240000009536743,3.2699999809265137,0.0,101306440
2020-11-26,2.397233009338379,3.25,0.0,3.259999990463257,3.2300000190734863,3.240000009536743,0.0,70289461
2020-11-27,2.456242084503174,3.3299999237060547,0.0,3.3299999237060547,3.25,3.259999990463257,0.0,297578383
2020-11-30,2.4341137409210205,3.299999952316284,0.0,3.4200000762939453,3.299999952316284,3.3499999046325684,0.0,455861316
2020-12-01,2.478369951248169,3.359999895095825,0.0,3.380000114440918,3.2699999809265137,3.2899999618530273,0.0,244645416
2020-12-02,2.456242084503174,3.3299999237060547,0.0,3.369999885559082,3.3299999237060547,3.359999895095825,0.0,144348702
2020-12-03,2.4414899349212646,3.309999942779541,0.0,3.3399999141693115,3.299999952316284,3.3399999141693115,0.0,168298923
2020-12-04,2.4193615913391113,3.2799999713897705,0.0,3.319999933242798,3.2699999809265137,3.309999942779541,0.0,134117685
2020-12-07,2.397233009338379,3.25,0.0,3.2799999713897705,3.25,3.2799999713897705,0.0,148954035
2020-12-08,2.389857053756714,3.240000009536743,0.0,3.2699999809265137,3.2300000190734863,3.25,0.0,86521950
2020-12-09,2.3824808597564697,3.2300000190734863,0.0,3.25,3.2300000190734863,3.240000009536743,0.0,117271862
2020-12-10,2.3751046657562256,3.2200000286102295,0.0,3.2300000190734863,3.2100000381469727,3.2300000190734863,0.0,123330010
2020-12-11,2.3677287101745605,3.2100000381469727,0.0,3.2200000286102295,3.200000047683716,3.2200000286102295,0.0,224275151
2020-12-14,2.3603525161743164,3.200000047683716,0.0,3.2300000190734863,3.190000057220459,3.2100000381469727,0.0,168620917
2020-12-15,2.3456003665924072,3.180000066757202,0.0,3.2100000381469727,3.1700000762939453,3.200000047683716,0.0,217382257
2020-12-16,2.3456003665924072,3.180000066757202,0.0,3.190000057220459,3.1700000762939453,3.180000066757202,0.0,105147788
2020-12-17,2.3529765605926514,3.190000057220459,0.0,3.200000047683716,3.1600000858306885,3.180000066757202,0.0,116999219
2020-12-18,2.3456003665924072,3.180000066757202,0.0,3.190000057220459,3.180000066757202,3.190000057220459,0.0,77723116
2020-12-21,2.3529765605926514,3.190000057220459,0.0,3.190000057220459,3.1700000762939453,3.180000066757202,0.0,67859333
2020-12-22,2.330847978591919,3.1600000858306885,0.0,3.190000057220459,3.1600000858306885,3.180000066757202,0.0,104309522
2020-12-23,2.330847978591919,3.1600000858306885,0.0,3.1700000762939453,3.1600000858306885,3.1600000858306885,0.0,68009161
2020-12-24,2.338224411010742,3.1700000762939453,0.0,3.180000066757202,3.1600000858306885,3.1700000762939453,0.0,67495763
2020-12-25,2.3456003665924072,3.180000066757202,0.0,3.180000066757202,3.1600000858306885,3.1700000762939453,0.0,65170900
2020-12-28,2.338224411010742,3.1700000762939453,0.0,3.180000066757202,3.1600000858306885,3.1700000762939453,0.0,74827941
2020-12-29,2.338224411010742,3.1700000762939453,0.0,3.1700000762939453,3.1600000858306885,3.1600000858306885,0.0,81949632
2020-12-30,2.338224411010742,3.1700000762939453,0.0,3.1700000762939453,3.1600000858306885,3.1700000762939453,0.0,79605410
2020-12-31,2.3456003665924072,3.180000066757202,0.0,3.190000057220459,3.1600000858306885,3.1600000858306885,0.0,110906068
2021-01-04,2.338224411010742,3.1700000762939453,0.0,3.180000066757202,3.1600000858306885,3.180000066757202,0.0,121250317
2021-01-05,2.338224411010742,3.1700000762939453,0.0,3.180000066757202,3.1500000953674316,3.1600000858306885,0.0,130429477
2021-01-06,2.3456003665924072,3.180000066757202,0.0,3.180000066757202,3.1600000858306885,3.1700000762939453,0.0,84976926
2021-01-07,2.3529765605926514,3.190000057220459,0.0,3.190000057220459,3.1700000762939453,3.180000066757202,0.0,113572806
2021-01-08,2.3529765605926514,3.190000057220459,0.0,3.190000057220459,3.1700000762939453,3.180000066757202,0.0,113279286
2021-01-11,2.338224411010742,3.1700000762939453,0.0,3.200000047683716,3.1700000762939453,3.180000066757202,0.0,115362023
2021-01-12,2.3456003665924072,3.180000066757202,0.0,3.180000066757202,3.1600000858306885,3.1700000762939453,0.0,98066774
2021-01-13,2.3603525161743164,3.200000047683716,0.0,3.2100000381469727,3.1700000762939453,3.180000066757202,0.0,174596159
2021-01-14,2.3677287101745605,3.2100000381469727,0.0,3.240000009536743,3.190000057220459,3.200000047683716,0.0,180785101
2021-01-15,2.3824808597564697,3.2300000190734863,0.0,3.259999990463257,3.200000047683716,3.2100000381469727,0.0,275261490
2021-01-18,2.3603525161743164,3.200000047683716,0.0,3.2300000190734863,3.190000057220459,3.2200000286102295,0.0,167435900
2021-01-19,2.3751046657562256,3.2200000286102295,0.0,3.2300000190734863,3.190000057220459,3.2100000381469727,0.0,141513725
2021-01-20,2.3603525161743164,3.200000047683716,0.0,3.2300000190734863,3.190000057220459,3.2100000381469727,0.0,110863665
2021-01-21,2.3529765605926514,3.190000057220459,0.0,3.2100000381469727,3.190000057220459,3.200000047683716,0.0,72992353
2021-01-22,2.338224411010742,3.1700000762939453,0.0,3.190000057220459,3.1700000762939453,3.190000057220459,0.0,108605977
2021-01-25,2.338224411010742,3.1700000762939453,0.0,3.180000066757202,3.1600000858306885,3.1700000762939453,0.0,97412577
2021-01-26,2.338224411010742,3.1700000762939453,0.0,3.180000066757202,3.1600000858306885,3.1700000762939453,0.0,76591229
2021-01-27,2.338224411010742,3.1700000762939453,0.0,3.200000047683716,3.1600000858306885,3.1700000762939453,0.0,101923440
2021-01-28,2.338224411010742,3.1700000762939453,0.0,3.180000066757202,3.1600000858306885,3.1700000762939453,0.0,73504403
2021-01-29,2.338224411010742,3.1700000762939453,0.0,3.190000057220459,3.1600000858306885,3.1600000858306885,0.0,112004847
2021-02-01,2.3456003665924072,3.180000066757202,0.0,3.190000057220459,3.1600000858306885,3.1700000762939453,0.0,105325433
2021-02-02,2.3456003665924072,3.180000066757202,0.0,3.200000047683716,3.1700000762939453,3.180000066757202,0.0,110589000
2021-02-03,2.338224411010742,3.1700000762939453,0.0,3.180000066757202,3.1700000762939453,3.180000066757202,0.0,74423344
2021-02-04,2.3456003665924072,3.180000066757202,0.0,3.190000057220459,3.1600000858306885,3.1700000762939453,0.0,104939995
2021-02-05,2.3751046657562256,3.2200000286102295,0.0,3.2200000286102295,3.1700000762939453,3.1700000762939453,0.0,209005072
2021-02-08,2.3529765605926514,3.190000057220459,0.0,3.2100000381469727,3.180000066757202,3.200000047683716,0.0,159104590
2021-02-09,2.3456003665924072,3.180000066757202,0.0,3.190000057220459,3.1700000762939453,3.180000066757202,0.0,133795157
2021-02-10,2.3603525161743164,3.200000047683716,0.0,3.2200000286102295,3.190000057220459,3.190000057220459,0.0,147216472
2021-02-18,2.3677287101745605,3.2100000381469727,0.0,3.2300000190734863,3.200000047683716,3.2200000286102295,0.0,190523981
2021-02-19,2.3824808597564697,3.2300000190734863,0.0,3.2300000190734863,3.200000047683716,3.2100000381469727,0.0,131244056
2021-02-22,2.397233009338379,3.25,0.0,3.259999990463257,3.2200000286102295,3.2300000190734863,0.0,225420638
2021-02-23,2.3824808597564697,3.2300000190734863,0.0,3.2699999809265137,3.2300000190734863,3.25,0.0,264323934
2021-02-24,2.3751046657562256,3.2200000286102295,0.0,3.240000009536743,3.2100000381469727,3.240000009536743,0.0,210559097
2021-02-25,2.397233009338379,3.25,0.0,3.259999990463257,3.2200000286102295,3.2200000286102295,0.0,208966113
2021-02-26,2.389857053756714,3.240000009536743,0.0,3.25,3.2200000286102295,3.2300000190734863,0.0,207010772
2021-03-01,2.389857053756714,3.240000009536743,0.0,3.25,3.2300000190734863,3.240000009536743,0.0,150870240
2021-03-02,2.3751046657562256,3.2200000286102295,0.0,3.25,3.2200000286102295,3.240000009536743,0.0,153052328
2021-03-03,2.411985158920288,3.2699999809265137,0.0,3.2699999809265137,3.2200000286102295,3.2300000190734863,0.0,212660887
2021-03-04,2.411985158920288,3.2699999809265137,0.0,3.2899999618530273,3.25,3.25,0.0,221399695
2021-03-05,2.4341137409210205,3.299999952316284,0.0,3.309999942779541,3.259999990463257,3.259999990463257,0.0,248686859
2021-03-08,2.4267375469207764,3.2899999618530273,0.0,3.319999933242798,3.2799999713897705,3.299999952316284,0.0,217530718
2021-03-09,2.411985158920288,3.2699999809265137,0.0,3.309999942779541,3.259999990463257,3.2899999618530273,0.0,249871883
2021-03-10,2.411985158920288,3.2699999809265137,0.0,3.2799999713897705,3.25,3.259999990463257,0.0,177188039
2021-03-11,2.411985158920288,3.2699999809265137,0.0,3.299999952316284,3.2699999809265137,3.2799999713897705,0.0,172777555
2021-03-12,2.4267375469207764,3.2899999618530273,0.0,3.299999952316284,3.259999990463257,3.2699999809265137,0.0,157162396
2021-03-15,2.4414899349212646,3.309999942779541,0.0,3.3299999237060547,3.2799999713897705,3.2899999618530273,0.0,209916297
2021-03-16,2.4414899349212646,3.309999942779541,0.0,3.3299999237060547,3.299999952316284,3.309999942779541,0.0,121782580
2021-03-17,2.4267375469207764,3.2899999618530273,0.0,3.319999933242798,3.2799999713897705,3.309999942779541,0.0,135659542
2021-03-18,2.4193615913391113,3.2799999713897705,0.0,3.299999952316284,3.2799999713897705,3.2899999618530273,0.0,94160094
2021-03-19,2.397233009338379,3.25,0.0,3.299999952316284,3.25,3.2899999618530273,0.0,161092887
2021-03-22,2.4193615913391113,3.2799999713897705,0.0,3.2899999618530273,3.240000009536743,3.25,0.0,128455695
2021-03-23,2.4267375469207764,3.2899999618530273,0.0,3.299999952316284,3.2699999809265137,3.2899999618530273,0.0,138836692
2021-03-24,2.4341137409210205,3.299999952316284,0.0,3.299999952316284,3.2699999809265137,3.2899999618530273,0.0,125596385
2021-03-25,2.4267375469207764,3.2899999618530273,0.0,3.309999942779541,3.2799999713897705,3.299999952316284,0.0,110875994
2021-03-26,2.404609203338623,3.259999990463257,0.0,3.2899999618530273,3.240000009536743,3.2899999618530273,0.0,218971314
2021-03-29,2.4267375469207764,3.2899999618530273,0.0,3.299999952316284,3.25,3.259999990463257,0.0,198361589
2021-03-30,2.4341137409210205,3.299999952316284,0.0,3.299999952316284,3.2699999809265137,3.2899999618530273,0.0,145859229
2021-03-31,2.470993995666504,3.3499999046325684,0.0,3.3499999046325684,3.309999942779541,3.319999933242798,0.0,335468101
2021-04-01,2.456242084503174,3.3299999237060547,0.0,3.3399999141693115,3.319999933242798,3.3399999141693115,0.0,189036750
2021-04-02,2.4414899349212646,3.309999942779541,0.0,3.3399999141693115,3.299999952316284,3.3299999237060547,0.0,139731276
2021-04-06,2.4341137409210205,3.299999952316284,0.0,3.319999933242798,3.2899999618530273,3.309999942779541,0.0,147873448
2021-04-07,2.4414899349212646,3.309999942779541,0.0,3.319999933242798,3.2899999618530273,3.299999952316284,0.0,206277937
2021-04-08,2.4341137409210205,3.299999952316284,0.0,3.309999942779541,3.299999952316284,3.309999942779541,0.0,123930271
2021-04-09,2.4414899349212646,3.309999942779541,0.0,3.309999942779541,3.299999952316284,3.309999942779541,0.0,124820680
2021-04-12,2.456242084503174,3.3299999237060547,0.0,3.3299999237060547,3.299999952316284,3.309999942779541,0.0,161663717
2021-04-13,2.4488658905029297,3.319999933242798,0.0,3.3399999141693115,3.309999942779541,3.3299999237060547,0.0,130593087
2021-04-14,2.4488658905029297,3.319999933242798,0.0,3.3299999237060547,3.309999942779541,3.319999933242798,0.0,116039651
2021-04-15,2.4341137409210205,3.299999952316284,0.0,3.319999933242798,3.299999952316284,3.309999942779541,0.0,95382266
2021-04-16,2.4488658905029297,3.319999933242798,0.0,3.319999933242798,3.299999952316284,3.309999942779541,0.0,102446757
2021-04-19,2.4488658905029297,3.319999933242798,0.0,3.3299999237060547,3.309999942779541,3.319999933242798,0.0,124394424
2021-04-20,2.4414899349212646,3.309999942779541,0.0,3.3299999237060547,3.299999952316284,3.319999933242798,0.0,120658793
2021-04-21,2.4414899349212646,3.309999942779541,0.0,3.319999933242798,3.299999952316284,3.309999942779541,0.0,80885819
2021-04-22,2.4267375469207764,3.2899999618530273,0.0,3.319999933242798,3.2799999713897705,3.319999933242798,0.0,158010136
2021-04-23,2.411985158920288,3.2699999809265137,0.0,3.299999952316284,3.2699999809265137,3.2899999618530273,0.0,110111816
2021-04-26,2.397233009338379,3.25,0.0,3.2799999713897705,3.25,3.2799999713897705,0.0,126055095
2021-04-27,2.397233009338379,3.25,0.0,3.259999990463257,3.240000009536743,3.25,0.0,98125931
2021-04-28,2.397233009338379,3.25,0.0,3.259999990463257,3.240000009536743,3.25,0.0,90935090
2021-04-29,2.4193615913391113,3.2799999713897705,0.0,3.2899999618530273,3.240000009536743,3.25,0.0,147939574
2021-04-30,2.397233009338379,3.25,0.0,3.2899999618530273,3.240000009536743,3.2799999713897705,0.0,160365479
2021-05-06,2.404609203338623,3.259999990463257,0.0,3.2799999713897705,3.25,3.259999990463257,0.0,140888325
2021-05-07,2.4193615913391113,3.2799999713897705,0.0,3.2799999713897705,3.25,3.25,0.0,174250286
2021-05-10,2.404609203338623,3.259999990463257,0.0,3.2799999713897705,3.25,3.2799999713897705,0.0,150713490
2021-05-11,2.411985158920288,3.2699999809265137,0.0,3.2699999809265137,3.25,3.259999990463257,0.0,100131811
2021-05-12,2.4193615913391113,3.2799999713897705,0.0,3.2899999618530273,3.259999990463257,3.259999990463257,0.0,160861042
2021-05-13,2.4193615913391113,3.2799999713897705,0.0,3.2799999713897705,3.259999990463257,3.2699999809265137,0.0,133176211
2021-05-14,2.4267375469207764,3.2899999618530273,0.0,3.2899999618530273,3.2699999809265137,3.2799999713897705,0.0,138132181
2021-05-17,2.4193615913391113,3.2799999713897705,0.0,3.299999952316284,3.2799999713897705,3.2799999713897705,0.0,167232648
2021-05-18,2.4193615913391113,3.2799999713897705,0.0,3.2899999618530273,3.2699999809265137,3.2899999618530273,0.0,104819090
2021-05-19,2.411985158920288,3.2699999809265137,0.0,3.2799999713897705,3.2699999809265137,3.2799999713897705,0.0,96810734
2021-05-20,2.4193615913391113,3.2799999713897705,0.0,3.2799999713897705,3.2699999809265137,3.2799999713897705,0.0,121995906
2021-05-21,2.4193615913391113,3.2799999713897705,0.0,3.2899999618530273,3.2699999809265137,3.2799999713897705,0.0,148519553
2021-05-24,2.4267375469207764,3.2899999618530273,0.0,3.2899999618530273,3.2699999809265137,3.2799999713897705,0.0,135040376
2021-05-25,2.4488658905029297,3.319999933242798,0.0,3.319999933242798,3.2799999713897705,3.2899999618530273,0.0,217045237
2021-05-26,2.4488658905029297,3.319999933242798,0.0,3.319999933242798,3.299999952316284,3.319999933242798,0.0,141651320
2021-05-27,2.4414899349212646,3.309999942779541,0.0,3.3299999237060547,3.309999942779541,3.309999942779541,0.0,164936573
2021-05-28,2.463618278503418,3.3399999141693115,0.0,3.3399999141693115,3.309999942779541,3.319999933242798,0.0,239154512
2021-05-31,2.456242084503174,3.3299999237060547,0.0,3.3499999046325684,3.299999952316284,3.3399999141693115,0.0,248959524
2021-06-01,2.463618278503418,3.3399999141693115,0.0,3.3499999046325684,3.309999942779541,3.319999933242798,0.0,204512207
2021-06-02,2.478369951248169,3.359999895095825,0.0,3.359999895095825,3.319999933242798,3.3399999141693115,0.0,290424960
2021-06-03,2.470993995666504,3.3499999046325684,0.0,3.380000114440918,3.3399999141693115,3.359999895095825,0.0,382083063
2021-06-04,2.4764797687530518,3.1600000858306885,0.197,3.1700000762939453,3.1500000953674316,3.1700000762939453,0.0,275362602
2021-06-07,2.460806131362915,3.140000104904175,0.0,3.1700000762939453,3.119999885559082,3.1700000762939453,0.0,256421059
2021-06-08,2.4529688358306885,3.130000114440918,0.0,3.140000104904175,3.109999895095825,3.130000114440918,0.0,214891725
2021-06-09,2.4529688358306885,3.130000114440918,0.0,3.130000114440918,3.109999895095825,3.130000114440918,0.0,155937247
2021-06-10,2.429457902908325,3.0999999046325684,0.0,3.130000114440918,3.0999999046325684,3.119999885559082,0.0,203143488
2021-06-11,2.4137837886810303,3.0799999237060547,0.0,3.109999895095825,3.0799999237060547,3.0999999046325684,0.0,264152844
2021-06-15,2.40594744682312,3.069999933242798,0.0,3.0899999141693115,3.069999933242798,3.0799999237060547,0.0,169435668
2021-06-16,2.421621084213257,3.0899999141693115,0.0,3.0999999046325684,3.069999933242798,3.069999933242798,0.0,180382762
2021-06-17,2.4137837886810303,3.0799999237060547,0.0,3.0999999046325684,3.0799999237060547,3.0799999237060547,0.0,130983980
2021-06-18,2.3981101512908936,3.059999942779541,0.0,3.0899999141693115,3.059999942779541,3.0799999237060547,0.0,163990879
2021-06-21,2.40594744682312,3.069999933242798,0.0,3.0799999237060547,3.059999942779541,3.059999942779541,0.0,117256234
2021-06-22,2.40594744682312,3.069999933242798,0.0,3.0799999237060547,3.059999942779541,3.069999933242798,0.0,93062926
2021-06-23,2.40594744682312,3.069999933242798,0.0,3.0799999237060547,3.059999942779541,3.069999933242798,0.0,87540811
2021-06-24,2.40594744682312,3.069999933242798,0.0,3.0799999237060547,3.059999942779541,3.069999933242798,0.0,82324426
2021-06-25,2.421621084213257,3.0899999141693115,0.0,3.0999999046325684,3.069999933242798,3.0799999237060547,0.0,126541716
2021-06-28,2.4137837886810303,3.0799999237060547,0.0,3.0999999046325684,3.0799999237060547,3.0899999141693115,0.0,96721917
2021-06-29,2.4137837886810303,3.0799999237060547,0.0,3.0899999141693115,3.069999933242798,3.0799999237060547,0.0,87575985
2021-06-30,2.4137837886810303,3.0799999237060547,0.0,3.0799999237060547,3.069999933242798,3.0799999237060547,0.0,60703705
2021-07-01,2.4137837886810303,3.0799999237060547,0.0,3.0899999141693115,3.069999933242798,3.0799999237060547,0.0,102163800
2021-07-02,2.4137837886810303,3.0799999237060547,0.0,3.0899999141693115,3.069999933242798,3.0799999237060547,0.0,139673284
2021-07-05,2.4137837886810303,3.0799999237060547,0.0,3.0799999237060547,3.069999933242798,3.069999933242798,0.0,86942777
2021-07-06,2.421621084213257,3.0899999141693115,0.0,3.0899999141693115,3.069999933242798,3.0799999237060547,0.0,116196021
2021-07-07,2.4137837886810303,3.0799999237060547,0.0,3.0899999141693115,3.069999933242798,3.0899999141693115,0.0,86328350
2021-07-08,2.40594744682312,3.069999933242798,0.0,3.0799999237060547,3.059999942779541,3.0799999237060547,0.0,137362429
2021-07-09,2.40594744682312,3.069999933242798,0.0,3.0799999237060547,3.059999942779541,3.059999942779541,0.0,99791332
2021-07-12,2.3981101512908936,3.059999942779541,0.0,3.0799999237060547,3.059999942779541,3.0799999237060547,0.0,121971154
2021-07-13,2.390273332595825,3.049999952316284,0.0,3.069999933242798,3.049999952316284,3.059999942779541,0.0,131405517
2021-07-14,2.374598979949951,3.0299999713897705,0.0,3.059999942779541,3.0299999713897705,3.059999942779541,0.0,155713527
2021-07-15,2.382436513900757,3.0399999618530273,0.0,3.049999952316284,3.0199999809265137,3.0299999713897705,0.0,92270020
2021-07-16,2.390273332595825,3.049999952316284,0.0,3.049999952316284,3.0299999713897705,3.0399999618530273,0.0,84780214
2021-07-19,2.382436513900757,3.0399999618530273,0.0,3.049999952316284,3.0299999713897705,3.0399999618530273,0.0,96518408
2021-07-20,2.382436513900757,3.0399999618530273,0.0,3.049999952316284,3.0299999713897705,3.0399999618530273,0.0,74929961
2021-07-21,2.382436513900757,3.0399999618530273,0.0,3.049999952316284,3.0299999713897705,3.0399999618530273,0.0,76970531
2021-07-22,2.390273332595825,3.049999952316284,0.0,3.049999952316284,3.0399999618530273,3.0399999618530273,0.0,78963361
2021-07-23,2.382436513900757,3.0399999618530273,0.0,3.049999952316284,3.0399999618530273,3.0399999618530273,0.0,76945865
2021-07-26,2.390273332595825,3.049999952316284,0.0,3.049999952316284,3.0299999713897705,3.0399999618530273,0.0,130272507
2021-07-27,2.382436513900757,3.0399999618530273,0.0,3.049999952316284,3.0299999713897705,3.0399999618530273,0.0,114298170
2021-07-28,2.382436513900757,3.0399999618530273,0.0,3.0399999618530273,3.0299999713897705,3.0399999618530273,0.0,135743661
2021-07-29,2.366762399673462,3.0199999809265137,0.0,3.049999952316284,3.009999990463257,3.0399999618530273,0.0,142259498
2021-07-30,2.3432517051696777,2.990000009536743,0.0,3.0199999809265137,2.990000009536743,3.0199999809265137,0.0,105662436
2021-08-02,2.3589255809783936,3.009999990463257,0.0,3.009999990463257,2.9600000381469727,2.990000009536743,0.0,160136683
2021-08-03,2.3432517051696777,2.990000009536743,0.0,3.009999990463257,2.9800000190734863,3.0,0.0,87425946
2021-08-04,2.335414409637451,2.9800000190734863,0.0,2.990000009536743,2.9800000190734863,2.9800000190734863,0.0,78273948
2021-08-05,2.3432517051696777,2.990000009536743,0.0,2.990000009536743,2.9800000190734863,2.9800000190734863,0.0,71672331
2021-08-06,2.3432517051696777,2.990000009536743,0.0,3.0,2.9800000190734863,2.9800000190734863,0.0,94891595
2021-08-09,2.366762399673462,3.0199999809265137,0.0,3.0199999809265137,2.9800000190734863,2.990000009536743,0.0,93611627
2021-08-10,2.366762399673462,3.0199999809265137,0.0,3.0299999713897705,3.0,3.009999990463257,0.0,81865335
2021-08-11,2.382436513900757,3.0399999618530273,0.0,3.0399999618530273,3.009999990463257,3.0199999809265137,0.0,86875390
2021-08-12,2.366762399673462,3.0199999809265137,0.0,3.0399999618530273,3.0199999809265137,3.0299999713897705,0.0,66583780
2021-08-13,2.374598979949951,3.0299999713897705,0.0,3.0299999713897705,3.009999990463257,3.0199999809265137,0.0,59919131
2021-08-16,2.374598979949951,3.0299999713897705,0.0,3.0399999618530273,3.0199999809265137,3.0299999713897705,0.0,94766247
2021-08-17,2.3589255809783936,3.009999990463257,0.0,3.0299999713897705,3.009999990463257,3.0199999809265137,0.0,113495497
2021-08-18,2.382436513900757,3.0399999618530273,0.0,3.0399999618530273,3.0,3.0,0.0,127778347
2021-08-19,2.366762399673462,3.0199999809265137,0.0,3.0399999618530273,3.009999990463257,3.0399999618530273,0.0,98341016
2021-08-20,2.366762399673462,3.0199999809265137,0.0,3.0299999713897705,3.009999990463257,3.0199999809265137,0.0,94007177
2021-08-23,2.374598979949951,3.0299999713897705,0.0,3.0299999713897705,3.009999990463257,3.009999990463257,0.0,104078650
2021-08-24,2.366762399673462,3.0199999809265137,0.0,3.0299999713897705,3.0199999809265137,3.0299999713897705,0.0,92949307
2021-08-25,2.366762399673462,3.0199999809265137,0.0,3.0299999713897705,3.009999990463257,3.0299999713897705,0.0,69458850
2021-08-26,2.3589255809783936,3.009999990463257,0.0,3.0199999809265137,3.009999990463257,3.009999990463257,0.0,60256741
2021-08-27,2.366762399673462,3.0199999809265137,0.0,3.0199999809265137,3.0,3.009999990463257,0.0,62519285
2021-08-30,2.351088762283325,3.0,0.0,3.0199999809265137,3.0,3.009999990463257,0.0,161277182
2021-08-31,2.374598979949951,3.0299999713897705,0.0,3.0299999713897705,3.0,3.0,0.0,150082280
2021-09-01,2.3981101512908936,3.059999942779541,0.0,3.059999942779541,3.0199999809265137,3.0299999713897705,0.0,217708089
2021-09-02,2.390273332595825,3.049999952316284,0.0,3.059999942779541,3.0399999618530273,3.049999952316284,0.0,127946379
2021-09-03,2.3981101512908936,3.059999942779541,0.0,3.069999933242798,3.0399999618530273,3.049999952316284,0.0,171108945
2021-09-06,2.3981101512908936,3.059999942779541,0.0,3.069999933242798,3.049999952316284,3.059999942779541,0.0,153559809
2021-09-07,2.421621084213257,3.0899999141693115,0.0,3.0999999046325684,3.059999942779541,3.059999942779541,0.0,249020704
2021-09-08,2.429457902908325,3.0999999046325684,0.0,3.109999895095825,3.0799999237060547,3.0899999141693115,0.0,184844959
2021-09-09,2.421621084213257,3.0899999141693115,0.0,3.0999999046325684,3.0799999237060547,3.0899999141693115,0.0,151901443
2021-09-10,2.429457902908325,3.0999999046325684,0.0,3.119999885559082,3.0799999237060547,3.0899999141693115,0.0,268167052
2021-09-13,2.429457902908325,3.0999999046325684,0.0,3.109999895095825,3.0899999141693115,3.0999999046325684,0.0,191478074
2021-09-14,2.3981101512908936,3.059999942779541,0.0,3.109999895095825,3.049999952316284,3.109999895095825,0.0,204273380
2021-09-15,2.3981101512908936,3.059999942779541,0.0,3.069999933242798,3.049999952316284,3.059999942779541,0.0,133583764
2021-09-16,2.390273332595825,3.049999952316284,0.0,3.069999933242798,3.0399999618530273,3.059999942779541,0.0,213224690
2021-09-17,2.40594744682312,3.069999933242798,0.0,3.0799999237060547,3.049999952316284,3.049999952316284,0.0,114302987
2021-09-22,2.390273332595825,3.049999952316284,0.0,3.059999942779541,3.0399999618530273,3.049999952316284,0.0,115075657
2021-09-23,2.40594744682312,3.069999933242798,0.0,3.0799999237060547,3.049999952316284,3.059999942779541,0.0,154760418
2021-09-24,2.390273332595825,3.049999952316284,0.0,3.0799999237060547,3.049999952316284,3.069999933242798,0.0,103465482
2021-09-27,2.390273332595825,3.049999952316284,0.0,3.059999942779541,3.0399999618530273,3.049999952316284,0.0,105119511
2021-09-28,2.3981101512908936,3.059999942779541,0.0,3.069999933242798,3.0399999618530273,3.0399999618530273,0.0,117480018
2021-09-29,2.3981101512908936,3.059999942779541,0.0,3.069999933242798,3.0399999618530273,3.059999942779541,0.0,144978505
2021-09-30,2.390273332595825,3.049999952316284,0.0,3.059999942779541,3.0399999618530273,3.059999942779541,0.0,112813214
2021-10-08,2.40594744682312,3.069999933242798,0.0,3.0799999237060547,3.049999952316284,3.049999952316284,0.0,127072645
2021-10-11,2.4137837886810303,3.0799999237060547,0.0,3.0999999046325684,3.069999933242798,3.0799999237060547,0.0,153061278
2021-10-12,2.4137837886810303,3.0799999237060547,0.0,3.0899999141693115,3.069999933242798,3.0799999237060547,0.0,136669059
2021-10-13,2.40594744682312,3.069999933242798,0.0,3.0799999237060547,3.059999942779541,3.0799999237060547,0.0,87628462
2021-10-14,2.3981101512908936,3.059999942779541,0.0,3.0799999237060547,3.059999942779541,3.069999933242798,0.0,67086281
2021-10-15,2.390273332595825,3.049999952316284,0.0,3.069999933242798,3.049999952316284,3.069999933242798,0.0,126854009
2021-10-18,2.3981101512908936,3.059999942779541,0.0,3.069999933242798,3.049999952316284,3.049999952316284,0.0,116407232
2021-10-19,2.3981101512908936,3.059999942779541,0.0,3.0799999237060547,3.049999952316284,3.059999942779541,0.0,95828632
2021-10-20,2.3981101512908936,3.059999942779541,0.0,3.0799999237060547,3.059999942779541,3.069999933242798,0.0,77055388
2021-10-21,2.4137837886810303,3.0799999237060547,0.0,3.0799999237060547,3.059999942779541,3.059999942779541,0.0,98973560
2021-10-22,2.3981101512908936,3.059999942779541,0.0,3.0799999237060547,3.059999942779541,3.069999933242798,0.0,89351820
2021-10-25,2.40594744682312,3.069999933242798,0.0,3.0799999237060547,3.059999942779541,3.059999942779541,0.0,94829019
2021-10-26,2.3981101512908936,3.059999942779541,0.0,3.0799999237060547,3.059999942779541,3.0799999237060547,0.0,90072506
2021-10-27,2.3981101512908936,3.059999942779541,0.0,3.069999933242798,3.049999952316284,3.059999942779541,0.0,90618779
2021-10-28,2.390273332595825,3.049999952316284,0.0,3.059999942779541,3.0399999618530273,3.059999942779541,0.0,89734317
2021-10-29,2.390273332595825,3.049999952316284,0.0,3.059999942779541,3.0399999618530273,3.049999952316284,0.0,108279091
2021-11-01,2.40594744682312,3.069999933242798,0.0,3.069999933242798,3.049999952316284,3.049999952316284,0.0,113980500
2021-11-02,2.382436513900757,3.0399999618530273,0.0,3.069999933242798,3.0399999618530273,3.069999933242798,0.0,149424773
2021-11-03,2.382436513900757,3.0399999618530273,0.0,3.049999952316284,3.0399999618530273,3.049999952316284,0.0,80615457
2021-11-04,2.382436513900757,3.0399999618530273,0.0,3.049999952316284,3.0399999618530273,3.0399999618530273,0.0,49139999
2021-11-05,2.382436513900757,3.0399999618530273,0.0,3.049999952316284,3.0399999618530273,3.0399999618530273,0.0,58406560
2021-11-08,2.374598979949951,3.0299999713897705,0.0,3.049999952316284,3.0299999713897705,3.0399999618530273,0.0,72938332
2021-11-09,2.382436513900757,3.0399999618530273,0.0,3.0399999618530273,3.0299999713897705,3.0299999713897705,0.0,60731741
2021-11-10,2.382436513900757,3.0399999618530273,0.0,3.0399999618530273,3.0299999713897705,3.0299999713897705,0.0,59729296
2021-11-11,2.40594744682312,3.069999933242798,0.0,3.069999933242798,3.0299999713897705,3.0399999618530273,0.0,113565177
2021-11-12,2.3981101512908936,3.059999942779541,0.0,3.069999933242798,3.049999952316284,3.069999933242798,0.0,58156056
2021-11-15,2.3981101512908936,3.059999942779541,0.0,3.059999942779541,3.049999952316284,3.049999952316284,0.0,59525462
2021-11-16,2.3981101512908936,3.059999942779541,0.0,3.069999933242798,3.049999952316284,3.059999942779541,0.0,100142595
2021-11-17,2.40594744682312,3.069999933242798,0.0,3.069999933242798,3.049999952316284,3.059999942779541,0.0,79461275
2021-11-18,2.3981101512908936,3.059999942779541,0.0,3.069999933242798,3.049999952316284,3.059999942779541,0.0,87171027
2021-11-19,2.3981101512908936,3.059999942779541,0.0,3.069999933242798,3.049999952316284,3.059999942779541,0.0,63789015
2021-11-22,2.3981101512908936,3.059999942779541,0.0,3.069999933242798,3.059999942779541,3.059999942779541,0.0,67459475
2021-11-23,2.40594744682312,3.069999933242798,0.0,3.069999933242798,3.059999942779541,3.059999942779541,0.0,83470231
2021-11-24,2.4137837886810303,3.0799999237060547,0.0,3.0799999237060547,3.059999942779541,3.059999942779541,0.0,115740433
2021-11-25,2.4137837886810303,3.0799999237060547,0.0,3.0799999237060547,3.059999942779541,3.069999933242798,0.0,82415265
2021-11-26,2.40594744682312,3.069999933242798,0.0,3.0799999237060547,3.059999942779541,3.069999933242798,0.0,52959976
2021-11-29,2.3981101512908936,3.059999942779541,0.0,3.069999933242798,3.049999952316284,3.059999942779541,0.0,97359978
2021-11-30,2.390273332595825,3.049999952316284,0.0,3.059999942779541,3.0399999618530273,3.059999942779541,0.0,118947240
2021-12-01,2.3981101512908936,3.059999942779541,0.0,3.059999942779541,3.0399999618530273,3.0399999618530273,0.0,63929943
2021-12-02,2.390273332595825,3.049999952316284,0.0,3.059999942779541,3.049999952316284,3.059999942779541,0.0,108444950
2021-12-03,2.3981101512908936,3.059999942779541,0.0,3.059999942779541,3.049999952316284,3.059999942779541,0.0,79474180
2021-12-06,2.3981101512908936,3.059999942779541,0.0,3.069999933242798,3.049999952316284,3.059999942779541,0.0,123987558
2021-12-07,2.40594744682312,3.069999933242798,0.0,3.069999933242798,3.049999952316284,3.069999933242798,0.0,104494732
2021-12-08,2.3981101512908936,3.059999942779541,0.0,3.069999933242798,3.049999952316284,3.059999942779541,0.0,120463174
2021-12-09,2.40594744682312,3.069999933242798,0.0,3.0799999237060547,3.049999952316284,3.059999942779541,0.0,162429588
2021-12-10,2.40594744682312,3.069999933242798,0.0,3.069999933242798,3.059999942779541,3.069999933242798,0.0,126272349
2021-12-13,2.3981101512908936,3.059999942779541,0.0,3.069999933242798,3.059999942779541,3.069999933242798,0.0,102284901
2021-12-14,2.390273332595825,3.049999952316284,0.0,3.069999933242798,3.049999952316284,3.059999942779541,0.0,73139542
2021-12-15,2.390273332595825,3.049999952316284,0.0,3.059999942779541,3.049999952316284,3.049999952316284,0.0,83770662
2021-12-16,2.390273332595825,3.049999952316284,0.0,3.059999942779541,3.049999952316284,3.049999952316284,0.0,101356040
2021-12-17,2.3981101512908936,3.059999942779541,0.0,3.059999942779541,3.049999952316284,3.049999952316284,0.0,88226665
2021-12-20,2.390273332595825,3.049999952316284,0.0,3.059999942779541,3.0399999618530273,3.049999952316284,0.0,96278940
2021-12-21,2.3981101512908936,3.059999942779541,0.0,3.069999933242798,3.0399999618530273,3.0399999618530273,0.0,128798481
2021-12-22,2.3981101512908936,3.059999942779541,0.0,3.069999933242798,3.049999952316284,3.059999942779541,0.0,110247425
2021-12-23,2.3981101512908936,3.059999942779541,0.0,3.069999933242798,3.049999952316284,3.059999942779541,0.0,81038737
2021-12-24,2.390273332595825,3.049999952316284,0.0,3.069999933242798,3.049999952316284,3.059999942779541,0.0,65111092
2021-12-27,2.3981101512908936,3.059999942779541,0.0,3.059999942779541,3.049999952316284,3.049999952316284,0.0,71592541
2021-12-28,2.40594744682312,3.069999933242798,0.0,3.069999933242798,3.049999952316284,3.059999942779541,0.0,101425994
2021-12-29,2.390273332595825,3.049999952316284,0.0,3.069999933242798,3.049999952316284,3.059999942779541,0.0,82813675
2021-12-30,2.390273332595825,3.049999952316284,0.0,3.059999942779541,3.049999952316284,3.059999942779541,0.0,78992662
2021-12-31,2.390273332595825,3.049999952316284,0.0,3.059999942779541,3.049999952316284,3.049999952316284,0.0,75290603
2022-01-04,2.40594744682312,3.069999933242798,0.0,3.069999933242798,3.049999952316284,3.059999942779541,0.0,113893319
2022-01-05,2.421621084213257,3.0899999141693115,0.0,3.0999999046325684,3.059999942779541,3.069999933242798,0.0,312987617
2022-01-06,2.421621084213257,3.0899999141693115,0.0,3.119999885559082,3.0799999237060547,3.0799999237060547,0.0,187797851
2022-01-07,2.460806131362915,3.140000104904175,0.0,3.140000104904175,3.0899999141693115,3.0899999141693115,0.0,318936314
2022-01-10,2.4529688358306885,3.130000114440918,0.0,3.1600000858306885,3.109999895095825,3.140000104904175,0.0,154642749
2022-01-11,2.460806131362915,3.140000104904175,0.0,3.1500000953674316,3.119999885559082,3.119999885559082,0.0,136150760
2022-01-12,2.44513201713562,3.119999885559082,0.0,3.140000104904175,3.0999999046325684,3.140000104904175,0.0,190643304
2022-01-13,2.460806131362915,3.140000104904175,0.0,3.1500000953674316,3.109999895095825,3.109999895095825,0.0,176183426
2022-01-14,2.421621084213257,3.0899999141693115,0.0,3.140000104904175,3.0799999237060547,3.140000104904175,0.0,206659934
2022-01-17,2.421621084213257,3.0899999141693115,0.0,3.0999999046325684,3.0799999237060547,3.0899999141693115,0.0,114250424
2022-01-18,2.44513201713562,3.119999885559082,0.0,3.119999885559082,3.0799999237060547,3.0799999237060547,0.0,158865983
2022-01-19,2.4372949600219727,3.109999895095825,0.0,3.119999885559082,3.0999999046325684,3.109999895095825,0.0,97900582
2022-01-20,2.44513201713562,3.119999885559082,0.0,3.130000114440918,3.0999999046325684,3.109999895095825,0.0,191778747
2022-01-21,2.44513201713562,3.119999885559082,0.0,3.130000114440918,3.0999999046325684,3.119999885559082,0.0,171887707
2022-01-24,2.44513201713562,3.119999885559082,0.0,3.119999885559082,3.0999999046325684,3.119999885559082,0.0,153008996
2022-01-25,2.421621084213257,3.0899999141693115,0.0,3.119999885559082,3.0799999237060547,3.109999895095825,0.0,157682812
2022-01-26,2.421621084213257,3.0899999141693115,0.0,3.0999999046325684,3.0799999237060547,3.0899999141693115,0.0,92393252
2022-01-27,2.421621084213257,3.0899999141693115,0.0,3.0999999046325684,3.0799999237060547,3.0899999141693115,0.0,127655838
2022-01-28,2.421621084213257,3.0899999141693115,0.0,3.109999895095825,3.0799999237060547,3.0899999141693115,0.0,150392993
2022-02-07,2.4529688358306885,3.130000114440918,0.0,3.130000114440918,3.0999999046325684,3.109999895095825,0.0,158877519
2022-02-08,2.4843170642852783,3.1700000762939453,0.0,3.180000066757202,3.119999885559082,3.119999885559082,0.0,286303624
2022-02-09,2.4764797687530518,3.1600000858306885,0.0,3.190000057220459,3.1600000858306885,3.1700000762939453,0.0,234779367
2022-02-10,2.499990940093994,3.190000057220459,0.0,3.190000057220459,3.1600000858306885,3.1700000762939453,0.0,180983578
2022-02-11,2.499990940093994,3.190000057220459,0.0,3.200000047683716,3.180000066757202,3.190000057220459,0.0,150563026
2022-02-14,2.4843170642852783,3.1700000762939453,0.0,3.190000057220459,3.1500000953674316,3.190000057220459,0.0,150686439
2022-02-15,2.4686429500579834,3.1500000953674316,0.0,3.180000066757202,3.140000104904175,3.1600000858306885,0.0,118272584
2022-02-16,2.4843170642852783,3.1700000762939453,0.0,3.180000066757202,3.1500000953674316,3.1600000858306885,0.0,97288401
2022-02-17,2.4921538829803467,3.180000066757202,0.0,3.200000047683716,3.1600000858306885,3.1700000762939453,0.0,168577859
2022-02-18,2.5078277587890625,3.200000047683716,0.0,3.200000047683716,3.1600000858306885,3.180000066757202,0.0,155036500
2022-02-21,2.4921538829803467,3.180000066757202,0.0,3.190000057220459,3.1600000858306885,3.190000057220459,0.0,128248537
2022-02-22,2.4843170642852783,3.1700000762939453,0.0,3.180000066757202,3.1600000858306885,3.1700000762939453,0.0,87527437
2022-02-23,2.4764797687530518,3.1600000858306885,0.0,3.180000066757202,3.1500000953674316,3.1700000762939453,0.0,100542597
2022-02-24,2.4372949600219727,3.109999895095825,0.0,3.1600000858306885,3.0999999046325684,3.1500000953674316,0.0,207717201
2022-02-25,2.4372949600219727,3.109999895095825,0.0,3.140000104904175,3.0999999046325684,3.119999885559082,0.0,141574624
2022-02-28,2.429457902908325,3.0999999046325684,0.0,3.119999885559082,3.0899999141693115,3.109999895095825,0.0,160003390
2022-03-01,2.44513201713562,3.119999885559082,0.0,3.130000114440918,3.0999999046325684,3.109999895095825,0.0,135258879
2022-03-02,2.4529688358306885,3.130000114440918,0.0,3.1500000953674316,3.109999895095825,3.119999885559082,0.0,140013892
2022-03-03,2.4686429500579834,3.1500000953674316,0.0,3.1600000858306885,3.130000114440918,3.130000114440918,0.0,137415776
2022-03-04,2.4686429500579834,3.1500000953674316,0.0,3.1600000858306885,3.140000104904175,3.1500000953674316,0.0,156024083
2022-03-07,2.4529688358306885,3.130000114440918,0.0,3.1500000953674316,3.119999885559082,3.140000104904175,0.0,136041516
2022-03-08,2.429457902908325,3.0999999046325684,0.0,3.140000104904175,3.0999999046325684,3.119999885559082,0.0,150037744
2022-03-09,2.4137837886810303,3.0799999237060547,0.0,3.109999895095825,3.0399999618530273,3.0999999046325684,0.0,266049155
2022-03-10,2.4137837886810303,3.0799999237060547,0.0,3.0999999046325684,3.0799999237060547,3.0899999141693115,0.0,110101225
2022-03-11,2.429457902908325,3.0999999046325684,0.0,3.109999895095825,3.059999942779541,3.0799999237060547,0.0,178942650
2022-03-14,2.421621084213257,3.0899999141693115,0.0,3.119999885559082,3.069999933242798,3.0799999237060547,0.0,157658515
2022-03-15,2.374598979949951,3.0299999713897705,0.0,3.0899999141693115,3.0199999809265137,3.0899999141693115,0.0,290229985
2022-03-16,2.40594744682312,3.069999933242798,0.0,3.0799999237060547,3.0199999809265137,3.0399999618530273,0.0,219409553
2022-03-17,2.3981101512908936,3.059999942779541,0.0,3.0899999141693115,3.049999952316284,3.0799999237060547,0.0,198768146
2022-03-18,2.429457902908325,3.0999999046325684,0.0,3.109999895095825,3.049999952316284,3.059999942779541,0.0,251242558
2022-03-21,2.421621084213257,3.0899999141693115,0.0,3.109999895095825,3.0799999237060547,3.0899999141693115,0.0,124568353
2022-03-22,2.4686429500579834,3.1500000953674316,0.0,3.1700000762939453,3.0899999141693115,3.0999999046325684,0.0,253281571
2022-03-23,2.460806131362915,3.140000104904175,0.0,3.1500000953674316,3.109999895095825,3.1500000953674316,0.0,136338669
2022-03-24,2.460806131362915,3.140000104904175,0.0,3.1500000953674316,3.119999885559082,3.130000114440918,0.0,78366636
2022-03-25,2.4764797687530518,3.1600000858306885,0.0,3.1700000762939453,3.119999885559082,3.140000104904175,0.0,155189228
2022-03-28,2.4843170642852783,3.1700000762939453,0.0,3.1700000762939453,3.130000114440918,3.140000104904175,0.0,111454863
2022-03-29,2.499990940093994,3.190000057220459,0.0,3.190000057220459,3.1600000858306885,3.1600000858306885,0.0,164742120
2022-03-30,2.523501396179199,3.2200000286102295,0.0,3.2200000286102295,3.190000057220459,3.200000047683716,0.0,235224962
2022-03-31,2.5626864433288574,3.2699999809265137,0.0,3.2799999713897705,3.2100000381469727,3.2200000286102295,0.0,352674202
2022-04-01,2.5783603191375732,3.2899999618530273,0.0,3.2899999618530273,3.240000009536743,3.259999990463257,0.0,243342012
2022-04-06,2.5861971378326416,3.299999952316284,0.0,3.309999942779541,3.259999990463257,3.2799999713897705,0.0,237666989
2022-04-07,2.570523262023926,3.2799999713897705,0.0,3.319999933242798,3.259999990463257,3.299999952316284,0.0,235107954
2022-04-08,2.5783603191375732,3.2899999618530273,0.0,3.299999952316284,3.2699999809265137,3.2799999713897705,0.0,162098159
2022-04-11,2.570523262023926,3.2799999713897705,0.0,3.309999942779541,3.2799999713897705,3.299999952316284,0.0,187424293
2022-04-12,2.5861971378326416,3.299999952316284,0.0,3.299999952316284,3.259999990463257,3.2799999713897705,0.0,193563250
2022-04-13,2.5783603191375732,3.2899999618530273,0.0,3.3299999237060547,3.2799999713897705,3.2899999618530273,0.0,166778612
2022-04-14,2.570523262023926,3.2799999713897705,0.0,3.319999933242798,3.2799999713897705,3.299999952316284,0.0,117684503
2022-04-15,2.570523262023926,3.2799999713897705,0.0,3.2899999618530273,3.2699999809265137,3.2799999713897705,0.0,105508451
2022-04-18,2.5313384532928467,3.2300000190734863,0.0,3.2799999713897705,3.2100000381469727,3.2699999809265137,0.0,180316114
2022-04-19,2.55484938621521,3.259999990463257,0.0,3.259999990463257,3.2200000286102295,3.2200000286102295,0.0,123575331
2022-04-20,2.5626864433288574,3.2699999809265137,0.0,3.2799999713897705,3.25,3.259999990463257,0.0,126055526
2022-04-21,2.5626864433288574,3.2699999809265137,0.0,3.299999952316284,3.259999990463257,3.2699999809265137,0.0,162730743
2022-04-22,2.5861971378326416,3.299999952316284,0.0,3.319999933242798,3.25,3.259999990463257,0.0,195626086
2022-04-25,2.5626864433288574,3.2699999809265137,0.0,3.3299999237060547,3.2699999809265137,3.2899999618530273,0.0,290849532
2022-04-26,2.570523262023926,3.2799999713897705,0.0,3.299999952316284,3.259999990463257,3.2799999713897705,0.0,215532530
2022-04-27,2.5313384532928467,3.2300000190734863,0.0,3.2899999618530273,3.2100000381469727,3.2799999713897705,0.0,217741745
2022-04-28,2.55484938621521,3.259999990463257,0.0,3.2799999713897705,3.2200000286102295,3.2300000190734863,0.0,221052868
2022-04-29,2.5313384532928467,3.2300000190734863,0.0,3.2699999809265137,3.2100000381469727,3.259999990463257,0.0,371435031
2022-05-05,2.5313384532928467,3.2300000190734863,0.0,3.25,3.200000047683716,3.240000009536743,0.0,237357024
2022-05-06,2.499990940093994,3.190000057220459,0.0,3.2200000286102295,3.180000066757202,3.2100000381469727,0.0,143763630
2022-05-09,2.499990940093994,3.190000057220459,0.0,3.200000047683716,3.180000066757202,3.190000057220459,0.0,109137292
2022-05-10,2.5078277587890625,3.200000047683716,0.0,3.200000047683716,3.1600000858306885,3.180000066757202,0.0,175808992
2022-05-11,2.5078277587890625,3.200000047683716,0.0,3.2100000381469727,3.190000057220459,3.200000047683716,0.0,131996763
2022-05-12,2.5078277587890625,3.200000047683716,0.0,3.200000047683716,3.190000057220459,3.190000057220459,0.0,90458459
2022-05-13,2.515664577484131,3.2100000381469727,0.0,3.2100000381469727,3.190000057220459,3.200000047683716,0.0,98605611
2022-05-16,2.499990940093994,3.190000057220459,0.0,3.2100000381469727,3.180000066757202,3.2100000381469727,0.0,107213450
2022-05-17,2.5078277587890625,3.200000047683716,0.0,3.2100000381469727,3.190000057220459,3.200000047683716,0.0,102444983
2022-05-18,2.499990940093994,3.190000057220459,0.0,3.200000047683716,3.180000066757202,3.200000047683716,0.0,90701576
2022-05-19,2.4921538829803467,3.180000066757202,0.0,3.190000057220459,3.1700000762939453,3.180000066757202,0.0,105301293
2022-05-20,2.499990940093994,3.190000057220459,0.0,3.2100000381469727,3.180000066757202,3.190000057220459,0.0,138656349
2022-05-23,2.5078277587890625,3.200000047683716,0.0,3.2100000381469727,3.190000057220459,3.200000047683716,0.0,102728278
2022-05-24,2.5078277587890625,3.200000047683716,0.0,3.200000047683716,3.190000057220459,3.190000057220459,0.0,91224891
2022-05-25,2.5078277587890625,3.200000047683716,0.0,3.2100000381469727,3.190000057220459,3.190000057220459,0.0,127520925
2022-05-26,2.515664577484131,3.2100000381469727,0.0,3.2100000381469727,3.200000047683716,3.200000047683716,0.0,104946665
2022-05-27,2.523501396179199,3.2200000286102295,0.0,3.2200000286102295,3.200000047683716,3.2100000381469727,0.0,107585002
2022-05-30,2.5078277587890625,3.200000047683716,0.0,3.2200000286102295,3.190000057220459,3.2100000381469727,0.0,176262701
2022-05-31,2.499990940093994,3.190000057220459,0.0,3.200000047683716,3.190000057220459,3.190000057220459,0.0,115257848
2022-06-01,2.499990940093994,3.190000057220459,0.0,3.200000047683716,3.180000066757202,3.190000057220459,0.0,105838863
2022-06-02,2.499990940093994,3.190000057220459,0.0,3.200000047683716,3.180000066757202,3.190000057220459,0.0,67585431
2022-06-06,2.4921538829803467,3.180000066757202,0.0,3.200000047683716,3.180000066757202,3.190000057220459,0.0,132391671
2022-06-07,2.499990940093994,3.190000057220459,0.0,3.190000057220459,3.1700000762939453,3.190000057220459,0.0,96658859
2022-06-08,2.499990940093994,3.190000057220459,0.0,3.200000047683716,3.180000066757202,3.190000057220459,0.0,98539232
2022-06-09,2.515664577484131,3.2100000381469727,0.0,3.2100000381469727,3.180000066757202,3.190000057220459,0.0,133747091
2022-06-10,2.5313384532928467,3.2300000190734863,0.0,3.2300000190734863,3.190000057220459,3.200000047683716,0.0,197281367
2022-06-13,2.515664577484131,3.2100000381469727,0.0,3.2300000190734863,3.190000057220459,3.2100000381469727,0.0,129062879
2022-06-14,2.5313384532928467,3.2300000190734863,0.0,3.2300000190734863,3.190000057220459,3.2100000381469727,0.0,146281059
2022-06-15,2.5313384532928467,3.2300000190734863,0.0,3.259999990463257,3.2200000286102295,3.2300000190734863,0.0,196740444
2022-06-16,2.5313384532928467,3.2300000190734863,0.0,3.25,3.2200000286102295,3.240000009536743,0.0,148140347
2022-06-17,2.5313384532928467,3.2300000190734863,0.0,3.240000009536743,3.2200000286102295,3.2300000190734863,0.0,139422182
2022-06-20,2.523501396179199,3.2200000286102295,0.0,3.2300000190734863,3.2100000381469727,3.2300000190734863,0.0,102064084
2022-06-21,2.5470125675201416,3.25,0.0,3.259999990463257,3.2100000381469727,3.2200000286102295,0.0,141733787
2022-06-22,2.5313384532928467,3.2300000190734863,0.0,3.259999990463257,3.2300000190734863,3.25,0.0,124648156
2022-06-23,2.5470125675201416,3.25,0.0,3.25,3.2300000190734863,3.240000009536743,0.0,111815207
2022-06-24,2.5470125675201416,3.25,0.0,3.259999990463257,3.240000009536743,3.25,0.0,130305041
2022-06-27,2.5470125675201416,3.25,0.0,3.259999990463257,3.240000009536743,3.25,0.0,142387828
2022-06-28,2.5470125675201416,3.25,0.0,3.259999990463257,3.240000009536743,3.25,0.0,124881605
2022-06-29,2.55484938621521,3.259999990463257,0.0,3.259999990463257,3.240000009536743,3.240000009536743,0.0,145262952
2022-06-30,2.55484938621521,3.259999990463257,0.0,3.2699999809265137,3.25,3.25,0.0,132741063
2022-07-01,2.55484938621521,3.259999990463257,0.0,3.2699999809265137,3.259999990463257,3.259999990463257,0.0,107827360
2022-07-04,2.5783603191375732,3.2899999618530273,0.0,3.299999952316284,3.259999990463257,3.2699999809265137,0.0,158278952
2022-07-05,2.5861971378326416,3.299999952316284,0.0,3.309999942779541,3.2799999713897705,3.2899999618530273,0.0,109701716
2022-07-06,2.5783603191375732,3.2899999618530273,0.0,3.309999942779541,3.2899999618530273,3.309999942779541,0.0,155208120
2022-07-07,2.5783603191375732,3.2899999618530273,0.0,3.299999952316284,3.2899999618530273,3.299999952316284,0.0,96617787
2022-07-08,2.5861971378326416,3.299999952316284,0.0,3.309999942779541,3.2899999618530273,3.299999952316284,0.0,130241201
2022-07-11,2.6018712520599365,3.319999933242798,0.0,3.3399999141693115,3.299999952316284,3.309999942779541,0.0,192268722
2022-07-12,2.609708070755005,3.3299999237060547,0.0,3.3499999046325684,3.319999933242798,3.3299999237060547,0.0,223921378
2022-07-13,2.5783603191375732,3.2899999618530273,0.0,3.3399999141693115,3.2799999713897705,3.3299999237060547,0.0,225351639
2022-07-14,2.5313384532928467,3.2300000190734863,0.0,3.2799999713897705,3.2100000381469727,3.2699999809265137,0.0,225707808
2022-07-15,2.5237672328948975,3.0,0.221,3.0399999618530273,3.0,3.0299999713897705,0.0,273232104
2022-07-18,2.5405924320220947,3.0199999809265137,0.0,3.0299999713897705,3.0,3.009999990463257,0.0,134613640
2022-07-19,2.557417392730713,3.0399999618530273,0.0,3.049999952316284,3.0199999809265137,3.0299999713897705,0.0,102681408
2022-07-20,2.5910675525665283,3.0799999237060547,0.0,3.0799999237060547,3.049999952316284,3.059999942779541,0.0,98414346
2022-07-21,2.57424259185791,3.059999942779541,0.0,3.0999999046325684,3.059999942779541,3.0899999141693115,0.0,113297249
2022-07-22,2.5910675525665283,3.0799999237060547,0.0,3.0799999237060547,3.059999942779541,3.059999942779541,0.0,73960909
2022-07-25,2.599480152130127,3.0899999141693115,0.0,3.0899999141693115,3.069999933242798,3.0799999237060547,0.0,54227394
2022-07-26,2.616305351257324,3.109999895095825,0.0,3.119999885559082,3.0899999141693115,3.0899999141693115,0.0,121188561
2022-07-27,2.599480152130127,3.0899999141693115,0.0,3.109999895095825,3.0899999141693115,3.109999895095825,0.0,91483843
2022-07-28,2.582655429840088,3.069999933242798,0.0,3.0899999141693115,3.059999942779541,3.0899999141693115,0.0,99149343
2022-07-29,2.57424259185791,3.059999942779541,0.0,3.069999933242798,3.049999952316284,3.069999933242798,0.0,123286311
2022-08-01,2.557417392730713,3.0399999618530273,0.0,3.059999942779541,3.0399999618530273,3.049999952316284,0.0,126754495
2022-08-02,2.5405924320220947,3.0199999809265137,0.0,3.0399999618530273,3.0199999809265137,3.0399999618530273,0.0,118161970
2022-08-03,2.532179832458496,3.009999990463257,0.0,3.0399999618530273,3.009999990463257,3.0299999713897705,0.0,141579051
2022-08-04,2.5490047931671143,3.0299999713897705,0.0,3.0399999618530273,3.009999990463257,3.0199999809265137,0.0,72169836
2022-08-05,2.557417392730713,3.0399999618530273,0.0,3.049999952316284,3.0299999713897705,3.0399999618530273,0.0,80123699
2022-08-08,2.5490047931671143,3.0299999713897705,0.0,3.049999952316284,3.0299999713897705,3.049999952316284,0.0,62631923
2022-08-09,2.5405924320220947,3.0199999809265137,0.0,3.0399999618530273,3.0199999809265137,3.0299999713897705,0.0,51354312
2022-08-10,2.5405924320220947,3.0199999809265137,0.0,3.0399999618530273,3.0199999809265137,3.0299999713897705,0.0,52157206
2022-08-11,2.5658302307128906,3.049999952316284,0.0,3.049999952316284,3.0199999809265137,3.0299999713897705,0.0,74187883
2022-08-12,2.557417392730713,3.0399999618530273,0.0,3.049999952316284,3.0299999713897705,3.049999952316284,0.0,90434370
2022-08-15,2.5490047931671143,3.0299999713897705,0.0,3.049999952316284,3.0299999713897705,3.0399999618530273,0.0,74872124
2022-08-16,2.5490047931671143,3.0299999713897705,0.0,3.049999952316284,3.0299999713897705,3.0299999713897705,0.0,67607430
2022-08-17,2.557417392730713,3.0399999618530273,0.0,3.0399999618530273,3.0299999713897705,3.0399999618530273,0.0,78567086
2022-08-18,2.5405924320220947,3.0199999809265137,0.0,3.0399999618530273,3.0199999809265137,3.0399999618530273,0.0,80063491
2022-08-19,2.5490047931671143,3.0299999713897705,0.0,3.0399999618530273,3.0199999809265137,3.0199999809265137,0.0,90415101
2022-08-22,2.5405924320220947,3.0199999809265137,0.0,3.0299999713897705,3.0199999809265137,3.0199999809265137,0.0,86923624
2022-08-23,2.532179832458496,3.009999990463257,0.0,3.0299999713897705,3.009999990463257,3.0199999809265137,0.0,75429339
2022-08-24,2.532179832458496,3.009999990463257,0.0,3.0299999713897705,3.009999990463257,3.009999990463257,0.0,106814759
2022-08-25,2.5490047931671143,3.0299999713897705,0.0,3.0299999713897705,3.009999990463257,3.0199999809265137,0.0,81020311
2022-08-26,2.5405924320220947,3.0199999809265137,0.0,3.0299999713897705,3.009999990463257,3.0299999713897705,0.0,69877582
2022-08-29,2.5405924320220947,3.0199999809265137,0.0,3.0299999713897705,3.009999990463257,3.0199999809265137,0.0,98104781
2022-08-30,2.5490047931671143,3.0299999713897705,0.0,3.0399999618530273,3.0199999809265137,3.0199999809265137,0.0,91508323
2022-08-31,2.557417392730713,3.0399999618530273,0.0,3.049999952316284,3.0299999713897705,3.0399999618530273,0.0,124951539
2022-09-01,2.5658302307128906,3.049999952316284,0.0,3.059999942779541,3.0399999618530273,3.049999952316284,0.0,96042898
2022-09-02,2.557417392730713,3.0399999618530273,0.0,3.059999942779541,3.0399999618530273,3.059999942779541,0.0,83102686
2022-09-05,2.5658302307128906,3.049999952316284,0.0,3.059999942779541,3.0399999618530273,3.0399999618530273,0.0,82660879
2022-09-06,2.582655429840088,3.069999933242798,0.0,3.069999933242798,3.049999952316284,3.059999942779541,0.0,91630101
2022-09-07,2.57424259185791,3.059999942779541,0.0,3.069999933242798,3.059999942779541,3.069999933242798,0.0,61096711
2022-09-08,2.57424259185791,3.059999942779541,0.0,3.069999933242798,3.059999942779541,3.069999933242798,0.0,44417093
2022-09-09,2.5910675525665283,3.0799999237060547,0.0,3.0899999141693115,3.059999942779541,3.069999933242798,0.0,93780393
2022-09-13,2.5910675525665283,3.0799999237060547,0.0,3.0899999141693115,3.069999933242798,3.0899999141693115,0.0,109715783
2022-09-14,2.582655429840088,3.069999933242798,0.0,3.0799999237060547,3.069999933242798,3.069999933242798,0.0,61667247
2022-09-15,2.599480152130127,3.0899999141693115,0.0,3.0999999046325684,3.069999933242798,3.069999933242798,0.0,138372957
2022-09-16,2.5658302307128906,3.049999952316284,0.0,3.0999999046325684,3.049999952316284,3.0999999046325684,0.0,130119163
2022-09-19,2.5910675525665283,3.0799999237060547,0.0,3.0799999237060547,3.049999952316284,3.059999942779541,0.0,96413485
2022-09-20,2.582655429840088,3.069999933242798,0.0,3.0899999141693115,3.059999942779541,3.0899999141693115,0.0,124474985
2022-09-21,2.582655429840088,3.069999933242798,0.0,3.0799999237060547,3.049999952316284,3.069999933242798,0.0,83992047
2022-09-22,2.582655429840088,3.069999933242798,0.0,3.0799999237060547,3.059999942779541,3.069999933242798,0.0,92222319
2022-09-23,2.6078929901123047,3.0999999046325684,0.0,3.0999999046325684,3.069999933242798,3.0799999237060547,0.0,169034302
2022-09-26,2.57424259185791,3.059999942779541,0.0,3.109999895095825,3.059999942779541,3.0999999046325684,0.0,140392825
2022-09-27,2.5658302307128906,3.049999952316284,0.0,3.0799999237060547,3.049999952316284,3.069999933242798,0.0,86579287
2022-09-28,2.582655429840088,3.069999933242798,0.0,3.0799999237060547,3.0399999618530273,3.059999942779541,0.0,114531908
2022-09-29,2.5658302307128906,3.049999952316284,0.0,3.0899999141693115,3.049999952316284,3.0799999237060547,0.0,96899780
2022-09-30,2.599480152130127,3.0899999141693115,0.0,3.0899999141693115,3.049999952316284,3.059999942779541,0.0,127961507
2022-10-10,2.582655429840088,3.069999933242798,0.0,3.0899999141693115,3.059999942779541,3.0799999237060547,0.0,120890375
2022-10-11,2.57424259185791,3.059999942779541,0.0,3.0799999237060547,3.059999942779541,3.069999933242798,0.0,107772247
2022-10-12,2.582655429840088,3.069999933242798,0.0,3.0799999237060547,3.049999952316284,3.059999942779541,0.0,118989573
2022-10-13,2.5658302307128906,3.049999952316284,0.0,3.069999933242798,3.049999952316284,3.059999942779541,0.0,86955664
2022-10-14,2.57424259185791,3.059999942779541,0.0,3.0799999237060547,3.059999942779541,3.059999942779541,0.0,94382812
2022-10-17,2.5658302307128906,3.049999952316284,0.0,3.059999942779541,3.049999952316284,3.059999942779541,0.0,77051347
2022-10-18,2.5658302307128906,3.049999952316284,0.0,3.069999933242798,3.049999952316284,3.059999942779541,0.0,90180936
2022-10-19,2.5658302307128906,3.049999952316284,0.0,3.059999942779541,3.049999952316284,3.049999952316284,0.0,65183649
2022-10-20,2.5658302307128906,3.049999952316284,0.0,3.059999942779541,3.0399999618530273,3.049999952316284,0.0,95315241
2022-10-21,2.582655429840088,3.069999933242798,0.0,3.0799999237060547,3.049999952316284,3.049999952316284,0.0,143775202
2022-10-24,2.57424259185791,3.059999942779541,0.0,3.0799999237060547,3.059999942779541,3.069999933242798,0.0,179927707
2022-10-25,2.5658302307128906,3.049999952316284,0.0,3.069999933242798,3.049999952316284,3.059999942779541,0.0,140010265
2022-10-26,2.557417392730713,3.0399999618530273,0.0,3.059999942779541,3.0399999618530273,3.059999942779541,0.0,133635973
2022-10-27,2.5490047931671143,3.0299999713897705,0.0,3.049999952316284,3.0299999713897705,3.049999952316284,0.0,139886596
2022-10-28,2.57424259185791,3.059999942779541,0.0,3.059999942779541,3.0299999713897705,3.0399999618530273,0.0,162996080
2022-10-31,2.532179832458496,3.009999990463257,0.0,3.059999942779541,3.009999990463257,3.049999952316284,0.0,181116217
2022-11-01,2.5405924320220947,3.0199999809265137,0.0,3.0299999713897705,3.0,3.009999990463257,0.0,191792262
2022-11-02,2.5237672328948975,3.0,0.0,3.009999990463257,2.990000009536743,3.009999990463257,0.0,136796843
2022-11-03,2.532179832458496,3.009999990463257,0.0,3.0199999809265137,2.990000009536743,3.0,0.0,87394641
2022-11-04,2.557417392730713,3.0399999618530273,0.0,3.0399999618530273,3.009999990463257,3.009999990463257,0.0,110639095
2022-11-07,2.557417392730713,3.0399999618530273,0.0,3.0399999618530273,3.0299999713897705,3.0399999618530273,0.0,73108247
2022-11-08,2.557417392730713,3.0399999618530273,0.0,3.0399999618530273,3.0199999809265137,3.0399999618530273,0.0,106204710
2022-11-09,2.557417392730713,3.0399999618530273,0.0,3.0399999618530273,3.0299999713897705,3.0299999713897705,0.0,54728787
2022-11-10,2.5658302307128906,3.049999952316284,0.0,3.049999952316284,3.009999990463257,3.0299999713897705,0.0,145383127
2022-11-11,2.57424259185791,3.059999942779541,0.0,3.069999933242798,3.0399999618530273,3.049999952316284,0.0,155885389
2022-11-14,2.57424259185791,3.059999942779541,0.0,3.0799999237060547,3.049999952316284,3.059999942779541,0.0,151006789
2022-11-15,2.57424259185791,3.059999942779541,0.0,3.069999933242798,3.049999952316284,3.059999942779541,0.0,79451328
2022-11-16,2.5658302307128906,3.049999952316284,0.0,3.069999933242798,3.049999952316284,3.059999942779541,0.0,97887858
2022-11-17,2.5658302307128906,3.049999952316284,0.0,3.059999942779541,3.0399999618530273,3.049999952316284,0.0,72887304
2022-11-18,2.557417392730713,3.0399999618530273,0.0,3.059999942779541,3.0399999618530273,3.059999942779541,0.0,87791024
2022-11-21,2.5658302307128906,3.049999952316284,0.0,3.059999942779541,3.0399999618530273,3.0399999618530273,0.0,78549383
2022-11-22,2.5910675525665283,3.0799999237060547,0.0,3.0799999237060547,3.049999952316284,3.059999942779541,0.0,193927650
2022-11-23,2.6078929901123047,3.0999999046325684,0.0,3.109999895095825,3.059999942779541,3.0799999237060547,0.0,251560552
2022-11-24,2.599480152130127,3.0899999141693115,0.0,3.109999895095825,3.0899999141693115,3.109999895095825,0.0,77907198
2022-11-25,2.6331305503845215,3.130000114440918,0.0,3.140000104904175,3.0899999141693115,3.0999999046325684,0.0,212121618
2022-11-28,2.616305351257324,3.109999895095825,0.0,3.119999885559082,3.0799999237060547,3.109999895095825,0.0,173296277
2022-11-29,2.64154314994812,3.140000104904175,0.0,3.1500000953674316,3.109999895095825,3.109999895095825,0.0,191444499
2022-11-30,2.6499557495117188,3.1500000953674316,0.0,3.1600000858306885,3.119999885559082,3.140000104904175,0.0,228597084
2022-12-01,2.6078929901123047,3.0999999046325684,0.0,3.1600000858306885,3.0999999046325684,3.1500000953674316,0.0,178381657
2022-12-02,2.6078929901123047,3.0999999046325684,0.0,3.119999885559082,3.0999999046325684,3.109999895095825,0.0,111891861
2022-12-05,2.6499557495117188,3.1500000953674316,0.0,3.1500000953674316,3.109999895095825,3.119999885559082,0.0,172724263
2022-12-06,2.6499557495117188,3.1500000953674316,0.0,3.1600000858306885,3.130000114440918,3.140000104904175,0.0,137966224
2022-12-07,2.64154314994812,3.140000104904175,0.0,3.1700000762939453,3.140000104904175,3.1600000858306885,0.0,151704730
2022-12-08,2.6583683490753174,3.1600000858306885,0.0,3.180000066757202,3.140000104904175,3.1500000953674316,0.0,149180876
2022-12-09,2.6583683490753174,3.1600000858306885,0.0,3.1700000762939453,3.1500000953674316,3.1700000762939453,0.0,110735837
2022-12-12,2.6331305503845215,3.130000114440918,0.0,3.1600000858306885,3.130000114440918,3.1500000953674316,0.0,94153702
2022-12-13,2.6583683490753174,3.1600000858306885,0.0,3.1700000762939453,3.130000114440918,3.130000114440918,0.0,103497967
2022-12-14,2.6583683490753174,3.1600000858306885,0.0,3.1700000762939453,3.1500000953674316,3.1700000762939453,0.0,112826837
2022-12-15,2.64154314994812,3.140000104904175,0.0,3.1700000762939453,3.140000104904175,3.1700000762939453,0.0,75309560
2022-12-16,2.6751933097839355,3.180000066757202,0.0,3.180000066757202,3.130000114440918,3.140000104904175,0.0,95367357
2022-12-19,2.6499557495117188,3.1500000953674316,0.0,3.190000057220459,3.1500000953674316,3.1700000762939453,0.0,98533646
2022-12-20,2.6331305503845215,3.130000114440918,0.0,3.1600000858306885,3.130000114440918,3.1500000953674316,0.0,105749613
2022-12-21,2.6247177124023438,3.119999885559082,0.0,3.140000104904175,3.119999885559082,3.130000114440918,0.0,64708549
2022-12-22,2.64154314994812,3.140000104904175,0.0,3.1600000858306885,3.119999885559082,3.140000104904175,0.0,88405874
2022-12-23,2.6331305503845215,3.130000114440918,0.0,3.140000104904175,3.119999885559082,3.130000114440918,0.0,67185650
2022-12-26,2.616305351257324,3.109999895095825,0.0,3.130000114440918,3.109999895095825,3.130000114440918,0.0,74086766
2022-12-27,2.6499557495117188,3.1500000953674316,0.0,3.1500000953674316,3.119999885559082,3.130000114440918,0.0,68385310
2022-12-28,2.6583683490753174,3.1600000858306885,0.0,3.1700000762939453,3.140000104904175,3.1500000953674316,0.0,78330948
2022-12-29,2.6499557495117188,3.1500000953674316,0.0,3.1700000762939453,3.140000104904175,3.1700000762939453,0.0,124477033
2022-12-30,2.6583683490753174,3.1600000858306885,0.0,3.1700000762939453,3.1500000953674316,3.1700000762939453,0.0,122020486
2023-01-03,2.6583683490753174,3.1600000858306885,0.0,3.1700000762939453,3.1500000953674316,3.1700000762939453,0.0,131110342
2023-01-04,2.692018747329712,3.200000047683716,0.0,3.2100000381469727,3.1600000858306885,3.1600000858306885,0.0,200733667
2023-01-05,2.692018747329712,3.200000047683716,0.0,3.2300000190734863,3.200000047683716,3.2100000381469727,0.0,118047136
2023-01-06,2.7004308700561523,3.2100000381469727,0.0,3.2200000286102295,3.180000066757202,3.2100000381469727,0.0,125852654
2023-01-09,2.683605909347534,3.190000057220459,0.0,3.2200000286102295,3.190000057220459,3.2100000381469727,0.0,83515552
2023-01-10,2.6751933097839355,3.180000066757202,0.0,3.200000047683716,3.180000066757202,3.200000047683716,0.0,66547032
2023-01-11,2.683605909347534,3.190000057220459,0.0,3.200000047683716,3.180000066757202,3.180000066757202,0.0,79022772
2023-01-12,2.683605909347534,3.190000057220459,0.0,3.200000047683716,3.180000066757202,3.200000047683716,0.0,85189631
2023-01-13,2.7172560691833496,3.2300000190734863,0.0,3.2300000190734863,3.190000057220459,3.200000047683716,0.0,121654168
2023-01-16,2.7004308700561523,3.2100000381469727,0.0,3.25,3.2100000381469727,3.2300000190734863,0.0,150522392
2023-01-17,2.708843469619751,3.2200000286102295,0.0,3.2200000286102295,3.200000047683716,3.2100000381469727,0.0,96610670
2023-01-18,2.7004308700561523,3.2100000381469727,0.0,3.2300000190734863,3.2100000381469727,3.2300000190734863,0.0,77946966
2023-01-19,2.708843469619751,3.2200000286102295,0.0,3.2200000286102295,3.200000047683716,3.2200000286102295,0.0,60890365
2023-01-20,2.708843469619751,3.2200000286102295,0.0,3.2300000190734863,3.2100000381469727,3.2200000286102295,0.0,75151339
2023-01-30,2.7172560691833496,3.2300000190734863,0.0,3.25,3.2100000381469727,3.240000009536743,0.0,149912574
2023-01-31,2.708843469619751,3.2200000286102295,0.0,3.240000009536743,3.2200000286102295,3.2300000190734863,0.0,88604596
2023-02-01,2.708843469619751,3.2200000286102295,0.0,3.2300000190734863,3.200000047683716,3.2200000286102295,0.0,108913528
2023-02-02,2.7004308700561523,3.2100000381469727,0.0,3.2200000286102295,3.200000047683716,3.2200000286102295,0.0,95902999
2023-02-03,2.7004308700561523,3.2100000381469727,0.0,3.2200000286102295,3.200000047683716,3.2100000381469727,0.0,100975924
2023-02-06,2.692018747329712,3.200000047683716,0.0,3.2100000381469727,3.190000057220459,3.200000047683716,0.0,111525091
2023-02-07,2.683605909347534,3.190000057220459,0.0,3.2100000381469727,3.190000057220459,3.200000047683716,0.0,65696219
2023-02-08,2.692018747329712,3.200000047683716,0.0,3.2100000381469727,3.190000057220459,3.200000047683716,0.0,48409900
2023-02-09,2.7004308700561523,3.2100000381469727,0.0,3.2100000381469727,3.200000047683716,3.2100000381469727,0.0,51333890
2023-02-10,2.7172560691833496,3.2300000190734863,0.0,3.2300000190734863,3.200000047683716,3.2100000381469727,0.0,74722050
2023-02-13,2.7004308700561523,3.2100000381469727,0.0,3.2300000190734863,3.2100000381469727,3.2300000190734863,0.0,80093585
2023-02-14,2.692018747329712,3.200000047683716,0.0,3.2200000286102295,3.200000047683716,3.2100000381469727,0.0,69687157
2023-02-15,2.692018747329712,3.200000047683716,0.0,3.2100000381469727,3.200000047683716,3.2100000381469727,0.0,36648820
2023-02-16,2.7004308700561523,3.2100000381469727,0.0,3.2300000190734863,3.200000047683716,3.200000047683716,0.0,123648447
2023-02-17,2.708843469619751,3.2200000286102295,0.0,3.2300000190734863,3.2100000381469727,3.2200000286102295,0.0,79385789
2023-02-20,2.7256689071655273,3.240000009536743,0.0,3.240000009536743,3.2200000286102295,3.2200000286102295,0.0,77084385
2023-02-21,2.7256689071655273,3.240000009536743,0.0,3.240000009536743,3.2300000190734863,3.240000009536743,0.0,60852608
2023-02-22,2.7172560691833496,3.2300000190734863,0.0,3.240000009536743,3.2300000190734863,3.240000009536743,0.0,52939766
2023-02-23,2.7172560691833496,3.2300000190734863,0.0,3.240000009536743,3.2200000286102295,3.240000009536743,0.0,98125190
2023-02-24,2.708843469619751,3.2200000286102295,0.0,3.240000009536743,3.2200000286102295,3.240000009536743,0.0,51398186
2023-02-27,2.7004308700561523,3.2100000381469727,0.0,3.2200000286102295,3.2100000381469727,3.2200000286102295,0.0,57616339
2023-02-28,2.7172560691833496,3.2300000190734863,0.0,3.2300000190734863,3.2100000381469727,3.2200000286102295,0.0,85384832
2023-03-01,2.7256689071655273,3.240000009536743,0.0,3.240000009536743,3.2200000286102295,3.2300000190734863,0.0,74150580
2023-03-02,2.7424936294555664,3.259999990463257,0.0,3.2699999809265137,3.2300000190734863,3.240000009536743,0.0,131111406
2023-03-03,2.7845566272735596,3.309999942779541,0.0,3.319999933242798,3.259999990463257,3.2699999809265137,0.0,188952449
2023-03-06,2.7845566272735596,3.309999942779541,0.0,3.3299999237060547,3.299999952316284,3.309999942779541,0.0,159190598
2023-03-07,2.8097944259643555,3.3399999141693115,0.0,3.4100000858306885,3.299999952316284,3.309999942779541,0.0,330385225
2023-03-08,2.801381826400757,3.3299999237060547,0.0,3.359999895095825,3.299999952316284,3.319999933242798,0.0,187085097
2023-03-09,2.818206548690796,3.3499999046325684,0.0,3.380000114440918,3.3299999237060547,3.3399999141693115,0.0,224044140
2023-03-10,2.77614426612854,3.299999952316284,0.0,3.359999895095825,3.299999952316284,3.3299999237060547,0.0,132462634
2023-03-13,2.792968988418579,3.319999933242798,0.0,3.3299999237060547,3.2799999713897705,3.2899999618530273,0.0,124682895
2023-03-14,2.801381826400757,3.3299999237060547,0.0,3.3399999141693115,3.299999952316284,3.309999942779541,0.0,146560260
2023-03-15,2.8518571853637695,3.390000104904175,0.0,3.4000000953674316,3.3399999141693115,3.3499999046325684,0.0,237150206
2023-03-16,2.9359824657440186,3.490000009536743,0.0,3.549999952316284,3.380000114440918,3.390000104904175,0.0,580690527
2023-03-17,2.927570343017578,3.4800000190734863,0.0,3.5199999809265137,3.440000057220459,3.509999990463257,0.0,421627133
2023-03-20,2.952807664871216,3.509999990463257,0.0,3.5799999237060547,3.4700000286102295,3.4700000286102295,0.0,412149934
2023-03-21,2.885507583618164,3.430000066757202,0.0,3.5299999713897705,3.4100000858306885,3.5,0.0,304180208
2023-03-22,2.8939199447631836,3.440000057220459,0.0,3.4700000286102295,3.4100000858306885,3.430000066757202,0.0,221591441
2023-03-23,2.9191577434539795,3.4700000286102295,0.0,3.490000009536743,3.430000066757202,3.440000057220459,0.0,186147346
2023-03-24,2.860269784927368,3.4000000953674316,0.0,3.4800000190734863,3.4000000953674316,3.4800000190734863,0.0,246398006
2023-03-27,2.8266191482543945,3.359999895095825,0.0,3.4000000953674316,3.3299999237060547,3.4000000953674316,0.0,228519248
2023-03-28,2.84344482421875,3.380000114440918,0.0,3.380000114440918,3.3399999141693115,3.369999885559082,0.0,151853505
2023-03-29,2.8518571853637695,3.390000104904175,0.0,3.430000066757202,3.3499999046325684,3.380000114440918,0.0,226228868
2023-03-30,2.860269784927368,3.4000000953674316,0.0,3.450000047683716,3.359999895095825,3.4000000953674316,0.0,191528971
2023-03-31,2.84344482421875,3.380000114440918,0.0,3.4200000762939453,3.369999885559082,3.390000104904175,0.0,154458817
2023-04-03,2.8266191482543945,3.359999895095825,0.0,3.390000104904175,3.3499999046325684,3.380000114440918,0.0,174610298
2023-04-04,2.885507583618164,3.430000066757202,0.0,3.430000066757202,3.3499999046325684,3.369999885559082,0.0,237369205
2023-04-06,2.8939199447631836,3.440000057220459,0.0,3.4600000381469727,3.4100000858306885,3.4200000762939453,0.0,145282636
2023-04-07,2.885507583618164,3.430000066757202,0.0,3.450000047683716,3.4100000858306885,3.440000057220459,0.0,118461830
2023-04-10,2.885507583618164,3.430000066757202,0.0,3.450000047683716,3.4100000858306885,3.430000066757202,0.0,150665699
2023-04-11,2.9107449054718018,3.4600000381469727,0.0,3.4600000381469727,3.4200000762939453,3.440000057220459,0.0,191372454
2023-04-12,2.9359824657440186,3.490000009536743,0.0,3.5299999713897705,3.450000047683716,3.4600000381469727,0.0,277212370
2023-04-13,2.9780454635620117,3.5399999618530273,0.0,3.549999952316284,3.4800000190734863,3.490000009536743,0.0,217472683
2023-04-14,2.952807664871216,3.509999990463257,0.0,3.549999952316284,3.5,3.5399999618530273,0.0,157922606
2023-04-17,3.011695623397827,3.5799999237060547,0.0,3.5799999237060547,3.5,3.509999990463257,0.0,282708720
2023-04-18,3.0285208225250244,3.5999999046325684,0.0,3.640000104904175,3.569999933242798,3.5799999237060547,0.0,275066262
2023-04-19,3.036933183670044,3.609999895095825,0.0,3.640000104904175,3.5799999237060547,3.5999999046325684,0.0,217108696
2023-04-20,3.0285208225250244,3.5999999046325684,0.0,3.640000104904175,3.569999933242798,3.5999999046325684,0.0,229313181
2023-04-21,3.011695623397827,3.5799999237060547,0.0,3.6500000953674316,3.569999933242798,3.5899999141693115,0.0,284943173
2023-04-24,3.0453457832336426,3.619999885559082,0.0,3.6600000858306885,3.569999933242798,3.5799999237060547,0.0,311925242
2023-04-25,3.0874087810516357,3.6700000762939453,0.0,3.7100000381469727,3.630000114440918,3.640000104904175,0.0,335322299
2023-04-26,3.078996419906616,3.6600000858306885,0.0,3.690000057220459,3.5799999237060547,3.6700000762939453,0.0,306562428
2023-04-27,3.0874087810516357,3.6700000762939453,0.0,3.680000066757202,3.609999895095825,3.6600000858306885,0.0,186113552
2023-04-28,3.0874087810516357,3.6700000762939453,0.0,3.690000057220459,3.630000114440918,3.6600000858306885,0.0,226704779
2023-05-04,3.3145477771759033,3.940000057220459,0.0,3.9700000286102295,3.6500000953674316,3.6500000953674316,0.0,631070023
2023-05-05,3.4323232173919678,4.079999923706055,0.0,4.179999828338623,3.930000066757202,3.930000066757202,0.0,665262112
2023-05-08,3.777237892150879,4.489999771118164,0.0,4.489999771118164,4.079999923706055,4.090000152587891,0.0,941382675
2023-05-09,3.8361263275146484,4.559999942779541,0.0,4.769999980926514,4.429999828338623,4.650000095367432,0.0,1310416599
2023-05-10,3.625812292098999,4.309999942779541,0.0,4.5,4.239999771118164,4.449999809265137,0.0,1078241969
2023-05-11,3.4996237754821777,4.159999847412109,0.0,4.309999942779541,4.130000114440918,4.260000228881836,0.0,784238054
2023-05-12,3.4996237754821777,4.159999847412109,0.0,4.199999809265137,4.099999904632568,4.150000095367432,0.0,531245828
2023-05-15,3.516448974609375,4.179999828338623,0.0,4.199999809265137,3.990000009536743,4.099999904632568,0.0,706461545
2023-05-16,3.5248615741729736,4.190000057220459,0.0,4.320000171661377,4.130000114440918,4.150000095367432,0.0,670751951
2023-05-17,3.491211175918579,4.150000095367432,0.0,4.21999979019165,4.079999923706055,4.159999847412109,0.0,354923904
2023-05-18,3.541686773300171,4.210000038146973,0.0,4.269999980926514,4.159999847412109,4.159999847412109,0.0,442986511
2023-05-19,3.4996237754821777,4.159999847412109,0.0,4.199999809265137,4.110000133514404,4.190000057220459,0.0,275512633
2023-05-22,3.5080366134643555,4.170000076293945,0.0,4.239999771118164,4.139999866485596,4.179999828338623,0.0,277860661
2023-05-23,3.3986732959747314,4.039999961853027,0.0,4.179999828338623,4.03000020980835,4.150000095367432,0.0,337049586
2023-05-24,3.2724852561950684,3.890000104904175,0.0,4.019999980926514,3.880000114440918,4.019999980926514,0.0,491028400
2023-05-25,3.2724852561950684,3.890000104904175,0.0,3.890000104904175,3.8299999237060547,3.859999895095825,0.0,280922299
2023-05-26,3.2724852561950684,3.890000104904175,0.0,3.9200000762939453,3.8399999141693115,3.880000114440918,0.0,238655912
2023-05-29,3.3481979370117188,3.9800000190734863,0.0,4.019999980926514,3.880000114440918,3.890000104904175,0.0,297568246
2023-05-30,3.306135416030884,3.930000066757202,0.0,3.990000009536743,3.9000000953674316,3.9600000381469727,0.0,261902967
2023-05-31,3.280897617340088,3.9000000953674316,0.0,3.940000057220459,3.880000114440918,3.930000066757202,0.0,205519842
2023-06-01,3.2893099784851074,3.9100000858306885,0.0,3.940000057220459,3.8499999046325684,3.9000000953674316,0.0,239958427
2023-06-02,3.2724852561950684,3.890000104904175,0.0,3.940000057220459,3.859999895095825,3.9100000858306885,0.0,248662637
2023-06-05,3.3481979370117188,3.9800000190734863,0.0,3.9800000190734863,3.859999895095825,3.880000114440918,0.0,303274910
2023-06-06,3.3566107749938965,3.990000009536743,0.0,4.070000171661377,3.950000047683716,3.9600000381469727,0.0,287616913
2023-06-07,3.3986732959747314,4.039999961853027,0.0,4.079999923706055,3.990000009536743,4.0,0.0,246819846
2023-06-08,3.491211175918579,4.150000095367432,0.0,4.210000038146973,4.0,4.059999942779541,0.0,378819309
2023-06-09,3.474386215209961,4.130000114440918,0.0,4.179999828338623,4.090000152587891,4.150000095367432,0.0,273257633
2023-06-12,3.3986732959747314,4.039999961853027,0.0,4.119999885559082,4.019999980926514,4.110000133514404,0.0,269742028
2023-06-13,3.4154984951019287,4.059999942779541,0.0,4.079999923706055,4.019999980926514,4.03000020980835,0.0,144130792
2023-06-14,3.365022897720337,4.0,0.0,4.099999904632568,3.990000009536743,4.059999942779541,0.0,285583339
2023-06-15,3.3734357357025146,4.010000228881836,0.0,4.050000190734863,3.9700000286102295,4.010000228881836,0.0,181084355
2023-06-16,3.3313729763031006,3.9600000381469727,0.0,4.03000020980835,3.950000047683716,4.010000228881836,0.0,255840522
2023-06-19,3.280897617340088,3.9000000953674316,0.0,3.9700000286102295,3.890000104904175,3.9600000381469727,0.0,279652432
2023-06-20,3.255659341812134,3.869999885559082,0.0,3.930000066757202,3.859999895095825,3.9100000858306885,0.0,175346924
2023-06-21,3.2640724182128906,3.880000114440918,0.0,3.940000057220459,3.8399999141693115,3.869999885559082,0.0,230816583
2023-06-26,3.1799466609954834,3.7799999713897705,0.0,3.869999885559082,3.759999990463257,3.869999885559082,0.0,252428043
2023-06-27,3.2472472190856934,3.859999895095825,0.0,3.869999885559082,3.759999990463257,3.7799999713897705,0.0,182924388
2023-06-28,3.255659341812134,3.869999885559082,0.0,3.9000000953674316,3.8299999237060547,3.859999895095825,0.0,156523776
2023-06-29,3.2472472190856934,3.859999895095825,0.0,3.880000114440918,3.819999933242798,3.869999885559082,0.0,151302217
2023-06-30,3.2893099784851074,3.9100000858306885,0.0,3.930000066757202,3.8499999046325684,3.869999885559082,0.0,179058522
2023-07-03,3.3481979370117188,3.9800000190734863,0.0,4.0,3.9000000953674316,3.9200000762939453,0.0,181310274
2023-07-04,3.297722578048706,3.9200000762939453,0.0,3.9800000190734863,3.9000000953674316,3.9800000190734863,0.0,185500410
2023-07-05,3.297722578048706,3.9200000762939453,0.0,3.940000057220459,3.880000114440918,3.9100000858306885,0.0,151022394
2023-07-06,3.2724852561950684,3.890000104904175,0.0,3.9200000762939453,3.869999885559082,3.9000000953674316,0.0,159507269
2023-07-07,3.2640724182128906,3.880000114440918,0.0,3.9100000858306885,3.859999895095825,3.869999885559082,0.0,122138130
2023-07-10,3.2724852561950684,3.890000104904175,0.0,3.9100000858306885,3.880000114440918,3.890000104904175,0.0,89067481
2023-07-11,3.306135416030884,3.930000066757202,0.0,3.930000066757202,3.890000104904175,3.890000104904175,0.0,113642540
2023-07-12,3.306135416030884,3.930000066757202,0.0,3.950000047683716,3.9200000762939453,3.940000057220459,0.0,139650474
2023-07-13,3.3566107749938965,3.990000009536743,0.0,4.0,3.940000057220459,3.940000057220459,0.0,169345874
2023-07-14,3.3566107749938965,3.990000009536743,0.0,4.019999980926514,3.950000047683716,3.990000009536743,0.0,220776521
2023-07-17,3.367328643798828,3.7699999809265137,0.232,3.7899999618530273,3.740000009536743,3.7799999713897705,0.0,166940098
2023-07-18,3.313737154006958,3.7100000381469727,0.0,3.7799999713897705,3.700000047683716,3.7799999713897705,0.0,204961536
2023-07-19,3.32266902923584,3.7200000286102295,0.0,3.7200000286102295,3.680000066757202,3.700000047683716,0.0,122485185
2023-07-20,3.331601142883301,3.7300000190734863,0.0,3.759999990463257,3.7200000286102295,3.7200000286102295,0.0,110058315
2023-07-21,3.3405330181121826,3.740000009536743,0.0,3.75,3.7100000381469727,3.7200000286102295,0.0,93900950
2023-07-24,3.313737154006958,3.7100000381469727,0.0,3.740000009536743,3.690000057220459,3.7300000190734863,0.0,116608026
2023-07-25,3.4030561447143555,3.809999942779541,0.0,3.809999942779541,3.7200000286102295,3.7300000190734863,0.0,202199310
2023-07-26,3.385192632675171,3.7899999618530273,0.0,3.8499999046325684,3.7699999809265137,3.809999942779541,0.0,119371892
2023-07-27,3.4119880199432373,3.819999933242798,0.0,3.880000114440918,3.7799999713897705,3.7899999618530273,0.0,185360929
2023-07-28,3.492375612258911,3.9100000858306885,0.0,3.9200000762939453,3.799999952316284,3.819999933242798,0.0,252603774
2023-07-31,3.492375612258911,3.9100000858306885,0.0,3.9800000190734863,3.869999885559082,3.950000047683716,0.0,233086780
2023-08-01,3.510239362716675,3.930000066757202,0.0,3.950000047683716,3.890000104904175,3.9100000858306885,0.0,149887268
2023-08-02,3.4119880199432373,3.819999933242798,0.0,3.9100000858306885,3.809999942779541,3.9000000953674316,0.0,281130848
2023-08-03,3.4566476345062256,3.869999885559082,0.0,3.869999885559082,3.799999952316284,3.8299999237060547,0.0,134064164
2023-08-04,3.4745118618011475,3.890000104904175,0.0,3.9100000858306885,3.8499999046325684,3.880000114440918,0.0,189218721
2023-08-07,3.4477157592773438,3.859999895095825,0.0,3.880000114440918,3.809999942779541,3.869999885559082,0.0,132388633
2023-08-08,3.4209201335906982,3.8299999237060547,0.0,3.859999895095825,3.819999933242798,3.8499999046325684,0.0,102765479
2023-08-09,3.42985200881958,3.8399999141693115,0.0,3.8499999046325684,3.819999933242798,3.8299999237060547,0.0,83260303
2023-08-10,3.4209201335906982,3.8299999237060547,0.0,3.8399999141693115,3.809999942779541,3.8299999237060547,0.0,79211633
2023-08-11,3.37626051902771,3.7799999713897705,0.0,3.859999895095825,3.7799999713897705,3.8299999237060547,0.0,169439118
2023-08-14,3.32266902923584,3.7200000286102295,0.0,3.759999990463257,3.690000057220459,3.75,0.0,158907541
2023-08-15,3.4119880199432373,3.819999933242798,0.0,3.8399999141693115,3.7200000286102295,3.7300000190734863,0.0,222225544
2023-08-16,3.4030561447143555,3.809999942779541,0.0,3.819999933242798,3.759999990463257,3.799999952316284,0.0,129332445
2023-08-17,3.367328643798828,3.7699999809265137,0.0,3.819999933242798,3.740000009536743,3.799999952316284,0.0,137760644
2023-08-18,3.37626051902771,3.7799999713897705,0.0,3.819999933242798,3.7699999809265137,3.7699999809265137,0.0,132725785
2023-08-21,3.331601142883301,3.7300000190734863,0.0,3.799999952316284,3.7300000190734863,3.7899999618530273,0.0,114630961
2023-08-22,3.385192632675171,3.7899999618530273,0.0,3.7899999618530273,3.7300000190734863,3.7300000190734863,0.0,136113786
2023-08-23,3.4209201335906982,3.8299999237060547,0.0,3.8499999046325684,3.7699999809265137,3.7899999618530273,0.0,179745303
2023-08-24,3.37626051902771,3.7799999713897705,0.0,3.8399999141693115,3.7699999809265137,3.8299999237060547,0.0,139880001
2023-08-25,3.385192632675171,3.7899999618530273,0.0,3.809999942779541,3.7699999809265137,3.7699999809265137,0.0,161917100
2023-08-28,3.42985200881958,3.8399999141693115,0.0,3.950000047683716,3.799999952316284,3.940000057220459,0.0,271252607
2023-08-29,3.3941245079040527,3.799999952316284,0.0,3.8499999046325684,3.7799999713897705,3.8299999237060547,0.0,189578514
2023-08-30,3.358396530151367,3.759999990463257,0.0,3.799999952316284,3.75,3.799999952316284,0.0,175412159
2023-08-31,3.3494648933410645,3.75,0.0,3.7899999618530273,3.740000009536743,3.75,0.0,136168414
2023-09-01,3.313737154006958,3.7100000381469727,0.0,3.759999990463257,3.700000047683716,3.75,0.0,224250710
2023-09-04,3.331601142883301,3.7300000190734863,0.0,3.75,3.7100000381469727,3.7200000286102295,0.0,215340957
2023-09-05,3.313737154006958,3.7100000381469727,0.0,3.7300000190734863,3.7100000381469727,3.7300000190734863,0.0,90534871
2023-09-06,3.313737154006958,3.7100000381469727,0.0,3.7200000286102295,3.700000047683716,3.7100000381469727,0.0,93932714
2023-09-07,3.313737154006958,3.7100000381469727,0.0,3.7300000190734863,3.700000047683716,3.7200000286102295,0.0,148846160
2023-09-08,3.2869415283203125,3.680000066757202,0.0,3.7100000381469727,3.6700000762939453,3.7100000381469727,0.0,111351052
2023-09-11,3.2958736419677734,3.690000057220459,0.0,3.700000047683716,3.6600000858306885,3.690000057220459,0.0,130594845
2023-09-12,3.2780096530914307,3.6700000762939453,0.0,3.690000057220459,3.6600000858306885,3.680000066757202,0.0,92124082
2023-09-13,3.2958736419677734,3.690000057220459,0.0,3.690000057220459,3.6600000858306885,3.6700000762939453,0.0,91951313
2023-09-14,3.331601142883301,3.7300000190734863,0.0,3.740000009536743,3.680000066757202,3.690000057220459,0.0,204197939
2023-09-15,3.304805278778076,3.700000047683716,0.0,3.75,3.690000057220459,3.7300000190734863,0.0,218638759
2023-09-18,3.304805278778076,3.700000047683716,0.0,3.7100000381469727,3.6700000762939453,3.700000047683716,0.0,135263872
2023-09-19,3.331601142883301,3.7300000190734863,0.0,3.740000009536743,3.690000057220459,3.700000047683716,0.0,194447703
2023-09-20,3.37626051902771,3.7799999713897705,0.0,3.7899999618530273,3.7200000286102295,3.740000009536743,0.0,231722104
2023-09-21,3.358396530151367,3.759999990463257,0.0,3.799999952316284,3.740000009536743,3.7799999713897705,0.0,206833265
2023-09-22,3.385192632675171,3.7899999618530273,0.0,3.7899999618530273,3.740000009536743,3.759999990463257,0.0,192013842
2023-09-25,3.3941245079040527,3.799999952316284,0.0,3.809999942779541,3.759999990463257,3.7899999618530273,0.0,192074062
2023-09-26,3.37626051902771,3.7799999713897705,0.0,3.819999933242798,3.7699999809265137,3.809999942779541,0.0,143694862
2023-09-27,3.3405330181121826,3.740000009536743,0.0,3.7899999618530273,3.740000009536743,3.7799999713897705,0.0,154195169
2023-09-28,3.367328643798828,3.7699999809265137,0.0,3.7799999713897705,3.740000009536743,3.740000009536743,0.0,122602431
2023-10-09,3.358396530151367,3.759999990463257,0.0,3.7699999809265137,3.690000057220459,3.740000009536743,0.0,182671107
2023-10-10,3.3405330181121826,3.740000009536743,0.0,3.7899999618530273,3.7300000190734863,3.759999990463257,0.0,139469384
2023-10-11,3.367328643798828,3.7699999809265137,0.0,3.7799999713897705,3.7300000190734863,3.740000009536743,0.0,166005986
2023-10-12,3.4745118618011475,3.890000104904175,0.0,3.9000000953674316,3.809999942779541,3.8399999141693115,0.0,470914668
2023-10-13,3.545966863632202,3.9700000286102295,0.0,4.019999980926514,3.859999895095825,3.869999885559082,0.0,465273453
2023-10-16,3.563830852508545,3.990000009536743,0.0,4.0,3.9200000762939453,3.9600000381469727,0.0,262981563
2023-10-17,3.554898738861084,3.9800000190734863,0.0,4.0,3.9600000381469727,3.9800000190734863,0.0,161438645
2023-10-18,3.5906262397766113,4.019999980926514,0.0,4.03000020980835,3.9600000381469727,3.9700000286102295,0.0,234041941
2023-10-19,3.545966863632202,3.9700000286102295,0.0,4.010000228881836,3.9200000762939453,4.0,0.0,301912121
2023-10-20,3.5191712379455566,3.940000057220459,0.0,3.9800000190734863,3.9100000858306885,3.940000057220459,0.0,201033376
2023-10-23,3.501307249069214,3.9200000762939453,0.0,3.9600000381469727,3.880000114440918,3.930000066757202,0.0,218221870
2023-10-24,3.42985200881958,3.8399999141693115,0.0,3.930000066757202,3.8299999237060547,3.9200000762939453,0.0,237866870
2023-10-25,3.4119880199432373,3.819999933242798,0.0,3.869999885559082,3.799999952316284,3.859999895095825,0.0,172927871
2023-10-26,3.4655797481536865,3.880000114440918,0.0,3.890000104904175,3.799999952316284,3.819999933242798,0.0,171107258
2023-10-27,3.4745118618011475,3.890000104904175,0.0,3.950000047683716,3.8499999046325684,3.880000114440918,0.0,252554238
2023-10-30,3.42985200881958,3.8399999141693115,0.0,3.890000104904175,3.7899999618530273,3.859999895095825,0.0,330306624
2023-10-31,3.48344349861145,3.9000000953674316,0.0,3.9200000762939453,3.819999933242798,3.8399999141693115,0.0,228710522
2023-11-01,3.501307249069214,3.9200000762939453,0.0,3.940000057220459,3.880000114440918,3.9100000858306885,0.0,143484020
2023-11-02,3.5281031131744385,3.950000047683716,0.0,3.9800000190734863,3.930000066757202,3.940000057220459,0.0,134366335
2023-11-03,3.4745118618011475,3.890000104904175,0.0,3.9600000381469727,3.890000104904175,3.950000047683716,0.0,172724411
2023-11-06,3.42985200881958,3.8399999141693115,0.0,3.9100000858306885,3.8299999237060547,3.9000000953674316,0.0,256610910
2023-11-07,3.4745118618011475,3.890000104904175,0.0,3.9000000953674316,3.8299999237060547,3.8399999141693115,0.0,176048068
2023-11-08,3.4655797481536865,3.880000114440918,0.0,3.9200000762939453,3.869999885559082,3.869999885559082,0.0,175100720
2023-11-09,3.5281031131744385,3.950000047683716,0.0,3.9600000381469727,3.880000114440918,3.880000114440918,0.0,240132476
2023-11-10,3.5281031131744385,3.950000047683716,0.0,3.990000009536743,3.9100000858306885,3.940000057220459,0.0,191965005
2023-11-13,3.5191712379455566,3.940000057220459,0.0,3.9600000381469727,3.9000000953674316,3.9600000381469727,0.0,100246844
2023-11-14,3.5370349884033203,3.9600000381469727,0.0,3.9800000190734863,3.930000066757202,3.940000057220459,0.0,132129569
2023-11-15,3.5281031131744385,3.950000047683716,0.0,3.990000009536743,3.930000066757202,3.9800000190734863,0.0,145447760
2023-11-16,3.545966863632202,3.9700000286102295,0.0,3.990000009536743,3.930000066757202,3.9700000286102295,0.0,172051545
2023-11-17,3.5281031131744385,3.950000047683716,0.0,3.9800000190734863,3.930000066757202,3.9600000381469727,0.0,111892876
2023-11-20,3.545966863632202,3.9700000286102295,0.0,3.9800000190734863,3.940000057220459,3.950000047683716,0.0,107044853
2023-11-21,3.545966863632202,3.9700000286102295,0.0,3.990000009536743,3.9600000381469727,3.9800000190734863,0.0,129114146
2023-11-22,3.545966863632202,3.9700000286102295,0.0,3.990000009536743,3.940000057220459,3.9600000381469727,0.0,139509274
2023-11-23,3.5370349884033203,3.9600000381469727,0.0,3.990000009536743,3.9600000381469727,3.9800000190734863,0.0,94855250
2023-11-24,3.554898738861084,3.9800000190734863,0.0,3.990000009536743,3.950000047683716,3.9600000381469727,0.0,144039759
2023-11-27,3.554898738861084,3.9800000190734863,0.0,3.990000009536743,3.940000057220459,3.9800000190734863,0.0,175017593
2023-11-28,3.545966863632202,3.9700000286102295,0.0,3.9800000190734863,3.9600000381469727,3.9700000286102295,0.0,134163227
2023-11-29,3.554898738861084,3.9800000190734863,0.0,4.0,3.9600000381469727,3.9700000286102295,0.0,165165082
2023-11-30,3.563830852508545,3.990000009536743,0.0,4.0,3.9600000381469727,3.9800000190734863,0.0,159897206
2023-12-01,3.608490228652954,4.039999961853027,0.0,4.059999942779541,3.9800000190734863,3.990000009536743,0.0,241289808
2023-12-04,3.5995585918426514,4.03000020980835,0.0,4.050000190734863,4.019999980926514,4.03000020980835,0.0,118609900
2023-12-05,3.5816948413848877,4.010000228881836,0.0,4.050000190734863,4.010000228881836,4.039999961853027,0.0,170890412
2023-12-06,3.5370349884033203,3.9600000381469727,0.0,4.010000228881836,3.930000066757202,4.0,0.0,219287961
2023-12-07,3.563830852508545,3.990000009536743,0.0,4.010000228881836,3.930000066757202,3.9600000381469727,0.0,233086785
2023-12-08,3.5191712379455566,3.940000057220459,0.0,4.0,3.9100000858306885,3.990000009536743,0.0,444899798
2023-12-11,3.501307249069214,3.9200000762939453,0.0,3.940000057220459,3.819999933242798,3.9200000762939453,0.0,322524275
2023-12-12,3.554898738861084,3.9800000190734863,0.0,3.9800000190734863,3.890000104904175,3.9200000762939453,0.0,212756105
2023-12-13,3.554898738861084,3.9800000190734863,0.0,4.0,3.9600000381469727,3.9800000190734863,0.0,153605158
2023-12-14,3.554898738861084,3.9800000190734863,0.0,4.0,3.950000047683716,3.990000009536743,0.0,133399783
2023-12-15,3.492375612258911,3.9100000858306885,0.0,3.9800000190734863,3.9100000858306885,3.9700000286102295,0.0,203309474
2023-12-18,3.563830852508545,3.990000009536743,0.0,3.990000009536743,3.9000000953674316,3.9000000953674316,0.0,264559689
2023-12-19,3.545966863632202,3.9700000286102295,0.0,4.0,3.9600000381469727,3.990000009536743,0.0,118244244
2023-12-20,3.563830852508545,3.990000009536743,0.0,4.03000020980835,3.9700000286102295,3.9800000190734863,0.0,162518270
2023-12-21,3.554898738861084,3.9800000190734863,0.0,4.0,3.950000047683716,3.9800000190734863,0.0,168090273
2023-12-22,3.563830852508545,3.990000009536743,0.0,4.010000228881836,3.9700000286102295,3.990000009536743,0.0,172164040
2023-12-25,3.5906262397766113,4.019999980926514,0.0,4.03000020980835,3.9800000190734863,3.990000009536743,0.0,112311710
2023-12-26,3.5995585918426514,4.03000020980835,0.0,4.059999942779541,4.010000228881836,4.019999980926514,0.0,174125016
2023-12-27,3.617422342300415,4.050000190734863,0.0,4.050000190734863,4.0,4.03000020980835,0.0,133353000
2023-12-28,3.563830852508545,3.990000009536743,0.0,4.070000171661377,3.990000009536743,4.050000190734863,0.0,267378672
2023-12-29,3.563830852508545,3.990000009536743,0.0,4.010000228881836,3.9700000286102295,3.990000009536743,0.0,131607896
2024-01-02,3.5816948413848877,4.010000228881836,0.0,4.039999961853027,3.9800000190734863,3.990000009536743,0.0,167052841
2024-01-03,3.617422342300415,4.050000190734863,0.0,4.059999942779541,4.010000228881836,4.010000228881836,0.0,183377660
2024-01-04,3.6978089809417725,4.139999866485596,0.0,4.150000095367432,4.039999961853027,4.050000190734863,0.0,256306363
2024-01-05,3.679945230484009,4.119999885559082,0.0,4.190000057220459,4.099999904632568,4.139999866485596,0.0,214880085
2024-01-08,3.662081480026245,4.099999904632568,0.0,4.150000095367432,4.079999923706055,4.119999885559082,0.0,186333583
2024-01-09,3.662081480026245,4.099999904632568,0.0,4.119999885559082,4.050000190734863,4.090000152587891,0.0,166919951
2024-01-10,3.608490228652954,4.039999961853027,0.0,4.130000114440918,4.039999961853027,4.099999904632568,0.0,203708518
2024-01-11,3.554898738861084,3.9800000190734863,0.0,4.039999961853027,3.9800000190734863,4.03000020980835,0.0,203953985
2024-01-12,3.5995585918426514,4.03000020980835,0.0,4.039999961853027,3.9700000286102295,3.9700000286102295,0.0,156383098
2024-01-15,3.617422342300415,4.050000190734863,0.0,4.050000190734863,4.010000228881836,4.03000020980835,0.0,129558959
2024-01-16,3.635286331176758,4.070000171661377,0.0,4.070000171661377,4.019999980926514,4.039999961853027,0.0,186165023
2024-01-17,3.5995585918426514,4.03000020980835,0.0,4.099999904632568,4.03000020980835,4.059999942779541,0.0,217728928
2024-01-18,3.5816948413848877,4.010000228881836,0.0,4.039999961853027,3.890000104904175,4.03000020980835,0.0,398524417
2024-01-19,3.545966863632202,3.9700000286102295,0.0,4.0,3.950000047683716,4.0,0.0,243185844
2024-01-22,3.5727624893188477,4.0,0.0,4.03000020980835,3.950000047683716,3.9700000286102295,0.0,289722201
2024-01-23,3.554898738861084,3.9800000190734863,0.0,4.0,3.950000047683716,3.9800000190734863,0.0,220844247
2024-01-24,3.662081480026245,4.099999904632568,0.0,4.099999904632568,3.9800000190734863,3.990000009536743,0.0,270184731
2024-01-25,3.7067410945892334,4.150000095367432,0.0,4.170000076293945,4.099999904632568,4.110000133514404,0.0,240280996
2024-01-26,3.8228559494018555,4.28000020980835,0.0,4.289999961853027,4.139999866485596,4.139999866485596,0.0,338161640
2024-01-29,3.8407199382781982,4.300000190734863,0.0,4.349999904632568,4.239999771118164,4.289999961853027,0.0,274380378
2024-01-30,3.8139240741729736,4.269999980926514,0.0,4.340000152587891,4.230000019073486,4.28000020980835,0.0,208305689
2024-01-31,3.8585832118988037,4.320000171661377,0.0,4.349999904632568,4.239999771118164,4.25,0.0,250145132
2024-02-01,3.8139240741729736,4.269999980926514,0.0,4.329999923706055,4.269999980926514,4.309999942779541,0.0,207757060
2024-02-02,3.8585832118988037,4.320000171661377,0.0,4.329999923706055,4.25,4.28000020980835,0.0,282839382
2024-02-05,3.965766191482544,4.440000057220459,0.0,4.449999809265137,4.28000020980835,4.300000190734863,0.0,398751528
2024-02-06,3.9836301803588867,4.460000038146973,0.0,4.510000228881836,4.400000095367432,4.440000057220459,0.0,362253486
2024-02-07,3.8853790760040283,4.349999904632568,0.0,4.449999809265137,4.239999771118164,4.429999828338623,0.0,474552707
2024-02-08,3.84965181350708,4.309999942779541,0.0,4.340000152587891,4.190000057220459,4.320000171661377,0.0,349456882
2024-02-19,4.028290271759033,4.510000228881836,0.0,4.519999980926514,4.269999980926514,4.300000190734863,0.0,358566170
2024-02-20,4.046153545379639,4.53000020980835,0.0,4.550000190734863,4.460000038146973,4.5,0.0,188611547
2024-02-21,4.072948932647705,4.559999942779541,0.0,4.639999866485596,4.510000228881836,4.519999980926514,0.0,218315737
2024-02-22,4.072948932647705,4.559999942779541,0.0,4.579999923706055,4.519999980926514,4.559999942779541,0.0,152926631
2024-02-23,4.108676910400391,4.599999904632568,0.0,4.670000076293945,4.559999942779541,4.570000171661377,0.0,192314923
2024-02-26,3.9836301803588867,4.460000038146973,0.0,4.599999904632568,4.449999809265137,4.599999904632568,0.0,231359421
2024-02-27,3.9836301803588867,4.460000038146973,0.0,4.510000228881836,4.429999828338623,4.449999809265137,0.0,156993738
2024-02-28,3.9836301803588867,4.460000038146973,0.0,4.5,4.380000114440918,4.460000038146973,0.0,231075058
2024-02-29,3.9925620555877686,4.46999979019165,0.0,4.480000019073486,4.429999828338623,4.449999809265137,0.0,177942425
2024-03-01,4.00149393081665,4.480000019073486,0.0,4.5,4.440000057220459,4.46999979019165,0.0,188682830
2024-03-04,4.028290271759033,4.510000228881836,0.0,4.539999961853027,4.449999809265137,4.46999979019165,0.0,192842250
2024-03-05,4.108676910400391,4.599999904632568,0.0,4.610000133514404,4.510000228881836,4.510000228881836,0.0,207707420
2024-03-06,4.0640177726745605,4.550000190734863,0.0,4.630000114440918,4.539999961853027,4.599999904632568,0.0,170246452
2024-03-07,4.081881046295166,4.570000171661377,0.0,4.579999923706055,4.53000020980835,4.550000190734863,0.0,141901702
2024-03-08,4.0640177726745605,4.550000190734863,0.0,4.579999923706055,4.53000020980835,4.559999942779541,0.0,117178156
2024-03-11,4.028290271759033,4.510000228881836,0.0,4.559999942779541,4.5,4.550000190734863,0.0,171416127
2024-03-12,3.921107053756714,4.389999866485596,0.0,4.510000228881836,4.389999866485596,4.510000228881836,0.0,257246315
2024-03-13,3.89431095123291,4.360000133514404,0.0,4.400000095367432,4.349999904632568,4.389999866485596,0.0,195789334
2024-03-14,3.903242826461792,4.369999885559082,0.0,4.409999847412109,4.340000152587891,4.349999904632568,0.0,162453962
2024-03-15,3.8853790760040283,4.349999904632568,0.0,4.400000095367432,4.349999904632568,4.369999885559082,0.0,129543243
2024-03-18,3.8853790760040283,4.349999904632568,0.0,4.360000133514404,4.300000190734863,4.349999904632568,0.0,176963572
2024-03-19,3.8317878246307373,4.289999961853027,0.0,4.340000152587891,4.289999961853027,4.340000152587891,0.0,166392738
2024-03-20,3.8853790760040283,4.349999904632568,0.0,4.380000114440918,4.269999980926514,4.28000020980835,0.0,158331753
2024-03-21,3.903242826461792,4.369999885559082,0.0,4.420000076293945,4.349999904632568,4.360000133514404,0.0,173950282
2024-03-22,3.921107053756714,4.389999866485596,0.0,4.409999847412109,4.349999904632568,4.380000114440918,0.0,155670272
2024-03-25,3.9300386905670166,4.400000095367432,0.0,4.420000076293945,4.360000133514404,4.389999866485596,0.0,141982701
2024-03-26,3.965766191482544,4.440000057220459,0.0,4.440000057220459,4.369999885559082,4.409999847412109,0.0,158314805
2024-03-27,4.010425567626953,4.489999771118164,0.0,4.53000020980835,4.429999828338623,4.440000057220459,0.0,166417009
2024-03-28,3.912175178527832,4.380000114440918,0.0,4.489999771118164,4.369999885559082,4.480000019073486,0.0,219075156
2024-03-29,3.9300386905670166,4.400000095367432,0.0,4.449999809265137,4.360000133514404,4.369999885559082,0.0,102703446
2024-04-01,3.9836301803588867,4.460000038146973,0.0,4.46999979019165,4.389999866485596,4.409999847412109,0.0,180010859
2024-04-02,4.019358158111572,4.5,0.0,4.510000228881836,4.449999809265137,4.46999979019165,0.0,130503433
2024-04-03,4.00149393081665,4.480000019073486,0.0,4.519999980926514,4.460000038146973,4.489999771118164,0.0,131281585
2024-04-08,4.046153545379639,4.53000020980835,0.0,4.550000190734863,4.440000057220459,4.46999979019165,0.0,180091455
2024-04-09,4.010425567626953,4.489999771118164,0.0,4.570000171661377,4.46999979019165,4.53000020980835,0.0,164582852
2024-04-10,4.019358158111572,4.5,0.0,4.53000020980835,4.480000019073486,4.480000019073486,0.0,138645132
2024-04-11,4.00149393081665,4.480000019073486,0.0,4.510000228881836,4.460000038146973,4.5,0.0,117529510
2024-04-12,4.010425567626953,4.489999771118164,0.0,4.510000228881836,4.449999809265137,4.480000019073486,0.0,157180391
2024-04-15,4.099745273590088,4.590000152587891,0.0,4.590000152587891,4.480000019073486,4.489999771118164,0.0,225622080
2024-04-16,4.14440393447876,4.639999866485596,0.0,4.650000095367432,4.550000190734863,4.579999923706055,0.0,243578220
2024-04-17,4.162268161773682,4.659999847412109,0.0,4.690000057220459,4.550000190734863,4.619999885559082,0.0,243918366
2024-04-18,4.189064025878906,4.690000057220459,0.0,4.730000019073486,4.639999866485596,4.650000095367432,0.0,260096872
2024-04-19,4.215859889984131,4.71999979019165,0.0,4.739999771118164,4.679999828338623,4.690000057220459,0.0,150963300
2024-04-22,4.162268161773682,4.659999847412109,0.0,4.78000020980835,4.650000095367432,4.739999771118164,0.0,201102713
2024-04-23,4.162268161773682,4.659999847412109,0.0,4.71999979019165,4.619999885559082,4.659999847412109,0.0,202561503
2024-04-24,4.135473251342773,4.630000114440918,0.0,4.679999828338623,4.619999885559082,4.659999847412109,0.0,132581646
2024-04-25,4.153336524963379,4.650000095367432,0.0,4.659999847412109,4.599999904632568,4.630000114440918,0.0,164718824
2024-04-26,4.072948932647705,4.559999942779541,0.0,4.679999828338623,4.550000190734863,4.650000095367432,0.0,257369376
2024-04-29,4.081881046295166,4.570000171661377,0.0,4.599999904632568,4.53000020980835,4.550000190734863,0.0,211116619
2024-04-30,4.099745273590088,4.590000152587891,0.0,4.610000133514404,4.539999961853027,4.559999942779541,0.0,192288273
2024-05-06,4.00149393081665,4.480000019073486,0.0,4.619999885559082,4.46999979019165,4.610000133514404,0.0,394654586
2024-05-07,4.00149393081665,4.480000019073486,0.0,4.489999771118164,4.420000076293945,4.480000019073486,0.0,242697714
2024-05-08,4.028290271759033,4.510000228881836,0.0,4.53000020980835,4.480000019073486,4.480000019073486,0.0,181812721
2024-05-09,3.9925620555877686,4.46999979019165,0.0,4.53000020980835,4.460000038146973,4.53000020980835,0.0,168154498
2024-05-10,3.9925620555877686,4.46999979019165,0.0,4.5,4.449999809265137,4.46999979019165,0.0,164434931
2024-05-13,3.9836301803588867,4.460000038146973,0.0,4.480000019073486,4.429999828338623,4.46999979019165,0.0,166800111
2024-05-14,3.9479024410247803,4.420000076293945,0.0,4.46999979019165,4.420000076293945,4.460000038146973,0.0,168048987
2024-05-15,3.965766191482544,4.440000057220459,0.0,4.460000038146973,4.420000076293945,4.420000076293945,0.0,126861111
2024-05-16,3.9925620555877686,4.46999979019165,0.0,4.480000019073486,4.420000076293945,4.440000057220459,0.0,159200943
2024-05-17,4.010425567626953,4.489999771118164,0.0,4.489999771118164,4.449999809265137,4.46999979019165,0.0,154369929
2024-05-20,3.9925620555877686,4.46999979019165,0.0,4.539999961853027,4.46999979019165,4.489999771118164,0.0,203389961
2024-05-21,4.028290271759033,4.510000228881836,0.0,4.510000228881836,4.449999809265137,4.46999979019165,0.0,168482143
2024-05-22,4.046153545379639,4.53000020980835,0.0,4.539999961853027,4.489999771118164,4.510000228881836,0.0,141491366
2024-05-23,4.037221908569336,4.519999980926514,0.0,4.539999961853027,4.489999771118164,4.53000020980835,0.0,154854933
2024-05-24,4.00149393081665,4.480000019073486,0.0,4.53000020980835,4.480000019073486,4.510000228881836,0.0,136877247
2024-05-27,4.028290271759033,4.510000228881836,0.0,4.519999980926514,4.480000019073486,4.489999771118164,0.0,137485256
2024-05-28,4.00149393081665,4.480000019073486,0.0,4.519999980926514,4.46999979019165,4.510000228881836,0.0,163078102
2024-05-29,3.9746978282928467,4.449999809265137,0.0,4.480000019073486,4.429999828338623,4.46999979019165,0.0,187756598
2024-05-30,3.9389705657958984,4.409999847412109,0.0,4.46999979019165,4.400000095367432,4.440000057220459,0.0,179812217
2024-05-31,3.965766191482544,4.440000057220459,0.0,4.449999809265137,4.409999847412109,4.409999847412109,0.0,134737239
2024-06-03,3.965766191482544,4.440000057220459,0.0,4.460000038146973,4.409999847412109,4.440000057220459,0.0,141784758
2024-06-04,3.965766191482544,4.440000057220459,0.0,4.449999809265137,4.429999828338623,4.440000057220459,0.0,92280860
2024-06-05,3.9746978282928467,4.449999809265137,0.0,4.460000038146973,4.420000076293945,4.440000057220459,0.0,109343236
2024-06-06,3.9746978282928467,4.449999809265137,0.0,4.46999979019165,4.440000057220459,4.440000057220459,0.0,147063016
2024-06-07,4.046153545379639,4.53000020980835,0.0,4.53000020980835,4.440000057220459,4.449999809265137,0.0,249526464
2024-06-11,3.9836301803588867,4.460000038146973,0.0,4.559999942779541,4.460000038146973,4.53000020980835,0.0,209145139
2024-06-12,3.9389705657958984,4.409999847412109,0.0,4.460000038146973,4.380000114440918,4.460000038146973,0.0,198311460
2024-06-13,3.9746978282928467,4.449999809265137,0.0,4.449999809265137,4.400000095367432,4.409999847412109,0.0,124257637
2024-06-14,4.00149393081665,4.480000019073486,0.0,4.489999771118164,4.429999828338623,4.449999809265137,0.0,170373186
2024-06-17,3.956834316253662,4.429999828338623,0.0,4.480000019073486,4.420000076293945,4.480000019073486,0.0,138062959
2024-06-18,3.965766191482544,4.440000057220459,0.0,4.449999809265137,4.400000095367432,4.429999828338623,0.0,108895102
2024-06-19,4.00149393081665,4.480000019073486,0.0,4.489999771118164,4.429999828338623,4.440000057220459,0.0,158838448
2024-06-20,4.010425567626953,4.489999771118164,0.0,4.5,4.460000038146973,4.480000019073486,0.0,108144373
2024-06-21,3.9925620555877686,4.46999979019165,0.0,4.510000228881836,4.460000038146973,4.489999771118164,0.0,130423465
2024-06-24,4.010425567626953,4.489999771118164,0.0,4.5,4.460000038146973,4.480000019073486,0.0,148737176
2024-06-25,4.037221908569336,4.519999980926514,0.0,4.53000020980835,4.480000019073486,4.489999771118164,0.0,202776979
2024-06-26,4.0640177726745605,4.550000190734863,0.0,4.579999923706055,4.510000228881836,4.510000228881836,0.0,184573342
2024-06-27,4.117609024047852,4.610000133514404,0.0,4.630000114440918,4.539999961853027,4.550000190734863,0.0,226128197
2024-06-28,4.126540660858154,4.619999885559082,0.0,4.630000114440918,4.590000152587891,4.610000133514404,0.0,162223187
2024-07-01,4.171200275421143,4.670000076293945,0.0,4.699999809265137,4.599999904632568,4.619999885559082,0.0,195508252
2024-07-02,4.251587390899658,4.760000228881836,0.0,4.760000228881836,4.659999847412109,4.670000076293945,0.0,224677163
2024-07-03,4.206928253173828,4.710000038146973,0.0,4.789999961853027,4.670000076293945,4.760000228881836,0.0,215707951
2024-07-04,4.233723163604736,4.739999771118164,0.0,4.75,4.699999809265137,4.710000038146973,0.0,146257032
2024-07-05,4.233723163604736,4.739999771118164,0.0,4.739999771118164,4.739999771118164,4.739999771118164,0.0,0
2024-07-08,4.189064025878906,4.690000057220459,0.0,4.710000038146973,4.619999885559082,4.639999866485596,0.0,194208720
2024-07-09,4.233723163604736,4.739999771118164,0.0,4.75,4.659999847412109,4.690000057220459,0.0,175552680
2024-07-10,4.2426557540893555,4.75,0.0,4.78000020980835,4.730000019073486,4.739999771118164,0.0,137590833
2024-07-11,4.197996139526367,4.699999809265137,0.0,4.760000228881836,4.670000076293945,4.75,0.0,215789636
2024-07-12,4.260519027709961,4.769999980926514,0.0,4.789999961853027,4.679999828338623,4.690000057220459,0.0,207327456
2024-07-15,4.331974506378174,4.849999904632568,0.0,4.869999885559082,4.760000228881836,4.769999980926514,0.0,219146122
2024-07-16,4.358770370483398,4.880000114440918,0.0,4.96999979019165,4.840000152587891,4.869999885559082,0.0,333215812
2024-07-17,4.37416410446167,4.659999847412109,0.2364,4.679999828338623,4.610000133514404,4.650000095367432,0.0,282409959
2024-07-18,4.37416410446167,4.659999847412109,0.0,4.670000076293945,4.610000133514404,4.659999847412109,0.0,190394576
2024-07-19,4.383551120758057,4.670000076293945,0.0,4.679999828338623,4.599999904632568,4.659999847412109,0.0,213419778
2024-07-22,4.364777565002441,4.650000095367432,0.0,4.670000076293945,4.599999904632568,4.650000095367432,0.0,180067070
2024-07-23,4.4680304527282715,4.760000228881836,0.0,4.809999942779541,4.630000114440918,4.639999866485596,0.0,280630309
2024-07-24,4.4680304527282715,4.760000228881836,0.0,4.800000190734863,4.730000019073486,4.739999771118164,0.0,200928699
2024-07-25,4.439870834350586,4.730000019073486,0.0,4.78000020980835,4.659999847412109,4.75,0.0,200097004
2024-07-26,4.346004962921143,4.630000114440918,0.0,4.730000019073486,4.579999923706055,4.730000019073486,0.0,240079585
2024-07-29,4.449256896972656,4.739999771118164,0.0,4.760000228881836,4.570000171661377,4.650000095367432,0.0,226429707
2024-07-30,4.4774169921875,4.769999980926514,0.0,4.78000020980835,4.71999979019165,4.75,0.0,158416497
2024-07-31,4.37416410446167,4.659999847412109,0.0,4.78000020980835,4.659999847412109,4.78000020980835,0.0,239307440
2024-08-01,4.402324199676514,4.690000057220459,0.0,4.739999771118164,4.599999904632568,4.659999847412109,0.0,174642792
2024-08-02,4.411710739135742,4.699999809265137,0.0,4.739999771118164,4.659999847412109,4.690000057220459,0.0,138897781
2024-08-05,4.383551120758057,4.670000076293945,0.0,4.71999979019165,4.639999866485596,4.699999809265137,0.0,167968404
2024-08-06,4.327231407165527,4.610000133514404,0.0,4.679999828338623,4.579999923706055,4.659999847412109,0.0,178945901
2024-08-07,4.336617946624756,4.619999885559082,0.0,4.659999847412109,4.590000152587891,4.610000133514404,0.0,141953511
2024-08-08,4.336617946624756,4.619999885559082,0.0,4.650000095367432,4.610000133514404,4.630000114440918,0.0,73465905
2024-08-09,4.346004962921143,4.630000114440918,0.0,4.650000095367432,4.599999904632568,4.619999885559082,0.0,96115932
2024-08-12,4.37416410446167,4.659999847412109,0.0,4.679999828338623,4.619999885559082,4.630000114440918,0.0,102727927
2024-08-13,4.411710739135742,4.699999809265137,0.0,4.71999979019165,4.639999866485596,4.650000095367432,0.0,149191970
2024-08-14,4.430483818054199,4.71999979019165,0.0,4.730000019073486,4.690000057220459,4.699999809265137,0.0,94814228
2024-08-15,4.458643913269043,4.75,0.0,4.760000228881836,4.710000038146973,4.71999979019165,0.0,129166405
2024-08-16,4.514963626861572,4.809999942779541,0.0,4.820000171661377,4.739999771118164,4.75,0.0,153312967
2024-08-19,4.618216514587402,4.920000076293945,0.0,4.929999828338623,4.789999961853027,4.809999942779541,0.0,192969469
2024-08-20,4.655762672424316,4.960000038146973,0.0,4.96999979019165,4.880000114440918,4.929999828338623,0.0,182475890
2024-08-21,4.646376132965088,4.949999809265137,0.0,4.96999979019165,4.869999885559082,4.949999809265137,0.0,140557753
2024-08-22,4.7590155601501465,5.070000171661377,0.0,5.090000152587891,4.940000057220459,4.949999809265137,0.0,214650766
2024-08-23,4.768402099609375,5.079999923706055,0.0,5.090000152587891,5.0,5.070000171661377,0.0,152449886
2024-08-26,4.768402099609375,5.079999923706055,0.0,5.079999923706055,5.0,5.059999942779541,0.0,137483202
2024-08-27,4.852881908416748,5.170000076293945,0.0,5.170000076293945,5.059999942779541,5.070000171661377,0.0,187745937
2024-08-28,4.805948734283447,5.119999885559082,0.0,5.199999809265137,5.079999923706055,5.159999847412109,0.0,206616031
2024-08-29,4.608829498291016,4.909999847412109,0.0,5.119999885559082,4.889999866485596,5.110000133514404,0.0,297435772
2024-08-30,4.496190547943115,4.789999961853027,0.0,4.960000038146973,4.789999961853027,4.909999847412109,0.0,378075167
2024-09-02,4.599443435668945,4.900000095367432,0.0,4.929999828338623,4.730000019073486,4.769999980926514,0.0,264042411
2024-09-03,4.4680304527282715,4.760000228881836,0.0,4.900000095367432,4.710000038146973,4.880000114440918,0.0,243637889
2024-09-04,4.449256896972656,4.739999771118164,0.0,4.800000190734863,4.710000038146973,4.739999771118164,0.0,153994793
2024-09-05,4.421097755432129,4.710000038146973,0.0,4.769999980926514,4.650000095367432,4.739999771118164,0.0,170267229
2024-09-06,4.430483818054199,4.71999979019165,0.0,4.800000190734863,4.710000038146973,4.710000038146973,0.0,110378260
2024-09-09,4.392937183380127,4.679999828338623,0.0,4.739999771118164,4.619999885559082,4.739999771118164,0.0,132881462
2024-09-10,4.505577087402344,4.800000190734863,0.0,4.809999942779541,4.690000057220459,4.699999809265137,0.0,194804893
2024-09-11,4.346004962921143,4.630000114440918,0.0,4.789999961853027,4.619999885559082,4.78000020980835,0.0,196461878
2024-09-12,4.346004962921143,4.630000114440918,0.0,4.659999847412109,4.579999923706055,4.619999885559082,0.0,135614509
2024-09-13,4.299071311950684,4.579999923706055,0.0,4.670000076293945,4.550000190734863,4.650000095367432,0.0,147627671
2024-09-18,4.364777565002441,4.650000095367432,0.0,4.659999847412109,4.590000152587891,4.599999904632568,0.0,119022612
2024-09-19,4.327231407165527,4.610000133514404,0.0,4.679999828338623,4.579999923706055,4.659999847412109,0.0,151005209
2024-09-20,4.355390548706055,4.639999866485596,0.0,4.650000095367432,4.570000171661377,4.599999904632568,0.0,163674263
2024-09-23,4.402324199676514,4.690000057220459,0.0,4.710000038146973,4.599999904632568,4.630000114440918,0.0,129778378
2024-09-24,4.599443435668945,4.900000095367432,0.0,4.900000095367432,4.699999809265137,4.71999979019165,0.0,266090547
2024-09-25,4.599443435668945,4.900000095367432,0.0,5.090000152587891,4.820000171661377,4.980000019073486,0.0,304060722
2024-09-26,4.683922290802002,4.989999771118164,0.0,5.0,4.869999885559082,4.900000095367432,0.0,294366626
2024-09-27,4.571283340454102,4.869999885559082,0.0,5.050000190734863,4.829999923706055,5.03000020980835,0.0,306440305
2024-09-30,4.693309307098389,5.0,0.0,5.090000152587891,4.75,4.860000133514404,0.0,802777316
2024-10-08,4.665149211883545,4.96999979019165,0.0,5.400000095367432,4.920000076293945,5.300000190734863,0.0,832929630
2024-10-09,4.514963626861572,4.809999942779541,0.0,4.980000019073486,4.800000190734863,4.949999809265137,0.0,575567867
2024-10-10,4.702696323394775,5.010000228881836,0.0,5.099999904632568,4.829999923706055,4.840000152587891,0.0,563798117
2024-10-11,4.712082862854004,5.019999980926514,0.0,5.139999866485596,4.949999809265137,5.03000020980835,0.0,334033665
2024-10-14,4.8247222900390625,5.139999866485596,0.0,5.179999828338623,5.059999942779541,5.070000171661377,0.0,401207274
2024-10-15,4.712082862854004,5.019999980926514,0.0,5.130000114440918,5.010000228881836,5.119999885559082,0.0,270654116
2024-10-16,4.78717565536499,5.099999904632568,0.0,5.139999866485596,4.989999771118164,5.03000020980835,0.0,288884026
2024-10-17,4.740242958068848,5.050000190734863,0.0,5.139999866485596,5.050000190734863,5.099999904632568,0.0,188988781
2024-10-18,4.740242958068848,5.050000190734863,0.0,5.090000152587891,4.940000057220459,5.059999942779541,0.0,289552972
2024-10-21,4.646376132965088,4.949999809265137,0.0,5.050000190734863,4.929999828338623,5.050000190734863,0.0,282232187
2024-10-22,4.636990070343018,4.940000057220459,0.0,5.0,4.920000076293945,4.949999809265137,0.0,202407869
2024-10-23,4.655762672424316,4.960000038146973,0.0,4.960000038146973,4.920000076293945,4.949999809265137,0.0,170825071
2024-10-24,4.646376132965088,4.949999809265137,0.0,4.989999771118164,4.920000076293945,4.940000057220459,0.0,134299060
2024-10-25,4.608829498291016,4.909999847412109,0.0,4.949999809265137,4.900000095367432,4.940000057220459,0.0,168068154
2024-10-28,4.58066987991333,4.880000114440918,0.0,4.909999847412109,4.849999904632568,4.909999847412109,0.0,163470330
2024-10-29,4.599443435668945,4.900000095367432,0.0,4.920000076293945,4.860000133514404,4.880000114440918,0.0,161951359
2024-10-30,4.5337371826171875,4.829999923706055,0.0,4.909999847412109,4.829999923706055,4.889999866485596,0.0,156696795
2024-10-31,4.524350643157959,4.820000171661377,0.0,4.860000133514404,4.809999942779541,4.840000152587891,0.0,166940804
2024-11-01,4.58066987991333,4.880000114440918,0.0,4.900000095367432,4.820000171661377,4.829999923706055,0.0,189850017
2024-11-04,4.590056419372559,4.889999866485596,0.0,4.900000095367432,4.809999942779541,4.889999866485596,0.0,144145567
2024-11-05,4.608829498291016,4.909999847412109,0.0,4.909999847412109,4.860000133514404,4.880000114440918,0.0,179576987
2024-11-06,4.590056419372559,4.889999866485596,0.0,4.909999847412109,4.869999885559082,4.909999847412109,0.0,149623782
2024-11-07,4.618216514587402,4.920000076293945,0.0,4.929999828338623,4.869999885559082,4.880000114440918,0.0,196967798
2024-11-08,4.561896800994873,4.860000133514404,0.0,4.940000057220459,4.849999904632568,4.929999828338623,0.0,247878143
2024-11-11,4.514963626861572,4.809999942779541,0.0,4.840000152587891,4.800000190734863,4.840000152587891,0.0,226469237
2024-11-12,4.496190547943115,4.789999961853027,0.0,4.849999904632568,4.789999961853027,4.809999942779541,0.0,176540327
2024-11-13,4.524350643157959,4.820000171661377,0.0,4.829999923706055,4.78000020980835,4.789999961853027,0.0,139841111
2024-11-14,4.543123722076416,4.840000152587891,0.0,4.860000133514404,4.78000020980835,4.800000190734863,0.0,222994987
2024-11-15,4.561896800994873,4.860000133514404,0.0,4.900000095367432,4.789999961853027,4.829999923706055,0.0,269925729
2024-11-18,4.693309307098389,5.0,0.0,5.03000020980835,4.880000114440918,4.880000114440918,0.0,437119030
2024-11-19,4.674536228179932,4.980000019073486,0.0,5.050000190734863,4.909999847412109,5.010000228881836,0.0,254357724
2024-11-20,4.655762672424316,4.960000038146973,0.0,5.0,4.940000057220459,4.980000019073486,0.0,169515945
2024-11-21,4.655762672424316,4.960000038146973,0.0,4.980000019073486,4.940000057220459,4.949999809265137,0.0,105766610
2024-11-22,4.608829498291016,4.909999847412109,0.0,4.980000019073486,4.909999847412109,4.960000038146973,0.0,158013531
2024-11-25,4.608829498291016,4.909999847412109,0.0,4.96999979019165,4.900000095367432,4.920000076293945,0.0,171404001
2024-11-26,4.683922290802002,4.989999771118164,0.0,5.0,4.880000114440918,4.909999847412109,0.0,197268844
2024-11-27,4.730855941772461,5.039999961853027,0.0,5.050000190734863,4.980000019073486,4.980000019073486,0.0,230333881
2024-11-28,4.721469402313232,5.03000020980835,0.0,5.059999942779541,5.0,5.019999980926514,0.0,140185864
2024-11-29,4.702696323394775,5.010000228881836,0.0,5.099999904632568,5.010000228881836,5.039999961853027,0.0,200863223
2024-12-02,4.702696323394775,5.010000228881836,0.0,5.019999980926514,4.960000038146973,5.010000228881836,0.0,168268882
2024-12-03,4.777789115905762,5.090000152587891,0.0,5.099999904632568,4.989999771118164,5.010000228881836,0.0,230857576
2024-12-04,4.796562194824219,5.110000133514404,0.0,5.119999885559082,5.059999942779541,5.079999923706055,0.0,165667032
2024-12-05,4.768402099609375,5.079999923706055,0.0,5.150000095367432,5.079999923706055,5.090000152587891,0.0,141108448
2024-12-06,4.78717565536499,5.099999904632568,0.0,5.139999866485596,5.070000171661377,5.079999923706055,0.0,224396113
2024-12-09,4.834108829498291,5.150000095367432,0.0,5.170000076293945,5.070000171661377,5.099999904632568,0.0,209392732
2024-12-10,4.89042854309082,5.210000038146973,0.0,5.239999771118164,5.130000114440918,5.190000057220459,0.0,222780831
2024-12-11,4.815335750579834,5.130000114440918,0.0,5.25,5.130000114440918,5.210000038146973,0.0,191518646
2024-12-12,4.881041526794434,5.199999809265137,0.0,5.210000038146973,5.119999885559082,5.139999866485596,0.0,184378062
2024-12-13,4.862268447875977,5.179999828338623,0.0,5.21999979019165,5.139999866485596,5.190000057220459,0.0,223783449
2024-12-16,4.937362194061279,5.260000228881836,0.0,5.300000190734863,5.190000057220459,5.190000057220459,0.0,234519846
2024-12-17,4.956134796142578,5.28000020980835,0.0,5.320000171661377,5.25,5.269999980926514,0.0,182663784
2024-12-18,4.956134796142578,5.28000020980835,0.0,5.340000152587891,5.25,5.28000020980835,0.0,202979922
2024-12-19,4.909201622009277,5.230000019073486,0.0,5.300000190734863,5.199999809265137,5.269999980926514,0.0,200749652
2024-12-20,4.937362194061279,5.260000228881836,0.0,5.309999942779541,5.239999771118164,5.239999771118164,0.0,167005976
2024-12-23,5.031228065490723,5.360000133514404,0.0,5.400000095367432,5.25,5.260000228881836,0.0,259772763
2024-12-24,5.096933841705322,5.429999828338623,0.0,5.440000057220459,5.340000152587891,5.380000114440918,0.0,210874090
2024-12-25,5.172027111053467,5.510000228881836,0.0,5.590000152587891,5.420000076293945,5.429999828338623,0.0,265533328
2024-12-26,5.162640571594238,5.5,0.0,5.53000020980835,5.389999866485596,5.510000228881836,0.0,236688016
2024-12-27,5.143867492675781,5.480000019073486,0.0,5.539999961853027,5.360000133514404,5.489999771118164,0.0,210912165
2024-12-30,5.190800666809082,5.53000020980835,0.0,5.539999961853027,5.449999809265137,5.460000038146973,0.0,199378103
2024-12-31,5.172027111053467,5.510000228881836,0.0,5.590000152587891,5.5,5.519999980926514,0.0,243872790
2025-01-02,5.040614604949951,5.369999885559082,0.0,5.559999942779541,5.329999923706055,5.510000228881836,0.0,267809557
2025-01-03,5.021841049194336,5.349999904632568,0.0,5.400000095367432,5.260000228881836,5.369999885559082,0.0,230171636
2025-01-06,5.05938720703125,5.389999866485596,0.0,5.409999847412109,5.210000038146973,5.349999904632568,0.0,228566588
2025-01-07,5.125094413757324,5.460000038146973,0.0,5.480000019073486,5.340000152587891,5.389999866485596,0.0,185805202
2025-01-08,5.181413650512695,5.519999980926514,0.0,5.559999942779541,5.429999828338623,5.460000038146973,0.0,225653497
2025-01-09,5.125094413757324,5.460000038146973,0.0,5.519999980926514,5.409999847412109,5.510000228881836,0.0,164478106
2025-01-10,5.1157073974609375,5.449999809265137,0.0,5.480000019073486,5.369999885559082,5.46999979019165,0.0,164200862
2025-01-13,5.021841049194336,5.349999904632568,0.0,5.449999809265137,5.300000190734863,5.409999847412109,0.0,185774136
2025-01-14,5.096933841705322,5.429999828338623,0.0,5.440000057220459,5.349999904632568,5.360000133514404,0.0,157752823
2025-01-15,5.1157073974609375,5.449999809265137,0.0,5.550000190734863,5.409999847412109,5.429999828338623,0.0,196107779
2025-01-16,5.143867492675781,5.480000019073486,0.0,5.5,5.420000076293945,5.46999979019165,0.0,129091334
2025-01-17,5.1157073974609375,5.449999809265137,0.0,5.510000228881836,5.440000057220459,5.480000019073486,0.0,126339765
2025-01-20,5.078160762786865,5.409999847412109,0.0,5.46999979019165,5.400000095367432,5.460000038146973,0.0,131338078
2025-01-21,5.078160762786865,5.409999847412109,0.0,5.440000057220459,5.360000133514404,5.420000076293945,0.0,121086315
2025-01-22,4.984294414520264,5.309999942779541,0.0,5.420000076293945,5.300000190734863,5.420000076293945,0.0,174116676
2025-01-23,5.129140377044678,5.340000152587891,0.1208,5.349999904632568,5.21999979019165,5.239999771118164,0.0,245875728
2025-01-24,5.100324630737305,5.309999942779541,0.0,5.360000133514404,5.260000228881836,5.340000152587891,0.0,139969769
2025-01-27,5.234796524047852,5.449999809265137,0.0,5.489999771118164,5.320000171661377,5.320000171661377,0.0,231212281
2025-02-05,5.109930038452148,5.320000171661377,0.0,5.46999979019165,5.309999942779541,5.460000038146973,0.0,215563787
2025-02-06,5.090719699859619,5.300000190734863,0.0,5.360000133514404,5.269999980926514,5.329999923706055,0.0,163336514
2025-02-07,5.07150936126709,5.28000020980835,0.0,5.300000190734863,5.239999771118164,5.300000190734863,0.0,201406010
2025-02-10,5.061903953552246,5.269999980926514,0.0,5.309999942779541,5.25,5.269999980926514,0.0,153186638
2025-02-11,5.167560577392578,5.380000114440918,0.0,5.380000114440918,5.269999980926514,5.28000020980835,0.0,207721547
2025-02-12,5.186770915985107,5.400000095367432,0.0,5.420000076293945,5.329999923706055,5.380000114440918,0.0,150845246
2025-02-13,5.196375846862793,5.409999847412109,0.0,5.440000057220459,5.369999885559082,5.380000114440918,0.0,148043097
2025-02-14,5.196375846862793,5.409999847412109,0.0,5.429999828338623,5.360000133514404,5.409999847412109,0.0,150428836
2025-02-17,5.225191593170166,5.440000057220459,0.0,5.449999809265137,5.360000133514404,5.420000076293945,0.0,151483442
2025-02-18,5.340453147888184,5.559999942779541,0.0,5.579999923706055,5.420000076293945,5.420000076293945,0.0,249119083
2025-02-19,5.311637878417969,5.53000020980835,0.0,5.599999904632568,5.510000228881836,5.53000020980835,0.0,173347644
2025-02-20,5.330848217010498,5.550000190734863,0.0,5.579999923706055,5.510000228881836,5.519999980926514,0.0,145796170
2025-02-21,5.244401931762695,5.460000038146973,0.0,5.559999942779541,5.449999809265137,5.550000190734863,0.0,245166766
2025-02-24,5.196375846862793,5.409999847412109,0.0,5.5,5.389999866485596,5.460000038146973,0.0,237696873
2025-02-25,5.148350715637207,5.360000133514404,0.0,5.440000057220459,5.329999923706055,5.420000076293945,0.0,252435870
2025-02-26,5.196375846862793,5.409999847412109,0.0,5.420000076293945,5.340000152587891,5.349999904632568,0.0,176546311
2025-02-27,5.215586185455322,5.429999828338623,0.0,5.449999809265137,5.340000152587891,5.400000095367432,0.0,218928330
2025-02-28,5.186770915985107,5.400000095367432,0.0,5.46999979019165,5.400000095367432,5.420000076293945,0.0,204479024
2025-03-03,5.205981254577637,5.420000076293945,0.0,5.440000057220459,5.320000171661377,5.409999847412109,0.0,242406622
2025-03-04,5.167560577392578,5.380000114440918,0.0,5.440000057220459,5.369999885559082,5.409999847412109,0.0,149783096
2025-03-05,5.254006862640381,5.46999979019165,0.0,5.489999771118164,5.360000133514404,5.380000114440918,0.0,251576463
2025-03-06,5.225191593170166,5.440000057220459,0.0,5.46999979019165,5.400000095367432,5.460000038146973,0.0,168412612
2025-03-07,5.196375846862793,5.409999847412109,0.0,5.460000038146973,5.409999847412109,5.440000057220459,0.0,135260626
2025-03-10,5.157955646514893,5.369999885559082,0.0,5.420000076293945,5.349999904632568,5.409999847412109,0.0,158931477
2025-03-11,5.177165508270264,5.389999866485596,0.0,5.389999866485596,5.340000152587891,5.360000133514404,0.0,163293737
2025-03-12,5.119534969329834,5.329999923706055,0.0,5.380000114440918,5.329999923706055,5.369999885559082,0.0,145097499
2025-03-13,5.119534969329834,5.329999923706055,0.0,5.360000133514404,5.320000171661377,5.329999923706055,0.0,146099309
2025-03-14,5.148350715637207,5.360000133514404,0.0,5.380000114440918,5.320000171661377,5.340000152587891,0.0,190656542
2025-03-17,5.157955646514893,5.369999885559082,0.0,5.389999866485596,5.340000152587891,5.360000133514404,0.0,150743956
2025-03-18,5.157955646514893,5.369999885559082,0.0,5.389999866485596,5.340000152587891,5.380000114440918,0.0,145667303
2025-03-19,5.215586185455322,5.429999828338623,0.0,5.440000057220459,5.360000133514404,5.380000114440918,0.0,198275317
2025-03-20,5.205981254577637,5.420000076293945,0.0,5.460000038146973,5.380000114440918,5.429999828338623,0.0,130824618
2025-03-21,5.148350715637207,5.360000133514404,0.0,5.440000057220459,5.349999904632568,5.409999847412109,0.0,159260550
2025-03-24,5.186770915985107,5.400000095367432,0.0,5.429999828338623,5.360000133514404,5.360000133514404,0.0,166988160
2025-03-25,5.263612270355225,5.480000019073486,0.0,5.480000019073486,5.389999866485596,5.400000095367432,0.0,180797800
2025-03-26,5.263612270355225,5.480000019073486,0.0,5.5,5.429999828338623,5.46999979019165,0.0,128176226
2025-03-27,5.311637878417969,5.53000020980835,0.0,5.53000020980835,5.440000057220459,5.46999979019165,0.0,169445477
2025-03-28,5.282822132110596,5.5,0.0,5.53000020980835,5.489999771118164,5.53000020980835,0.0,126474061
2025-03-31,5.378873348236084,5.599999904632568,0.0,5.639999866485596,5.460000038146973,5.539999961853027,0.0,303957309
2025-04-01,5.302032470703125,5.519999980926514,0.0,5.630000114440918,5.5,5.599999904632568,0.0,212101278
2025-04-02,5.369268417358398,5.590000152587891,0.0,5.610000133514404,5.5,5.5,0.0,160078866
2025-04-03,5.436503887176514,5.659999847412109,0.0,5.659999847412109,5.550000190734863,5.550000190734863,0.0,168446174
2025-04-07,5.225191593170166,5.440000057220459,0.0,5.630000114440918,5.289999961853027,5.579999923706055,0.0,458647782
2025-04-08,5.254006862640381,5.46999979019165,0.0,5.489999771118164,5.380000114440918,5.400000095367432,0.0,383322869
2025-04-09,5.196375846862793,5.409999847412109,0.0,5.489999771118164,5.380000114440918,5.449999809265137,0.0,330911112
2025-04-10,5.167560577392578,5.380000114440918,0.0,5.429999828338623,5.360000133514404,5.429999828338623,0.0,298046130
2025-04-11,5.205981254577637,5.420000076293945,0.0,5.420000076293945,5.360000133514404,5.389999866485596,0.0,216407770
2025-04-14,5.263612270355225,5.480000019073486,0.0,5.5,5.400000095367432,5.420000076293945,0.0,233699989
2025-04-15,5.359663486480713,5.579999923706055,0.0,5.599999904632568,5.46999979019165,5.46999979019165,0.0,243186757
2025-04-16,5.436503887176514,5.659999847412109,0.0,5.659999847412109,5.550000190734863,5.579999923706055,0.0,296744007
2025-04-17,5.436503887176514,5.659999847412109,0.0,5.659999847412109,5.570000171661377,5.650000095367432,0.0,174213725
2025-04-18,5.455714225769043,5.679999828338623,0.0,5.71999979019165,5.639999866485596,5.639999866485596,0.0,174302581
2025-04-21,5.407688617706299,5.630000114440918,0.0,5.820000171661377,5.619999885559082,5.679999828338623,0.0,242958231
2025-04-22,5.503739833831787,5.730000019073486,0.0,5.760000228881836,5.639999866485596,5.650000095367432,0.0,227208582
2025-04-23,5.484529495239258,5.710000038146973,0.0,5.769999980926514,5.679999828338623,5.739999771118164,0.0,167061618
2025-04-24,5.599791049957275,5.829999923706055,0.0,5.840000152587891,5.710000038146973,5.710000038146973,0.0,248785040
2025-04-25,5.552311897277832,5.659999847412109,0.1216,5.760000228881836,5.630000114440918,5.75,0.0,276692793
2025-04-28,5.60136079788208,5.710000038146973,0.0,5.739999771118164,5.659999847412109,5.670000076293945,0.0,213439000
2025-04-29,5.591550827026367,5.699999809265137,0.0,5.739999771118164,5.670000076293945,5.71999979019165,0.0,147505971
2025-04-30,5.42478609085083,5.53000020980835,0.0,5.699999809265137,5.510000228881836,5.679999828338623,0.0,311040633
2025-05-06,5.385546684265137,5.489999771118164,0.0,5.550000190734863,5.449999809265137,5.550000190734863,0.0,249548738
2025-05-07,5.513072967529297,5.619999885559082,0.0,5.630000114440918,5.46999979019165,5.519999980926514,0.0,320530177
2025-05-08,5.4934539794921875,5.599999904632568,0.0,5.659999847412109,5.590000152587891,5.599999904632568,0.0,176393322
2025-05-09,5.542502403259277,5.650000095367432,0.0,5.690000057220459,5.590000152587891,5.599999904632568,0.0,207561737
2025-05-12,5.52288293838501,5.630000114440918,0.0,5.670000076293945,5.570000171661377,5.650000095367432,0.0,244170300
2025-05-13,5.562121868133545,5.670000076293945,0.0,5.690000057220459,5.579999923706055,5.630000114440918,0.0,217997893
2025-05-14,5.5719313621521,5.679999828338623,0.0,5.71999979019165,5.630000114440918,5.650000095367432,0.0,223524206
2025-05-15,5.562121868133545,5.670000076293945,0.0,5.730000019073486,5.659999847412109,5.690000057220459,0.0,186326214
2025-05-16,5.52288293838501,5.630000114440918,0.0,5.690000057220459,5.590000152587891,5.670000076293945,0.0,247433118
2025-05-19,5.503263473510742,5.610000133514404,0.0,5.659999847412109,5.610000133514404,5.630000114440918,0.0,152971400
2025-05-20,5.503263473510742,5.610000133514404,0.0,5.650000095367432,5.579999923706055,5.619999885559082,0.0,153014691
2025-05-21,5.513072967529297,5.619999885559082,0.0,5.650000095367432,5.579999923706055,5.610000133514404,0.0,162050690
2025-05-22,5.52288293838501,5.630000114440918,0.0,5.650000095367432,5.590000152587891,5.619999885559082,0.0,140499886
2025-05-23,5.464025020599365,5.570000171661377,0.0,5.639999866485596,5.570000171661377,5.639999866485596,0.0,184644033
2025-05-26,5.4051666259765625,5.510000228881836,0.0,5.579999923706055,5.5,5.570000171661377,0.0,194368669
2025-05-27,5.454215049743652,5.559999942779541,0.0,5.579999923706055,5.519999980926514,5.519999980926514,0.0,158193716
2025-05-28,5.42478609085083,5.53000020980835,0.0,5.579999923706055,5.519999980926514,5.570000171661377,0.0,123481251
2025-05-29,5.4051666259765625,5.510000228881836,0.0,5.539999961853027,5.489999771118164,5.53000020980835,0.0,150073548
2025-05-30,5.414976119995117,5.519999980926514,0.0,5.550000190734863,5.489999771118164,5.510000228881836,0.0,200600668
2025-06-03,5.414976119995117,5.519999980926514,0.0,5.539999961853027,5.449999809265137,5.489999771118164,0.0,329020980
2025-06-04,5.39535665512085,5.5,0.0,5.519999980926514,5.489999771118164,5.510000228881836,0.0,165346701
2025-06-05,5.365927219390869,5.46999979019165,0.0,5.510000228881836,5.460000038146973,5.5,0.0,260660423
2025-06-06,5.346307754516602,5.449999809265137,0.0,5.489999771118164,5.429999828338623,5.46999979019165,0.0,264957838
2025-06-09,5.326688289642334,5.429999828338623,0.0,5.460000038146973,5.409999847412109,5.440000057220459,0.0,251250343
2025-06-10,5.346307754516602,5.449999809265137,0.0,5.489999771118164,5.409999847412109,5.420000076293945,0.0,365049947
2025-06-11,5.326688289642334,5.429999828338623,0.0,5.449999809265137,5.409999847412109,5.440000057220459,0.0,250389273
2025-06-12,5.326688289642334,5.429999828338623,0.0,5.440000057220459,5.400000095367432,5.429999828338623,0.0,271815121
2025-06-13,5.238400936126709,5.340000152587891,0.0,5.429999828338623,5.329999923706055,5.420000076293945,0.0,754649769
2025-06-16,5.277639865875244,5.380000114440918,0.0,5.380000114440918,5.269999980926514,5.320000171661377,0.0,493267087
2025-06-17,5.267829895019531,5.369999885559082,0.0,5.400000095367432,5.360000133514404,5.360000133514404,0.0,258076622
2025-06-18,5.39535665512085,5.5,0.0,5.5,5.349999904632568,5.369999885559082,0.0,536191732
2025-06-19,5.434595584869385,5.539999961853027,0.0,5.559999942779541,5.46999979019165,5.489999771118164,0.0,400249737
2025-06-20,5.483644485473633,5.590000152587891,0.0,5.599999904632568,5.519999980926514,5.539999961853027,0.0,364407001
2025-06-23,5.552311897277832,5.659999847412109,0.0,5.690000057220459,5.550000190734863,5.579999923706055,0.0,466957263
2025-06-24,5.60136079788208,5.710000038146973,0.0,5.710000038146973,5.599999904632568,5.650000095367432,0.0,491050567
2025-06-25,5.660219192504883,5.769999980926514,0.0,5.809999942779541,5.659999847412109,5.679999828338623,0.0,460033118
2025-06-26,5.689648628234863,5.800000190734863,0.0,5.820000171661377,5.739999771118164,5.769999980926514,0.0,319389308
2025-06-27,5.4934539794921875,5.599999904632568,0.0,5.800000190734863,5.599999904632568,5.789999961853027,0.0,495485241
2025-06-30,5.513072967529297,5.619999885559082,0.0,5.630000114440918,5.550000190734863,5.590000152587891,0.0,250450904
2025-07-01,5.542502403259277,5.650000095367432,0.0,5.710000038146973,5.599999904632568,5.619999885559082,0.0,289554367
2025-07-02,5.542502403259277,5.650000095367432,0.0,5.690000057220459,5.639999866485596,5.659999847412109,0.0,188164494
2025-07-03,5.513072967529297,5.619999885559082,0.0,5.670000076293945,5.599999904632568,5.639999866485596,0.0,232805790
2025-07-04,5.591550827026367,5.699999809265137,0.0,5.71999979019165,5.610000133514404,5.610000133514404,0.0,296586243
2025-07-07,5.620980262756348,5.730000019073486,0.0,5.739999771118164,5.670000076293945,5.699999809265137,0.0,187733270
2025-07-08,5.60136079788208,5.710000038146973,0.0,5.75,5.690000057220459,5.71999979019165,0.0,180105836
2025-07-09,5.670029163360596,5.78000020980835,0.0,5.820000171661377,5.699999809265137,5.71999979019165,0.0,349282652
2025-07-10,5.709268093109131,5.820000171661377,0.0,5.880000114440918,5.78000020980835,5.789999961853027,0.0,280153969
2025-07-11,5.5817413330078125,5.690000057220459,0.0,5.900000095367432,5.690000057220459,5.829999923706055,0.0,504311475
2025-07-14,5.640599727630615,5.75,0.0,5.840000152587891,5.699999809265137,5.699999809265137,0.0,346442959
2025-07-15,5.591550827026367,5.699999809265137,0.0,5.789999961853027,5.699999809265137,5.769999980926514,0.0,210816761
2025-07-16,5.60136079788208,5.710000038146973,0.0,5.730000019073486,5.659999847412109,5.699999809265137,0.0,221504972
2025-07-17,5.562121868133545,5.670000076293945,0.0,5.730000019073486,5.659999847412109,5.710000038146973,0.0,176157307
2025-07-18,5.5817413330078125,5.690000057220459,0.0,5.71999979019165,5.639999866485596,5.670000076293945,0.0,182781300
2025-07-21,5.542502403259277,5.650000095367432,0.0,5.710000038146973,5.630000114440918,5.690000057220459,0.0,245163731
2025-07-22,5.47383451461792,5.579999923706055,0.0,5.650000095367432,5.550000190734863,5.639999866485596,0.0,391331218
2025-07-23,5.52288293838501,5.630000114440918,0.0,5.679999828338623,5.559999942779541,5.559999942779541,0.0,382041039
2025-07-24,5.454215049743652,5.559999942779541,0.0,5.659999847412109,5.559999942779541,5.639999866485596,0.0,346870297
2025-07-25,5.42478609085083,5.53000020980835,0.0,5.590000152587891,5.519999980926514,5.559999942779541,0.0,251028330
2025-07-28,5.42478609085083,5.53000020980835,0.0,5.570000171661377,5.519999980926514,5.539999961853027,0.0,212506390
2025-07-29,5.385546684265137,5.489999771118164,0.0,5.570000171661377,5.489999771118164,5.550000190734863,0.0,245627577
2025-07-30,5.42478609085083,5.53000020980835,0.0,5.570000171661377,5.46999979019165,5.489999771118164,0.0,304303859
2025-07-31,5.444405555725098,5.550000190734863,0.0,5.570000171661377,5.449999809265137,5.53000020980835,0.0,372210578
2025-08-01,5.444405555725098,5.550000190734863,0.0,5.570000171661377,5.5,5.539999961853027,0.0,281524660
2025-08-04,5.47383451461792,5.579999923706055,0.0,5.630000114440918,5.53000020980835,5.539999961853027,0.0,328229275
2025-08-05,5.542502403259277,5.650000095367432,0.0,5.659999847412109,5.550000190734863,5.570000171661377,0.0,320884233
2025-08-06,5.552311897277832,5.659999847412109,0.0,5.679999828338623,5.619999885559082,5.650000095367432,0.0,242262223
2025-08-07,5.611170291900635,5.71999979019165,0.0,5.71999979019165,5.619999885559082,5.659999847412109,0.0,303145272
2025-08-08,5.562121868133545,5.670000076293945,0.0,5.739999771118164,5.670000076293945,5.710000038146973,0.0,232362471
2025-08-11,5.513072967529297,5.619999885559082,0.0,5.679999828338623,5.590000152587891,5.670000076293945,0.0,258600591
2025-08-12,5.552311897277832,5.659999847412109,0.0,5.679999828338623,5.610000133514404,5.619999885559082,0.0,246479482
2025-08-13,5.47383451461792,5.579999923706055,0.0,5.690000057220459,5.579999923706055,5.659999847412109,0.0,346875028
2025-08-14,5.464025020599365,5.570000171661377,0.0,5.619999885559082,5.559999942779541,5.579999923706055,0.0,229218033
2025-08-15,5.346307754516602,5.449999809265137,0.0,5.579999923706055,5.420000076293945,5.579999923706055,0.0,640922934
2025-08-18,5.346307754516602,5.449999809265137,0.0,5.460000038146973,5.400000095367432,5.440000057220459,0.0,350600992
2025-08-19,5.454215049743652,5.559999942779541,0.0,5.590000152587891,5.440000057220459,5.449999809265137,0.0,440087113
2025-08-20,5.562121868133545,5.670000076293945,0.0,5.730000019073486,5.559999942779541,5.570000171661377,0.0,584579983
2025-08-21,5.60136079788208,5.710000038146973,0.0,5.730000019073486,5.619999885559082,5.679999828338623,0.0,397331141
2025-08-22,5.591550827026367,5.699999809265137,0.0,5.71999979019165,5.639999866485596,5.710000038146973,0.0,329347195
2025-08-25,5.5719313621521,5.679999828338623,0.0,5.699999809265137,5.639999866485596,5.690000057220459,0.0,316309791
2025-08-26,5.552311897277832,5.659999847412109,0.0,5.699999809265137,5.650000095367432,5.670000076293945,0.0,221798355
2025-08-27,5.444405555725098,5.550000190734863,0.0,5.659999847412109,5.550000190734863,5.650000095367432,0.0,286151287
2025-08-28,5.42478609085083,5.53000020980835,0.0,5.579999923706055,5.5,5.550000190734863,0.0,298504312
2025-08-29,5.414976119995117,5.519999980926514,0.0,5.630000114440918,5.510000228881836,5.539999961853027,0.0,339758294
2025-09-01,5.414976119995117,5.519999980926514,0.0,5.579999923706055,5.489999771118164,5.53000020980835,0.0,340603008
2025-09-02,5.52288293838501,5.630000114440918,0.0,5.630000114440918,5.5,5.519999980926514,0.0,450040823
2025-09-03,5.444405555725098,5.550000190734863,0.0,5.630000114440918,5.519999980926514,5.630000114440918,0.0,332681361
2025-09-04,5.513072967529297,5.619999885559082,0.0,5.650000095367432,5.409999847412109,5.519999980926514,0.0,652994405
2025-09-05,5.414976119995117,5.519999980926514,0.0,5.590000152587891,5.5,5.590000152587891,0.0,367034920
2025-09-08,5.365927219390869,5.46999979019165,0.0,5.53000020980835,5.460000038146973,5.5,0.0,326458380
2025-09-09,5.375737190246582,5.480000019073486,0.0,5.510000228881836,5.460000038146973,5.46999979019165,0.0,200436850
2025-09-10,5.385546684265137,5.489999771118164,0.0,5.5,5.449999809265137,5.480000019073486,0.0,222658547
2025-09-11,5.39535665512085,5.5,0.0,5.539999961853027,5.440000057220459,5.480000019073486,0.0,410841315
2025-09-12,5.375737190246582,5.480000019073486,0.0,5.53000020980835,5.480000019073486,5.489999771118164,0.0,282750254
2025-09-15,5.3561177253723145,5.460000038146973,0.0,5.5,5.449999809265137,5.480000019073486,0.0,233596095
2025-09-16,5.307068824768066,5.409999847412109,0.0,5.46999979019165,5.400000095367432,5.460000038146973,0.0,319359139
2025-09-17,5.297259330749512,5.400000095367432,0.0,5.429999828338623,5.360000133514404,5.420000076293945,0.0,242599692
2025-09-18,5.199162006378174,5.300000190734863,0.0,5.409999847412109,5.289999961853027,5.409999847412109,0.0,338132545
2025-09-19,5.189352035522461,5.289999961853027,0.0,5.300000190734863,5.199999809265137,5.289999961853027,0.0,320561590
2025-09-22,5.110874176025391,5.210000038146973,0.0,5.300000190734863,5.210000038146973,5.269999980926514,0.0,196640163
2025-09-23,5.199162006378174,5.300000190734863,0.0,5.349999904632568,5.159999847412109,5.190000057220459,0.0,454593090
2025-09-24,5.179542541503906,5.28000020980835,0.0,5.369999885559082,5.269999980926514,5.289999961853027,0.0,326623672
2025-09-25,5.140303134918213,5.239999771118164,0.0,5.28000020980835,5.210000038146973,5.269999980926514,0.0,244371841
2025-09-26,5.140303134918213,5.239999771118164,0.0,5.269999980926514,5.199999809265137,5.230000019073486,0.0,179661578
2025-09-29,5.101064205169678,5.199999809265137,0.0,5.239999771118164,5.159999847412109,5.239999771118164,0.0,291778846
2025-09-30,5.08144474029541,5.179999828338623,0.0,5.210000038146973,5.159999847412109,5.190000057220459,0.0,192134770
2025-10-09,5.130493640899658,5.230000019073486,0.0,5.230000019073486,5.130000114440918,5.179999828338623,0.0,268985454
2025-10-10,5.130493640899658,5.230000019073486,0.0,5.28000020980835,5.210000038146973,5.21999979019165,0.0,240980260
2025-10-13,5.101064205169678,5.199999809265137,0.0,5.25,5.150000095367432,5.210000038146973,0.0,302141116
2025-10-14,5.179542541503906,5.28000020980835,0.0,5.289999961853027,5.159999847412109,5.190000057220459,0.0,386101133
2025-10-15,5.179542541503906,5.28000020980835,0.0,5.309999942779541,5.239999771118164,5.28000020980835,0.0,292244320
2025-10-16,5.277639865875244,5.380000114440918,0.0,5.400000095367432,5.269999980926514,5.28000020980835,0.0,407723467
2025-10-17,5.238400936126709,5.340000152587891,0.0,5.429999828338623,5.329999923706055,5.380000114440918,0.0,309618125
2025-10-20,5.258020401000977,5.360000133514404,0.0,5.389999866485596,5.239999771118164,5.320000171661377,0.0,333580272
2025-10-21,5.287449359893799,5.389999866485596,0.0,5.400000095367432,5.329999923706055,5.349999904632568,0.0,261947823
2025-10-22,5.3561177253723145,5.460000038146973,0.0,5.46999979019165,5.380000114440918,5.389999866485596,0.0,336587708
2025-10-23,5.385546684265137,5.489999771118164,0.0,5.519999980926514,5.429999828338623,5.460000038146973,0.0,377882229
2025-10-24,5.42478609085083,5.53000020980835,0.0,5.570000171661377,5.440000057220459,5.46999979019165,0.0,431725622
2025-10-27,5.483644485473633,5.590000152587891,0.0,5.639999866485596,5.460000038146973,5.510000228881836,0.0,441059535
2025-10-28,5.4934539794921875,5.599999904632568,0.0,5.630000114440918,5.539999961853027,5.590000152587891,0.0,299608198
2025-10-29,5.4934539794921875,5.599999904632568,0.0,5.670000076293945,5.559999942779541,5.599999904632568,0.0,395088198
2025-10-30,5.542502403259277,5.650000095367432,0.0,5.71999979019165,5.590000152587891,5.599999904632568,0.0,462552172
2025-10-31,5.503263473510742,5.610000133514404,0.0,5.670000076293945,5.489999771118164,5.659999847412109,0.0,488445593
2025-11-03,5.5719313621521,5.679999828338623,0.0,5.710000038146973,5.590000152587891,5.590000152587891,0.0,407451801
2025-11-04,5.620980262756348,5.730000019073486,0.0,5.75,5.670000076293945,5.679999828338623,0.0,408813179
2025-11-05,5.5817413330078125,5.690000057220459,0.0,5.75,5.659999847412109,5.71999979019165,0.0,248713659
2025-11-06,5.552311897277832,5.659999847412109,0.0,5.699999809265137,5.639999866485596,5.670000076293945,0.0,211273435
2025-11-07,5.5326924324035645,5.639999866485596,0.0,5.71999979019165,5.630000114440918,5.659999847412109,0.0,223737787
2025-11-10,5.552311897277832,5.659999847412109,0.0,5.670000076293945,5.599999904632568,5.630000114440918,0.0,174406315
2025-11-11,5.5719313621521,5.679999828338623,0.0,5.690000057220459,5.630000114440918,5.650000095367432,0.0,162552677
2025-11-12,5.650409698486328,5.760000228881836,0.0,5.820000171661377,5.679999828338623,5.690000057220459,0.0,400963641
2025-11-13,5.630789756774902,5.739999771118164,0.0,5.809999942779541,5.659999847412109,5.769999980926514,0.0,304440399
2025-11-14,5.709268093109131,5.820000171661377,0.0,5.880000114440918,5.730000019073486,5.739999771118164,0.0,383146386
2025-11-17,5.660219192504883,5.769999980926514,0.0,5.829999923706055,5.690000057220459,5.820000171661377,0.0,293560745
2025-11-18,5.670029163360596,5.78000020980835,0.0,5.820000171661377,5.710000038146973,5.739999771118164,0.0,232418530
2025-11-19,5.885843276977539,6.0,0.0,6.0,5.78000020980835,5.789999961853027,0.0,568942724
2025-11-20,6.12127685546875,6.239999771118164,0.0,6.329999923706055,5.960000038146973,5.989999771118164,0.0,723204709
2025-11-21,6.170325756072998,6.289999961853027,0.0,6.389999866485596,6.230000019073486,6.230000019073486,0.0,680700731
2025-11-24,6.052608966827393,6.170000076293945,0.0,6.329999923706055,6.139999866485596,6.289999961853027,0.0,619916667
2025-11-25,6.140896797180176,6.260000228881836,0.0,6.289999961853027,6.090000152587891,6.150000095367432,0.0,435450435
2025-11-26,6.032989501953125,6.150000095367432,0.0,6.309999942779541,6.110000133514404,6.260000228881836,0.0,414893159
2025-11-27,6.052608966827393,6.170000076293945,0.0,6.170000076293945,6.059999942779541,6.130000114440918,0.0,342024226
2025-11-28,5.954511642456055,6.070000171661377,0.0,6.150000095367432,6.039999961853027,6.150000095367432,0.0,360117873
2025-12-01,5.954511642456055,6.070000171661377,0.0,6.099999904632568,6.03000020980835,6.059999942779541,0.0,306503056
2025-12-02,5.944701671600342,6.059999942779541,0.0,6.099999904632568,5.980000019073486,6.070000171661377,0.0,253389110
2025-12-03,5.826984882354736,5.940000057220459,0.0,6.079999923706055,5.920000076293945,6.039999961853027,0.0,322553176
2025-12-04,5.768126487731934,5.880000114440918,0.0,5.960000038146973,5.860000133514404,5.949999809265137,0.0,249983311
2025-12-05,5.699458122253418,5.809999942779541,0.0,5.900000095367432,5.769999980926514,5.880000114440918,0.0,320717371
2025-12-08,5.7190775871276855,5.829999923706055,0.0,5.869999885559082,5.769999980926514,5.809999942779541,0.0,306472964
2025-12-09,5.728887557983398,5.840000152587891,0.0,5.869999885559082,5.789999961853027,5.809999942779541,0.0,250922698
2025-12-10,5.640599727630615,5.75,0.0,5.849999904632568,5.730000019073486,5.829999923706055,0.0,283999891
2025-12-11,5.710000038146973,5.710000038146973,0.1094,5.710000038146973,5.639999866485596,5.659999847412109,0.0,252725841
2025-12-12,5.590000152587891,5.590000152587891,0.0,5.710000038146973,5.579999923706055,5.699999809265137,0.0,356392585
2025-12-15,5.610000133514404,5.610000133514404,0.0,5.639999866485596,5.579999923706055,5.590000152587891,0.0,201936140
2025-12-16,5.590000152587891,5.590000152587891,0.0,5.619999885559082,5.550000190734863,5.599999904632568,0.0,221626997
2025-12-17,5.610000133514404,5.610000133514404,0.0,5.659999847412109,5.559999942779541,5.579999923706055,0.0,251701089
2025-12-18,5.699999809265137,5.699999809265137,0.0,5.710000038146973,5.579999923706055,5.610000133514404,0.0,287964556
2025-12-19,5.659999847412109,5.659999847412109,0.0,5.690000057220459,5.630000114440918,5.690000057220459,0.0,239860297
2025-12-22,5.670000076293945,5.670000076293945,0.0,5.670000076293945,5.610000133514404,5.650000095367432,0.0,166517602
2025-12-23,5.699999809265137,5.699999809265137,0.0,5.710000038146973,5.630000114440918,5.659999847412109,0.0,260633092
2025-12-24,5.670000076293945,5.670000076293945,0.0,5.730000019073486,5.659999847412109,5.699999809265137,0.0,184149763
2025-12-25,5.650000095367432,5.650000095367432,0.0,5.710000038146973,5.630000114440918,5.659999847412109,0.0,226869010
2025-12-26,5.610000133514404,5.610000133514404,0.0,5.650000095367432,5.599999904632568,5.650000095367432,0.0,154495518
2025-12-29,5.679999828338623,5.679999828338623,0.0,5.679999828338623,5.590000152587891,5.610000133514404,0.0,252761075
2025-12-30,5.670000076293945,5.670000076293945,0.0,5.699999809265137,5.610000133514404,5.659999847412109,0.0,236688700
2025-12-31,5.730000019073486,5.730000019073486,0.0,5.760000228881836,5.659999847412109,5.659999847412109,0.0,302369271
2026-01-05,5.670000076293945,5.670000076293945,0.0,5.760000228881836,5.639999866485596,5.730000019073486,0.0,346197426
2026-01-06,5.590000152587891,5.590000152587891,0.0,5.670000076293945,5.550000190734863,5.670000076293945,0.0,560642836
2026-01-07,5.559999942779541,5.559999942779541,0.0,5.599999904632568,5.550000190734863,5.579999923706055,0.0,274475697
2026-01-08,5.519999980926514,5.519999980926514,0.0,5.559999942779541,5.480000019073486,5.559999942779541,0.0,316687204
2026-01-09,5.489999771118164,5.489999771118164,0.0,5.519999980926514,5.460000038146973,5.510000228881836,0.0,227623324
2026-01-12,5.53000020980835,5.53000020980835,0.0,5.539999961853027,5.440000057220459,5.46999979019165,0.0,261567452
2026-01-13,5.550000190734863,5.550000190734863,0.0,5.610000133514404,5.519999980926514,5.519999980926514,0.0,353767323
2026-01-14,5.46999979019165,5.46999979019165,0.0,5.539999961853027,5.460000038146973,5.53000020980835,0.0,362334858
2026-01-15,5.429999828338623,5.429999828338623,0.0,5.489999771118164,5.420000076293945,5.460000038146973,0.0,227658533
2026-01-16,5.400000095367432,5.400000095367432,0.0,5.440000057220459,5.380000114440918,5.429999828338623,0.0,286266015
2026-01-19,5.360000133514404,5.360000133514404,0.0,5.420000076293945,5.349999904632568,5.380000114440918,0.0,253682627
2026-01-20,5.440000057220459,5.440000057220459,0.0,5.449999809265137,5.340000152587891,5.360000133514404,0.0,317440678
2026-01-21,5.329999923706055,5.329999923706055,0.0,5.480000019073486,5.329999923706055,5.440000057220459,0.0,364120330
2026-01-22,5.300000190734863,5.300000190734863,0.0,5.360000133514404,5.300000190734863,5.329999923706055,0.0,249659484
2026-01-23,5.269999980926514,5.269999980926514,0.0,5.320000171661377,5.260000228881836,5.320000171661377,0.0,247374052
2026-01-26,5.309999942779541,5.309999942779541,0.0,5.360000133514404,5.230000019073486,5.260000228881836,0.0,379622885
2026-01-27,5.329999923706055,5.329999923706055,0.0,5.420000076293945,5.300000190734863,5.309999942779541,0.0,430591172
2026-01-28,5.340000152587891,5.340000152587891,0.0,5.400000095367432,5.300000190734863,5.320000171661377,0.0,331404075
2026-01-29,5.369999885559082,5.369999885559082,0.0,5.400000095367432,5.300000190734863,5.340000152587891,0.0,323012120
2026-01-30,5.369999885559082,5.369999885559082,0.0,5.429999828338623,5.349999904632568,5.380000114440918,0.0,324854861
2026-02-02,5.420000076293945,5.420000076293945,0.0,5.449999809265137,5.360000133514404,5.369999885559082,0.0,338563858
2026-02-03,5.28000020980835,5.28000020980835,0.0,5.400000095367432,5.269999980926514,5.400000095367432,0.0,448757315
2026-02-04,5.349999904632568,5.349999904632568,0.0,5.360000133514404,5.28000020980835,5.289999961853027,0.0,272475935
2026-02-05,5.400000095367432,5.400000095367432,0.0,5.429999828338623,5.349999904632568,5.369999885559082,0.0,266343156
2026-02-06,5.349999904632568,5.349999904632568,0.0,5.429999828338623,5.329999923706055,5.420000076293945,0.0,271598355
2026-02-09,5.380000114440918,5.380000114440918,0.0,5.380000114440918,5.309999942779541,5.329999923706055,0.0,172065954
2026-02-10,5.409999847412109,5.409999847412109,0.0,5.420000076293945,5.360000133514404,5.380000114440918,0.0,209240437
2026-02-11,5.409999847412109,5.409999847412109,0.0,5.429999828338623,5.360000133514404,5.409999847412109,0.0,170686804
2026-02-12,5.340000152587891,5.340000152587891,0.0,5.409999847412109,5.329999923706055,5.409999847412109,0.0,235306383
2026-02-13,5.309999942779541,5.309999942779541,0.0,5.360000133514404,5.300000190734863,5.349999904632568,0.0,211973073
2026-02-24,5.289999961853027,5.289999961853027,0.0,5.320000171661377,5.28000020980835,5.320000171661377,0.0,157530558
2026-02-25,5.289999961853027,5.289999961853027,0.0,5.309999942779541,5.269999980926514,5.289999961853027,0.0,187928206
2026-02-26,5.269999980926514,5.269999980926514,0.0,5.309999942779541,5.25,5.289999961853027,0.0,156390840
2026-02-27,5.28000020980835,5.28000020980835,0.0,5.300000190734863,5.260000228881836,5.28000020980835,0.0,141987166
2026-03-02,5.309999942779541,5.309999942779541,0.0,5.329999923706055,5.25,5.28000020980835,0.0,227969156
2026-03-03,5.420000076293945,5.420000076293945,0.0,5.440000057220459,5.28000020980835,5.300000190734863,0.0,495574107
2026-03-04,5.349999904632568,5.349999904632568,0.0,5.420000076293945,5.28000020980835,5.409999847412109,0.0,423813553
2026-03-05,5.389999866485596,5.389999866485596,0.0,5.400000095367432,5.289999961853027,5.309999942779541,0.0,249638030
2026-03-06,5.389999866485596,5.389999866485596,0.0,5.420000076293945,5.349999904632568,5.369999885559082,0.0,194947276
2026-03-09,5.360000133514404,5.360000133514404,0.0,5.409999847412109,5.349999904632568,5.369999885559082,0.0,248943616
2026-03-10,5.329999923706055,5.329999923706055,0.0,5.349999904632568,5.309999942779541,5.349999904632568,0.0,203870611
2026-03-11,5.360000133514404,5.360000133514404,0.0,5.360000133514404,5.300000190734863,5.329999923706055,0.0,136654818
2026-03-12,5.369999885559082,5.369999885559082,0.0,5.380000114440918,5.329999923706055,5.349999904632568,0.0,164286248
2026-03-13,5.389999866485596,5.389999866485596,0.0,5.420000076293945,5.329999923706055,5.369999885559082,0.0,237995758
2026-03-16,5.400000095367432,5.400000095367432,0.0,5.420000076293945,5.369999885559082,5.389999866485596,0.0,206924880
2026-03-17,5.5,5.5,0.0,5.5,5.380000114440918,5.400000095367432,0.0,362388776
2026-03-18,5.5,5.5,0.0,5.539999961853027,5.460000038146973,5.5,0.0,298110031
2026-03-19,5.53000020980835,5.53000020980835,0.0,5.559999942779541,5.480000019073486,5.480000019073486,0.0,356527575
2026-03-20,5.510000228881836,5.510000228881836,0.0,5.579999923706055,5.489999771118164,5.519999980926514,0.0,259377052
2026-03-23,5.389999866485596,5.389999866485596,0.0,5.5,5.320000171661377,5.489999771118164,0.0,433148480
2026-03-24,5.46999979019165,5.46999979019165,0.0,5.489999771118164,5.369999885559082,5.380000114440918,0.0,300944305
2026-03-25,5.550000190734863,5.550000190734863,0.0,5.550000190734863,5.380000114440918,5.460000038146973,0.0,317240980
2026-03-26,5.579999923706055,5.579999923706055,0.0,5.599999904632568,5.519999980926514,5.53000020980835,0.0,275051317
2026-03-27,5.570000171661377,5.570000171661377,0.0,5.599999904632568,5.559999942779541,5.570000171661377,0.0,217430554
2026-03-30,5.670000076293945,5.670000076293945,0.0,5.679999828338623,5.550000190734863,5.550000190734863,0.0,289633041
2026-03-31,5.869999885559082,5.869999885559082,0.0,5.909999847412109,5.670000076293945,5.670000076293945,0.0,652254090
2026-04-01,5.869999885559082,5.869999885559082,0.0,5.949999809265137,5.849999904632568,5.889999866485596,0.0,343189269
2026-04-02,5.940000057220459,5.940000057220459,0.0,5.96999979019165,5.840000152587891,5.869999885559082,0.0,292924188
2026-04-03,5.820000171661377,5.820000171661377,0.0,5.960000038146973,5.78000020980835,5.949999809265137,0.0,239214989
2026-04-07,5.800000190734863,5.800000190734863,0.0,5.840000152587891,5.75,5.820000171661377,0.0,250996350
2026-04-08,5.739999771118164,5.739999771118164,0.0,5.78000020980835,5.630000114440918,5.769999980926514,0.0,314917943
2026-04-09,5.690000057220459,5.690000057220459,0.0,5.769999980926514,5.670000076293945,5.739999771118164,0.0,223535039
2026-04-10,5.650000095367432,5.650000095367432,0.0,5.679999828338623,5.619999885559082,5.679999828338623,0.0,177626358
2026-04-13,5.690000057220459,5.690000057220459,0.0,5.690000057220459,5.579999923706055,5.650000095367432,0.0,200252806
2026-04-14,5.730000019073486,5.730000019073486,0.0,5.739999771118164,5.650000095367432,5.659999847412109,0.0,188066450
2026-04-15,5.789999961853027,5.789999961853027,0.0,5.820000171661377,5.699999809265137,5.710000038146973,0.0,231003234
2026-04-16,5.789999961853027,5.789999961853027,0.0,5.869999885559082,5.760000228881836,5.800000190734863,0.0,189043803
2026-04-17,5.769999980926514,5.769999980926514,0.0,5.820000171661377,5.75,5.769999980926514,0.0,153168013
